mlbam_id,name,role,production,raw_branch_level_delta,model_output_clipping_delta,participation_delta,branch_role_constraints_delta,final_constraint_evidence_delta,final,sum_error
691718,Pete Crow-Armstrong,H,644.7171190413517,2.9497310118399582,0.0,-1.9945180348012173,-5.684341886080802e-14,-1.1368683772161603e-13,645.6723320183902,0.0
682928,CJ Abrams,H,642.2176651533824,-25.54260202522653,0.0,-1.8794650369582655,5.684341886080802e-14,0.0,614.7955980911977,0.0
678246,Miguel Vargas,H,561.1477022389777,56.821496508135965,0.0,-1.8434013413234425,-1.1368683772161603e-13,-1.1368683772161603e-13,616.12579740579,0.0
665487,Fernando Tatis Jr.,H,647.6362251192173,4.761054914532224,0.0,-1.9147179018566476,-1.1368683772161603e-13,0.0,650.4825621318928,0.0
682829,Elly De La Cruz,H,698.6601687160781,-56.294561831518536,0.0,-2.310405757531953,-1.1368683772161603e-13,0.0,640.0552011270275,0.0
691023,Jordan Walker,H,555.8228741503201,42.907870452027055,0.0,-2.0653266094198557,-5.684341886080802e-14,-1.1368683772161603e-13,596.6654179929271,0.0
668227,Randy Arozarena,H,583.3595835398023,69.03507159147034,0.0,-1.43196055649355,-5.684341886080802e-14,0.0,650.9626945747791,0.0
624413,Pete Alonso,H,598.434236817559,44.6374662231226,0.0,-3.278854813489602,-1.7053025658242404e-13,0.0,639.7928482271918,0.0
701398,Sal Stewart,H,505.3301264284546,123.89738502384046,0.0,-2.33681933690724,0.0,-1.1368683772161603e-13,626.8906921153877,0.0
687263,Zach Neto,H,642.2667695802659,-9.159246642699145,0.0,-1.6136093621414602,0.0,-1.1368683772161603e-13,631.4939135754252,0.0
701538,Jackson Merrill,H,663.4961513294785,-30.0544946120109,0.0,-2.238890903156232,-1.1368683772161603e-13,-1.1368683772161603e-13,631.2027658143112,0.0
691406,Junior Caminero,H,631.1151077131029,9.206171519680652,0.0,-2.313507682224895,-1.1368683772161603e-13,0.0,638.0077715505586,0.0
670541,Yordan Alvarez,H,532.5116637404435,116.51362278287104,0.0,-1.7133561503186456,0.0,-1.1368683772161603e-13,647.3119303729958,0.0
695578,James Wood,H,642.092272495361,7.8024139331081415,0.0,-2.4567062061215097,-5.684341886080802e-14,-3.410605131648481e-13,647.4379802223473,0.0
668930,Brice Turang,H,651.6296853829427,-10.923074966070544,0.0,-1.5997534558112534,0.0,0.0,639.1068569610609,0.0
700250,Ben Rice,H,543.2140252309298,26.67452573766809,0.0,-2.1283412494336176,-5.684341886080802e-14,1.1368683772161603e-13,567.7602097191643,0.0
621566,Matt Olson,H,600.5484155182885,49.281968885142646,0.0,-2.8787317795047898,-5.684341886080802e-14,0.0,646.9516526239263,0.0
694192,Jackson Chourio,H,665.8000669922803,-88.21131018867663,0.0,-2.210666273579136,-5.684341886080802e-14,0.0,575.3780905300246,0.0
677951,Bobby Witt Jr.,H,679.97249866402,-30.40449116137131,0.0,-1.5063767186408086,0.0,1.1368683772161603e-13,648.061630784008,0.0
656941,Kyle Schwarber,H,574.1463901620002,87.09542450067829,0.0,-3.819025625960819,0.0,0.0,657.4227890367176,0.0
672640,Otto Lopez,H,565.1106092605982,71.02970815012668,0.0,-1.6793685553156479,-5.684341886080802e-14,0.0,634.4609488554091,0.0
696100,Hunter Goodman,H,513.1626769962612,0.1121191424325616,0.0,-1.3390687856135912,-8.526512829121202e-14,5.684341886080802e-14,511.93572735308015,0.0
664040,Brandon Lowe,H,495.4239967793182,33.13945335652244,0.0,-3.244751119695934,-5.684341886080802e-14,1.1368683772161603e-13,525.3186990161447,0.0
664983,Jake McCarthy,H,458.0407428419518,48.74859209789719,0.0,-1.8770481712450646,-5.684341886080802e-14,-5.684341886080802e-14,504.9122867686038,0.0
676475,Alec Burleson,H,590.4507866399666,-11.151235089483862,0.0,-1.9458715492079932,-1.7053025658242404e-13,-1.1368683772161603e-13,577.3536800012745,0.0
547180,Bryce Harper,H,523.7552428059303,65.17169781436837,0.0,-4.941715090533933,5.684341886080802e-14,0.0,583.9852255297648,0.0
682998,Corbin Carroll,H,668.7101001662662,-15.040453958707644,0.0,-1.7981358531501428,-5.684341886080802e-14,0.0,651.8715103544084,0.0
671739,Michael Harris II,H,628.4054240455614,-45.54995217599014,0.0,-2.3736529774489554,-5.684341886080802e-14,0.0,580.4818188921222,0.0
608324,Alex Bregman,H,539.1235826095867,84.50923181217149,0.0,-3.1425554329345005,-5.684341886080802e-14,0.0,620.4902589888236,0.0
607208,Trea Turner,H,539.3921329711718,83.23806194946974,0.0,-4.901779706574416,-1.1368683772161603e-13,1.1368683772161603e-13,617.7284152140671,0.0
646240,Rafael Devers,H,623.5362787205637,-0.3798477485656804,0.0,-1.8571841260120436,-1.1368683772161603e-13,-1.1368683772161603e-13,621.2992468459857,0.0
701807,Carson Benge,H,700.7681475458309,-99.69465568437556,0.0,-2.5999748244629473,-1.1368683772161603e-13,0.0,598.4735170369922,0.0
695734,Daylen Lile,H,572.6484332141969,16.81680369183107,0.0,-1.9164956900141306,-1.1368683772161603e-13,0.0,587.5487412160137,0.0
641343,Jake Bauers,H,380.32475442329553,68.20010148394897,0.0,-1.8409813220261526,-2.842170943040401e-14,0.0,446.6838745852183,0.0
805808,Kevin McGonigle,H,789.4940822844261,-149.09045091809332,0.0,-3.0243717754493673,-5.684341886080802e-14,-1.1368683772161603e-13,637.3792595908832,0.0
592518,Manny Machado,H,480.88031201347695,155.050022490275,0.0,-3.8107881360277815,-5.684341886080802e-14,-1.1368683772161603e-13,632.119546367724,0.0
671056,Ivan Herrera,H,516.3411327631926,107.79796881945958,0.0,-1.3550495245293632,-5.684341886080802e-14,0.0,622.7840520581228,0.0
672960,Kazuma Okamoto,H,552.0267484827879,-14.559977171950663,0.0,-2.712389328295046,-5.684341886080802e-14,-1.1368683772161603e-13,534.754381982542,0.0
686948,Drake Baldwin,H,569.281562598536,-17.12881576012046,0.0,-1.8777772105927397,-5.684341886080802e-14,0.0,550.2749696278227,0.0
677594,Julio Rodriguez,H,701.7322413778411,-42.05403265801567,0.0,-1.458929149725634,-5.684341886080802e-14,0.0,658.2192795700997,0.0
673548,Seiya Suzuki,H,539.6109920409356,31.944707424037006,0.0,-2.16739371571731,-1.1368683772161603e-13,-1.1368683772161603e-13,569.388305749255,0.0
650490,Yandy Diaz,H,557.1468867917006,79.37859580460918,0.0,-4.4665817022531655,0.0,0.0,632.0589008940566,0.0
571448,Nolan Arenado,H,417.05047284049135,57.47239083850428,0.0,-7.46046271611911,-2.842170943040401e-14,-5.684341886080802e-14,467.06240096287644,0.0
695600,Carter Jensen,H,434.6875820796277,149.07194136102822,0.0,-2.3082862661271406,0.0,0.0,581.4512371745288,0.0
693307,Dillon Dingler,H,440.50142627459127,62.59558400249642,0.0,-2.707427565636266,8.526512829121202e-14,-1.1368683772161603e-13,500.3895827114514,0.0
668804,Bryan Reynolds,H,569.7535507144266,84.66956722616737,0.0,-2.2374576191584197,-5.684341886080802e-14,0.0,652.1856603214355,0.0
681624,Andy Pages,H,600.4687918703669,-38.24203724963809,0.0,-1.4732772942746237,-5.684341886080802e-14,-1.1368683772161603e-13,560.753477326454,0.0
665019,Kody Clemens,H,392.81830585457857,92.85712423742524,0.0,-1.8337413612633497,-8.526512829121202e-14,5.684341886080802e-14,483.84168873074043,0.0
671277,Luis Garcia Jr.,H,547.6793485375605,-65.7325664790958,0.0,-3.2731600466556188,-2.842170943040401e-14,0.0,478.673622011809,0.0
686797,Brooks Lee,H,562.6547065905677,5.419191975104127,0.0,-1.7142282794833932,0.0,0.0,566.3596702861885,0.0
677800,Wilyer Abreu,H,518.3130160577323,78.07262957951912,0.0,-2.115265134175786,0.0,-1.1368683772161603e-13,594.2703805030754,0.0
661388,William Contreras,H,603.372635362808,24.673578324599134,0.0,-1.6071656850962768,0.0,-1.1368683772161603e-13,626.4390480023106,0.0
665862,Jazz Chisholm Jr.,H,541.7346200467346,-80.02638189867946,0.0,-3.519187540215114,-5.684341886080802e-14,-1.1368683772161603e-13,458.1890506078398,0.0
683002,Gunnar Henderson,H,710.189774045953,-57.180710641832775,0.0,-1.3833834889094874,-1.1368683772161603e-13,-1.1368683772161603e-13,651.6256799152105,0.0
669394,Jake Burger,H,498.108949416485,43.162290643639324,0.0,-2.2013486416875594,-5.684341886080802e-14,0.0,539.0698914184368,0.0
605137,Josh Bell,H,417.03076207199297,94.68293228240964,0.0,-4.338978767258823,0.0,0.0,507.3747155871438,0.0
681082,Bryson Stott,H,548.8199501332954,-8.961022472412765,0.0,-1.6885503325596574,0.0,-1.1368683772161603e-13,538.1703773283228,0.0
666176,Jo Adell,H,554.183483658896,30.104249883861257,0.0,-1.6180289212428534,-5.684341886080802e-14,-1.1368683772161603e-13,582.6697046215141,0.0
666018,Jonathan Aranda,H,448.8718254502825,94.60865575195919,0.0,-2.8855775028216613,-5.684341886080802e-14,0.0,540.59490369942,0.0
670623,Isaac Paredes,H,591.8397104696414,-8.13555241097049,0.0,-2.009291278454384,-1.7053025658242404e-13,0.0,581.6948667802164,0.0
672515,Gabriel Moreno,H,461.28981314128265,-15.099234974582146,0.0,-2.2147849535578246,-5.684341886080802e-14,-5.684341886080802e-14,443.9757932131426,0.0
572233,Christian Walker,H,450.2872592198476,79.73958138539109,0.0,-7.493138728180327,-1.1368683772161603e-13,-1.1368683772161603e-13,522.5337018770582,0.0
571970,Max Muncy,H,412.2666696300188,2.693911548720621,0.0,-11.518384534454015,-5.684341886080802e-14,5.684341886080802e-14,403.4421966442854,0.0
665833,Oneil Cruz,H,492.4473156769994,-67.97884872176076,0.0,-2.613344668560984,-1.1368683772161603e-13,0.0,421.85512228667756,0.0
677649,Ezequiel Duran,H,418.34685911299243,70.01689347069248,0.0,-1.4719394294639017,0.0,0.0,486.89181315422104,0.0
677587,Brayan Rocchio,H,514.1967359930882,7.985416834406351,0.0,-2.018461240498425,-1.1368683772161603e-13,-1.1368683772161603e-13,520.1636915869959,0.0
808959,Munetaka Murakami,H,548.5515475673726,-84.24765437413316,0.0,-2.5497229054336117,-5.684341886080802e-14,0.0,461.7541702878058,0.0
695657,Colson Montgomery,H,563.448888292159,11.934283716218829,0.0,-1.7089137273881647,-1.1368683772161603e-13,0.0,573.6742582809895,0.0
645277,Ozzie Albies,H,546.2049131904027,86.5210487125305,0.0,-1.9615550750906436,5.684341886080802e-14,0.0,630.7644068278427,0.0
678882,Ceddanne Rafaela,H,546.5302637943121,-10.057752069448043,0.0,-1.8544353165565894,-5.684341886080802e-14,-1.1368683772161603e-13,534.6180764083073,0.0
695506,Jac Caglianone,H,475.36607098329324,-1.5752210342721469,0.0,-3.058434554949315,-2.842170943040401e-14,-1.1368683772161603e-13,470.7324153940716,0.0
663538,Nico Hoerner,H,608.0458166796396,42.369356177064105,0.0,-1.5594130309982575,-1.1368683772161603e-13,0.0,648.8557598257054,0.0
680776,Jarren Duran,H,582.6954087170735,34.00634943757257,0.0,-2.646075367690912,0.0,-2.2737367544323206e-13,614.055682786955,0.0
647304,Josh Naylor,H,568.6848252418282,15.448265423607722,0.0,-2.059179009875095,0.0,1.1368683772161603e-13,582.0739116555609,0.0
663656,Kyle Tucker,H,559.4248732278336,1.7111280505025661,0.0,-2.0865259573923254,-1.1368683772161603e-13,-1.1368683772161603e-13,559.0494753209435,0.0
683737,Michael Busch,H,560.4987216860334,47.54068485595485,0.0,-1.9014795853797182,-5.684341886080802e-14,0.0,606.1379269566085,0.0
575929,Willson Contreras,H,438.1586157112885,-14.798775347634376,0.0,-11.214571674005185,-8.526512829121202e-14,-1.1368683772161603e-13,412.1452686896488,0.0
608070,Jose Ramirez,H,529.7791098709511,36.462358792120995,0.0,-8.008203179744669,-5.684341886080802e-14,0.0,558.2332654833274,0.0
672695,Geraldo Perdomo,H,629.290123000312,23.017096409981946,0.0,-1.5024324109019176,0.0,0.0,650.804786999392,0.0
518692,Freddie Freeman,H,542.9999444093711,36.30454208350466,0.0,-12.280549565462366,0.0,-1.1368683772161603e-13,567.0239369274133,0.0
606466,Ketel Marte,H,524.5144609303608,8.828615582555017,0.0,-2.883094862175767,-5.684341886080802e-14,-1.1368683772161603e-13,530.4599816507399,0.0
689414,Liam Hicks,H,489.1024813541392,-46.80071043641931,0.0,-2.8597244904492243,5.684341886080802e-14,-1.1368683772161603e-13,439.4420464272706,0.0
666182,Bo Bichette,H,569.4562345149891,60.40038006879547,0.0,-2.473754014617441,0.0,0.0,627.3828605691672,0.0
807712,Luke Keaschall,H,500.3860626059501,72.657956537921,0.0,-1.7904875631038522,0.0,0.0,571.2535315807672,0.0
664023,Ian Happ,H,544.1668044987575,84.31691571959948,0.0,-2.8297826069515395,-1.1368683772161603e-13,0.0,625.6539376114054,0.0
702332,Caleb Durbin,H,548.3491300221448,-39.00131927596868,0.0,-1.683060939450911,-5.684341886080802e-14,-1.1368683772161603e-13,507.664749806725,0.0
665161,Jeremy Pena,H,548.2703830187522,-81.49425328351583,0.0,-4.631531771509231,-2.842170943040401e-14,0.0,462.14459796372716,0.0
682985,Riley Greene,H,610.334224224512,-13.30388392229736,0.0,-2.065541456788594,-5.684341886080802e-14,0.0,594.964798845426,0.0
545361,Mike Trout,H,377.8495612505296,87.26694334340863,0.0,-8.821660878379191,2.842170943040401e-14,-5.684341886080802e-14,456.294843715559,0.0
641355,Cody Bellinger,H,520.5052979348237,46.17227545463402,0.0,-2.7606883296188585,-5.684341886080802e-14,-1.1368683772161603e-13,563.9168850598387,0.0
621020,Dansby Swanson,H,493.7345856070505,-50.08514387188444,0.0,-9.326955751831036,-2.842170943040401e-14,0.0,434.322485983335,0.0
802139,JJ Wetherholt,H,687.515507518797,-95.98892913732288,0.0,-1.9807888821674169,-1.1368683772161603e-13,1.1368683772161603e-13,589.5457894993067,0.0
679529,Spencer Torkelson,H,553.7792167755098,57.44040082402569,0.0,-1.2035540580534985,0.0,-1.1368683772161603e-13,610.0160635414819,0.0
805367,Chase Meidroth,H,613.4275764930569,-38.39167134064087,0.0,-1.784818358461905,-5.684341886080802e-14,-1.1368683772161603e-13,573.251086793954,0.0
802415,Chandler Simpson,H,566.1223218168197,-11.523869495726444,0.0,-1.9847716655578438,0.0,-1.1368683772161603e-13,552.6136806555354,0.0
593428,Xander Bogaerts,H,407.4571273046532,120.46457847468866,0.0,-4.495952780854054,5.684341886080802e-14,-1.1368683772161603e-13,523.4257529984878,0.0
665742,Juan Soto,H,640.1656812624801,-36.34513742725176,0.0,-5.836877357162109,-1.1368683772161603e-13,-2.2737367544323206e-13,597.983666478066,0.0
669016,Brandon Marsh,H,479.96253816023983,16.409643926468505,0.0,-1.5831484877621733,2.842170943040401e-14,0.0,494.78903359894616,0.0
643289,Mauricio Dubon,H,404.7398658147786,70.88237575677698,0.0,-2.9716959253651964,-2.842170943040401e-14,-1.7053025658242404e-13,472.6505456461902,0.0
663586,Austin Riley,H,506.180877213314,92.01709871675331,0.0,-2.828266923221747,-5.684341886080802e-14,-1.1368683772161603e-13,595.3697090068454,0.0
805300,Jakob Marsee,H,488.3798710101767,72.68136832280737,0.0,-1.733634875784503,-5.684341886080802e-14,0.0,559.3276044571995,0.0
660670,Ronald Acuna Jr.,H,484.9899322332308,-8.734614242180726,0.0,-13.083592283618287,-2.842170943040401e-14,0.0,463.17172570743173,0.0
681198,T.J. Rumfield,H,607.7586795465079,-44.22553159479196,0.0,-2.0170895256723043,0.0,-1.1368683772161603e-13,561.5160584260435,0.0
680869,Zack Gelof,H,410.0892715938961,13.164372270271144,0.0,-4.9214866758937035,2.842170943040401e-14,-5.684341886080802e-14,418.3321571882735,0.0
800050,Chase DeLauter,H,608.8817759488593,-87.9433213218133,0.0,-1.8964293799629104,-1.1368683772161603e-13,-1.1368683772161603e-13,519.0420252470828,0.0
803011,Sam Antonacci,H,604.4104812567534,-82.46959205547819,0.0,-2.3118352975299103,-1.7053025658242404e-13,0.0,519.6290539037452,0.0
605141,Mookie Betts,H,502.26624469236805,53.41331470106462,0.0,-9.328266472378118,-1.7053025658242404e-13,0.0,546.3512929210544,0.0
702284,Cole Young,H,499.8616692441071,77.7398800306351,0.0,-2.170293712017326,0.0,-1.1368683772161603e-13,575.4312555627247,0.0
681715,Heriberto Hernandez,H,435.0357882036152,-31.517816161423525,0.0,-2.6999192026644607,5.684341886080802e-14,-5.684341886080802e-14,400.8180528395272,0.0
669003,Garrett Mitchell,H,325.41286908682906,110.15961230743363,0.0,-5.031589474068824,-2.842170943040401e-14,-1.1368683772161603e-13,430.54089192019376,0.0
669127,Shea Langeliers,H,482.91851739379524,-22.658974833821276,0.0,-2.699647822758976,0.0,-5.684341886080802e-14,457.55989473721496,0.0
686527,Dominic Canzone,H,360.68082425671827,56.173762382414054,0.0,-3.582297664328223,0.0,0.0,413.2722889748041,0.0
607043,Brandon Nimmo,H,505.9305388198757,97.88946621390272,0.0,-3.6321066193305,-5.684341886080802e-14,1.1368683772161603e-13,600.187898414448,0.0
664761,Alec Bohm,H,522.2853338353721,46.97496066084432,0.0,-2.0159082413817373,-1.1368683772161603e-13,0.0,567.2443862548346,0.0
650333,Luis Arraez,H,600.6786575897519,17.527910262775094,0.0,-1.9891411283988987,5.684341886080802e-14,0.0,616.2174267241281,0.0
701358,Cam Smith,H,556.8516237874315,-49.22186818739738,0.0,-2.1158442791581535,-5.684341886080802e-14,0.0,505.513911320876,0.0
676609,Jose Caballero,H,405.8484732565578,-36.18172104101052,0.0,-3.8209368217731594,0.0,-5.684341886080802e-14,365.84581539377405,0.0
683953,Travis Bazzana,H,573.7861200615965,-130.34501105488903,0.0,-2.5934892070989406,0.0,-5.684341886080802e-14,440.8476197996085,0.0
669364,Xavier Edwards,H,527.8111846072468,7.469758232409049,0.0,-1.5943172197198123,0.0,1.1368683772161603e-13,533.6866256199361,0.0
664034,Ty France,H,422.49422568958886,-19.413653279059304,0.0,-6.938710996875756,-5.684341886080802e-14,5.684341886080802e-14,396.14186141365377,0.0
808982,Jung Hoo Lee,H,482.53338783946793,44.131744107122984,0.0,-1.4264580863193714,-5.684341886080802e-14,-2.2737367544323206e-13,525.2386738602713,0.0
671732,Lawrence Butler,H,534.0121844615807,-32.08707272511549,0.0,-2.5715625290713433,-5.684341886080802e-14,-5.684341886080802e-14,499.3535492073937,0.0
693304,Nick Gonzales,H,444.11764728409634,105.94774350201698,0.0,-2.4929557232571256,0.0,-1.1368683772161603e-13,547.572435062856,0.0
701762,Nick Kurtz,H,531.8010644589001,-63.91824877607439,0.0,-4.374541468474405,-2.842170943040401e-14,5.684341886080802e-14,463.50827421435133,0.0
691594,Javier Sanoja,H,431.21646563420956,-7.242945404022237,0.0,-6.182399338922636,-2.842170943040401e-14,0.0,417.79112089126465,0.0
668709,JJ Bleday,H,471.84243936987554,2.1746670308102125,0.0,-3.982959854511421,2.842170943040401e-14,-1.1368683772161603e-13,470.03414654617427,0.0
521692,Salvador Perez,H,322.3371314857358,208.1234043374564,0.0,-14.841297762183558,-5.684341886080802e-14,0.0,515.6192380610087,0.0
665489,Vladimir Guerrero Jr.,H,647.2931413836097,-13.944498922961657,0.0,-1.671835861402883,-1.1368683772161603e-13,-1.1368683772161603e-13,631.676806599245,0.0
805999,A.J. Ewing,H,595.8729100131504,-144.64531379872938,0.0,-4.10691483273817,-2.842170943040401e-14,-1.1368683772161603e-13,447.12068138168274,0.0
691723,Coby Mayo,H,417.468559792338,-6.109237929744154,0.0,-4.483131253520213,0.0,-1.1368683772161603e-13,406.87619060907355,0.0
663728,Cal Raleigh,H,568.3561489385797,18.433893731819353,0.0,-2.433040734232236,-5.684341886080802e-14,0.0,584.3570019361669,0.0
668904,Royce Lewis,H,407.968288907777,12.15477150344691,0.0,-4.3669534816760915,-5.684341886080802e-14,0.0,415.75610692954774,0.0
606192,Teoscar Hernandez,H,457.02716149068317,-6.609335989766237,0.0,-9.97494064729733,0.0,0.0,440.4428848536196,0.0
514888,Jose Altuve,H,402.2106791493482,171.94912489662642,0.0,-13.206256031235284,0.0,0.0,560.9535480147393,0.0
650489,Willi Castro,H,450.1111013522175,-21.727883637844116,0.0,-5.616078487528853,-5.684341886080802e-14,0.0,422.76713922684445,0.0
656811,Ryan O'Hearn,H,389.8552422360249,-8.542497854230362,0.0,-8.563171115780108,0.0,-5.684341886080802e-14,372.74957326601435,0.0
642715,Willy Adames,H,532.0406008511117,38.42659310746001,0.0,-5.067042079008218,-5.684341886080802e-14,1.1368683772161603e-13,565.4001518795635,0.0
694671,Wyatt Langford,H,592.5203090948914,-69.8220813752979,0.0,-4.077005589648479,0.0,-1.1368683772161603e-13,518.621222129945,0.0
543807,George Springer,H,493.7268321313835,-50.27236853719717,0.0,-16.879902145073032,0.0,-5.684341886080802e-14,426.5745614491132,0.0
703607,Henry Bolte,H,534.5428476435874,-92.16579699754237,0.0,-4.09399562331032,-5.684341886080802e-14,-5.684341886080802e-14,438.2830550227346,0.0
621439,Byron Buxton,H,403.2815375096215,-101.62152656906613,0.0,-10.981080757081202,-2.842170943040401e-14,-5.684341886080802e-14,290.67893018347405,0.0
656775,Cedric Mullins,H,390.6988799985047,17.193772975706224,0.0,-4.2309624693872365,-2.842170943040401e-14,-5.684341886080802e-14,403.66169050482364,0.0
553993,Eugenio Suarez,H,442.32250972973503,41.34954746894056,0.0,-14.256964013607814,-1.1368683772161603e-13,-1.1368683772161603e-13,469.4150931850676,0.0
669065,Kyle Stowers,H,408.0418533372058,-7.144827586392751,0.0,-3.431342439740604,0.0,-1.1368683772161603e-13,397.4656833110723,0.0
663757,Trent Grisham,H,465.65682891621714,-36.77079108352325,0.0,-6.676537163650238,0.0,-1.1368683772161603e-13,422.20950066904356,0.0
592885,Christian Yelich,H,465.42289614879667,-55.242709176485505,0.0,-25.543336909001937,-2.842170943040401e-14,0.0,384.6368500633092,0.0
686469,Vinnie Pasquantino,H,524.3347994374944,31.359080630516246,0.0,-4.935889044206988,-5.684341886080802e-14,0.0,550.7579910238037,0.0
682657,Angel Martinez,H,489.57578718621954,-52.634064160454784,0.0,-4.161866999050346,0.0,-5.684341886080802e-14,432.77985602671436,0.0
671976,Tristan Peters,H,326.05418185296094,74.20862061091356,0.0,-3.3204681098704043,-2.842170943040401e-14,5.684341886080802e-14,396.9423343540041,0.0
696285,Jacob Young,H,417.82793060273156,-9.073549458462821,0.0,-3.317623496505121,-2.842170943040401e-14,-5.684341886080802e-14,405.4367576477635,0.0
683083,Nasim Nunez,H,307.4824690946174,113.43699978811821,0.0,-3.3210106746862493,-2.842170943040401e-14,-1.1368683772161603e-13,417.59845820804924,0.0
665926,Andres Gimenez,H,491.41542738052044,-70.57721389060566,0.0,-4.5024561070132165,-8.526512829121202e-14,-5.684341886080802e-14,416.3357573829014,0.0
680574,Matt McLain,H,483.61531425536083,-45.07854618990933,0.0,-3.2825655474144355,-2.842170943040401e-14,-5.684341886080802e-14,435.25420251803695,0.0
669477,Casey Schmitt,H,363.35742706011257,21.557244786493186,0.0,-10.398172181969983,-5.684341886080802e-14,0.0,374.5164996646357,0.0
676391,Ernie Clement,H,483.9508220922318,69.49337550633874,0.0,-1.484278666564137,-1.1368683772161603e-13,-2.2737367544323206e-13,551.9599189320061,0.0
680757,Steven Kwan,H,561.6259830883068,71.09065781834784,0.0,-2.077347089826958,-5.684341886080802e-14,-1.1368683772161603e-13,630.6392938168275,0.0
596019,Francisco Lindor,H,549.4664062977141,19.18929486668469,0.0,-9.003127697871776,0.0,1.1368683772161603e-13,559.6525734665271,0.0
543760,Marcus Semien,H,323.75914130509943,164.98621693235896,0.0,-19.546259098836373,2.842170943040401e-14,-5.684341886080802e-14,469.199099138622,0.0
663968,Jake Mangum,H,426.30990800497835,-55.877470950725694,0.0,-7.597381165113802,-2.842170943040401e-14,-5.684341886080802e-14,362.8350558891388,0.0
666160,Mickey Moniak,H,422.96018379415756,-27.051231201765688,0.0,-2.596503030305314,-8.526512829121202e-14,-1.1368683772161603e-13,393.3124495620864,0.0
643217,Andrew Benintendi,H,404.6257114585488,-46.507160125984285,0.0,-11.160160986037596,-2.842170943040401e-14,-5.684341886080802e-14,346.9583903465268,0.0
592626,Joc Pederson,H,316.36986020071697,3.295659292791072,0.0,-9.297652701632842,-2.842170943040401e-14,0.0,310.36786679187514,0.0
643446,Jeff McNeil,H,372.09527129060575,1.5302376371473088,0.0,-10.013849666593075,0.0,-1.1368683772161603e-13,363.61165926115984,0.0
545121,Ildemaro Vargas,H,238.94023026402783,21.933497699763222,0.0,-15.933266458778263,-2.842170943040401e-14,-2.842170943040401e-14,244.94046150501273,0.0
691016,Tyler Soderstrom,H,519.2660929975469,-8.969345555198288,0.0,-3.1279361943591653,2.842170943040401e-14,-1.1368683772161603e-13,507.1688112479894,0.0
691720,Kyle Karros,H,426.5269495166488,-5.9550705421222005,0.0,-2.857701509962766,-2.842170943040401e-14,-5.684341886080802e-14,417.71417746456376,0.0
608348,Carson Kelly,H,317.9758401179466,-29.040238042455428,0.0,-9.622853510832101,-5.684341886080802e-14,0.0,279.312748564659,0.0
680700,Richie Palacios,H,292.81317588349816,11.290608825606455,0.0,-4.653326006894758,-8.526512829121202e-14,-5.684341886080802e-14,299.4504587022097,0.0
663886,Tyler Stephenson,H,422.7875482497524,-16.97094042961419,0.0,-3.9803682166775047,-2.842170943040401e-14,-5.684341886080802e-14,401.83623960346057,0.0
678662,Ezequiel Tovar,H,598.8778448368963,-103.71443883140125,0.0,-3.965332654119692,-5.684341886080802e-14,0.0,491.19807335137534,0.0
662139,Daulton Varsho,H,435.6680670132666,6.348863131021517,0.0,-4.3309769611674085,-2.842170943040401e-14,0.0,437.68595318312066,0.0
608369,Corey Seager,H,432.6212190326746,-53.805296545225815,0.0,-7.823009601731684,-5.684341886080802e-14,0.0,370.99291288571703,0.0
676356,Jonny DeLuca,H,296.78140080809396,3.963276640641425,0.0,-7.5896622278347365,-2.842170943040401e-14,-5.684341886080802e-14,293.15501522090057,0.0
691026,Masyn Winn,H,553.8500292579657,-11.122618349566096,0.0,-2.2419350165907304,-5.684341886080802e-14,0.0,540.4854758918088,0.0
687093,Vaughn Grissom,H,370.3174312656666,54.158384247244214,0.0,-4.841386337530878,-2.842170943040401e-14,0.0,419.63442917537986,0.0
701675,Nathan Church,H,325.34390001790047,49.37609243717833,0.0,-3.300332176464707,-8.526512829121202e-14,-5.684341886080802e-14,371.41966027861395,0.0
665750,Leody Taveras,H,419.8920730437151,-31.02269366762232,0.0,-2.993930314712344,-5.684341886080802e-14,0.0,385.8754490613803,0.0
694249,Cole Carrigg,H,443.7132578748794,-74.82108999286737,0.0,-6.124167204681754,-8.526512829121202e-14,0.0,362.7680006773302,0.0
680777,Ryan Jeffers,H,411.6416842506422,-44.45103137612972,0.0,-6.515251552106804,-2.842170943040401e-14,0.0,360.6754013224056,0.0
686611,Dylan Crews,H,435.90971414150465,22.331617843925017,0.0,-5.218571061473,0.0,-5.684341886080802e-14,453.0227609239566,0.0
668939,Adley Rutschman,H,482.5823679763606,-5.194544594635772,0.0,-7.975611174601653,-5.684341886080802e-14,-5.684341886080802e-14,469.4122122071231,0.0
805811,Bryce Eldridge,H,344.3452712293009,128.73264753901384,0.0,-5.955653062413035,-5.684341886080802e-14,-5.684341886080802e-14,467.1222657059016,0.0
592663,J.T. Realmuto,H,330.18334658615066,16.99120524678864,0.0,-10.218971140040168,0.0,-1.1368683772161603e-13,336.95558069289905,0.0
686681,Michael Massey,H,385.0168536656495,-17.326328083639737,0.0,-4.805042215594284,-5.684341886080802e-14,-5.684341886080802e-14,362.8854833664154,0.0
683146,Brett Baty,H,415.7066283240771,-23.401419836258754,0.0,-5.029679061644913,2.842170943040401e-14,-1.1368683772161603e-13,387.2755294261733,0.0
694212,Samuel Basallo,H,419.0656656624054,-3.9936878811312795,0.0,-5.983549279350825,0.0,-5.684341886080802e-14,409.08842850192326,0.0
663993,Nathaniel Lowe,H,480.36580110542087,0.01000109513421421,0.0,-5.442414027606958,-2.842170943040401e-14,1.1368683772161603e-13,474.9333881729482,0.0
621493,Taylor Ward,H,479.69898808501586,93.2368188848655,0.0,-3.665116062486277,-1.1368683772161603e-13,-1.1368683772161603e-13,569.2706909073949,0.0
673962,Josh Jung,H,433.8150607041558,-19.05907290429292,0.0,-4.905174274538751,-5.684341886080802e-14,0.0,409.8508135253241,0.0
702222,Justin Crawford,H,623.6720136796678,-196.2457133402213,0.0,-4.187329967820176,0.0,0.0,423.2389703716263,0.0
687401,Joey Ortiz,H,420.5854800263788,-62.80960967573668,0.0,-3.934619579016328,-5.684341886080802e-14,-5.684341886080802e-14,353.84125077162565,0.0
670764,Taylor Walls,H,280.99802133738046,87.78061366257975,0.0,-3.5435408388798635,-2.842170943040401e-14,0.0,365.2350941610803,0.0
666152,David Hamilton,H,309.95244262362866,-32.5075944403128,0.0,-6.538670094874874,-2.842170943040401e-14,0.0,270.9061780884409,0.0
694497,Evan Carter,H,386.17100966702475,48.306829590808036,0.0,-4.458566216025076,0.0,-5.684341886080802e-14,430.01927304180765,0.0
804606,Konnor Griffin,H,458.086680443359,-19.59124001119875,0.0,-10.818597625092565,-8.526512829121202e-14,0.0,427.6768428070676,0.0
663616,Trevor Larnach,H,437.68727715928765,-35.38983884047923,0.0,-4.46406843784311,-2.842170943040401e-14,-5.684341886080802e-14,397.8333698809652,0.0
678554,Curtis Mead,H,317.12118304183167,-26.157324553678222,0.0,-12.675781548391697,-4.263256414560601e-14,-5.684341886080802e-14,278.28807693976165,0.0
673237,Yainer Diaz,H,485.2800435032473,-94.19568321953085,0.0,-4.186022639116146,-5.684341886080802e-14,0.0,386.89833764460025,0.0
660688,Keibert Ruiz,H,397.379984981552,-86.22676797594323,0.0,-11.372219094353568,0.0,-5.684341886080802e-14,299.78099791125516,0.0
682626,Francisco Alvarez,H,462.8147502685285,-56.808445012200195,0.0,-3.947015583198322,0.0,-5.684341886080802e-14,402.0592896731299,0.0
502671,Paul Goldschmidt,H,348.4722911555253,-105.9620934594351,0.0,-97.77949966389333,7.105427357601002e-15,0.0,144.73069803219687,0.0
671218,Heliot Ramos,H,489.5598177518545,79.13220713810807,0.0,-4.215165299523392,0.0,-1.1368683772161603e-13,564.4768595904391,0.0
657757,Gavin Sheets,H,435.79088483222733,-54.02527948866771,0.0,-2.4791059423205013,-5.684341886080802e-14,0.0,379.2864994012391,0.0
668715,Spencer Steer,H,527.8200862473064,-82.06572544273138,0.0,-3.775766363341887,0.0,-5.684341886080802e-14,441.97859444123316,0.0
641487,J.P. Crawford,H,405.1545202547258,103.03416011565207,0.0,-7.480745796813835,-1.1368683772161603e-13,-5.684341886080802e-14,500.7079345735639,0.0
665052,Griffin Conine,H,239.9186110713482,-10.196293330692328,0.0,-8.62580826807745,0.0,-2.842170943040401e-14,221.0965094725784,0.0
687859,Troy Johnston,H,301.10096816109694,19.96394458318781,0.0,-3.909545713709406,-2.842170943040401e-14,0.0,317.15536703057535,0.0
681297,Colton Cowser,H,417.5209385410443,-31.75223286972067,0.0,-4.264860937508274,-2.842170943040401e-14,0.0,381.5038447338153,0.0
664770,Nathan Lukes,H,302.7933107393739,-0.4119818499365806,0.0,-10.41943843783244,-5.684341886080802e-14,-5.684341886080802e-14,291.9618904516048,0.0
694384,Nolan Schanuel,H,595.798066211447,-55.014329117647776,0.0,-2.3284869746250365,-1.1368683772161603e-13,0.0,538.455250119174,0.0
691788,Joe Mack,H,462.2447757901492,-155.7915132707422,0.0,-5.673021703017525,2.842170943040401e-14,-1.1368683772161603e-13,300.78024081638944,0.0
690993,Colt Keith,H,525.7793678371802,-84.10221516497995,0.0,-2.714173670278484,2.842170943040401e-14,0.0,438.9629790019218,0.0
687462,Spencer Horwitz,H,380.698819273607,13.139142614289312,0.0,-3.592144546174552,2.842170943040401e-14,-1.1368683772161603e-13,390.2458173417217,0.0
683357,Owen Caissie,H,286.0240247421613,26.61062915543306,0.0,-5.315241459509224,0.0,-5.684341886080802e-14,307.31941243808507,0.0
686555,Isaac Collins,H,335.9260260032384,63.5412279713716,0.0,-4.07560159365201,-5.684341886080802e-14,-5.684341886080802e-14,395.39165238095785,0.0
630105,Jake Cronenworth,H,414.35569158661235,-10.638683637994177,0.0,-9.88099252746116,-5.684341886080802e-14,-1.1368683772161603e-13,393.83601542115684,0.0
687551,Drew Gilbert,H,307.66557484825313,16.58931390497861,0.0,-3.0608747261860287,-5.684341886080802e-14,-5.684341886080802e-14,321.1940140270456,0.0
694374,Tim Tawa,H,314.1087578467656,-28.717203721334045,0.0,-10.492469834659715,-5.684341886080802e-14,-5.684341886080802e-14,274.8990842907718,0.0
592450,Aaron Judge,H,469.40924238138865,-70.68176301725003,0.0,-45.12826251704993,-2.842170943040401e-14,-5.684341886080802e-14,353.5992168470886,0.0
641680,Jonah Heim,H,329.6540996857854,-3.976500667399989,0.0,-3.46227241949353,-2.842170943040401e-14,0.0,322.21532659889186,0.0
573262,Mike Yastrzemski,H,252.2427795406874,-1.4480461093087058,0.0,-56.771688073038675,-1.4210854715202004e-14,-2.842170943040401e-14,194.02304535833997,0.0
701678,Hao-Yu Lee,H,443.8812754550744,-131.21858739026874,0.0,-5.680105544443165,-5.684341886080802e-14,5.684341886080802e-14,306.9825825203625,0.0
657041,Lane Thomas,H,378.83677269075,-26.49262438289628,0.0,-16.778043881086262,-2.842170943040401e-14,5.684341886080802e-14,335.5661044267675,0.0
691781,Brady House,H,439.9065425958608,-43.639008255854094,0.0,-10.127383286132215,-8.526512829121202e-14,-5.684341886080802e-14,386.1401510538744,0.0
669224,Austin Wells,H,383.25930830382214,-34.573155908264994,0.0,-3.327208879487671,0.0,5.684341886080802e-14,345.35894351606953,0.0
650402,Gleyber Torres,H,508.01725644956997,-12.71283192728714,0.0,-7.347926397017773,-1.1368683772161603e-13,5.684341886080802e-14,487.956498125265,0.0
679845,Nick Loftin,H,247.57415098185604,99.42245364843009,0.0,-4.355318713452078,0.0,0.0,342.641285916834,0.0
676724,Jared Young,H,213.6469717893075,9.72582856710423,0.0,-8.853724210862822,-1.4210854715202004e-14,-2.842170943040401e-14,214.5190761455489,0.0
545341,Randal Grichuk,H,258.8187078911846,-122.38571769807967,0.0,-43.45753022111662,-7.105427357601002e-15,0.0,92.9754599719883,0.0
681393,Connor Norby,H,357.4917535922931,34.021463250803095,0.0,-5.852173000293533,0.0,-5.684341886080802e-14,385.6610438428026,0.0
669242,Tommy Edman,H,326.8397581384779,-101.3295030196233,0.0,-23.68455999605584,0.0,-2.842170943040401e-14,201.82569512279875,0.0
665923,Esteury Ruiz,H,277.31194068821793,-60.4201498444296,0.0,-20.555369578010087,-2.842170943040401e-14,5.684341886080802e-14,196.33642126577826,0.0
682987,Spencer Jones,H,367.55639193904955,-118.85117471719133,0.0,-4.429513465099788,0.0,-2.842170943040401e-14,244.27570375675842,0.0
687637,Dylan Beavers,H,336.5773986392393,-9.118207775557607,0.0,-5.682422544818479,-5.684341886080802e-14,1.1368683772161603e-13,321.7767683188632,0.0
683748,Victor Mesa Jr.,H,246.48644060574557,21.17630677042112,0.0,-8.290681379307557,-2.842170943040401e-14,0.0,259.3720659968591,0.0
672386,Alejandro Kirk,H,400.38394914242735,-89.68984604149023,0.0,-14.039698526927339,0.0,5.684341886080802e-14,296.65440457400985,0.0
699013,Esmerlyn Valdez,H,401.86581290458275,1.359470354661994,0.0,-13.156106495354948,-5.684341886080802e-14,-1.1368683772161603e-13,390.06917676388963,0.0
806198,Cooper Pratt,H,383.3858521651749,-22.557305859092708,0.0,-13.7180243127074,-5.684341886080802e-14,5.684341886080802e-14,347.1105219933748,0.0
667472,Dane Myers,H,282.752206293383,-47.36218965037156,0.0,-21.620532771323454,-4.263256414560601e-14,0.0,213.76948387168792,0.0
666126,Carlos Cortes,H,267.87554930184143,-4.648108775407366,0.0,-8.070712926188179,-4.263256414560601e-14,-8.526512829121202e-14,255.15672760024577,0.0
672275,Patrick Bailey,H,384.7340177410366,-72.63932972264286,0.0,-5.410091036719592,-5.684341886080802e-14,0.0,306.6845969816741,0.0
672724,Oswald Peraza,H,286.17974132181763,24.32254876511746,0.0,-10.048826078856337,-2.842170943040401e-14,-5.684341886080802e-14,300.4534640080787,0.0
702616,Jackson Holliday,H,596.3451149321294,-91.46228633965063,0.0,-12.220303593168268,-2.842170943040401e-14,0.0,492.66252499931045,0.0
666139,Josh Lowe,H,395.45735652962077,-86.9498333556433,0.0,-6.833464644545558,-2.842170943040401e-14,0.0,301.6740585294319,0.0
624424,Michael Conforto,H,334.3883824634566,-72.66808415027316,0.0,-10.013872534601262,0.0,0.0,251.70642577858217,0.0
805779,Jacob Wilson,H,439.80984639672863,9.776958119957953,0.0,-8.336836240589292,0.0,-5.684341886080802e-14,441.24996827609726,0.0
620443,Luis Torrens,H,251.65626975524495,-75.99542386502699,0.0,-24.357395732254844,-2.842170943040401e-14,0.0,151.30345015796308,0.0
641857,Ryan McMahon,H,388.59127821795613,-117.10933668969898,0.0,-12.716814774704517,-2.842170943040401e-14,-5.684341886080802e-14,258.7651267535526,0.0
669707,Jared Triolo,H,316.2833495277362,-19.33642328027787,0.0,-4.972046846105542,0.0,-1.7053025658242404e-13,291.97487940135267,0.0
685133,Wade Meckler,H,311.78779326530463,-74.56090266241034,0.0,-7.281474383486412,-2.842170943040401e-14,0.0,229.94541621940783,0.0
605170,Victor Caratini,H,222.83289784505618,19.79878541197823,0.0,-13.97664819031722,-2.842170943040401e-14,-5.684341886080802e-14,228.65503506671712,0.0
677942,Blaze Alexander,H,306.80921083242725,-60.89681331844622,0.0,-11.459052913559319,0.0,0.0,234.4533446004217,0.0
672580,Maikel Garcia,H,553.9040457990395,-82.26943619646659,0.0,-3.0423724075772327,0.0,-5.684341886080802e-14,468.5922371949957,0.0
687221,Dalton Rushing,H,287.33507244258493,-23.4373319015628,0.0,-10.874539617990749,1.4210854715202004e-14,-5.684341886080802e-14,253.02320092303134,0.0
686217,Sal Frelick,H,481.9373508277211,-44.489462479994984,0.0,-3.255847847497563,-2.842170943040401e-14,-1.7053025658242404e-13,434.19204050022836,0.0
624585,Jorge Soler,H,330.91046400351183,-68.59500336455932,0.0,-68.7095696507737,-2.842170943040401e-14,-2.842170943040401e-14,193.60589098817874,0.0
655316,Andruw Monasterio,H,264.59916776830266,-31.413862050715238,0.0,-11.34544431342185,-2.842170943040401e-14,0.0,221.83986140416556,0.0
683734,Andrew Vaughn,H,461.8983528684931,-128.9439946884376,0.0,-6.370543211296393,-5.684341886080802e-14,-5.684341886080802e-14,326.583814968759,0.0
700932,Kyle Manzardo,H,403.2273606884618,-30.698379179664812,0.0,-4.9050714730335585,-8.526512829121202e-14,5.684341886080802e-14,367.62391003576334,0.0
663743,Nick Fortes,H,265.5141884900408,-7.966929065422391,0.0,-7.535608255784794,-1.4210854715202004e-14,2.842170943040401e-14,250.01165116883362,0.0
669257,Will Smith,H,395.5323304117465,-102.94422793289783,0.0,-36.14845523390804,0.0,0.0,256.4396472449406,0.0
596142,Gary Sanchez,H,219.42781832298135,-63.255701480091886,0.0,-21.96155337816542,0.0,0.0,134.21056346472403,0.0
695731,Braden Montgomery,H,421.9529499976569,-53.08056735970848,0.0,-7.6931969417148025,0.0,-5.684341886080802e-14,361.17918569623356,0.0
650859,Luis Rengifo,H,390.73734809474246,-86.19583494661879,0.0,-12.85988295411471,-2.842170943040401e-14,0.0,291.6816301940089,0.0
668885,Austin Martin,H,300.87566194695484,0.7743146104272114,0.0,-10.16904947927091,0.0,0.0,291.4809270781111,0.0
642350,Jose Siri,H,270.1882422835623,-40.5506245560662,0.0,-29.527489065104376,-2.842170943040401e-14,-5.684341886080802e-14,200.11012866239167,0.0
656537,Derek Hill,H,205.4626656744377,-9.207555357835702,0.0,-20.005341040561177,0.0,-2.842170943040401e-14,176.24976927604078,0.0
642086,Dominic Smith,H,314.6742547337495,-128.71179503018908,0.0,-24.75169502909786,-4.263256414560601e-14,0.0,161.2107646744625,0.0
656305,Matt Chapman,H,391.42482783282975,-83.88806668431658,0.0,-35.20472758052239,2.842170943040401e-14,-1.1368683772161603e-13,272.3320335679907,0.0
621438,Tyrone Taylor,H,286.19615197397076,-69.88136926733952,0.0,-19.874170430195363,-4.263256414560601e-14,-2.842170943040401e-14,196.44061227643581,0.0
670042,Luke Raley,H,290.3907756831052,-67.72171327546891,0.0,-19.84565445194599,1.4210854715202004e-14,-5.684341886080802e-14,202.82340795569024,0.0
668723,Ryan Vilade,H,192.8493332748644,-1.6732717357745628,0.0,-11.508865616214493,-1.4210854715202004e-14,-5.684341886080802e-14,179.66719592287527,0.0
680779,Henry Davis,H,269.80361647780046,-47.674796219604104,0.0,-9.476740891395139,-1.4210854715202004e-14,-5.684341886080802e-14,212.65207936680116,0.0
699393,Pedro Ramirez,H,392.34553823032127,-53.25342049983493,0.0,-12.055738459707811,-2.842170943040401e-14,-5.684341886080802e-14,327.03637927077847,0.0
665953,Andres Chaparro,H,221.67425614916687,-5.695198875985966,0.0,-19.47105215952375,-2.842170943040401e-14,-2.842170943040401e-14,196.5080051136571,0.0
663457,Lars Nootbaar,H,418.1475660391871,-51.95252897125994,0.0,-5.847867817618919,0.0,0.0,360.34716925030824,0.0
664702,Myles Straw,H,292.93149864865967,-88.29802429395721,0.0,-27.896426057995257,1.4210854715202004e-14,0.0,176.7370482967072,0.0
622761,Jorge Mateo,H,225.0267812755404,-44.4458254495452,0.0,-38.46095231085073,-7.105427357601002e-15,-2.842170943040401e-14,142.12000351514445,0.0
656555,Rhys Hoskins,H,301.43613051614426,-53.3270100483237,0.0,-40.958336855099645,1.4210854715202004e-14,-2.842170943040401e-14,207.15078361272091,0.0
622268,Donovan Walton,H,166.83185879754168,-21.60161456490485,0.0,-14.784254445628505,-7.105427357601002e-15,0.0,130.44598978700833,0.0
624641,Edmundo Sosa,H,278.0682619191199,-70.04337833340963,0.0,-21.337232981295543,-4.263256414560601e-14,0.0,186.68765060441467,0.0
668901,Mark Vientos,H,404.92996161866483,-124.50633253959575,0.0,-9.356933990123508,-7.105427357601002e-14,-5.684341886080802e-14,271.06669508894544,0.0
669236,Jeremiah Jackson,H,290.6536167027388,-23.926054871058057,0.0,-9.617717606947053,1.4210854715202004e-14,0.0,257.1098442247337,0.0
656716,Zach McKinstry,H,335.24672343163286,12.23532504412583,0.0,-4.688053546328263,-5.684341886080802e-14,-1.1368683772161603e-13,342.79399492943026,0.0
691777,Max Muncy,H,318.13326306452035,-0.5388374328730379,0.0,-8.205411606787607,-5.684341886080802e-14,-5.684341886080802e-14,309.3890140248596,0.0
678218,Brandon Valenzuela,H,311.498137602225,-71.33367510037209,0.0,-6.519597326055262,-2.842170943040401e-14,-2.842170943040401e-14,233.64486517579755,0.0
660821,Jesus Sanchez,H,422.20868273579623,-141.2537773088195,0.0,-8.676702926587808,-2.842170943040401e-14,-5.684341886080802e-14,272.27820250038883,0.0
669134,Luis Campusano,H,233.26315958472668,-48.59724090896185,0.0,-25.1743797655286,-2.842170943040401e-14,0.0,159.49153891023622,0.0
694208,Moises Ballesteros,H,309.6990873282736,63.608782026466145,0.0,-15.235181877437384,-5.684341886080802e-14,-1.1368683772161603e-13,358.0726874773022,0.0
642708,Amed Rosario,H,317.40985958138435,-117.92248594272388,0.0,-26.25908735484589,-1.4210854715202004e-14,-2.842170943040401e-14,173.22828628381453,0.0
664728,Kyle Isbel,H,315.1150248787171,-27.85149495405335,0.0,-7.81075927181854,0.0,-5.684341886080802e-14,279.4527706528452,0.0
686668,Brenton Doyle,H,444.612935259788,-149.0941343121081,0.0,-6.667425223490767,-5.684341886080802e-14,-5.684341886080802e-14,288.85137572418904,0.0
687952,Christian Encarnacion-Strand,H,238.9394537453453,32.900239734480635,0.0,-36.41169387784464,-4.263256414560601e-14,-2.842170943040401e-14,235.4279996019812,0.0
677588,Jose Tena,H,274.1772099288925,-16.356300973192276,0.0,-11.367006656696432,0.0,-2.842170943040401e-14,246.45390229900377,0.0
694203,Denzer Guzman,H,277.23170333365357,86.4009353320049,0.0,-15.708628254025768,0.0,-5.684341886080802e-14,347.92401041163265,0.0
678391,Jorbit Vivas,H,279.77443743836477,14.800679343436855,0.0,-5.991012353088905,-2.842170943040401e-14,0.0,288.5841044287127,0.0
665804,Miguel Amaya,H,264.95159147990984,-49.953482212418976,0.0,-32.47396899382852,0.0,0.0,182.52414027366234,0.0
682177,Daniel Schneemann,H,281.3919661746016,-63.9735336163817,0.0,-16.358120957132,-1.4210854715202004e-14,-5.684341886080802e-14,201.0603116010878,0.0
807799,Masataka Yoshida,H,295.0661531160557,-100.99112259857128,0.0,-30.20539965312493,-4.263256414560601e-14,-2.842170943040401e-14,163.86963086435944,0.0
679822,Justin Foscue,H,193.94517096936926,22.33416369814256,0.0,-14.930393883609526,-1.4210854715202004e-14,-2.842170943040401e-14,201.34894078390224,0.0
668952,Ryan Kreidler,H,155.58141407775065,27.134803867821574,0.0,-19.443424738996413,0.0,-2.842170943040401e-14,163.27279320657578,0.0
681481,Kerry Carpenter,H,374.22068465151733,-119.39991545408466,0.0,-19.684115562089374,1.4210854715202004e-14,-2.842170943040401e-14,235.13665363534327,0.0
553869,Elias Diaz,H,159.03724877123344,-22.22999812799648,0.0,-46.443374379125814,-7.105427357601002e-15,2.842170943040401e-14,90.36387626411116,0.0
683011,Anthony Volpe,H,566.9878525103591,-93.85079555044967,0.0,-11.109469879726788,-2.842170943040401e-14,0.0,462.02758708018257,0.0
810938,Ben Williamson,H,326.8931058183666,-60.66979928490372,0.0,-6.325289231542939,-2.842170943040401e-14,0.0,259.89801730191994,0.0
664954,Brett Sullivan,H,140.96943834033698,11.290567419694526,0.0,-21.16452769003392,-7.105427357601002e-15,0.0,131.09547806999757,0.0
814439,Ryan Waldschmidt,H,395.48123657357684,-105.66854365057475,0.0,-5.7021934503534055,0.0,-5.684341886080802e-14,284.11049947264866,0.0
596115,Trevor Story,H,312.20547826086954,-36.390733444377986,0.0,-72.17753166207766,0.0,-5.684341886080802e-14,203.63721315441384,0.0
686475,Tyler Tolbert,H,187.446047296934,-91.53572294633379,0.0,-13.026590079592694,-7.105427357601002e-15,0.0,82.88373427100751,0.0
595978,Austin Hedges,H,129.46407475706997,40.50035491115625,0.0,-19.261584593522173,0.0,0.0,150.70284507470404,0.0
671289,Tyler Freeman,H,353.1774217397825,-83.79620408059282,0.0,-15.086546390605406,-2.842170943040401e-14,-2.842170943040401e-14,254.29467126858424,0.0
543877,Christian Vazquez,H,137.7316075310115,30.617084667801464,0.0,-30.317621473045165,-2.842170943040401e-14,0.0,138.03107072576776,0.0
669357,Nolan Gorman,H,381.6932701103486,-85.35926097008263,0.0,-11.453312056093267,-2.842170943040401e-14,0.0,284.88069708417265,0.0
666211,Taylor Trammell,H,176.92491296337406,0.47739574500428716,0.0,-19.073730635700386,0.0,0.0,158.32857807267794,0.0
663837,Matt Vierling,H,292.67780358176645,-24.2107970268832,0.0,-17.793957822922835,-4.263256414560601e-14,0.0,250.67304873196036,0.0
641933,Tyler O'Neill,H,287.9797472628256,-80.11809501082456,0.0,-28.13327520458489,-2.842170943040401e-14,-2.842170943040401e-14,179.72837704741607,0.0
682668,Luisangel Acuna,H,276.33749614611924,40.00767707560158,0.0,-11.745858403281943,0.0,0.0,304.59931481843887,0.0
657136,Connor Wong,H,262.9940338327919,-23.39077693551286,0.0,-27.73251578280305,-4.263256414560601e-14,-2.842170943040401e-14,211.87074111447592,0.0
673357,Luis Robert Jr.,H,396.65083822442887,-126.34813023269874,0.0,-34.58640266509087,-4.263256414560601e-14,5.684341886080802e-14,235.71630532663926,0.0
681351,Logan O'Hoppe,H,395.2249592519192,-87.43326731919757,0.0,-10.667370064603944,0.0,-5.684341886080802e-14,297.12432186811765,0.0
813841,Jonah Cox,H,271.3102613705121,-39.46942108579441,0.0,-9.02613710244205,0.0,-2.842170943040401e-14,222.8147031822756,0.0
642201,Eli White,H,202.30058668306307,-63.66363817374557,0.0,-31.631981503995696,0.0,-2.842170943040401e-14,107.00496700532179,0.0
686765,Nick Sogard,H,206.9068341502779,-4.231174927643764,0.0,-31.075281137299513,-1.4210854715202004e-14,0.0,171.6003780853346,0.0
682663,Agustin Ramirez,H,459.7566705128715,-55.62453558134956,0.0,-12.470715241555723,-5.684341886080802e-14,-5.684341886080802e-14,391.66141968996607,0.0
643376,Danny Jansen,H,235.93472610268614,-41.936316293963074,0.0,-19.17739625367885,-1.4210854715202004e-14,-2.842170943040401e-14,174.82101355504417,0.0
669392,Samad Taylor,H,152.450632576904,-13.739323121052024,0.0,-19.8668431077502,-2.842170943040401e-14,0.0,118.84446634810176,0.0
690976,Alex Freeland,H,249.77202681568704,-2.09658565928882,0.0,-10.632164661191752,-1.4210854715202004e-14,-5.684341886080802e-14,237.04327649520638,0.0
666397,Edouard Julien,H,295.3042813486903,-110.16653400956767,0.0,-16.942441589057708,-4.263256414560601e-14,0.0,168.1953057500649,0.0
670032,Nicky Lopez,H,217.2067952695523,-50.413073082806136,0.0,-23.584665344998953,-2.842170943040401e-14,0.0,143.20905684174716,0.0
609280,Miguel Andujar,H,279.9905318039624,-86.04458146204763,0.0,-36.23421457158152,-1.4210854715202004e-14,0.0,157.71173577033326,0.0
681508,Mickey Gasper,H,187.53823705332607,-0.7174905907216953,0.0,-23.56647550128278,-1.4210854715202004e-14,-2.842170943040401e-14,163.25427096132157,0.0
666023,Freddy Fermin,H,249.6587304263776,-21.23174589217382,0.0,-19.869052368538405,0.0,-2.842170943040401e-14,208.55793216566533,0.0
542303,Marcell Ozuna,H,388.3685668962392,-90.32296075583503,0.0,-61.342383835276564,1.4210854715202004e-14,-8.526512829121202e-14,236.70322230512753,0.0
543510,James McCann,H,157.75391469270812,-60.9175357328061,0.0,-28.553603049579706,-7.105427357601002e-15,1.4210854715202004e-14,68.28277591032231,0.0
694378,Jacob Gonzalez,H,309.33666414464244,-29.988027423083622,0.0,-12.419499323473119,-1.4210854715202004e-14,-5.684341886080802e-14,266.92913739808563,0.0
806068,Colt Emerson,H,321.5245356702852,57.30943823497472,0.0,-21.537737872887618,-5.684341886080802e-14,0.0,357.29623603237224,0.0
703601,Max Clark,H,310.7202157598499,109.09555676443972,0.0,-30.13015489273232,-5.684341886080802e-14,-5.684341886080802e-14,389.6856176315572,0.0
691176,Jasson Dominguez,H,329.30310922972797,63.48819932648644,0.0,-16.09962682579848,-2.842170943040401e-14,0.0,376.6916817304159,0.0
657656,Ramon Laureano,H,328.6730715035996,-143.90422042025696,0.0,-33.210476971617425,7.105427357601002e-15,2.842170943040401e-14,151.55837411172524,0.0
500743,Miguel Rojas,H,157.36520303467364,-8.608373980060549,0.0,-35.50028656107601,0.0,-1.4210854715202004e-14,113.25654249353707,0.0
696030,Alejandro Osuna,H,281.6667472702564,26.12937769913583,0.0,-12.859373321079318,-5.684341886080802e-14,0.0,294.93675164831285,0.0
694728,Brice Matthews,H,230.04249941297712,69.94448712210715,0.0,-12.554466144451226,0.0,-5.684341886080802e-14,287.432520390633,0.0
690984,Petey Halpin,H,221.39975295381313,52.81329821336149,0.0,-10.680487620692418,-4.263256414560601e-14,0.0,263.53256354648215,0.0
675961,Alika Williams,H,214.2631424791435,13.485599551333706,0.0,-34.504386958426394,-2.842170943040401e-14,2.842170943040401e-14,193.2443550720508,0.0
667670,Brent Rooker,H,463.98297701635227,-1.5786816237690573,0.0,-12.732412563139377,-8.526512829121202e-14,0.0,449.67188282944375,0.0
666969,Adolis Garcia,H,381.69033457418993,-119.7075862047949,0.0,-23.0418107634803,-2.842170943040401e-14,-2.842170943040401e-14,238.94093760591468,0.0
807713,Matt Shaw,H,404.48925886143934,-85.44657601276293,0.0,-13.117247688573286,0.0,0.0,305.9254351601031,0.0
676439,Hunter Feduccia,H,170.19253005343685,6.458241566184483,0.0,-28.348590131860604,-1.4210854715202004e-14,0.0,148.30218148776072,0.0
701350,Roman Anthony,H,381.0704820589894,87.69249493152233,0.0,-23.754860481053015,-4.464456493196394,-5.684341886080802e-14,440.54366001626227,0.0
804668,Rafael Flores,H,191.94136699979907,-16.19090106223399,0.0,-11.215443081701892,-1.4210854715202004e-14,0.0,164.5350228558632,0.0
682848,Endy Rodriguez,H,206.39209806900473,-12.439304438674128,0.0,-34.522655365342615,0.0,0.0,159.430138264988,0.0
680664,Eduardo Valencia,H,239.48906231565212,-84.39972664002008,0.0,-20.983021871576014,1.4210854715202004e-14,0.0,134.10631380405604,0.0
670231,John Rave,H,216.62139200079665,-80.12846511297306,0.0,-16.813628738093527,-7.105427357601002e-15,-1.4210854715202004e-14,119.67929814973003,0.0
669701,Josh Smith,H,365.9616058685211,-25.421853593273852,0.0,-19.265871775878793,0.0,-1.1368683772161603e-13,321.2738804993683,0.0
543309,Kyle Higashioka,H,156.10954967691373,-52.553983688637146,0.0,-26.966935260340072,-1.0658141036401503e-14,0.0,76.5886307279365,0.0
800325,Luis Lara,H,352.58131484476706,37.08009833439729,0.0,-26.873969690043396,-5.684341886080802e-14,5.684341886080802e-14,362.78744348912096,0.0
806146,George Lombard Jr.,H,277.63554327432905,46.03844265111286,0.0,-16.813475398314182,0.0,-5.684341886080802e-14,306.8605105271277,0.0
687957,Dustin Harris,H,158.9052246490738,-16.09086811642453,0.0,-19.99674291799502,-1.4210854715202004e-14,1.4210854715202004e-14,122.81761361465425,0.0
683766,Christian Koss,H,212.27176834125547,-40.70869597058956,0.0,-17.42270364738542,1.4210854715202004e-14,0.0,154.14036872328052,0.0
682622,Noelvi Marte,H,348.20281839803596,-26.159892783165105,0.0,-21.276975969552325,-5.684341886080802e-14,-5.684341886080802e-14,300.7659496453184,0.0
703520,Brett Bateman,H,293.020872963495,66.63920239461879,0.0,-13.517349674039991,-2.842170943040401e-14,-5.684341886080802e-14,346.1427256840737,0.0
643396,Isiah Kiner-Falefa,H,341.0570121174246,-153.22802147370945,0.0,-32.457830010729154,-2.842170943040401e-14,-2.842170943040401e-14,155.37116063298598,0.0
595879,Javier Baez,H,230.69343875042185,-75.54073230959037,0.0,-62.20023088076758,-3.552713678800501e-15,0.0,92.9524755600639,0.0
681807,David Fry,H,254.39664234080783,-54.940972935158186,0.0,-28.815043918844594,-1.4210854715202004e-14,-2.842170943040401e-14,170.64062548680502,0.0
665966,Carlos Narvaez,H,304.854460609016,-42.22556537388124,0.0,-7.941403600998996,0.0,-2.842170943040401e-14,254.6874916341357,0.0
691785,Marcelo Mayer,H,272.0702113501102,49.70724135946011,0.0,-14.195157433410259,-8.526512829121202e-14,-5.684341886080802e-14,307.58229527615987,0.0
670770,TJ Friedl,H,418.7987838748165,-44.11418586266706,0.0,-13.666995795243565,-2.842170943040401e-14,-1.1368683772161603e-13,361.01760221690574,0.0
691458,Blaze Jordan,H,290.94760766671357,23.030483023998386,0.0,-14.48900838558069,-5.684341886080802e-14,0.0,299.4890823051312,0.0
686780,Pedro Pages,H,253.10133554381258,-37.26827244439252,0.0,-13.384299246720886,-4.263256414560601e-14,0.0,202.44876385269913,0.0
656484,Tristan Gray,H,154.5380794119908,-29.049475266480357,0.0,-20.86894123657389,-1.4210854715202004e-14,0.0,104.61966290893653,0.0
695336,Thomas Saggese,H,265.1216429779985,74.51135157829867,0.0,-11.769031363527546,-5.684341886080802e-14,5.684341886080802e-14,327.86396319276963,0.0
642215,Weston Wilson,H,150.26966089200576,-17.99575648159535,0.0,-13.149908513647794,-1.4210854715202004e-14,-1.4210854715202004e-14,119.1239958967626,0.0
700337,Edgar Quero,H,360.24890763390977,-23.177714769944203,0.0,-13.421524268654878,-2.842170943040401e-14,-5.684341886080802e-14,323.64966859531063,0.0
691019,Kyle Teel,H,303.13733504147416,-21.328892804658437,0.0,-16.35923591553484,4.263256414560601e-14,-5.684341886080802e-14,265.4492063212809,0.0
823550,Sung Mun Song,H,217.3939363220237,-70.96348354812477,0.0,-24.138698378236498,-1.4210854715202004e-14,-1.4210854715202004e-14,122.29175439566241,0.0
691011,Drew Romo,H,174.36398797566358,105.13615929210124,0.0,-15.680108347990029,-2.842170943040401e-14,-5.684341886080802e-14,263.82003891977473,0.0
691740,Daniel Susac,H,268.5342776429395,-52.34707513393292,0.0,-9.976150246475711,-1.4210854715202004e-14,0.0,206.21105226253087,0.0
669397,Nick Allen,H,283.1093172951886,-51.67645565150809,0.0,-27.56511097946533,-1.4210854715202004e-14,-2.842170943040401e-14,203.86775066421512,0.0
691783,Jordan Lawlar,H,188.7552074571563,7.629004264794588,0.0,-30.81869961345447,-1.4210854715202004e-14,-2.842170943040401e-14,165.5655121084964,0.0
687363,Victor Scott,H,320.93889953266984,-3.6353699522628062,0.0,-9.860298560597755,0.0,-5.684341886080802e-14,307.4432310198092,0.0
681546,James Outman,H,225.98031522939465,-66.47898489657103,0.0,-29.552287764667312,-1.4210854715202004e-14,-2.842170943040401e-14,129.94904256815627,0.0
672761,Wenceel Perez,H,353.53565306775585,-105.25191897509757,0.0,-14.859570318339465,1.4210854715202004e-14,2.842170943040401e-14,233.42416377431886,0.0
701162,Ben Malgeri,H,235.0573743957976,-68.34841345535327,0.0,-21.926271831383588,7.105427357601002e-15,-2.842170943040401e-14,144.78268910906073,0.0
663330,Jahmai Jones,H,179.58018116678022,-56.722868569261564,0.0,-15.312693300981358,0.0,-2.842170943040401e-14,107.54461929653726,0.0
680728,Adrian Del Castillo,H,199.00267716018584,-16.147482995545403,0.0,-13.769496643559776,2.1316282072803006e-14,0.0,169.08569752108068,0.0
669743,Alex Call,H,246.944970694443,-95.4472455757886,0.0,-37.14325765375543,-1.4210854715202004e-14,-1.4210854715202004e-14,114.35446746489895,0.0
682818,Yohendrick Pinango,H,304.8198509667025,-16.50897564520392,0.0,-9.151806841722333,0.0,0.0,279.15906847977624,0.0
624431,Jose Trevino,H,159.65631972231597,-50.5177277218349,0.0,-14.855141945415959,-1.4210854715202004e-14,0.0,94.28345005506509,0.0
694362,Blake Dunn,H,158.21994766462683,-22.892011855934925,0.0,-15.661490058028264,-2.1316282072803006e-14,-2.842170943040401e-14,119.6664457506636,0.0
695720,Tommy White,H,287.79085242982336,51.502404732854814,0.0,-15.456077564607739,-2.842170943040401e-14,-1.1368683772161603e-13,323.8371795980703,0.0
678011,Anthony Seigler,H,190.1939519401896,-42.98807532492975,0.0,-12.936833799668634,0.0,2.842170943040401e-14,134.26904281559123,0.0
621043,Carlos Correa,H,374.7992109240899,-98.14927438942163,0.0,-58.87313569664299,1.4210854715202004e-14,0.0,217.77680083802528,0.0
699024,Leo Bernal,H,239.06615877170435,26.475972153169096,0.0,-32.66064204168583,-4.263256414560601e-14,-5.684341886080802e-14,232.8814888831875,0.0
688363,Graham Pauley,H,195.0375939169643,-3.01133512658123,0.0,-11.773724222000837,-2.842170943040401e-14,0.0,180.2525345683822,0.0
645302,Victor Robles,H,214.21144043589325,-105.46671143756802,0.0,-23.172274752224794,-7.105427357601002e-15,0.0,85.57245424610042,0.0
672356,Gabriel Arias,H,318.7446600858004,-72.35603620109703,0.0,-26.514791494462244,-1.4210854715202004e-14,0.0,219.8738323902411,0.0
678489,Jorge Barrosa,H,174.90798294633876,9.893233383183173,0.0,-12.532293584229663,0.0,-2.842170943040401e-14,172.26892274529226,0.0
666971,Lourdes Gurriel Jr.,H,366.89433924351124,-60.02920565745984,0.0,-31.60025489790968,-4.263256414560601e-14,-5.684341886080802e-14,275.2648786881416,0.0
699302,Hector Rodriguez,H,316.0942716391173,-29.87547198988682,0.0,-14.61040304597654,-2.842170943040401e-14,-5.684341886080802e-14,271.6083966032539,0.0
695491,Joshua Baez,H,236.23628769958606,-16.297550691890194,0.0,-20.467362055205598,-4.263256414560601e-14,-2.842170943040401e-14,199.4713749524902,0.0
668670,Jake Rogers,H,208.84238870229802,-83.16041950015149,0.0,-21.28521240979449,-1.4210854715202004e-14,0.0,104.39675679235202,0.0
663647,Ke'Bryan Hayes,H,356.0360515871052,-40.59249807999748,0.0,-18.3345496051746,-2.842170943040401e-14,-5.684341886080802e-14,297.109003901933,0.0
641598,Mitch Garver,H,144.06714337070235,-40.51611076092715,0.0,-47.29263659150764,-3.552713678800501e-15,7.105427357601002e-15,56.25839601826757,0.0
680977,Brendan Donovan,H,398.7376396035137,-15.945284695054738,0.0,-27.442643177295196,2.842170943040401e-14,0.0,355.3497117311638,0.0
516782,Starling Marte,H,146.1295517172641,-63.54989715596558,0.0,-47.581173124136754,-1.3322676295501878e-14,0.0,34.99848143716174,0.0
701852,Drew Cavanaugh,H,261.76640402828144,14.260023659425713,0.0,-9.49790386787339,-2.842170943040401e-14,-5.684341886080802e-14,266.52852381983365,0.0
699625,Jimmy Crooks,H,180.09279901184394,-1.570253491197235,0.0,-12.518175310312401,-2.842170943040401e-14,-2.842170943040401e-14,166.00437021033426,0.0
623168,Tyler Heineman,H,88.78176404660704,29.64997358801216,0.0,-48.73782290378891,-7.105427357601002e-15,-1.4210854715202004e-14,69.69391473083026,0.0
624428,Adam Frazier,H,262.05906409130813,-147.10182117931527,0.0,-56.01021894894411,-3.552713678800501e-15,-2.842170943040401e-14,58.947023963048736,0.0
664774,LaMonte Wade Jr.,H,235.64160447414835,-123.44709333896657,0.0,-27.495233006496328,-7.105427357601002e-15,0.0,84.69927812868545,0.0
694371,Tommy Troy,H,272.5653195488722,-52.18254245534007,0.0,-14.056609945799991,0.0,-2.842170943040401e-14,206.3261671477321,0.0
677870,Leo Jimenez,H,214.51535010291448,36.02204279579988,0.0,-16.093610601085572,1.4210854715202004e-14,-2.842170943040401e-14,234.44378229762876,0.0
663698,Joey Bart,H,247.32666634532055,-131.9116599594056,0.0,-45.28385157767658,-1.0658141036401503e-14,0.0,70.13115480823836,0.0
808975,Hyeseong Kim,H,222.0667781010315,-111.36655025412139,0.0,-11.601967969085322,-7.105427357601002e-15,-2.842170943040401e-14,99.09825987782474,0.0
695670,Harry Ford,H,193.16219316540995,43.0627135425228,0.0,-16.415159548908107,-1.4210854715202004e-14,2.842170943040401e-14,219.80974715902465,0.0
676914,Davis Schneider,H,280.8308038938893,-51.247055692679965,0.0,-12.183900292468735,0.0,-5.684341886080802e-14,217.39984790874055,0.0
678545,Osleivis Basabe,H,193.05532986789396,-66.77525684073355,0.0,-34.42152072723202,1.0658141036401503e-14,-1.4210854715202004e-14,91.85855229992839,0.0
701785,Kaelen Culpepper,H,275.3733053906626,-10.692572485716198,0.0,-20.103424754325886,-1.4210854715202004e-14,-2.842170943040401e-14,244.5773081506205,0.0
687597,Jordan Beck,H,358.56521833770336,18.29881485971231,0.0,-17.737986950644313,2.842170943040401e-14,0.0,359.12604624677135,0.0
694673,Abimelec Ortiz,H,238.37119413498917,-27.031419385907753,0.0,-14.273035503109696,-1.4210854715202004e-14,-2.842170943040401e-14,197.06673924597166,0.0
686452,Drew Millas,H,123.67610443951733,1.55350367346486,0.0,-15.57684934248121,7.105427357601002e-15,0.0,109.65275877050098,0.0
663604,Brandon Lockridge,H,155.49211798035876,-45.09287140098408,0.0,-25.98126926450437,-1.4210854715202004e-14,0.0,84.41797731487028,0.0
676694,Jake Meyers,H,335.8095040844495,-74.81201935948116,0.0,-39.257996930205664,-2.842170943040401e-14,2.842170943040401e-14,221.73948779476265,0.0
687231,Darell Hernaiz,H,220.89822442550334,38.58688900756093,0.0,-12.172192482618755,0.0,0.0,247.31292095044552,0.0
691182,Adael Amador,H,205.8589914567624,28.736663937697358,0.0,-30.656801857339715,-1.4210854715202004e-14,2.842170943040401e-14,203.93885353712005,0.0
682674,Victor Bericoto,H,249.0282290547798,-31.065275441925507,0.0,-15.247231849513938,-1.4210854715202004e-14,-2.842170943040401e-14,202.71572176334033,0.0
669720,Austin Hays,H,314.61821379252035,-208.09163385429906,0.0,-51.03247306645741,-7.105427357601002e-15,2.1316282072803006e-14,55.49410687176387,0.0
592206,Nick Castellanos,H,352.293601404741,-108.18241143838594,0.0,-48.939166539635806,-1.4210854715202004e-14,-2.842170943040401e-14,195.17202342671922,0.0
682877,Juan Brito,H,231.17769466438546,6.527946476670365,0.0,-18.56009671721789,-4.263256414560601e-14,2.842170943040401e-14,219.14554442383792,0.0
676369,Nelson Velazquez,H,211.3136770148409,-47.79268499795518,0.0,-64.97039134967198,-2.1316282072803006e-14,0.0,98.5506006672137,0.0
640902,Jhonny Pereda,H,137.68614317652833,-33.29300260683361,0.0,-28.66434449952004,0.0,-1.4210854715202004e-14,75.72879607017467,0.0
677592,Everson Pereira,H,181.30124239048263,-84.51935468083867,0.0,-26.232448249029844,-1.0658141036401503e-14,-1.4210854715202004e-14,70.54943946061408,0.0
807727,Charles McAdoo,H,230.35005887909728,-44.2349293604758,0.0,-15.912224153671943,-2.842170943040401e-14,-5.684341886080802e-14,170.20290536494946,0.0
677950,Alek Thomas,H,315.1739098765023,-92.07554469219991,0.0,-31.66382454182765,-1.4210854715202004e-14,2.842170943040401e-14,191.43454064247476,0.0
669004,MJ Melendez,H,310.10639141742524,-123.8647380571498,0.0,-47.367210073868534,0.0,-2.842170943040401e-14,138.8744432864069,0.0
696135,Kahlil Watson,H,216.81146621228493,-51.42207808805185,0.0,-28.606113354792043,-1.4210854715202004e-14,0.0,136.78327476944102,0.0
806367,Turner Hill,H,205.14308479347088,-73.87804324699377,0.0,-20.141461217257003,7.105427357601002e-15,0.0,111.12358032922012,0.0
694376,Shay Whitcomb,H,118.61865958327701,6.14936327296131,0.0,-23.29462391599742,-7.105427357601002e-15,0.0,101.47339894024088,0.0
596146,Max Kepler,H,294.5666199093624,-126.2778954643056,0.0,-59.448158432052,1.07216157473092,0.0,109.9127275877357,0.0
669221,Sean Murphy,H,216.15935619471958,-112.17013040622903,0.0,-38.76988512931227,-1.0658141036401503e-14,-1.4210854715202004e-14,65.21934065917826,0.0
656976,Pavin Smith,H,226.4095318451151,-118.41940628296801,0.0,-33.94262548957,-3.552713678800501e-15,-1.4210854715202004e-14,74.04750007257708,0.0
695681,Christian Moore,H,244.88002624302925,11.544547166242978,0.0,-13.283815353807285,-1.4210854715202004e-14,0.0,243.14075805546491,0.0
687515,Colby Thomas,H,219.33186806191063,-55.349082590902725,0.0,-16.92396571405473,0.0,-2.842170943040401e-14,147.05881975695314,0.0
668942,Josh Rojas,H,217.91362699075728,-73.79482337647099,0.0,-56.562274148203116,-3.552713678800501e-15,1.4210854715202004e-14,87.55652946608318,0.0
682997,Tyler Callihan,H,148.01187547802317,-27.909875713999057,0.0,-20.40480793292378,-2.1316282072803006e-14,0.0,99.69719183110031,0.0
686894,Joey Wiemer,H,196.22071727056334,-74.31725884925287,0.0,-38.42184787739563,-1.0658141036401503e-14,-1.4210854715202004e-14,83.48161054391483,0.0
694197,Angel Genao,H,255.6530406379095,-8.66026394517479,0.0,-16.889416404646767,1.4210854715202004e-14,-2.842170943040401e-14,230.10336028808794,0.0
695490,Edwin Arroyo,H,260.1692441070341,65.58560996046464,0.0,-13.864064469103937,0.0,-5.684341886080802e-14,311.89078959839475,0.0
670242,Matt Wallner,H,281.4785837542665,-120.25007832747363,0.0,-37.917786263666486,-2.842170943040401e-14,-2.842170943040401e-14,123.31071916312632,0.0
519317,Giancarlo Stanton,H,282.8408525025171,-172.63263669425044,0.9229637272855435,-94.70893257434174,2.7612902787315337,-3.907985046680551e-14,19.183537239942,0.0
660162,Yoan Moncada,H,224.83222958989052,-125.8356920167628,0.0,-36.999590050453335,3.552713678800501e-15,-2.842170943040401e-14,61.99694752267436,0.0
661531,Brian Serven,H,104.75097382154253,-25.12667523008325,0.0,-39.53215457926079,-1.2434497875801753e-14,0.0,40.092144012198474,0.0
694388,Joey Loperfido,H,203.29320075226354,-64.16451190787282,0.0,-26.297800121045455,-7.105427357601002e-15,0.0,112.83088872334525,0.0
571771,Enrique Hernandez,H,218.85108061885663,-131.92975238261238,0.5220779381192814,-70.79492575421447,3.1852167054698564,-3.197442310920451e-14,19.833697125618894,0.0
805805,Walker Jenkins,H,217.25601598825352,-35.77523620806181,0.0,-32.76032333000974,0.0,0.0,148.72045645018198,0.0
664056,Harrison Bader,H,326.30107857453953,-181.79309904295624,0.0,-57.746075740127964,-3.552713678800501e-15,0.0,86.76190379145532,0.0
669699,Braden Shewmake,H,134.59931312786443,-65.87394905802297,0.0,-34.34530339303683,0.0,0.0,34.38006067680463,0.0
687749,Jase Bowen,H,192.74241797172468,-82.5772639345287,0.0,-20.83775552107759,0.0,-1.4210854715202004e-14,89.32739851611838,0.0
656577,Alex Jackson,H,156.87405821826317,-81.4964492472084,0.0,-33.08076087337731,-1.0658141036401503e-14,-1.4210854715202004e-14,42.29684809767744,0.0
805347,Jim Jarvis,H,215.66680612417696,-72.68025597102778,0.0,-16.33197534803081,-1.4210854715202004e-14,-1.4210854715202004e-14,126.65457480511834,0.0
687529,Grant McCray,H,171.0372054006021,-53.285583682046024,0.0,-31.73271744952283,-7.105427357601002e-15,1.4210854715202004e-14,86.01890426903324,0.0
691728,Zac Veen,H,174.20933941997853,-23.82011984524155,0.0,-20.773481013099826,-1.4210854715202004e-14,-5.684341886080802e-14,129.6157385616371,0.0
680474,Max Schuemann,H,229.63661927840957,-101.86046324545313,0.0,-34.14076397967918,-7.105427357601002e-15,-4.263256414560601e-14,93.63539205327722,0.0
690924,Braxton Fulford,H,164.142210663199,-61.616373817813624,0.0,-32.32790677999699,4.372283674733757,-1.4210854715202004e-14,74.57021374012213,0.0
645305,Ali Sanchez,H,117.1351161025129,-41.22828195537063,0.0,-26.60174177601207,-1.0658141036401503e-14,-1.4210854715202004e-14,49.30509237113017,0.0
650559,Bryan De La Cruz,H,329.27885283545197,-161.90121148455913,0.0,-56.451682188291215,0.0,0.0,110.92595916260163,0.0
702176,Alan Roden,H,186.84233221865378,-95.54583680998151,0.0,-17.529498762993015,7.269874291803175,-1.4210854715202004e-14,81.03687093748242,0.0
666181,Will Benson,H,279.5559553023352,-135.1378334319466,0.0,-30.035055877401717,7.105427357601002e-15,-2.842170943040401e-14,114.38306599298684,0.0
663368,Blake Perkins,H,239.719912974992,-116.31281195186345,0.0,-38.81328092855112,0.0,0.0,84.59382009457744,0.0
602104,Ramon Urias,H,257.0845635125079,-149.56859622048634,0.0,-48.4681210177351,-1.4210854715202004e-14,0.0,59.04784627428643,0.0
606992,Eric Haase,H,135.28597396486614,-79.05531429744704,0.0,-36.86682574047359,0.440979363150525,7.105427357601002e-15,19.804813290096043,0.0
660844,Leo Rivas,H,149.26413743812003,-3.206112358303301,0.0,-26.86017263966616,-1.4210854715202004e-14,-1.4210854715202004e-14,119.19785244015054,0.0
694377,Nick Yorke,H,164.53186809523393,65.47017419053313,0.0,-23.758961673286876,-1.4210854715202004e-14,0.0,206.24308061248018,0.0
672820,Lenyn Sosa,H,363.3268203934842,-92.47867054011425,0.0,-39.02401509386573,0.0,0.0,231.8241347595042,0.0
608701,Rob Refsnyder,H,171.93164367258782,-97.19526096350178,0.0,-25.631287287265533,3.552713678800501e-15,0.0,49.10509542182052,0.0
641584,Jake Fraley,H,261.01910097793314,-156.27224733411018,0.0,-38.70626881361949,1.7763568394002505e-14,-2.842170943040401e-14,66.04058483020347,0.0
666310,Bo Naylor,H,315.2466174599496,-147.35075765563317,0.0,-26.229059123281147,-1.4210854715202004e-14,0.0,141.66680068103528,0.0
691002,Yohandy Morales,H,177.48530314995173,-48.943084798708185,0.0,-17.689599700676624,-2.1316282072803006e-14,0.0,110.85261865056691,0.0
668800,Andrew Knizner,H,126.1426915131548,-65.78196968140116,0.0,-35.40798456546871,-1.7763568394002505e-15,-1.0658141036401503e-14,24.952737266284917,0.0
660710,Rodolfo Duran,H,154.96314679131982,-78.00836389746321,0.0,-37.68029781861643,9.005481137940484,0.0,48.27996621318066,0.0
811965,Joshua Kuroda-Grauer,H,202.67158798104896,-55.85550491334669,0.0,-25.652832954439205,0.0,-2.842170943040401e-14,121.16325011326303,0.0
828599,Lucas Spence,H,193.52225500789626,-54.24465792554719,0.0,-24.87427314711391,2.1316282072803006e-14,-4.263256414560601e-14,114.40332393523515,0.0
682927,Ronny Simon,H,160.1240760931474,-78.86408970774964,0.0,-32.09911686894099,3.346206734190713,0.0,52.507076250647486,0.0
673490,Ha-seong Kim,H,275.0425197435336,-85.12043803852816,0.0,-42.631222091666714,-2.1316282072803006e-14,-2.842170943040401e-14,147.29085961333868,0.0
683227,Cody Freeman,H,203.60961922571917,-77.43323015261268,0.0,-23.605294633787025,-2.1316282072803006e-14,0.0,102.57109443931944,0.0
641555,J.C. Escarra,H,127.03186963064151,-63.31280111124148,0.0,-28.458183377843994,3.604648863569512,-7.105427357601002e-15,38.86553400512555,0.0
593871,Jorge Polanco,H,303.6222603486498,-94.01397537367558,0.0,-45.695628198039984,-2.1316282072803006e-14,-2.842170943040401e-14,163.91265677693417,0.0
669326,Bryce Teodosio,H,147.14238639647448,-31.244894600038947,0.0,-26.303313094824183,7.105427357601002e-15,-1.4210854715202004e-14,89.59417870161134,0.0
694514,Sterlin Thompson,H,200.3179087255799,-95.41862123995097,0.0,-23.592378719232407,-7.105427357601002e-15,0.0,81.30690876639653,0.0
669899,Ryan Ward,H,163.64425899262793,-92.87901883028894,0.0,-37.18913997546185,6.238814708247359,7.105427357601002e-15,39.814914895124495,0.0
703155,Lazaro Montes,H,189.13404437556082,-58.842137599243785,0.0,-23.43914152397103,-1.4210854715202004e-14,-1.4210854715202004e-14,106.85276525234598,0.0
650968,Yohel Pozo,H,166.44319236153487,-94.20309364797787,0.7359815903233857,-49.16271823813707,3.6342194650256627,1.4210854715202004e-14,27.447581530769,0.0
677595,Ronny Mauricio,H,203.07002413825114,-139.26123731342796,0.0,-18.38134463607934,20.310577424225507,-1.4210854715202004e-14,65.73801961296935,0.0
695257,Billy Cook,H,121.54481379852477,-21.594390378516522,0.0,-34.47909808079364,0.0,-2.842170943040401e-14,65.47132533921459,0.0
701305,Zach Dezenzo,H,156.38846465747778,-75.40578640877037,0.0,-32.192453482930006,1.4868392640607428,-7.105427357601002e-15,50.27706402983815,0.0
666624,Christopher Morel,H,346.99210811814976,-130.83936347496171,0.0,-26.67872867297325,-2.842170943040401e-14,2.842170943040401e-14,189.4740159702148,0.0
649966,Luis Urias,H,184.74280205477416,-108.52217389034918,0.0,-43.21561612639603,-1.7763568394002505e-15,-7.105427357601002e-15,33.005012038028944,0.0
596103,Austin Slater,H,124.04202285108231,-52.90118264948602,2.355106842216956,-48.046925326643176,2.249669788508355,-7.105427357601002e-15,27.69869150567842,0.0
687282,Gabriel Rincones Jr.,H,189.96304375977448,-84.76414562937704,0.0,-25.914605247126083,1.0658141036401503e-14,0.0,79.28429288327136,0.0
814430,Brett Callahan,H,194.70013566751024,-60.63152853677545,0.0,-22.993200618268332,-1.4210854715202004e-14,-1.4210854715202004e-14,111.07540651246643,0.0
815873,Sean Keys,H,218.9418217551741,-74.39355910743751,0.0,-26.190275449669116,-1.4210854715202004e-14,-1.4210854715202004e-14,118.35798719806743,0.0
807726,John Peck,H,194.70013566751024,-32.47547416287344,0.0,-30.6005545810321,7.105427357601002e-15,0.0,131.6241069236047,0.0
518595,Travis d'Arnaud,H,123.8982073237384,-76.8501848350569,0.0,-40.86548212708804,1.1345597629115942,-6.217248937900877e-15,7.317100124505054,0.0
672016,Denzel Clarke,H,185.97522696420887,-96.60725419576664,0.0,-18.960217651201745,6.935731150761653,-1.4210854715202004e-14,77.34348626800212,0.0
672284,Jarred Kelenic,H,274.1965024780939,-139.40079183211196,0.0,-40.401998823378854,7.105427357601002e-15,-2.842170943040401e-14,94.39371182260308,0.0
665861,Sebastian Rivero,H,129.5777795980371,-44.94902102642587,0.0,-44.81584954528971,-3.552713678800501e-15,1.4210854715202004e-14,39.812909026321535,0.0
669289,Santiago Espinal,H,215.17088399365164,-133.07292278036334,0.0,-34.75529454650512,1.7763568394002505e-15,0.0,47.342666666783174,0.0
663853,Romy Gonzalez,H,232.93251377909095,-152.9862573936192,0.0,-49.15578692981758,-5.329070518200751e-15,-7.105427357601002e-15,30.79046945565414,0.0
806956,Ethan Salas,H,188.81816644749202,-56.495592653183934,0.0,-19.66161245389503,-2.1316282072803006e-14,-1.4210854715202004e-14,112.66096134041301,0.0
457705,Andrew McCutchen,H,175.15829314116021,15.592956584334559,0.0,-137.62429036182198,-0.3043455914390094,1.4210854715202004e-14,52.822613772233794,0.0
703197,Michael Arroyo,H,181.27191893530414,-41.73839626755034,0.0,-21.253916089370094,-7.105427357601002e-15,2.842170943040401e-14,118.27960657838372,0.0
665561,Rafael Marchan,H,149.6462816970091,-49.5615243307396,0.0,-28.439631118707467,-1.7763568394002505e-14,0.0,71.64512624756202,0.0
682988,Tyler Locklear,H,157.28164129792464,-52.508975078426914,0.0,-30.771944511779587,7.105427357601002e-15,0.0,74.00072170771814,0.0
663611,Nick Madrigal,H,170.7807602570085,-123.39689030987978,0.0,-35.85222743870821,-1.5543122344752192e-15,3.552713678800501e-15,11.531642508420507,0.0
800543,Josue De Paula,H,182.13238690493375,-31.396364271144108,0.0,-24.039633078704952,0.0,0.0,126.69638955508469,0.0
663697,Jonathan India,H,396.5926884464113,-143.27972583635443,0.0,-27.981091144049543,-1.4210854715202004e-14,0.0,225.33187146600727,0.0
642851,Austin Wynns,H,68.36967243967942,-6.993002236249588,0.0,-50.763269856116175,-3.9968028886505635e-15,-1.7763568394002505e-15,10.613400347313648,0.0
805904,Zach Cole Jr.,H,145.578698527843,-45.941499816568296,0.0,-22.426199797925058,3.552713678800501e-15,0.0,77.21099891334964,0.0
606115,Orlando Arcia,H,252.2058577661084,-108.08719815153333,0.0,-77.84982541219733,-1.2434497875801753e-14,-1.4210854715202004e-14,66.26883420237773,0.0
596117,Garrett Stubbs,H,93.20451622234006,-28.37539481750406,0.0,-35.60141456121572,-1.7763568394002505e-15,-7.105427357601002e-15,29.227706843620275,0.0
801126,Brock Rodden,H,170.8291601827633,-72.57557382397432,0.0,-34.53927720489984,0.9034766865449644,0.0,64.61778584043411,0.0
676572,Eric Wagaman,H,247.0410445191593,-102.75690487280139,0.0,-39.09992297564034,-1.4210854715202004e-14,2.842170943040401e-14,105.18421667071757,0.0
699115,Carlos Jorge,H,203.2150148403658,-67.2336953634651,0.0,-20.69749388542236,7.105427357601002e-15,0.0,115.28382559147835,0.0
681987,Nate Eaton,H,127.18922729937664,-51.99313916881718,0.07059717845752175,-51.652479940123,3.8097794188780094,7.105427357601002e-15,27.423984787771992,0.0
669369,Bryce Johnson,H,117.69273372375017,-55.587555709587946,0.0,-23.670595233050577,-5.329070518200751e-15,-1.4210854715202004e-14,38.43458278111163,0.0
640459,Brian Navarreto,H,113.37553173012152,-41.6071091603994,0.0,-38.3787426302021,-1.7763568394002505e-15,-1.4210854715202004e-14,33.38967993952001,0.0
681047,Christian Franklin,H,161.63972949706982,-82.38687652240773,0.0,-28.459965113047737,0.961108645190464,7.105427357601002e-15,51.75399650680482,0.0
676551,Brewer Hicklen,H,95.87445666197638,-33.86579600041478,0.0,-35.91164119332895,-1.7763568394002505e-15,7.105427357601002e-15,26.097019468232652,0.0
669398,Gage Workman,H,123.43469170558657,-40.057616817083044,0.0,-19.74508238063749,-3.552713678800501e-15,1.4210854715202004e-14,63.631992507866045,0.0
691907,Tsung-Che Cheng,H,133.92064297934985,-9.637924960235381,0.0,-24.05248373507446,7.105427357601002e-15,-1.4210854715202004e-14,100.23023428404001,0.0
678577,Junior Perez,H,164.81271353662325,-90.50492632453974,0.0,-11.989024271241512,-3.552713678800501e-15,0.0,62.31876294084199,0.0
678009,Parker Meadows,H,225.95161854857648,-94.74906217462782,0.0,-22.17574550760513,-2.1316282072803006e-14,-2.842170943040401e-14,109.02681086634348,0.0
691181,Emmanuel Rodriguez,H,201.36480226215306,-41.606724392167536,0.0,-25.599365424448933,-2.1316282072803006e-14,-2.842170943040401e-14,134.15871244553654,0.0
670224,Kameron Misner,H,159.04134991068,-79.81753970915449,0.0,-30.091436188136683,-7.105427357601002e-15,7.105427357601002e-15,49.13237401338882,0.0
571912,Luke Maile,H,73.57020533316415,-26.261307458838388,0.6828695362221113,-38.38416968602857,1.531201375161258,1.7763568394002505e-15,11.138799099680563,0.0
669384,Raynel Delgado,H,154.83233796032613,-73.56710654523889,0.0,-20.51723366036675,-1.0658141036401503e-14,-7.105427357601002e-15,60.74799775472048,0.0
687605,Andrew Pinckney,H,159.20320464801856,-80.09440972421685,0.0,-17.49666732916642,-7.105427357601002e-15,0.0,61.61212759463528,0.0
694410,LuJames Groover,H,174.42428709332358,-15.661510383777113,0.0,-25.9990928297249,-2.1316282072803006e-14,-2.842170943040401e-14,132.7636838798215,0.0
656582,Connor Joe,H,148.18435509608244,-72.40630890827812,0.0,-40.265796913339436,-8.881784197001252e-16,0.0,35.51224927446488,0.0
677956,Rece Hinds,H,125.97286984613987,-28.488893763764324,0.0,-26.993470724041558,-1.0658141036401503e-14,-1.4210854715202004e-14,70.49050535833396,0.0
682729,Jonatan Clase,H,167.2564807355691,-37.61084427407806,0.0,-32.8222479020433,-1.7763568394002505e-14,0.0,96.82338855944774,0.0
703492,Nick Morabito,H,199.51458968394033,-76.2057086730174,0.0,-17.567917229468392,-1.4210854715202004e-14,0.0,105.74096378145452,0.0
644433,Chadwick Tromp,H,78.59312514769309,-19.395538993269312,0.0,-27.003610774613687,1.7763568394002505e-15,-7.105427357601002e-15,32.193975379810084,0.0
672012,Tyler Black,H,113.99575133906151,-27.42596255411388,0.0,-21.631816438873123,0.0,-1.4210854715202004e-14,64.93797234607449,0.0
683021,Michael Stefanic,H,114.97538947924242,-55.68539484608773,0.0,-32.6962814070826,-6.217248937900877e-15,3.552713678800501e-15,26.593713226072087,0.0
682634,Kevin Alcantara,H,112.21944289877827,8.983548666087088,0.0,-19.29777178870195,-2.1316282072803006e-14,-2.842170943040401e-14,101.90521977616336,0.0
695238,Will Wagner,H,131.5762912807325,-65.24353895747748,0.0,-24.400823090504723,-7.105427357601002e-15,-7.105427357601002e-15,41.931929232750285,0.0
664059,Sam Haggerty,H,127.2574856684903,-61.7478394041279,0.0,-32.89285431862616,5.329070518200751e-15,7.105427357601002e-15,32.616791945736246,0.0
700246,Carson Williams,H,165.79278504147337,-28.26165809806335,0.0,-22.485249933441082,7.105427357601002e-15,2.842170943040401e-14,115.04587700996896,0.0
671655,George Valera,H,147.04417299964192,-48.65250705255272,0.0,-21.501405950083083,-7.105427357601002e-15,0.0,76.8902599970061,0.0
650391,Eloy Jimenez,H,235.81234514135642,-146.95279286550505,0.0,-63.49477431651862,1.5189254696341683,-2.842170943040401e-14,26.883703428966896,0.0
670097,Zack Short,H,119.66088964982065,-37.144395198708864,0.0,-48.38779109836628,0.1805782946772525,-1.4210854715202004e-14,34.309281647422736,0.0
621550,Patrick Wisdom,H,140.43259796359146,-86.28733648200642,0.0,-46.4666367541397,0.753325091328574,-1.2434497875801753e-14,8.431949818773903,0.0
691373,Jhostynxon Garcia,H,133.67806176484373,1.8878274504988042,0.0,-17.428171095586208,-2.1316282072803006e-14,0.0,118.1377181197563,0.0
695391,Brett Harris,H,123.81859277933886,-54.437200418161765,0.0,-29.94725236471358,-1.4210854715202004e-14,-1.4210854715202004e-14,39.434139996463486,0.0
695020,Tanner Murray,H,141.574342286527,-59.237506916580685,0.0,-21.629311814569242,3.552713678800501e-15,-2.1316282072803006e-14,60.70752355537707,0.0
691858,Jared Serna,H,175.80172529538132,-62.38487884725038,0.0,-15.423762837804823,-7.105427357601002e-15,1.4210854715202004e-14,97.99308361032612,0.0
815589,Bo Davidson,H,160.15874710457186,-24.870563233114325,0.0,-32.03608573706353,-1.0658141036401503e-14,-1.4210854715202004e-14,103.25209813439398,0.0
624512,Reese McGuire,H,155.7977102693753,-91.31034619653829,0.0,-22.300855544154118,0.0,0.0,42.18650852868289,0.0
807747,Rikuu Nishida,H,162.14922611705725,-84.4719122927301,0.0,-13.614854941993357,-1.0658141036401503e-14,1.4210854715202004e-14,64.0624588823338,0.0
663662,Daz Cameron,H,133.54492849574513,-85.87887526990559,0.0,-29.17653262835144,1.2007605004379385,-7.105427357601002e-15,19.690281097926025,0.0
680737,Michael Helman,H,123.07441390536663,-52.36423712910886,0.0,-33.54474458685595,-7.105427357601002e-15,0.0,37.16543218940181,0.0
814154,Scott Bandura,H,162.14922611705725,-63.274765935705375,0.0,-17.537946972599514,-7.105427357601002e-15,-1.4210854715202004e-14,81.33651320875235,0.0
640492,Jose Azocar,H,109.34168919649616,-65.98033723700397,0.0,-28.799992572496997,8.881784197001252e-16,0.0,14.561359386995207,0.0
805346,Ben Ross,H,152.79233734675606,-82.3265541839111,0.0,-17.009819698450254,0.0,0.0,53.4559634643947,0.0
692216,CJ Kayfus,H,188.85464017185825,-26.503140314897678,0.0,-24.70059013545945,7.105427357601002e-15,0.0,137.65090972150114,0.0
502054,Tommy Pham,H,177.40162896614544,-57.26631178633734,0.0,-89.66381352320592,4.284359279929355,-1.4210854715202004e-14,34.75586293653153,0.0
671083,Buddy Kennedy,H,83.6314078876121,2.283447051042458,0.0,-45.51601094632758,-5.329070518200751e-15,0.0,40.39884399232697,0.0
656413,Stuart Fairchild,H,174.71858228998755,-99.87887835844616,0.0,-35.876022452349225,-1.7763568394002505e-15,7.105427357601002e-15,38.96368147919217,0.0
700652,Kenny Piper,H,135.50437157882283,-86.81567633505091,0.0,-23.480366786242126,0.0,3.552713678800501e-15,25.20832845752979,0.0
664731,P.J. Higgins,H,113.00871422790622,-66.95610809813974,0.0,-32.702926213875045,0.0,-8.881784197001252e-15,13.349679915891434,0.0
691277,Deyvison De Los Santos,H,167.8341534279957,-44.69001472920712,0.0,-17.750492272967257,-1.4210854715202004e-14,-1.4210854715202004e-14,105.39364642582127,0.0
605244,Aramis Garcia,H,70.75237957813266,-34.66897753294035,2.476808926735025,-31.107642597655417,1.4606830020780903,0.0,8.913251376350004,0.0
669087,Sam Huff,H,85.39788584884307,-12.15415886130684,0.0,-32.123615385083525,-1.7763568394002505e-15,-2.1316282072803006e-14,41.12011160245269,0.0
666163,Ben Rortvedt,H,161.20832972536553,-77.59203052137373,0.0,-34.69941505225153,-1.5987211554602254e-14,-7.105427357601002e-15,48.91688415174024,0.0
670156,Miles Mastrobuoni,H,127.39232440479213,-51.85819164091244,0.0,-31.78520574934408,0.0,1.4210854715202004e-14,43.748927014535624,0.0
666464,Jerar Encarnacion,H,130.62849294357628,-80.21880988943747,1.8690759130592707,-33.17251848054778,4.06636401444042,0.0,23.172604501090717,0.0
801501,Nate Furman,H,153.24338323919952,-67.61527071683886,0.0,-13.673744892558958,-1.4210854715202004e-14,0.0,71.95436762980168,0.0
641820,Trey Mancini,H,120.71828305531169,-67.56145697401233,0.0,-44.96602047828726,1.5543122344752192e-15,0.0,8.190805603012095,0.0
681909,Justin Dean,H,99.99776113956386,-54.034349473821,0.0,-29.50666703918942,-1.7763568394002505e-15,-1.0658141036401503e-14,16.456744626553434,0.0
665828,Oswaldo Cabrera,H,227.20552999509596,-117.62949359570213,0.0,-38.61592750143357,3.552713678800501e-15,-2.842170943040401e-14,70.96010889796023,0.0
642133,Rowdy Tellez,H,255.73898823968636,-142.7442081132558,0.0,-54.249808517267404,-1.0658141036401503e-14,7.105427357601002e-15,58.74497160916315,0.0
663584,Hayden Senger,H,107.91066206091081,-56.39883238778741,0.0,-36.436413810266224,0.6054335362920262,-7.105427357601002e-15,15.680849399149203,0.0
506702,Sandy Leon,H,51.72212607032247,-5.138345069200334,1.0237624627598934,-39.69651358200197,1.8132715087869433,-7.105427357601002e-15,9.724301390666994,0.0
571657,Kyle Farmer,H,115.43749293150505,-54.11572236922662,0.0,-50.82148391521673,-2.6645352591003757e-15,-3.552713678800501e-15,10.500286647061696,0.0
663624,Ryan Mountcastle,H,311.90851153512847,-139.0499235765911,0.0,-89.79664778751572,-2.842170943040401e-14,-1.4210854715202004e-14,83.06194017102159,0.0
669911,Michael Toglia,H,242.85901365457028,-88.70854274292788,0.0,-44.78638401279426,1.4210854715202004e-14,-1.4210854715202004e-14,109.36408689884813,0.0
677008,Heston Kjerstad,H,148.20864370232235,-69.65342013524341,0.0,-29.390430731785592,-3.552713678800501e-15,0.0,49.16479283529334,0.0
677943,Will Banfield,H,112.34164065678347,-48.88600017051034,0.0,-21.945097216374442,-7.105427357601002e-15,0.0,41.510543269898676,0.0
608841,Joey Meneses,H,164.01086926807398,-66.83172293835007,0.18704358877438837,-89.05931518330121,0.8398199063979767,-1.4210854715202004e-14,9.146694641595062,0.0
693409,Cesar Prieto,H,108.99618725617687,-29.94215688626427,0.0,-25.768177354294608,-3.552713678800501e-15,0.0,53.28585301561799,0.0
672569,Gustavo Campero,H,113.40000503340924,-58.3170693647672,0.0,-33.012745845451796,-8.881784197001252e-16,0.0,22.070189823190248,0.0
680716,Jonathan Ornelas,H,91.18028784839024,-31.790653872829125,0.0,-18.005003103914778,-7.105427357601002e-15,-7.105427357601002e-15,41.384630871646316,0.0
682641,Luis Matos,H,233.5809237379162,-60.28140961366887,0.0,-27.36688969557852,-3.552713678800501e-14,-5.684341886080802e-14,145.93262442866873,0.0
690022,Ryan Ritter,H,181.6986721652771,-38.76182997289342,0.0,-27.488992089276124,0.0,-2.842170943040401e-14,115.44785010310751,0.0
676566,Shawn Ross,H,131.84711716477122,-70.73235058575227,0.0,-31.0934090453785,7.105427357601002e-15,-7.105427357601002e-15,30.021357533640447,0.0
600869,Jeimer Candelario,H,248.81173016690795,-125.18900919669714,0.0,-68.2185076483276,-5.329070518200751e-15,7.105427357601002e-15,55.4042133218832,0.0
628451,Andy Ibanez,H,184.22741967705463,-138.1874745618996,0.0,-35.573164826659394,0.6338095038637444,-7.105427357601002e-15,11.10058979235938,0.0
805672,Collin Price,H,134.25335633268784,-65.86493049542932,0.0,-24.91818236463412,-7.105427357601002e-15,7.105427357601002e-15,43.4702434726244,0.0
669717,Will Wilson,H,126.12652767997497,-78.54332856214444,2.949951439080089,-34.71245516474978,2.6515587936036495,0.0,18.4722541857645,0.0
467793,Carlos Santana,H,118.09949791850639,45.15443607860797,1.0255591237318489,-138.7442744444956,5.898436154061424,2.1316282072803006e-14,31.433654830412046,0.0
605353,Vimael Machin,H,85.88493478260871,-46.03113682734106,0.0,-33.971240687123796,1.1389164696277438,0.0,7.0214737377716006,0.0
642020,Chuckie Robinson,H,81.9631821345694,-33.016365193093,0.0,-29.260878880999268,1.3155310192680854,0.0,21.001469079745206,0.0
671286,Johnathan Rodriguez,H,121.02854781316279,-54.75857410365535,0.0,-26.986126493136805,3.552713678800501e-15,-7.105427357601002e-15,39.28384721637064,0.0
694876,Cooper Ingle,H,151.0290772000313,-24.52577852437716,0.0,-29.735360064991752,0.0,-1.4210854715202004e-14,96.76793861066238,0.0
675659,Greg Jones,H,88.22626197244765,-46.20430464498572,0.0,-26.97074723435305,-3.552713678800501e-15,-3.552713678800501e-15,15.051210093108875,0.0
694224,Gabriel Gonzalez,H,162.7018222806688,-64.51871299711306,0.0,-24.663041735382578,-1.4210854715202004e-14,0.0,73.52006754817316,0.0
680718,Addison Barger,H,303.5354421951365,-89.90430840806488,0.0,-18.637852816143308,-1.4210854715202004e-14,-5.684341886080802e-14,194.99328097092825,0.0
663967,Cesar Salazar,H,83.10416545891432,-32.288647540783735,0.0,-26.01685720900155,-3.552713678800501e-15,-7.105427357601002e-15,24.79866070912903,0.0
669288,Daniel Johnson,H,92.79107535191812,-49.754895620932274,0.0,-22.547683263504695,0.0,0.0,20.488496467481156,0.0
671155,Ivan Johnson,H,131.79453574699718,-75.79625199646117,0.0,-26.428395297108,3.552713678800501e-15,0.0,29.56988845342802,0.0
690291,Jace Jung,H,121.76213831162222,-55.85379743809129,0.0,-25.867308381741417,0.0,-1.4210854715202004e-14,40.04103249178951,0.0
682515,Logan Porter,H,84.10141300059182,-41.7264543718195,0.0,-28.253809320386296,-8.881784197001252e-16,-3.552713678800501e-15,14.12114930838602,0.0
677060,Chad Stevens,H,109.60812093628088,-30.50773505417594,0.0,-21.178953939408153,0.0,-7.105427357601002e-15,57.921431942696785,0.0
667452,Corey Julks,H,165.33837136685628,-116.4021088097053,0.6309734846227161,-38.051121483265945,1.3490405425436847,-8.881784197001252e-15,12.865155101051434,0.0
686554,Oliver Dunn,H,111.97172334759829,-66.95964675711679,0.0,-33.07965861298785,1.2165733835569152,-1.7763568394002505e-15,13.14899136105056,0.0
805249,Otto Kemp,H,178.97977377486208,-78.19110251658103,0.0,-15.677486107752365,1.0658141036401503e-14,1.4210854715202004e-14,85.11118515052871,0.0
660644,Vidal Brujan,H,142.11541669636685,-68.78920274317963,0.0,-43.8842212334129,-5.329070518200751e-15,-1.4210854715202004e-14,29.441992719774305,0.0
683090,Matthew Lugo,H,144.66201408506745,-73.1176084229163,0.0,-21.298400228692753,-3.552713678800501e-15,1.4210854715202004e-14,50.24600543345841,0.0
664238,Dylan Moore,H,191.44441878841087,-107.80535156837422,0.1476852317995277,-70.84817167534487,1.3190181428551315,-5.329070518200751e-15,14.25759891934643,0.0
678760,Eddys Leonard,H,144.28303425774877,-68.50902526138326,0.0,-26.897799211599448,-8.881784197001252e-15,0.0,48.87620978476605,0.0
686823,Will Brennan,H,201.42831131769918,-109.68609770851756,0.0,-55.30475489596676,2.6645352591003757e-15,0.0,36.43745871321485,0.0
665856,Jair Camargo,H,105.61188927091598,-64.08857507642246,0.0,-26.34667821842622,3.6118050146579375,0.0,18.788440990725235,0.0
701649,James Triantos,H,165.28565698700467,-77.4395164096293,0.0,-25.037483215213925,-7.105427357601002e-15,0.0,62.808657362161426,0.0
680577,DaShawn Keirsey,H,103.43918941016466,-58.43175287311067,0.0,-29.498380687726403,-1.3322676295501878e-15,-3.552713678800501e-15,15.509055849327577,0.0
623205,Andrew Velazquez,H,103.51069358782497,-49.99510315718703,0.0,-34.807245999871,-1.7763568394002505e-15,0.0,18.708344430766942,0.0
678225,Ji-Hwan Bae,H,156.7270547861414,-70.90580259661463,0.0,-31.755622785554806,-1.0658141036401503e-14,7.105427357601002e-15,54.06562940397195,0.0
664068,Scott Kingery,H,89.30899634454505,-59.7126342264696,0.0,-22.62235799895987,-4.440892098500626e-16,1.7763568394002505e-15,6.974004119115579,0.0
666931,Jared Oliva,H,121.04848022171186,-79.45913887913693,0.0,-27.292910242126865,-8.881784197001252e-16,-7.105427357601002e-15,14.296431100448054,0.0
683079,Omar Martinez,H,138.36788591891545,-86.12037411674217,0.0,-19.88223420392257,0.0,0.0,32.365277598250714,0.0
669208,Ryan Bliss,H,115.59798321698047,-51.70542131176525,0.0,-31.248629982899917,-3.552713678800501e-15,-7.105427357601002e-15,32.643931922315296,0.0
669256,Nick Solak,H,93.17702607721715,-43.42839806893048,0.0,-36.52270418038633,-2.6645352591003757e-15,-8.881784197001252e-15,13.225923827900337,0.0
663609,Luken Baker,H,98.46705604241768,-60.37372453711726,0.7577129392642444,-25.93905905196289,1.9733240437175987,-1.7763568394002505e-15,14.885309436319373,0.0
665506,Cristian Pache,H,144.58433029908974,-102.1893550095063,0.0,-28.02633506148515,1.7763568394002505e-15,7.105427357601002e-15,14.368640228098293,0.0
681230,BJ Murray Jr.,H,132.78342907357083,-70.05703290959607,0.0,-22.21484646582136,-7.105427357601002e-15,-7.105427357601002e-15,40.51154969815338,0.0
676480,Jose Barrero,H,116.50079990848026,-81.4529912479347,0.03660428767260249,-27.607582354763412,1.057200289805148,0.0,8.534030883259888,0.0
681146,Jonah Bride,H,136.11622810364867,-76.95549855252088,0.5452903702763899,-43.48164801319616,1.4636998289830905,3.552713678800501e-15,17.688071737191112,0.0
672642,Steward Berroa,H,93.27900135057725,-38.915676208506895,0.0,-25.973862438286613,-7.105427357601002e-15,0.0,28.389462703783735,0.0
693459,Kyler Fedko,H,127.33619960988295,-58.27973815499428,0.0,-22.667522948134422,-1.0658141036401503e-14,-7.105427357601002e-15,46.388938506754236,0.0
677347,Kyren Paris,H,143.13709306269405,-21.636622463915472,0.0,-40.408064042167666,0.0,0.0,81.09240655661091,0.0
666185,Dylan Carlson,H,207.887755340888,-145.62572924984835,0.0,-43.6297809493644,1.3455919351354995,-1.0658141036401503e-14,19.977837076810733,0.0
676679,Luis Vazquez,H,123.2646669536139,-94.29234390058147,0.0,-18.779027885809768,3.6235289441207956,-3.552713678800501e-15,13.816824111343447,0.0
691620,Jeferson Quero,H,142.78504488404954,-61.2818826874434,0.0,-32.94472255331067,3.552713678800501e-15,7.105427357601002e-15,48.55843964329548,0.0
657675,Rudy Martin,H,118.30775991480517,-71.55546820789968,0.0,-32.97209249045571,1.2289089870195833,1.0658141036401503e-14,15.009108203469378,0.0
687394,Jack Brannigan,H,136.76516909359984,-88.90519845276836,0.0,-22.162575044194558,-4.440892098500626e-15,0.0,25.69739559663691,0.0
669360,Trei Cruz,H,120.426932405807,-70.82501762667943,0.0,-33.92260261959593,2.7198509424013997,7.105427357601002e-15,18.39916310193305,0.0
668974,Maverick Handley,H,94.45221775781928,-42.41663795375667,0.0,-35.20508596889,2.5696124766799686,-1.0658141036401503e-14,19.40010631185257,0.0
675448,Blake Hunt,H,120.61761398753453,-71.6597591987834,0.0,-30.144901154431217,4.22232427967268,-7.105427357601002e-15,23.03527791399258,0.0
680911,Owen Miller,H,147.6831624330458,-112.98590503073609,0.0,-31.89380619335859,0.6056051839029617,1.0658141036401503e-14,3.4090563928540796,0.0
693306,Aaron Sabato,H,122.71328681743378,-64.48679803493721,0.0,-29.700453411706224,-1.0658141036401503e-14,0.0,28.52603537079034,0.0
672279,Michael Siani,H,151.07472578207026,-63.27582411175895,0.0,-40.8007307833064,-7.105427357601002e-15,-7.105427357601002e-15,46.998170887004896,0.0
673995,Davis Wendzel,H,93.32983876555186,-46.835128490700036,0.0,-32.714844676771335,0.0035308055367746505,-5.329070518200751e-15,13.783396403617255,0.0
663897,Luke Williams,H,87.3260279856919,-49.94296370638538,0.0,-27.3732095860592,1.9554887780909143,-3.552713678800501e-15,11.965343471338226,0.0
691185,Maximo Acosta,H,213.39118402053586,-158.1667036383111,0.0,-26.543467466468346,9.562703338082603,0.0,38.24371625383901,0.0
656180,Riley Adams,H,192.75934145177183,-125.4127931521979,0.0,-59.468734471491835,0.791836169630772,-7.105427357601002e-15,8.66964999771286,0.0
642727,Sergio Alcantara,H,116.64494420574084,-82.92543158316265,0.0,-28.886734113559285,1.9137153563773717,2.6645352591003757e-15,6.746493865396277,0.0
680769,CJ Alexander,H,100.57346498335141,-62.99614296303151,0.0,-30.995004500919975,2.051096206708834,3.552713678800501e-15,8.63341372610876,0.0
595751,Jorge Alfaro,H,101.89836989356598,-71.59164586434267,0.0,-28.072574784635265,1.0346854936504708,-6.217248937900877e-15,3.2688347382385183,0.0
656185,Greg Allen,H,87.1493317523503,-59.2516925331914,0.0,-26.144498116797326,0.9149251455110088,-5.329070518200751e-15,2.6680662478725825,0.0
669137,Armando Alvarez,H,122.60401691159034,-95.08454383140432,0.0,-25.131699882312503,1.387411341582724,-4.440892098500626e-15,3.7751845394562293,0.0
805373,Nacho Alvarez,H,218.5063884905572,-107.22509443782128,0.0,-48.11824295701253,11.060590017661308,1.4210854715202004e-14,74.22364111338472,0.0
676070,Jacob Amaya,H,110.27748233934716,-81.14249631311314,0.0,-23.169186458428374,1.7323627643331003,-1.2434497875801753e-14,7.698162332138738,0.0
641313,Tim Anderson,H,179.0118286222394,-108.75112777399808,0.0,-66.04770479256854,0.6867063214502416,-9.769962616701378e-15,4.899702377123011,0.0
682183,Drew Avans,H,126.04818346992724,-88.00993096625439,0.0,-31.48584805372279,2.009273656954413,-1.5987211554602254e-14,8.561678106904465,0.0
668731,Akil Baddoo,H,155.05121905434416,-118.75107968597843,0.0,-32.0501392967636,1.1913056074823534,-3.552713678800501e-15,5.441305679084476,0.0
671117,Darren Baker,H,138.64076633165828,-100.64412417238569,0.0,-28.901290604662016,2.8300781188268576,0.0,11.925429673437435,0.0
681460,Brooks Baldwin,H,287.1179516688093,-178.72505375219055,0.0,-41.94654290705922,-7.105427357601002e-15,-4.263256414560601e-14,66.44635500955953,0.0
675915,David Banuelos,H,94.1492239828584,-62.11402330068271,0.0,-28.152726101049346,1.5051343127951906,-7.105427357601002e-15,5.387608893921531,0.0
605131,Austin Barnes,H,82.53325642883473,-53.812728387128686,0.0,-27.3121349645314,0.3210527603709481,1.9984014443252818e-15,1.7294458375455994,0.0
571466,Tucker Barnhart,H,63.79681497458887,-38.08959162203234,0.0,-24.241976019395487,0.3633159942549796,-3.1086244689504383e-15,1.8285633274160245,0.0
676946,Matthew Batten,H,126.24711777470901,-89.50577162792837,0.0,-31.86944438223088,1.434834959114717,-6.217248937900877e-15,6.306736723664465,0.0
682653,Warming Bernabel,H,275.1805518259936,-211.3104458740546,0.0,-25.051558557866258,12.679572481059882,-2.842170943040401e-14,51.49811987513257,0.0
542932,Jon Berti,H,124.1795000507957,-84.42098997137663,0.0,-37.66857313819758,0.3759218310828113,-8.43769498715119e-15,2.465858772304293,0.0
542194,Christian Bethancourt,H,180.2236470225239,-150.79659524971677,0.0,-28.240857374403586,0.31136943279507434,-2.220446049250313e-14,1.4975638311985966,0.0
624415,Cavan Biggio,H,182.94158404746912,-143.56029818952732,0.0,-34.54587267379395,0.857962397974652,-2.1316282072803006e-14,5.693375582122492,0.0
680118,Dairon Blanco,H,134.69710033126105,-106.99466041412963,0.0,-24.22448069746141,1.079466831187337,9.769962616701378e-15,4.557426050857354,0.0
623520,David Bote,H,128.91426630434782,-103.64095648021409,0.0,-23.784126496377517,0.8294250337092887,-3.552713678800501e-15,2.318608361465504,0.0
656248,Sean Bouchard,H,137.85198513885965,-110.76992227669442,0.0,-23.121300997843736,1.0845865318439174,-1.687538997430238e-14,5.045348396165406,0.0
542963,Rob Brantly,H,71.09178318631099,-50.833491826650636,0.0,-19.407230698733628,0.4770212966101738,6.661338147750939e-15,1.3280819575369018,0.0
670092,Trenton Brooks,H,93.99614304771461,-68.91699462568097,0.0,-20.373686016460983,2.067969783259345,-8.881784197001252e-16,6.773432188832003,0.0
664913,Seth Brown,H,162.70649513489082,-95.92910678390685,0.0,-63.06009920817492,0.6141236887859615,5.329070518200751e-15,4.331412831595008,0.0
592178,Kris Bryant,H,112.67240474354979,-72.15918931381933,0.0,-38.59874066699927,0.495510021605281,-9.325873406851315e-15,2.4099847843364635,0.0
663550,Trey Cabbage,H,128.73442406606424,-99.27225646279425,0.0,-26.55380879902647,1.070762442910786,-1.2434497875801753e-14,3.979121247154298,0.0
641432,Willie Calhoun,H,195.16948656926675,-147.51991387538894,0.0,-42.54415731643314,0.7687783196513809,-5.329070518200751e-15,5.874193697096041,0.0
692225,Kristian Campbell,H,337.41091601659315,-190.13023777614293,0.0,-50.9587001642374,6.930483520136255,0.0,103.25246159634906,0.0
672744,Alexander Canario,H,189.06258848513448,-132.459144172832,0.0,-39.40759059487619,2.406742212887539,-1.0658141036401503e-14,19.60259593031383,0.0
592192,Mark Canha,H,172.35062169794136,-75.77359288620809,0.0,-88.96091702689706,1.521737852791249,1.7763568394002505e-15,9.137849637627456,0.0
668843,Conner Capel,H,116.00798994938799,-76.88742712426753,0.0,-35.50697770156397,1.1636820906671943,-9.769962616701378e-15,4.7772672142236745,0.0
681962,Vinny Capra,H,98.42513127291564,-64.41460133506916,0.0,-30.33060545124397,1.1224512753750409,1.7763568394002505e-15,4.802375761977546,0.0
671213,Triston Casas,H,300.53207230150855,-211.17832681944668,0.0,-47.969145785998606,3.4123330696419223,2.842170943040401e-14,44.79693276570521,0.0
595909,Jake Cave,H,250.11101085671086,-175.837720329788,0.0,-71.48398571795005,0.324601529885878,-2.220446049250313e-14,3.1139063388586754,0.0
693049,Oscar Colas,H,159.48125388446826,-112.10380502893969,0.0,-40.03144345722501,1.413474368534714,7.105427357601002e-15,8.759479766838275,0.0
685744,Kenedy Corona,H,131.8244263296131,-99.5132709274976,0.0,-21.7180783037046,3.414109698219645,3.552713678800501e-15,14.007186796630538,0.0
688760,Blaine Crim,H,170.91835810190136,-126.88081813234633,0.0,-37.70947614926979,1.5657068910620047,3.552713678800501e-15,7.8937707113472335,0.0
666915,Bobby Dalbec,H,94.75481752629764,-65.29433764441333,0.0,-26.255986633198848,0.7232341939961294,5.773159728050814e-15,3.9277274426815922,0.0
669722,Logan Davidson,H,128.80568467309192,-91.99037243099767,0.0,-30.056635775420077,2.0982781470739424,3.552713678800501e-15,8.856954613748119,0.0
605204,J.D. Davis,H,193.47423949174325,-147.27773930622936,0.0,-42.95765994894633,0.5633306370834811,1.509903313490213e-14,3.802170873651037,0.0
665782,Luis De Los Santos,H,119.29388026646359,-90.03054067921269,0.0,-24.560908460344226,1.9916379201734564,-1.7763568394002505e-15,6.694069047080118,0.0
657557,Paul DeJong,H,290.16985006801787,-175.01213939598563,0.0,-99.03873504563938,2.961245394248506,-2.842170943040401e-14,19.080221020641346,0.0
641511,Jason Delay,H,142.5398732256049,-102.51236286561775,0.0,-36.449609418950175,0.8980697876584373,1.0658141036401503e-14,4.475970728695426,0.0
676113,Zach DeLoach,H,145.4513423846915,-107.7279970961099,0.0,-31.807310528097126,1.9456791440436954,-1.865174681370263e-14,7.86171390452814,0.0
687478,Cam Devanney,H,122.3579325566894,-91.12840667801325,0.0,-26.44041035890646,1.8541882582082887,-1.3322676295501878e-14,6.6433037779779776,0.0
672701,Jose Devers,H,131.8244263296131,-89.91405461058224,0.0,-33.39636399202264,2.661391229992786,-5.329070518200751e-15,11.175398957000988,0.0
649557,Aledmys Diaz,H,96.34533424856042,-57.58455410272473,0.0,-37.80760477622749,0.2571240777044289,-2.220446049250313e-15,1.2102994473126194,0.0
686482,Logan Driscoll,H,122.86080691894921,-93.10209452977253,0.0,-25.835304033038216,1.6524656153514043,-1.0658141036401503e-14,5.575873971489859,0.0
592273,Brandon Drury,H,224.47031169867853,-142.4364118261307,0.0,-75.52356772392545,0.8499485717163467,1.687538997430238e-14,7.360280720338738,0.0
594807,Adam Duvall,H,154.79296430419038,-89.02235627826113,0.0,-64.04756008244975,0.17216857100054345,-2.4424906541753444e-15,1.895216514480038,0.0
671284,Tim Elko,H,163.10732282184654,-123.09547594799403,0.0,-30.19767308993503,2.3557004035236804,-2.4868995751603507e-14,12.169874187441142,0.0
668752,Duke Ellis,H,131.0042263972383,-104.06519540514964,0.0,-23.9868252259947,1.5028841195946707,5.329070518200751e-15,4.455089885688656,0.0
663536,Tristin English,H,113.51987964328487,-72.87441234395934,0.0,-34.01414196930392,1.8762268758528298,-1.9539925233402755e-14,8.507552205874427,0.0
642731,Thairo Estrada,H,333.5413546407706,-234.96289248192173,0.0,-80.09520475752919,2.3834114641440767,-1.0658141036401503e-14,20.866668865463726,0.0
660758,Sandro Fabian,H,120.426932405807,-85.30088571198988,0.0,-31.014735753149985,1.596421509427689,-1.2434497875801753e-14,5.707732450094811,0.0
692585,Yanquiel Fernandez,H,249.90978958714092,-164.71526499594148,0.0,-34.22621267114695,12.90370280935156,0.0,63.87201472940404,0.0
680837,Ryan Fitzgerald,H,142.19793508057285,-112.51274614916272,0.0,-26.142909578639962,1.719289570407474,6.217248937900877e-15,5.261568923177641,0.0
666149,Tyler Fitzgerald,H,279.00557939434105,-226.8383134987356,0.0,-40.967421210667894,1.9941274755927925,2.4868995751603507e-14,13.193972160530361,0.0
666150,Dominic Fletcher,H,152.72373657891757,-107.06223389429672,0.0,-40.50984053110905,1.144785518011737,-3.552713678800501e-15,6.296447671523534,0.0
527038,Wilmer Flores,H,277.8375372827316,-137.8326910762663,0.0,-127.91784040108183,2.4607483842394364,0.0,14.547754189622935,0.0
664314,Estevan Florial,H,141.35598215405986,-105.04669251353177,0.0,-33.01511306718315,0.781696510576447,8.881784197001252e-16,4.075873083921381,0.0
608336,Joey Gallo,H,224.17226306507007,-174.396401892418,0.0,-47.72240741204858,0.34928141134895574,-3.1530333899354446e-14,2.402735171952426,0.0
592325,Ben Gamel,H,109.7413230904302,-82.32140055920192,0.0,-26.246187679008155,0.5147155969659998,4.884981308350689e-15,1.6884504491861256,0.0
656448,Stone Garrett,H,175.75687234140716,-126.65695535684733,0.0,-45.302393093803175,0.7347725759046804,8.881784197001252e-16,4.532296466661337,0.0
694355,Tyler Gentry,H,122.01472920746737,-86.90760120230611,0.0,-28.817115296206172,2.15865556257983,1.7763568394002505e-15,8.448668271534915,0.0
660757,Oscar Gonzalez,H,143.89774766494222,-104.62639113561139,0.0,-34.26337507194933,1.5230344971834766,8.881784197001252e-16,6.531015954564965,0.0
624503,Nick Gordon,H,193.92424135934755,-148.0693895395154,0.0,-42.78990402886987,0.5597555634732692,-8.881784197001252e-16,3.624703354435524,0.0
685301,Matt Gorski,H,145.9372177055104,-109.16609688535574,0.0,-30.892928302362506,1.9069811043503144,0.0,7.785173622142452,0.0
543257,Robbie Grossman,H,158.76509382401167,-106.7455596215409,0.0,-51.06464883428792,0.10426598216341088,1.7541523789077473e-14,1.0591513503462584,0.0
641645,Luis Guillorme,H,119.80065583196674,-85.23373670687046,0.0,-31.61786349570174,0.6161031642952529,-6.217248937900877e-15,3.5651587936897835,0.0
493329,Yuli Gurriel,H,52.33252164502165,-30.682847603199082,0.0,-21.072903079291393,0.22981755402778262,-2.55351295663786e-15,0.806588516558958,0.0
641658,Garrett Hampson,H,172.53802973223912,-129.20653635312829,0.0,-38.56463867846363,0.5906336782612256,-1.4210854715202004e-14,5.357488378908428,0.0
571745,Mitch Haniger,H,164.9897952307443,-72.2040882736616,0.0,-90.40905041843655,0.21364654237565125,3.1086244689504383e-15,2.5903030810218044,0.0
690987,Robert Hassell,H,275.8870493779199,-211.95394906099736,0.0,-28.46086284337691,5.9820810489041225,0.0,41.45431852244974,0.0
682073,David Hensley,H,116.09791039925248,-89.56114969084365,0.0,-23.906472191248753,0.9179002484613439,-6.217248937900877e-15,3.5481887656214264,0.0
645444,Jose Herrera,H,171.78556181313698,-117.2521187798553,0.0,-43.066926224131045,1.5697903850541133,-1.4210854715202004e-14,13.036307194204753,0.0
656541,Sam Hilliard,H,145.1190004469153,-112.2172198371118,0.0,-30.657588348425087,0.546970192704756,-1.7319479184152442e-14,2.7911624540831608,0.0
669374,Keston Hiura,H,108.06023453083696,-71.29302014868748,0.0,-33.354040626503455,1.47668901105119,0.0,4.88986276669722,0.0
669450,Cooper Hummel,H,97.23895179449964,-63.37306745684999,0.0,-29.44661186039494,1.240034238177718,-3.552713678800501e-15,5.659306715432432,0.0
674441,Jacob Hurtubise,H,121.37563923208786,-89.56329068550667,0.0,-27.289788948850134,1.597051420622938,5.329070518200751e-15,6.119611018353998,0.0
578428,Jose Iglesias,H,186.93198515570376,-100.2582985388635,0.0,-83.43554235119278,0.3845328760580179,-1.6431300764452317e-14,3.6226771417054926,0.0
666134,Nolan Jones,H,320.8032180661452,-192.80485837008882,0.0,-88.28263750134906,5.100751282030924,1.4210854715202004e-14,44.81647347673824,0.0
682119,Levi Jordan,H,114.61044874240125,-77.03312672208133,0.0,-31.896473203210878,2.0109151346997556,-1.687538997430238e-14,7.691763951808778,0.0
663731,Connor Kaiser,H,99.30747550163323,-71.88315384165428,0.0,-24.53232801972691,1.4898840235325337,-1.7763568394002505e-15,4.381877663784577,0.0
694359,Niko Kavadas,H,133.8622923276983,-91.39439170041871,0.0,-34.0670036123659,2.33335275401377,-8.881784197001252e-15,10.734249768927446,0.0
666197,Grae Kessinger,H,100.50502839006397,-67.99331991565771,0.0,-28.680929078365196,1.5265979642508853,-1.7763568394002505e-15,5.357377360291947,0.0
666198,Carter Kieboom,H,114.63823166660684,-72.82107909719582,0.0,-38.23266412756508,0.9896172883939585,-1.7763568394002505e-14,4.574105730239889,0.0
641779,Charles Leblanc,H,135.43726183297193,-94.16200678894086,0.0,-36.83755700580177,1.5389703439455449,1.1546319456101628e-14,5.976668382174847,0.0
686676,Korey Lee,H,188.58473320086023,-114.02326793740615,0.0,-55.59300631067009,2.406167484542481,-7.105427357601002e-15,21.374626437326462,0.0
518934,DJ LeMahieu,H,134.49959044662873,-85.14373458496091,0.0,-47.823611393446356,0.34363341235749956,-8.215650382226158e-15,1.8758778805789607,0.0
694175,Pedro Leon,H,131.45840713000305,-91.0605859306617,0.0,-32.7305292314081,2.2716505086025633,-1.7763568394002505e-15,9.938942476535813,0.0
702358,Trey Lipscomb,H,166.0770463861206,-111.33029445820122,0.0,-35.35371728599208,3.758007616952861,7.105427357601002e-15,23.15104225888016,0.0
605346,Jack Lopez,H,134.863292020741,-105.45945353402449,0.0,-26.39424135612821,1.5028628917833229,5.329070518200751e-15,4.512460022371618,0.0
682617,Marco Luciano,H,152.3229437488171,-118.70493040015093,0.0,-16.386399456847414,11.300990716081955,-3.552713678800501e-15,28.532604607900705,0.0
666158,Gavin Lux,H,458.4460265881399,-306.9384802190387,0.0,-91.07663295949374,14.800823161943622,-2.842170943040401e-14,75.23173657155107,0.0
680862,Willie MacIver,H,165.36979006859144,-121.16487467956557,0.0,-39.17699282231571,1.1785777151708323,-2.6645352591003757e-14,6.206500281880979,0.0
676632,Bligh Madris,H,132.54089629519882,-89.59361107760358,0.0,-38.76692597719877,1.2172167960688847,8.881784197001252e-16,5.397576036465353,0.0
455117,Martin Maldonado,H,117.5937787594331,-86.64364923494504,0.0,-29.773686607794534,0.43949297101224705,-3.1086244689504383e-15,1.615935887705771,0.0
669234,Justyn-Henry Malloy,H,225.10052405390192,-179.71135650130998,0.0,-24.059429213978813,2.3560835358474184,2.1316282072803006e-14,23.685821874460565,0.0
622534,Manuel Margot,H,215.36220329527043,-137.01972309844518,0.0,-71.45977430245235,0.6847523556953324,-1.2434497875801753e-14,7.567458250068215,0.0
687799,Cade Marlowe,H,128.04302424006005,-86.97853993080469,0.0,-36.72141743763931,1.3857933202693777,5.329070518200751e-15,5.7288601918854365,0.0
679881,J.P. Martinez,H,107.66858215259529,-63.63623383783425,0.0,-39.00832738099835,1.4426251702001371,-7.993605777301127e-15,6.466646103962822,0.0
682619,Orelvis Martinez,H,144.28214086985778,-101.29790210619362,0.0,-23.041966362601865,10.10373549596605,-7.105427357601002e-15,30.04600789702834,0.0
605361,Nick Martini,H,99.55807741264634,-64.28789017820947,0.0,-33.35586329554927,0.3881267194712037,4.440892098500626e-16,2.3024506583588082,0.0
665155,Nick Maton,H,139.1829666214669,-101.18398815941669,0.0,-33.40063002179849,0.8921811938419361,7.105427357601002e-15,5.490529634093669,0.0
668832,Kyle McCann,H,225.22594228566956,-177.71010640972173,0.0,-42.332227965916466,1.529567955507432,-1.2434497875801753e-14,6.713175865538789,0.0
676801,Chas McCormick,H,258.41390334015995,-202.82263382902448,0.0,-44.806887052151154,1.4686076179050946,3.552713678800501e-15,12.252990076889407,0.0
669200,Mason McCoy,H,96.40153160928092,-71.47885378879059,0.0,-21.640507785397,1.3502737663252995,1.4210854715202004e-14,4.6324438014186455,0.0
676812,Carson McCusker,H,118.69939249104931,-92.45504807957258,0.0,-21.32224580218624,1.9511965943688048,-7.105427357601002e-15,6.873295203659289,0.0
663630,Ryan McKenna,H,141.99707022025362,-104.61891780785345,0.0,-34.54185084928435,0.9435769975356327,-1.7763568394002505e-15,3.7798785606514382,0.0
641856,Billy McKinney,H,103.85652657269523,-65.07710868907007,0.0,-36.37872883955436,0.5365323931945387,-5.329070518200751e-15,2.9372214372653307,0.0
689200,Jacob Melton,H,175.0704358838526,-137.6568495848781,0.0,-22.716149017243573,5.1381679788396655,2.842170943040401e-14,19.835605260570617,0.0
670223,Matt Mervis,H,133.2533339558209,-94.48192398760621,0.0,-32.17751464118495,1.1515851036947884,-8.881784197001252e-15,7.745480430724518,0.0
669304,Jose Miranda,H,244.67147006917725,-150.93039281262753,0.0,-74.7997079270241,2.589242506688596,2.4868995751603507e-14,21.53061183621423,0.0
660707,Elehuris Montero,H,251.90428670220683,-185.68154842304222,0.0,-58.69153103631773,1.0144635659411305,-2.842170943040401e-14,8.545670808788003,0.0
663796,Coco Montes,H,103.48699436447828,-65.1965988453752,0.0,-33.68023180022867,1.6504511532989408,-3.552713678800501e-15,6.2606148721733454,0.0
608596,Tom Murphy,H,110.50120086393089,-85.62543333492826,0.0,-24.05726744618493,0.21982922862132023,-2.220446049250313e-15,1.038329311439012,0.0
553882,Omar Narvaez,H,72.59834509743887,-44.71615850318531,0.0,-26.449356045216238,0.3489751936391201,-8.881784197001252e-16,1.7818057426764389,0.0
663527,Tyler Nevin,H,214.45960930257112,-167.6126582135015,0.0,-41.5986501138124,0.9310785033351145,2.6645352591003757e-14,6.179379478592351,0.0
621028,Kevin Newman,H,204.89963842332492,-152.15405518699853,0.0,-47.997510735842646,0.732518786466956,-7.993605777301127e-15,5.48059128695069,0.0
621512,Tomas Nido,H,103.95544771135657,-73.38710431300923,0.0,-26.870867191226438,0.9390253709625189,-8.881784197001252e-15,4.636501578083417,0.0
676116,Ryan Noda,H,180.44607400034533,-137.325480702142,0.0,-37.9213179991771,1.1945768826092802,-7.993605777301127e-15,6.39385218163553,0.0
678877,Jhonkensy Noel,H,234.69248622857089,-171.28277591026205,0.0,-26.509874361342057,6.330226639883759,7.105427357601002e-15,43.23006259685054,0.0
624513,Dom Nunez,H,114.64687315052278,-76.79444053279899,0.0,-33.77963194166134,1.4028746657114854,-8.881784197001252e-15,5.475675341773927,0.0
658668,Edward Olivares,H,283.4942306162712,-228.6974684010895,0.0,-51.98471206845782,0.3537314348923811,2.3092638912203256e-14,3.1657815816162387,0.0
672359,Tirso Ornelas,H,131.24392030592986,-94.74134017750313,0.0,-21.238314861201196,4.080317929391763,1.0658141036401503e-14,19.344583196617304,0.0
542364,Rafael Ortega,H,99.13605924097502,-78.93596310263439,0.0,-19.44102987921703,0.409093305471655,-1.1546319456101628e-14,1.1681595645952454,0.0
641943,Joshua Palacios,H,156.7389357864743,-119.68765927493358,0.0,-32.5643900929132,0.7619710630025475,1.7763568394002505e-15,5.248857481630042,0.0
678894,Liover Peguero,H,184.91809352025004,-148.31166434143006,0.0,-21.48661818668024,6.334741952401103,2.1316282072803006e-14,21.454552944540858,0.0
650907,Rene Pinto,H,147.93283955588552,-119.94431485329122,0.0,-25.75042047833531,0.9312359179581582,4.440892098500626e-15,3.1693401422171563,0.0
595777,Jurickson Profar,H,412.3742980072464,-196.24306897902613,0.0,-162.42399053241525,10.285847119800964,2.842170943040401e-14,63.99308561560602,0.0
623912,Harold Ramirez,H,303.3442417100061,-229.74970936086117,0.0,-70.59503119754031,0.41129994864522523,2.6645352591003757e-15,3.410801100249844,0.0
682868,Bryan Ramos,H,167.86769172932333,-109.07704144291682,0.0,-25.143196866556977,12.419053254657802,1.4210854715202004e-14,46.06650667450734,0.0
656883,Jakson Reetz,H,124.03320362760158,-89.11772740330154,0.0,-31.197717726104287,1.4601490604117153,3.552713678800501e-15,5.177907558607462,0.0
621545,Zach Remillard,H,133.2636462413691,-93.4835827652658,0.0,-36.42698001244885,0.8626544430234298,5.329070518200751e-15,4.215737906677878,0.0
543685,Anthony Rendon,H,118.38923845479161,-58.414526560382775,0.0,-58.563986580821506,0.2139531977803024,-4.884981308350689e-15,1.624678511367629,0.0
592669,Hunter Renfroe,H,190.6654711200777,-103.00107214200374,0.0,-80.32654637400762,0.9794473818134146,-5.329070518200751e-15,8.317299985879766,0.0
622569,Pablo Reyes,H,116.78604866123568,-97.69726000607504,0.0,-17.79787896612891,0.41551966977824717,-2.6645352591003757e-15,1.7064293588099817,0.0
621458,Edwin Rios,H,91.78457905023593,-57.575843113913685,0.0,-31.954385573059223,0.9033001986127918,0.0,3.157650561875812,0.0
656896,Emmanuel Rivera,H,205.04223077626222,-136.43006958506913,0.0,-57.5297325920588,1.215818454699211,-1.7763568394002505e-14,12.298247053833489,0.0
683770,Will Robertson,H,145.4513423846915,-107.95537900110159,0.0,-31.89858448068584,1.6628807502916256,8.881784197001252e-15,7.260259653195684,0.0
663898,Brendan Rodgers,H,301.81164119772893,-181.51032188686486,0.0,-105.80508374937318,1.5680541858989285,2.1316282072803006e-14,16.06428974738983,0.0
679032,Johan Rojas,H,282.62073644041595,-178.2116903710774,0.0,-54.08449741231909,8.63041510364754,0.0,58.954963760667,0.0
676896,Chris Roller,H,119.71299500434131,-86.24319261874902,0.0,-29.76186314605033,1.5038995313549839,-8.881784197001252e-15,5.211838770896938,0.0
592696,Eddie Rosario,H,198.23912244163324,-132.17486019272081,0.0,-63.52554602873319,0.33435451793409,-3.9968028886505635e-15,2.8730707381133374,0.0
666703,Eguy Rosario,H,142.1801736753945,-111.38673282666,0.0,-25.365163439309217,2.198291865045301,5.329070518200751e-15,7.626569274470603,0.0
666165,Blake Sabol,H,164.24640144914133,-122.60706564233585,0.0,-36.151285495854374,1.7883288324326239,-1.2434497875801753e-14,7.276379143383723,0.0
593934,Miguel Sano,H,116.69040158125634,-79.00921937199737,0.0,-35.62766132558769,0.9873591813563787,1.3322676295501878e-15,3.0408800650276517,0.0
623993,Anthony Santander,H,439.1191556520023,-245.19409462063922,0.0,-143.37268283391364,6.070823882113309,-1.4210854715202004e-14,56.623202079562745,0.0
668845,Aaron Schunk,H,118.28064414597212,-93.06877135373628,0.0,-21.838453126055455,1.4706321962281315,-6.217248937900877e-15,4.844051862408514,0.0
669222,Nick Senzel,H,239.46895360874254,-183.47807977224173,0.0,-52.28286058113229,0.5424585260621834,2.6645352591003757e-15,4.250471781430693,0.0
676044,Bob Seymour,H,150.20724458800564,-114.30537396140363,0.0,-29.21622659379114,1.9889462398066766,8.881784197001252e-15,8.674590272617545,0.0
668853,Austin Shenton,H,151.4529550676084,-117.44722003459353,0.0,-29.348414599899968,1.8114076393773333,-6.217248937900877e-15,6.468728072492234,0.0
572138,Jon Singleton,H,156.74932119716138,-80.42343099083237,0.0,-73.16613846766943,0.46076492620280707,3.552713678800501e-15,3.6205166648623823,0.0
456781,Donovan Solano,H,160.34973674041157,-107.19571188420045,0.0,-51.30403313157767,0.40782715487876975,-1.1102230246251565e-14,2.2578188795122176,0.0
670869,Livan Soto,H,111.10036874908465,-79.27384183229073,0.0,-22.065871467555183,4.1512672517013,-7.105427357601002e-15,13.911922700940032,0.0
670276,Cal Stevenson,H,88.17402532250979,-60.25467913717398,0.0,-24.390230850936405,1.44802463421383,4.440892098500626e-15,4.977139968613234,0.0
621466,DJ Stewart,H,171.72940870695254,-135.39965353999634,0.0,-34.47445274801212,0.37593228272319756,-1.865174681370263e-14,2.2312347016672716,0.0
667690,C.J. Stubbs,H,113.70749847446068,-79.83530780620276,0.0,-29.77069886547747,1.5051343127951902,-5.329070518200751e-15,5.606626115575631,0.0
669261,Jack Suwinski,H,272.594663093199,-186.11348075948436,0.0,-57.728436966861864,4.087718204225764,7.105427357601002e-15,32.84046357107855,0.0
700242,Trey Sweeney,H,274.6386242426249,-169.41532576767736,0.0,-47.24161521982967,7.105427357601002e-15,1.4210854715202004e-14,57.981683255117915,0.0
643565,Mike Tauchman,H,262.6448549830299,-143.30560351999742,0.0,-108.57975602068991,1.6731260401818104,2.3092638912203256e-14,12.432621482524405,0.0
642136,Matt Thaiss,H,192.01364239494288,-144.8648434666334,0.0,-40.02250786442494,0.8755695309669348,-1.4210854715202004e-14,8.001860594851465,0.0
689041,Rhylan Thomas,H,136.37882109723887,-93.99759942140987,0.0,-24.418683208205767,4.19619543900573,3.552713678800501e-15,22.158733906628957,0.0
647351,Abraham Toro,H,252.5610009710799,-181.68620911206074,0.0,-59.71528689807141,1.0840720153966048,-1.7763568394002505e-14,12.243576976344325,0.0
676701,Alan Trejo,H,123.3756995297535,-94.81691924977176,0.0,-22.28273574941521,1.3177338563786727,0.0,7.593778386945203,0.0
457759,Justin Turner,H,102.84039211625418,0.5305401756680794,0.0,-99.87646906758444,0.7229722958050054,-4.440892098500626e-15,4.217435520142824,0.0
665839,Enmanuel Valdez,H,203.9141408500115,-146.2850603749921,0.0,-44.41677811790774,1.6960048469008506,1.0658141036401503e-14,14.908307204012527,0.0
679631,Terrin Vavra,H,109.33163371880859,-64.58078253290016,0.0,-40.67972457296132,1.1985995024888172,-1.509903313490213e-14,5.2697261154359145,0.0
657077,Alex Verdugo,H,349.30795559573016,-206.54393974182344,0.0,-101.16809289126198,5.3334497023758205,-1.4210854715202004e-14,46.92937266502058,0.0
681584,David Villar,H,118.58555503707159,-76.63733190412376,0.0,-37.45598641868194,0.8718218645474456,-1.509903313490213e-14,5.364058578813327,0.0
613564,Jason Vosler,H,102.01293520165378,-69.39710216841539,0.0,-31.00962143277231,0.7059513644188238,-8.43769498715119e-15,2.3121629648848967,0.0
642180,Tyler Wade,H,138.0284364783767,-99.26495738467887,0.0,-33.602629015255474,0.8785665302809661,-7.105427357601002e-15,6.039416608723336,0.0
657088,Forrest Wall,H,115.69517324106116,-80.5360968890852,0.0,-29.885626649973496,1.9491789595691928,0.0,7.2226286615716475,0.0
665120,Jared Walsh,H,98.15710488678914,-68.31864997773339,0.0,-28.51965919501753,0.378208563008966,6.217248937900877e-15,1.6970042770471911,0.0
671221,Drew Waters,H,229.17516254876458,-165.76570172852274,0.0,-42.273853721813005,2.5486683064987457,-1.4210854715202004e-14,23.68427540492756,0.0
642197,Jamie Westbrook,H,138.082330311417,-106.21745172126184,0.0,-26.97554513088579,1.7703016526237796,-5.329070518200751e-15,6.659635111893147,0.0
676059,Jordan Westburg,H,399.0220482896941,-254.8204014140842,0.0,-79.76800075163207,2.8211318882141727,-4.263256414560601e-14,67.254778012192,0.0
608385,Jesse Winker,H,234.9937863811696,-131.67508733471067,0.0,-97.59179476708577,0.8059553243491391,-1.1546319456101628e-14,6.532859603722289,0.0
676466,Jack Winkler,H,140.15046614652206,-109.86066793439912,0.0,-22.01823435016542,2.7561739028911822,3.552713678800501e-15,11.027737764848698,0.0
689172,Brett Wisely,H,197.2661207737321,-144.8376431645201,0.0,-43.13245734109716,1.6001280243644231,5.329070518200751e-15,10.896148292479273,0.0
687066,Eric Yang,H,121.60502264764223,-88.13522026204994,0.0,-28.85370243601786,1.6502573105690244,0.0,6.266357260143451,0.0
660766,Juan Yepez,H,224.8337120732537,-162.6629714521735,0.0,-58.36023733936597,0.5428103227491351,2.220446049250313e-14,4.3533136044633745,0.0
664874,Seby Zavala,H,107.10826784939499,-83.4224852259454,0.0,-21.58108050447522,0.8261449729979862,-7.105427357601002e-15,2.9308470919723604,0.0
695243,Mason Miller,RP,54.27416531746378,2.7016708956423017,0.0,-1.6940867189569175,0.0,0.0,55.28174949414917,0.0
668909,Gavin Williams,SP,141.73822819499082,17.212460567481997,0.0,-10.240509965261367,-7.105427357601002e-15,0.0,148.71017879721146,0.0
669302,Logan Gilbert,SP,165.12949634806634,-11.805387015501964,0.0,-3.280159742302189,-7.105427357601002e-15,-2.842170943040401e-14,150.04394959026214,0.0
672282,Reid Detmers,SP,142.34205941110218,12.250709667902925,0.0,-5.10089331241246,7.105427357601002e-15,2.842170943040401e-14,149.4918757665927,0.0
693855,Ian Seymour,RP,70.56076326774001,41.22379706402249,0.0,-4.577365152084695,0.0,0.0,107.20719517967781,0.0
594798,Jacob deGrom,SP,105.17415459388727,1.945987617903853,0.0,-5.6286762070349,0.0,2.842170943040401e-14,101.49146600475625,0.0
694973,Paul Skenes,SP,165.31663391067949,-31.782798359544216,0.0,-5.6122579512205135,7.105427357601002e-15,0.0,127.92157759991477,0.0
671922,Cade Smith,RP,61.02604008066736,2.0394910090442053,0.0,-1.4789085111937297,0.0,0.0,61.58662257851783,0.0
693433,Bryan Woo,SP,149.9027025173924,13.67859758027737,0.0,-6.894677434851481,0.0,0.0,156.6866226628183,0.0
645261,Sandy Alcantara,SP,156.51670678129202,1.7291864904014176,0.0,-6.573937169554462,-7.105427357601002e-15,0.0,151.67195610213895,0.0
684007,Shota Imanaga,SP,144.5048769905574,4.646711863654502,0.0,-2.777734182905384,0.0,2.842170943040401e-14,146.37385467130653,0.0
666200,Jesus Luzardo,SP,151.92750226023708,4.047002487919883,0.0,-6.963446643321596,0.0,5.684341886080802e-14,149.01105810483543,0.0
671737,Taj Bradley,SP,139.60650681548793,19.29795343487166,0.0,-5.434131805053063,7.105427357601002e-15,2.842170943040401e-14,153.47032844530656,0.0
808967,Yoshinobu Yamamoto,SP,151.1933195841589,-28.616148095458726,0.0,-5.923520560176861,-3.552713678800501e-15,1.4210854715202004e-14,116.65365092852332,0.0
650911,Cristopher Sanchez,SP,174.5931039912232,-29.850676686254587,0.0,-2.42277827349497,0.0,2.842170943040401e-14,142.31964903147366,0.0
677952,Braxton Ashcraft,SP,149.44982643547814,3.315510464923676,0.0,-3.4475257428499475,7.105427357601002e-15,0.0,149.3178111575519,0.0
608379,Michael Wacha,SP,151.0892327917025,-5.2723327193935745,0.0,-7.3112190645885065,-7.105427357601002e-15,-2.842170943040401e-14,138.50568100772037,0.0
693645,Cam Schlittler,SP,134.0777527597879,0.5515116255320436,0.0,-2.5678570962866374,-7.105427357601002e-15,0.0,132.0614072890333,0.0
554430,Zack Wheeler,SP,142.42533592391857,-23.377194931104697,0.0,-2.773238856730483,0.0,0.0,116.27490213608338,0.0
676440,Tanner Bibee,SP,156.99902366247244,-5.586353965353084,0.0,-5.2286410018475,0.0,0.0,146.18402869527185,0.0
694819,Jacob Misiorowski,SP,129.0654038970866,0.9668428343213975,0.0,-2.155957394395145,7.105427357601002e-15,0.0,127.87628933701288,0.0
800048,Parker Messick,SP,120.0650508606685,8.683569902070516,0.0,-3.3557618116735135,-7.105427357601002e-15,1.4210854715202004e-14,125.39285895106552,0.0
656876,Drew Rasmussen,SP,137.78378802096617,-25.844581063168235,0.0,-1.941123788709696,0.0,0.0,109.99808316908823,0.0
669373,Tarik Skubal,SP,160.4238350890381,-23.872041491706028,0.0,-8.390120358868828,-3.552713678800501e-15,0.0,128.16167323846327,0.0
690997,Nolan McLean,SP,120.12640244516551,1.8483043244644648,0.0,-2.6619934960539915,3.552713678800501e-15,1.4210854715202004e-14,119.312713273576,0.0
670970,Adrian Morejon,RP,65.0728012948292,-5.21083665647847,0.0,-0.9593352349394522,0.0,-7.105427357601002e-15,58.902629403411275,0.0
686973,Louis Varland,RP,57.77368398022141,5.281250701344426,0.0,-1.0360693000167558,0.0,0.0,62.018865381549084,0.0
682254,Mason Montgomery,RP,50.58727458762651,-1.7565341270075123,0.0,-1.944035133906013,0.0,0.0,46.886705326712985,0.0
702070,Noah Cameron,SP,141.84020974801717,-2.3209360196739226,0.0,-4.037252304135549,-7.105427357601002e-15,-5.684341886080802e-14,135.48202142420763,0.0
676917,Cade Cavalli,SP,114.59625743026977,22.5901325353352,0.0,-2.8094463742906797,0.0,5.684341886080802e-14,134.37694359131436,0.0
669432,Trevor Rogers,SP,111.24692033775749,19.334682453764643,0.0,-4.963307543184158,0.0,-1.4210854715202004e-14,125.61829524833796,0.0
656302,Dylan Cease,SP,160.97537312998475,-3.4414507095179943,0.0,-7.922043742705021,7.105427357601002e-15,0.0,149.61187867776175,0.0
680732,Sean Burke,SP,123.03485035904608,33.53952304775366,0.0,-3.9775738384654034,-7.105427357601002e-15,-2.842170943040401e-14,152.5967995683343,0.0
519242,Chris Sale,SP,125.90660675096666,-14.403496439527387,0.0,-1.9748327690476088,0.0,1.4210854715202004e-14,109.52827754239168,0.0
691587,Eury Perez,SP,118.08879151291512,-2.1010345876722454,0.0,-2.3733867732041745,0.0,-1.4210854715202004e-14,113.61437015203869,0.0
650633,Michael King,SP,129.2198938550802,25.144577612793626,0.0,-3.98328440064401,-7.105427357601002e-15,0.0,150.3811870672298,0.0
656492,Foster Griffin,SP,153.1315116978244,-34.282663229136205,0.0,-3.8676577974338997,0.0,0.0,114.9811906712543,0.0
656641,Jake Latz,RP,60.34363541215534,2.6921808923715957,0.0,-4.772820489868408,0.0,1.4210854715202004e-14,58.262995814658545,0.0
667755,Jose Soriano,SP,135.39289375396015,4.5381396919216,0.0,-18.20407325332674,0.0,-2.842170943040401e-14,121.72696019255498,0.0
657746,Joe Ryan,SP,145.33444412278726,-1.733762709286566,0.0,-6.950751125821569,-7.105427357601002e-15,0.0,136.64993028767913,0.0
801139,Payton Tolle,SP,157.43548522498318,20.35389596346343,0.0,-1.7033405906429806,7.105427357601002e-15,0.0,176.08604059780365,0.0
657277,Logan Webb,SP,175.8191901748255,-36.760154839405544,0.0,-6.556271026101314,0.0,-2.842170943040401e-14,132.50276430931862,0.0
656945,Tanner Scott,RP,56.639577994464794,-5.029005946430274,0.0,-1.1891116875511116,0.0,-7.105427357601002e-15,50.4214603604834,0.0
642547,Freddy Peralta,SP,141.82055560028988,11.000950832879766,0.0,-10.931782894353717,-7.105427357601002e-15,0.0,141.88972353881593,0.0
695505,Chase Burns,SP,120.1374792925901,21.196051138492308,0.0,-3.826614211868879,0.0,0.0,137.50691621921354,0.0
543135,Nathan Eovaldi,SP,123.354907058905,-9.118024861689705,0.0,-11.355498214963621,7.105427357601002e-15,1.4210854715202004e-14,102.88138398225169,0.0
670280,David Bednar,RP,54.43280675804489,1.8499276672429943,0.0,-1.2024836533770369,0.0,0.0,55.08025077191085,0.0
669358,Shane Baz,SP,131.85444139103112,23.178909941675727,0.0,-5.897229117348019,-7.105427357601002e-15,-5.684341886080802e-14,149.13612221535877,0.0
691799,Grant Taylor,RP,68.48557895213513,4.257542616904161,0.0,-2.2544456961091868,0.0,0.0,70.4886758729301,0.0
661395,Jhoan Duran,RP,52.036811672115576,4.8415427141788925,0.0,-2.111408955671507,0.0,0.0,54.76694543062296,0.0
663567,Peter Lambert,SP,127.11677243659882,21.904447515432636,0.0,-4.573843756141322,-7.105427357601002e-15,2.842170943040401e-14,144.44737619589014,0.0
656730,Trevor Megill,RP,45.28934956309805,3.019636179348616,0.0,-0.8993622219906499,0.0,0.0,47.409623520456016,0.0
662253,Andres Munoz,RP,50.248008312523325,-1.5212593017680192,0.0,-1.421335986556059,0.0,-7.105427357601002e-15,47.30541302419924,0.0
543243,Sonny Gray,SP,141.7993564880636,1.3328952484617673,0.0,-6.180030794070788,7.105427357601002e-15,-2.842170943040401e-14,136.95222094245457,0.0
669923,George Kirby,SP,156.38798182441698,-2.2491502748518712,0.0,-4.49194387972625,0.0,2.842170943040401e-14,149.6468876698389,0.0
694738,Landen Roupp,SP,116.98296521905817,-18.501716524352872,0.0,-9.652240426425099,-3.552713678800501e-15,1.4210854715202004e-14,88.82900826828022,0.0
641816,Tyler Mahle,SP,92.83361239269637,18.82177062234814,0.0,-4.053980462634513,0.0,-2.842170943040401e-14,107.60140255240997,0.0
593958,Eduardo Rodriguez,SP,105.46861450784178,32.67276175424365,0.0,-5.780490788535168,-1.0658141036401503e-14,-2.842170943040401e-14,132.3608854735502,0.0
701542,Will Warren,SP,125.39341973696988,2.129975121264934,0.0,-3.776630825723064,-3.552713678800501e-15,0.0,123.74676403251175,0.0
642397,Gregory Soto,RP,53.90284306014368,0.06870414707048411,0.0,-5.06017002062169,0.0,0.0,48.911377186592475,0.0
669276,Dylan Lee,RP,53.402588611864495,-4.2056848796756015,0.0,-1.5085987537837298,0.0,0.0,47.688304978405164,0.0
677960,Ryan Weathers,SP,93.92439206257374,27.863026261558403,0.0,-8.5874884077447,-3.552713678800501e-15,0.0,113.19992991638745,0.0
543037,Gerrit Cole,SP,118.1026085082473,11.91383567423523,0.0,-7.195119690296224,7.105427357601002e-15,-2.842170943040401e-14,122.82132449218628,0.0
624133,Ranger Suarez,SP,125.5090094116054,13.233122425570656,0.0,-3.6051373730105425,-7.105427357601002e-15,-2.842170943040401e-14,135.1369944641655,0.0
672456,Keider Montero,SP,114.80831270092654,-19.214392036280557,0.0,-4.389216846916145,0.0,-1.4210854715202004e-14,91.20470381772982,0.0
641329,Bryan Baker,RP,48.70794107841342,2.8628833391102333,0.0,-1.4254387012471668,0.0,0.0,50.145385716276486,0.0
676106,Emerson Hancock,SP,97.44094254966706,17.738497397055085,0.0,-13.568043925876122,-7.105427357601002e-15,-1.4210854715202004e-14,101.611396020846,0.0
664285,Framber Valdez,SP,156.43831818732582,-6.655051544539788,0.0,-4.384435822437382,0.0,-2.842170943040401e-14,145.39883082034862,0.0
607259,Nick Martinez,SP,139.8858477626129,-34.89678611241325,0.0,-7.778076480589444,0.0,2.842170943040401e-14,97.21098516961024,0.0
670329,Rico Garcia,RP,42.81080163043478,4.960304300562768,0.0,-1.3964031025458397,0.0,0.0,46.37470282845171,0.0
687330,Kevin Kelly,RP,56.797908322207384,-2.1849102245891956,0.0,-1.457631544574845,0.0,0.0,53.15536655304334,0.0
700712,Walbert Urena,SP,146.36153292761176,-24.53218430218635,0.0,-2.7573446785931033,-3.552713678800501e-15,-2.842170943040401e-14,119.07200394683227,0.0
687396,Brent Headrick,RP,41.11339563862928,15.48770681173329,0.0,-1.1062921204132579,0.0,0.0,55.49481032994931,0.0
680736,Justin Wrobleski,SP,100.47619329464636,-5.239529326540207,0.0,-9.507230232659328,0.0,-1.4210854715202004e-14,85.72943373544682,0.0
656546,Jeff Hoffman,RP,55.67653807057456,-7.5365273126563395,0.0,-2.9700352243632153,0.0,0.0,45.169975533555004,0.0
676879,Aaron Ashby,RP,61.031498788508124,4.746315835904177,0.0,-2.0811548578333756,0.0,0.0,63.696659766578925,0.0
676282,Joey Cantillo,SP,111.36223159640095,3.3949428727415096,0.0,-5.337448578243098,0.0,2.842170943040401e-14,109.41972589089939,0.0
696149,Bubba Chandler,SP,105.38955790305066,-15.32248155535899,0.0,-4.166936288045456,-3.552713678800501e-15,0.0,85.9001400596462,0.0
592332,Kevin Gausman,SP,155.0225785058699,-24.24138957006076,0.0,-6.935388768144943,0.0,-1.4210854715202004e-14,123.84580016766417,0.0
547973,Aroldis Chapman,RP,46.92539803745253,-3.516850346671063,0.0,-2.8039277026140965,0.0,0.0,40.60461998816737,0.0
682243,Bryce Miller,SP,111.30421567589318,31.57221831450329,0.0,-12.88013740072715,0.0,-2.842170943040401e-14,129.9962965896693,0.0
675660,Shane Drohan,SP,119.27498711015062,-10.26697651435856,0.0,-4.733855910953068,3.552713678800501e-15,0.0,104.27415468483899,0.0
628452,Raisel Iglesias,RP,52.202317453989764,1.211427585889382,0.0,-3.9862139647686945,0.0,-7.105427357601002e-15,49.427531075110444,0.0
592662,Robbie Ray,SP,86.85503466291571,21.02845899591277,0.0,-5.452958143400071,0.0,-1.4210854715202004e-14,102.4305355154284,0.0
693821,Bryce Elder,SP,120.6879793314576,-0.286722559268199,0.0,-6.067241084492981,0.0,0.0,114.33401568769642,0.0
641743,Anthony Kay,SP,131.16019818331955,-35.43126276791244,0.0,-4.019254020423389,0.0,2.842170943040401e-14,91.70968139498375,0.0
700241,Michael McGreevy,SP,113.46931175646641,5.192094582827863,0.0,-5.5755473216102125,-3.552713678800501e-15,1.4210854715202004e-14,113.08585901768407,0.0
683003,Jared Jones,SP,111.96664170706183,2.1902244566045397,0.0,-4.570378506071297,3.552713678800501e-15,0.0,109.58648765759507,0.0
694477,Chad Patrick,RP,64.36610916506324,27.060750044899578,0.0,-10.890782436360752,0.0,0.0,80.53607677360206,0.0
800311,Didier Fuentes,RP,85.34573716439002,0.674949105982293,0.0,-1.5215161280548557,0.0,0.0,84.49917014231745,0.0
677958,Kumar Rocker,SP,96.09850338256132,7.799758656349752,0.0,-2.9849270553874234,3.552713678800501e-15,1.4210854715202004e-14,100.91333498352367,0.0
656848,Michael Petersen,RP,36.96557971014493,9.340678316461378,0.0,-2.7593865107009705,0.0,0.0,43.54687151590534,0.0
676617,Riley O'Brien,RP,44.26209660974487,-1.7466071065079163,0.0,-4.489933426365454,0.0,0.0,38.0255560768715,0.0
647336,Michael Soroka,SP,100.66157400823279,16.639550581612255,0.0,-19.343583603448362,-3.552713678800501e-15,0.0,97.95754098639668,0.0
669372,J.T. Ginn,SP,94.14128994733754,8.690061291244987,0.0,-16.116636870203056,0.0,2.842170943040401e-14,86.7147143683795,0.0
605400,Aaron Nola,SP,141.86617966992895,1.0647712593291203,0.0,-4.503821582810545,-7.105427357601002e-15,2.842170943040401e-14,138.42712934644754,0.0
663554,Casey Mize,SP,111.43933234362574,-16.747740541488994,0.0,-9.639639119665947,3.552713678800501e-15,1.4210854715202004e-14,85.05195268247081,0.0
687064,Brandon Young,SP,102.93614704692126,30.547250731052003,0.0,-3.7657973810371637,3.552713678800501e-15,-5.684341886080802e-14,129.71760039693606,0.0
623454,Drew Anderson,RP,59.53079897912558,38.8710655795513,0.0,-15.385947964857223,0.0,0.0,83.01591659381965,0.0
669467,Andre Pallante,SP,131.6401979762984,-25.803129744782453,0.0,-10.48061757571099,3.552713678800501e-15,-1.4210854715202004e-14,95.35645065580495,0.0
666171,Ryan Zeferjahn,RP,50.275902849890386,-0.8131351693908968,0.0,-3.859749977618044,0.0,0.0,45.603017702881445,0.0
690986,Kyle Harrison,SP,94.65868339730204,36.89011629179657,0.0,-6.438325976896444,0.0,-2.842170943040401e-14,125.11047371220215,0.0
680694,Kyle Bradish,SP,101.75144805003086,25.134219039019257,0.0,-3.1205551025245306,7.105427357601002e-15,1.4210854715202004e-14,123.76511198652561,0.0
663436,Davis Martin,SP,111.08022478254647,-12.356618960273863,0.0,-3.909479344681966,-3.552713678800501e-15,1.4210854715202004e-14,94.81412647759065,0.0
643377,Griffin Jax,SP,112.9039302503553,6.9983649307608005,0.0,-23.290675001368644,3.552713678800501e-15,0.0,96.61162017974746,0.0
808963,Roki Sasaki,SP,94.09737637805641,-3.8771184485389227,0.0,-18.66205574818476,0.0,0.0,71.55820218133273,0.0
669022,MacKenzie Gore,SP,145.71870509121624,-0.738476818443246,0.0,-8.808398525212326,0.0,2.842170943040401e-14,136.17182974756068,0.0
669330,Tyler Wells,RP,58.28616731059505,0.5474436319884006,0.0,-2.8438053727690544,0.0,0.0,55.98980556981439,0.0
681035,Christian Scott,SP,90.15195029820346,32.10961533831282,0.0,-13.977175378286013,3.552713678800501e-15,-1.4210854715202004e-14,108.28439025823026,0.0
681517,Kyle Leahy,SP,117.75237070537602,-11.309848452310177,0.0,-8.003317544433685,-3.552713678800501e-15,0.0,98.43920470863216,0.0
805123,A.J. Blubaugh,RP,60.91298955087854,24.227334374653246,0.0,-4.719522024550457,0.0,0.0,80.42080190098133,0.0
701656,Logan Henderson,SP,82.89493946273173,50.09925732615888,0.0,-6.602213702812897,0.0,0.0,126.39198308607772,0.0
681911,Alex Vesia,RP,54.19818670213864,-6.790133763980705,0.0,-1.6623220508396699,0.0,-7.105427357601002e-15,45.74573088731826,0.0
699134,Bradgley Rodriguez,RP,51.95816148168275,4.045720706763511,0.0,-1.037612531893231,0.0,7.105427357601002e-15,54.96626965655304,0.0
656794,Sean Newcomb,RP,56.90567881231626,12.824387258948526,0.0,-12.305226593689305,0.0,0.0,57.42483947757548,0.0
663556,Shane McClanahan,SP,101.93569693875071,13.423558592827987,0.0,-12.732020763543947,-3.552713678800501e-15,-1.4210854715202004e-14,102.62723476803474,0.0
656550,Grant Holmes,SP,111.39351476601959,-21.523367331499486,0.0,-7.1503591387862215,0.0,0.0,82.71978829573388,0.0
676974,Max Meyer,SP,86.84013417632339,39.72394391485804,0.0,-21.49689169540017,7.105427357601002e-15,-1.4210854715202004e-14,105.06718639578125,0.0
608331,Max Fried,SP,141.6715049409959,-26.882729132255164,0.0,-20.546565105489552,0.0,-1.4210854715202004e-14,94.24221070325117,0.0
670990,Yohan Ramirez,RP,47.71650909754358,9.624347137074025,0.0,-4.430890251677049,0.0,0.0,52.909965982940555,0.0
681870,Erik Sabrowski,RP,34.65220087688935,1.1845037909061844,0.0,-3.194283021527312,0.0,-7.105427357601002e-15,32.64242164626822,0.0
694297,Brandon Pfaadt,SP,142.2545717827484,-5.1509358421256195,0.0,-6.979549379825805,0.0,-2.842170943040401e-14,130.12408656079694,0.0
666661,Juan Morillo,RP,47.858604651162786,-0.3361436023941877,0.0,-1.9163046549502951,0.0,0.0,45.6061563938183,0.0
663687,Hogan Harris,RP,52.77101553933722,-3.9469402434330263,0.0,-4.944213289364022,0.0,-7.105427357601002e-15,43.879862006540165,0.0
682842,Abner Uribe,RP,52.29687384495672,-9.131890545828078,0.0,-0.9745588309285438,0.0,0.0,42.1904244682001,0.0
596133,Luke Weaver,RP,57.907207512464296,-6.628449320092322,0.0,-3.2224008263215964,0.0,0.0,48.05635736605038,0.0
623352,Josh Hader,RP,48.36754324013682,6.0094442995156285,0.0,-3.5723593615851357,0.0,0.0,50.80462817806731,0.0
607067,Colin Rea,SP,92.77212384853152,4.8904289276386095,0.0,-37.5435952945633,0.0,-1.4210854715202004e-14,60.11895748160681,0.0
676477,Garrett Whitlock,RP,52.09231814328231,-3.0749890512319666,0.0,-1.6295433128407097,0.0,0.0,47.387785779209636,0.0
595345,Steven Okert,RP,39.67334577536478,4.240267911886377,0.0,-1.797607633151003,0.0,0.0,42.116006054100154,0.0
640455,Sean Manaea,SP,108.6921808137259,5.735851925415602,0.0,-17.913619670451375,3.552713678800501e-15,1.4210854715202004e-14,96.51441306869015,0.0
680742,Jonathan Bowlan,RP,46.07140939597317,5.541739867628138,0.0,-1.913446123821096,0.0,0.0,49.69970313978021,0.0
571510,Matthew Boyd,SP,113.97083197200661,5.861208548952277,0.0,-17.836299720526757,0.0,1.4210854715202004e-14,101.99574080043215,0.0
641927,Bailey Ober,SP,125.97147863768703,1.658781737713639,0.0,-6.669789359332448,0.0,-1.4210854715202004e-14,120.96047101606821,0.0
674841,Andrew Alvarez,SP,75.50761523321911,34.853732968481594,0.0,-6.357027416156722,-3.552713678800501e-15,-4.263256414560601e-14,104.00432078554394,0.0
688107,Robert Gasser,SP,68.93335023538958,58.88669580231979,0.0,-8.075457220978823,0.0,-2.842170943040401e-14,119.74458881673053,0.0
669387,Carmen Mlodzinski,RP,67.11852948162766,21.632563872165164,0.0,-9.110318481138933,0.0,1.4210854715202004e-14,79.6407748726539,0.0
693686,Spencer Miles,RP,74.90390443232252,2.3261786069237615,0.0,-5.364014575430176,0.0,1.4210854715202004e-14,71.86606846381612,0.0
650556,Bryan Abreu,RP,61.007294586738496,-12.851692894833327,0.0,-2.038702590358483,0.0,-7.105427357601002e-15,46.11689910154668,0.0
686613,Hunter Brown,SP,144.15903806584362,-5.406498794498134,0.0,-28.196910917720242,3.552713678800501e-15,2.842170943040401e-14,110.55562835362528,0.0
607192,Tyler Glasnow,SP,98.53256276043007,21.585348189976514,0.0,-9.629036908727873,-3.552713678800501e-15,1.4210854715202004e-14,110.48887404167873,0.0
805299,Brandyn Garcia,RP,36.00103880945434,8.128254841113751,0.0,-1.0069747046384663,0.0,7.105427357601002e-15,43.122318945929635,0.0
702193,Andrew Morris,RP,71.69234245337277,-6.391377099766629,0.0,-3.408332982391606,0.0,0.0,61.89263237121454,0.0
687562,Jake Bennett,SP,117.56497379241492,-15.381665414261562,0.0,-2.9159578840715454,-7.105427357601002e-15,-1.4210854715202004e-14,99.26735049408178,0.0
656464,Kevin Ginkel,RP,50.481521739130436,-6.74440747020936,0.0,-2.358831783523698,0.0,7.105427357601002e-15,41.378282485397385,0.0
445276,Kenley Jansen,RP,43.020139615396715,-6.678470272337485,0.0,-12.45628589614454,0.0,0.0,23.88538344691469,0.0
669160,Dustin May,SP,112.32111861417616,-28.74940683085495,0.0,-4.207895377119705,0.0,4.263256414560601e-14,79.36381640620154,0.0
669199,Lake Bachar,RP,53.97601789499939,-0.08279179364846811,0.0,-5.6363826119648195,0.0,0.0,48.2568434893861,0.0
702056,Trey Yesavage,SP,72.3538007380074,30.80373436807669,0.0,-5.59558804586176,-3.552713678800501e-15,1.4210854715202004e-14,97.56194706022234,0.0
678022,Jack Perkins,RP,71.74307454271847,12.647428874511206,0.0,-8.372599674128097,0.0,0.0,76.01790374310158,0.0
656271,Brock Burke,RP,49.58803572045974,-0.10574606931371022,0.0,-2.9308997864387436,0.0,-7.105427357601002e-15,46.55138986470728,0.0
681190,Randy Vasquez,SP,113.01177169847773,-27.47930444769483,0.0,-15.430110035776494,-3.552713678800501e-15,-2.842170943040401e-14,70.10235721500638,0.0
669461,Matthew Liberatore,SP,133.91907658920775,-22.4758364958914,0.0,-4.286344436984876,7.105427357601002e-15,2.842170943040401e-14,107.1568956563315,0.0
641941,Emilio Pagan,RP,47.41163629962151,0.5698401666634112,0.0,-11.21296430237468,0.0,7.105427357601002e-15,36.76851216391025,0.0
672782,Yoendrys Gomez,RP,50.16400542591298,1.4267881584907798,0.0,-7.296283530795037,0.0,0.0,44.294510053608725,0.0
657097,Jacob Webb,RP,52.54158828565525,-1.6239416476107351,0.0,-3.177981252791355,0.0,0.0,47.73966538525316,0.0
527048,Martin Perez,SP,77.38926554807595,-3.791726345746085,0.0,-18.01559537120759,-3.552713678800501e-15,2.1316282072803006e-14,55.581943831122295,0.0
676263,Jack Dreyer,RP,61.909400119260596,-14.424416792044887,0.0,-2.5682828242483637,0.0,0.0,44.916700502967345,0.0
683618,Edgardo Henriquez,RP,43.436306376113016,0.39742055769420404,0.0,-1.5787686374078973,0.0,0.0,42.25495829639932,0.0
686218,Emmet Sheehan,SP,94.9618725749468,37.371365941884505,0.0,-11.429310846799524,-7.105427357601002e-15,-1.4210854715202004e-14,120.90392767003176,0.0
622554,Seranthony Dominguez,RP,52.96956186281339,-12.163988778081567,0.0,-3.508148129597444,0.0,0.0,37.29742495513438,0.0
607200,Erick Fedde,RP,29.08345471219723,74.48076982854414,0.0,-20.583156147972772,0.0,0.0,82.9810683927686,0.0
675512,Troy Melton,SP,114.24937030817858,12.737439267776793,0.0,-13.105465304849751,-7.105427357601002e-15,-2.842170943040401e-14,113.88134427110559,0.0
663969,Tyler Phillips,SP,89.67586206896551,-1.592636454345083,0.0,-22.9545386775031,0.0,0.0,65.12868693711734,0.0
676083,Janson Junk,SP,97.25896140322624,-16.68999971609327,0.0,-17.487631832426068,0.0,-7.105427357601002e-15,63.081329854706894,0.0
676534,Calvin Faucher,RP,48.50104858104858,-10.558785016803071,0.0,-2.277554569073658,0.0,0.0,35.66470899517185,0.0
621111,Walker Buehler,SP,85.08556924930669,-1.4082685734066303,0.0,-6.479671073947856,-7.105427357601002e-15,-1.4210854715202004e-14,77.19762960195219,0.0
592773,Ryne Stanek,RP,32.39640021905711,6.1066393534309285,0.0,-6.373942615673329,0.0,-7.105427357601002e-15,32.1290969568147,0.0
615698,Cal Quantrill,RP,67.32001468197788,42.69507397609759,0.0,-7.222922220995883,0.0,2.842170943040401e-14,102.79216643707962,0.0
607625,Seth Lugo,SP,140.86978824122843,7.219876885089235,0.0,-9.784472417879108,0.0,2.842170943040401e-14,138.3051927084386,0.0
683769,Hunter Gaddis,RP,58.06103611399562,-8.734363139248295,0.0,-0.7967261629969258,0.0,0.0,48.5299468117504,0.0
607074,Carlos Rodon,SP,131.19462446627912,-27.523194579940053,0.0,-45.07779557333356,3.552713678800501e-15,1.4210854715202004e-14,58.59363431300552,0.0
687570,Connor Prielipp,SP,121.80672165152114,-6.075278630213845,0.0,-5.250950243682283,0.0,1.4210854715202004e-14,110.48049277762503,0.0
695418,Brad Lord,RP,71.74307454271847,13.485407271600636,0.0,-10.94511503881391,0.0,0.0,74.2833667755052,0.0
805673,Zebby Matthews,SP,97.327049111485,22.209829283066554,0.0,-8.021985569039153,-7.105427357601002e-15,0.0,111.51489282551239,0.0
663738,Daniel Lynch,RP,54.57576183492219,6.037459014126789,0.0,-3.3896808432170786,0.0,7.105427357601002e-15,57.22354000583191,0.0
666277,George Soriano,RP,45.827364651281776,-2.196980937045936,0.0,-8.36011569390189,0.0,0.0,35.27026802033395,0.0
678394,Brayan Bello,RP,67.11852948162766,28.405195884021325,0.0,-4.366284268418539,0.0,0.0,91.15744109723045,0.0
689254,Mason Fluharty,RP,59.76370059978638,-21.082458734740406,0.0,-1.77609626988378,0.0,0.0,36.905145595162196,0.0
671096,Andrew Abbott,SP,131.11745795803768,1.2264638584144905,0.0,-6.323127184904656,0.0,-2.842170943040401e-14,126.02079463154749,0.0
813349,Connelly Early,SP,78.70575593189581,50.294740814275016,0.0,-5.722278804397391,3.552713678800501e-15,-1.4210854715202004e-14,123.27821794177342,0.0
660825,Eduard Bazardo,RP,53.97309003198574,-13.50982531159017,0.0,-1.9599526079465903,0.0,0.0,38.50331211244898,0.0
680755,Braydon Fisher,RP,58.60473410906935,-4.969273737724237,0.0,-2.0106386857936016,0.0,0.0,51.62482168555151,0.0
621112,Paul Blackburn,RP,48.742782885864905,15.155877941854605,0.0,-5.3414526034227094,0.0,0.0,58.5572082242968,0.0
656849,David Peterson,SP,123.9012147232868,-4.234144340345068,0.0,-11.649888344648279,-3.552713678800501e-15,0.0,108.01718203829344,0.0
623149,Paul Sewald,RP,38.830724868779484,-0.016806270959087044,0.0,-11.01028660568046,0.0,-3.552713678800501e-15,27.803631992139934,0.0
608372,Tomoyuki Sugano,SP,94.55758968970471,7.606522254712459,0.0,-17.098425459615946,-3.552713678800501e-15,-1.4210854715202004e-14,85.0656864848012,0.0
643511,Tyler Rogers,RP,45.02298608754666,6.80748339213109,0.0,-1.1495380953335612,0.0,0.0,50.68093138434419,0.0
674444,Steven Cruz,RP,41.6457513587188,-6.649984691863679,0.0,-2.753568434730539,0.0,0.0,32.24219823212458,0.0
665660,Elvis Alvarado,RP,46.86461824686941,-3.6734461450584206,0.0,-1.9511105414521808,0.0,0.0,41.24006156035881,0.0
689266,Dylan Dodd,RP,35.48661589938848,9.65129534807911,0.0,-3.0735103847628977,0.0,0.0,42.064400862704694,0.0
663903,Brady Singer,SP,132.03094291484229,-6.022152502583907,0.0,-5.557339324099988,-7.105427357601002e-15,1.4210854715202004e-14,120.4514510881584,0.0
665622,Luis Medina,RP,60.333721610115305,9.498348027392865,0.0,-4.89769560493248,0.0,0.0,64.93437403257569,0.0
656427,Jack Flaherty,SP,118.50774834259333,-11.940789626417555,0.0,-12.643294516491888,-3.552713678800501e-15,0.0,93.92366419968388,0.0
663542,Bryan Hudson,RP,45.67037818259295,-4.4874378239045285,0.0,-2.5082660775547367,0.0,0.0,38.67467428113368,0.0
670950,Trevor Richards,RP,48.42177845696857,9.269149164411395,0.0,-10.139219041098364,0.0,-7.105427357601002e-15,47.55170858028159,0.0
650644,Aaron Civale,RP,62.099732961801934,25.122679163793478,0.0,-6.052262855626722,0.0,0.0,81.17014926996869,0.0
670245,Ryan Watson,RP,57.22986662719753,-16.28013380091275,0.0,-2.696617504869039,0.0,0.0,38.25311532141574,0.0
668941,JoJo Romero,RP,51.853246870424236,-8.092512561961158,0.0,-3.3714140802450174,0.0,7.105427357601002e-15,40.38932022821807,0.0
608718,Brent Suter,RP,43.37254103383582,24.519161215392366,0.0,-17.04590796447853,0.0,0.0,50.84579428474966,0.0
605488,Jeffrey Springs,SP,91.05983745829623,3.522184398328932,0.0,-32.63694688574259,-3.552713678800501e-15,0.0,61.94507497088257,0.0
689296,Anthony Nunez,RP,56.61041333806734,-19.673747626946934,0.0,-1.4425846159421738,0.0,0.0,35.49408109517823,0.0
605280,Clay Holmes,SP,92.92218836710121,19.3140271612656,0.0,-30.62523140941496,0.0,-1.4210854715202004e-14,81.61098411895183,0.0
641302,Tyler Alexander,RP,59.53079897912558,-0.6901018143776696,0.0,-3.8632611760616555,0.0,7.105427357601002e-15,54.97743598868626,0.0
518585,Fernando Cruz,RP,41.06838854156947,-4.450046406416348,0.0,-5.608017609635894,0.0,0.0,31.010324525517227,0.0
518876,Merrill Kelly,SP,90.71836779209447,41.46128059855836,0.0,-18.352848522438414,-3.552713678800501e-15,0.0,113.82679986821441,0.0
673513,Yuki Matsui,RP,49.756322182397454,-3.458883706219666,0.0,-4.7153634796822885,0.0,0.0,41.5820749964955,0.0
669062,Erik Miller,RP,43.781392127733824,1.294119311691368,0.0,-5.6176503776777835,0.0,0.0,39.45786106174741,0.0
700669,Gordon Graceffo,RP,58.44253237532059,-0.75955027016294,0.0,-7.657228265884825,0.0,0.0,50.025753839272824,0.0
605288,Adrian Houser,SP,84.23786385529553,2.3366592410846323,0.0,-23.629104929435133,0.0,-7.105427357601002e-15,62.945418166945025,0.0
663558,Jovani Moran,RP,36.05236341970179,13.00624941859732,0.0,-4.308499160817085,0.0,0.0,44.75011367748203,0.0
642100,Gabe Speier,RP,43.35895041815168,-0.4502795064452343,0.0,-2.9990590486977027,0.0,0.0,39.90961186300874,0.0
691725,Andrew Painter,SP,140.41624807447593,-42.45248179759972,0.0,-4.436017321754566,3.552713678800501e-15,1.4210854715202004e-14,93.52774895512167,0.0
607536,Kyle Freeland,SP,100.72942179541833,-6.297587288824204,0.0,-35.28929854798601,0.0,0.0,59.14253595860812,0.0
622088,Tejay Antone,RP,30.957880434782606,10.092416933714052,0.0,-1.9115597292922288,0.0,7.105427357601002e-15,39.138737639204436,0.0
664199,Taylor Clarke,RP,52.930085201832334,6.456302169844022,0.0,-3.6342329841190946,0.0,-7.105427357601002e-15,55.752154387557255,0.0
642121,Cole Sulser,RP,26.60051133712793,7.361568759056045,0.0,-9.22919680758464,0.0,0.0,24.732883288599336,0.0
622491,Luis Castillo,SP,142.00722111572094,-14.384559645895195,0.0,-44.73993919207742,0.0,-1.4210854715202004e-14,82.8827222777483,0.0
665871,Javier Assad,RP,60.0102664385236,15.559345562450389,0.0,-4.880752168573139,0.0,0.0,70.68885983240085,0.0
623211,Huascar Brazoban,RP,42.73937897729218,7.2841286516040356,0.0,-6.388265872128152,0.0,0.0,43.63524175676807,0.0
666974,Yennier Cano,RP,50.56467391304348,-10.403257566828394,0.0,-4.748205316376421,0.0,0.0,35.41321102983866,0.0
622608,Antonio Senzatela,RP,56.024759085103916,1.8161231669352205,0.0,-15.049558563668917,0.0,7.105427357601002e-15,42.79132368837023,0.0
657514,Brennan Bernardino,RP,38.67076312344271,9.004812561831024,0.0,-3.5170733509034164,0.0,0.0,44.15850233437032,0.0
663947,Tyler Holton,RP,69.37436841345462,-5.313759675605496,0.0,-0.6859766418048707,0.0,0.0,63.37463209604425,0.0
676962,Ben Brown,RP,59.97664877757901,25.231590645059747,0.0,-7.543684108538628,0.0,-1.4210854715202004e-14,77.66455531410011,0.0
642528,Jonathan Loaisiga,RP,38.18257429005895,12.601166600225582,0.0,-4.009897377664487,0.0,0.0,46.77384351262005,0.0
669084,DL Hall,RP,41.72719595057586,15.357408069792974,0.0,-4.085506924436736,0.0,7.105427357601002e-15,52.99909709593211,0.0
670059,Colin Holderman,RP,38.954216021851124,2.5584709154461365,0.0,-3.4881916885733375,0.0,-7.105427357601002e-15,38.024495248723916,0.0
681217,Chase Silseth,RP,39.01575549479664,-1.1232338880908728,0.0,-1.3444966169060208,0.0,0.0,36.54802498979975,0.0
641755,Tyler Kinley,RP,34.0756436958556,-1.0151246900729376,0.0,-8.876442137226213,0.0,0.0,24.184076868556446,0.0
670036,Matt Festa,RP,41.83297724915459,5.629993750988383,0.0,-9.819537867054152,0.0,0.0,37.64343313308882,0.0
664991,Grant Wolfram,RP,34.409364947445624,2.734698729270235,0.0,-4.703870196970129,0.0,0.0,32.44019347974573,0.0
663623,Jake Irvin,SP,129.63127710675624,-27.268184458436124,0.0,-18.400256319544614,-3.552713678800501e-15,-2.842170943040401e-14,83.96283632877547,0.0
805427,Drew Sommers,RP,29.179955813635207,9.308316290793368,0.0,-2.173153557218349,0.0,0.0,36.315118547210226,0.0
641835,Tim Mayza,RP,34.79110483671487,9.276850548253655,0.0,-8.652612071000554,0.0,-7.105427357601002e-15,35.415343313967966,0.0
682052,Jacob Lopez,SP,101.21906753849758,11.652047933942214,0.0,-9.603605823851595,-3.552713678800501e-15,1.4210854715202004e-14,103.26750964858822,0.0
804267,Zac Thornton,SP,100.74235383329119,0.12333782780197566,0.0,-7.568466966476208,-7.105427357601002e-15,0.0,93.29722469461694,0.0
695076,Rhett Lowder,SP,90.66230055625968,-10.693228420339295,0.0,-13.600387608976112,3.552713678800501e-15,1.4210854715202004e-14,66.36868452694429,0.0
592155,Cam Booser,RP,31.93130978827258,10.873246049505369,0.0,-6.622532526624099,0.0,0.0,36.18202331115385,0.0
594027,Tyron Guerrero,RP,28.168646080760087,12.637662667156793,0.0,-8.608752835247621,0.0,0.0,32.19755591266926,0.0
596001,Jakob Junis,RP,50.07428781972967,-6.156589651824575,0.0,-7.060300352117181,0.0,0.0,36.85739781578791,0.0
690925,Clayton Beeter,RP,31.916427948348865,1.791122433826711,0.0,-5.698782662941092,0.0,0.0,28.008767719234484,0.0
669711,Greg Weissert,RP,52.924403095200645,-8.707818557495465,0.0,-3.4184903986643533,0.0,-7.105427357601002e-15,40.79809413904082,0.0
548384,Brooks Raley,RP,29.313367058713595,8.799090428068801,0.0,-8.516269595583157,0.0,-3.552713678800501e-15,29.596187891199236,0.0
681293,Spencer Arrighetti,SP,102.70228177264094,3.535262425062001,0.0,-10.129296857219543,3.552713678800501e-15,1.4210854715202004e-14,96.10824734048342,0.0
665152,Dean Kremer,SP,120.94208336688406,-9.19171080576048,0.0,-13.739845018260063,-7.105427357601002e-15,0.0,98.01052754286351,0.0
660853,Enyel De Los Santos,RP,52.93061414297075,3.442450655863958,0.0,-4.852481645765671,0.0,0.0,51.52058315306903,0.0
682120,Tim Herrin,RP,42.772037853127074,-3.3786308075952576,0.0,-2.0782766747063164,0.0,0.0,37.3151303708255,0.0
677944,Slade Cecconi,SP,98.80854346941304,-19.264147251744603,0.0,-17.0897448748581,-5.329070518200751e-15,1.4210854715202004e-14,62.454651342810344,0.0
681982,Grant Anderson,RP,44.3643599539058,-6.403150857663931,0.0,-3.370097004643732,0.0,0.0,34.591112091598134,0.0
621345,A.J. Minter,RP,35.94600596345172,5.3130596492662505,0.0,-1.8205457506359437,0.0,0.0,39.438519862082025,0.0
669020,Ryan Rolison,RP,38.97709230631759,2.176439831963634,0.0,-6.233547334237514,0.0,-7.105427357601002e-15,34.9199848040437,0.0
677865,Justin Bruihl,RP,35.33374669134337,5.032094347519298,0.0,-6.607069505169555,0.0,0.0,33.758771533693114,0.0
656605,Mitch Keller,SP,135.4189822046864,-15.16044093962904,0.0,-33.52613847091092,-3.552713678800501e-15,0.0,86.73240279414642,0.0
682608,Peyton Gray,RP,45.49480436549402,-6.148222181595862,0.0,-1.643170376680665,0.0,0.0,37.70341180721749,0.0
669622,Anthony Bender,RP,41.984219301363126,0.5008447560472788,0.0,-9.40355553927182,0.0,0.0,33.081508518138584,0.0
687473,Ryan Gusto,SP,89.71785788017672,-24.4868613924815,0.0,-5.505446415506944,-3.552713678800501e-15,7.105427357601002e-15,59.725550072188284,0.0
670167,John Schreiber,RP,45.875690865466524,-2.410038049440203,0.0,-4.636990350858653,0.0,0.0,38.82866246516767,0.0
668984,Casey Legumina,RP,40.47972022209031,4.992050899340171,0.0,-10.096556060399493,0.0,0.0,35.375215061030985,0.0
687377,Orlando Ribalta,RP,28.69007893218921,2.921951966972511,0.0,-7.269838136615629,0.0,3.552713678800501e-15,24.342192762546095,0.0
678606,Jose Ferrer,RP,59.95289901097397,-14.377226039453234,0.0,-2.8996594516902903,0.0,0.0,42.67601351983045,0.0
605135,Chris Bassitt,SP,89.24389511241294,23.368586865124144,0.0,-36.595656045768905,-3.552713678800501e-15,-2.842170943040401e-14,76.01682593176815,0.0
667297,Tommy Nance,RP,25.25841184237151,16.047025759569905,0.0,-5.576305739311955,0.0,0.0,35.72913186262946,0.0
547179,Michael Lorenzen,SP,79.83030280683965,-1.4708136346476408,0.0,-41.15465296426991,1.7763568394002505e-15,-7.105427357601002e-15,37.2048362079221,0.0
696519,Samy Natera Jr.,RP,37.04486577902907,0.1665064374465075,0.0,-2.395904826137887,0.0,0.0,34.81546739033769,0.0
663767,Chase Shugart,RP,35.66552187729162,0.8988990695276655,0.0,-4.8528940956762945,0.0,0.0,31.711526851142988,0.0
687075,Brandon Sproat,SP,61.76610619046863,23.399211653847956,0.0,-7.5342267225199535,3.552713678800501e-15,1.4210854715202004e-14,77.63109112179666,0.0
552640,Andrew Kittredge,RP,37.889401884855836,1.8909106978130836,0.0,-11.09611453576807,0.0,0.0,28.68419804690085,0.0
642232,Ryan Yarbrough,RP,51.92464088131134,8.09715568296673,0.0,-14.182977635080299,0.0,0.0,45.83881892919777,0.0
669165,Kyle Hurt,RP,27.273972705993273,15.42831107141582,0.0,-3.1415953872637274,0.0,0.0,39.560688390145366,0.0
695611,Gage Jump,SP,93.48166638461105,6.9277325512778845,0.0,-10.773219951845999,-3.552713678800501e-15,1.4210854715202004e-14,89.63617898404294,0.0
663372,Ryan Feltner,SP,81.83662465034703,-3.496524227300071,0.0,-11.877148379475505,0.0,0.0,66.46295204357146,0.0
664126,Pete Fairbanks,RP,43.283637651313285,-7.943750987591677,0.0,-5.286977988500826,0.0,0.0,30.05290867522078,0.0
663460,Kris Bubic,SP,73.77787073171719,24.053995492285893,0.0,-28.875328244556535,0.0,1.4210854715202004e-14,68.95653797944657,0.0
605540,Brandon Woodruff,SP,66.5107275349598,61.854379426828146,0.0,-18.845806455989035,-3.552713678800501e-15,-2.842170943040401e-14,109.51930050579888,0.0
666808,Camilo Doval,RP,49.04292432866571,-4.604061745399029,0.0,-3.0948989045785282,0.0,0.0,41.343963678688155,0.0
663158,Robert Suarez,RP,46.093944195053254,-3.681725819700226,0.0,-10.847070471333645,0.0,0.0,31.565147904019383,0.0
670062,Julian Garcia,RP,39.419830488795995,9.732252727392243,0.0,-8.53875707909183,0.0,0.0,40.61332613709641,0.0
642207,Devin Williams,RP,43.3080677598612,-6.583383783634645,0.0,-6.082583036863376,0.0,0.0,30.642100939363182,0.0
681892,Kody Funderburk,RP,34.772408422669976,-3.5176663399966728,0.0,-4.179323085570132,0.0,0.0,27.07541899710317,0.0
702021,Will Dion,RP,48.11464890527967,-3.0901095118362605,0.0,-4.423429939919636,0.0,-7.105427357601002e-15,40.60110945352377,0.0
680744,Ty Madden,RP,40.61745635130115,31.55221201668561,0.0,-7.248325042422437,0.0,0.0,64.92134332556432,0.0
641778,Eric Lauer,SP,91.930759062598,-16.171484473296516,0.0,-20.400888790095124,0.0,0.0,55.35838579920636,0.0
669093,Jeremiah Estrada,RP,49.573976250106476,-7.493158227702409,0.0,-6.610404102671268,0.0,0.0,35.4704139197328,0.0
694918,Blade Tidwell,SP,59.069179950300025,9.420428883190056,0.0,-8.575027128401926,1.7763568394002505e-15,0.0,59.91458170508815,0.0
676775,Keaton Winn,RP,28.421834986103576,14.261627573994552,0.0,-13.154701642939965,0.0,0.0,29.528760917158163,0.0
667463,John King,RP,40.57560097374735,-5.754210018474858,0.0,-6.129783729607993,0.0,0.0,28.691607225664498,0.0
641793,Zack Littell,SP,127.63449928905138,-24.87015667211432,0.0,-20.11358720262972,-3.552713678800501e-15,1.4210854715202004e-14,82.65075541430734,0.0
605483,Blake Snell,SP,90.88081459951646,25.48881290954212,0.0,-36.84871958141311,0.0,-1.4210854715202004e-14,79.52090792764545,0.0
489446,Kirby Yates,RP,30.66261703076237,7.0961291074908885,0.0,-20.052239154666918,0.0,0.0,17.70650698358634,0.0
695549,Jackson Jobe,SP,67.08300365287789,20.424358177182015,0.0,-19.049963053247602,0.0,0.0,68.45739877681231,0.0
663855,Jordan Hicks,RP,35.36792172778945,-0.6261362891868387,0.0,-15.180725132295414,0.0,0.0,19.561060306307198,0.0
593974,Wandy Peralta,RP,37.07599815440076,12.770169361390849,0.0,-9.152153782383635,0.0,0.0,40.69401373340797,0.0
669713,Hayden Wesneski,SP,58.20289629174697,64.97602223270773,0.0,-15.532366081792539,0.0,-2.842170943040401e-14,107.64655244266214,0.0
621097,Jacob Waguespack,RP,29.18562127341826,16.066648983929557,0.0,-9.162462793523588,0.0,0.0,36.08980746382423,0.0
685299,Tanner Gordon,SP,63.8397111575935,-2.892031489348568,0.0,-9.351532269533138,0.0,0.0,51.59614739871179,0.0
681320,Nate Lavender,RP,28.02025581169147,6.214618582497366,0.0,-1.8294477316038638,0.0,0.0,32.40542666258497,0.0
650960,Daniel Duarte,RP,26.809133198394942,6.149170597219449,0.0,-6.15592022756206,0.0,0.0,26.80238356805233,0.0
544150,Albert Suarez,RP,29.840755694078158,38.66341927218053,0.0,-26.445449376719807,0.0,0.0,42.05872558953888,0.0
837227,Tatsuya Imai,SP,83.29220357393879,-4.118239413978813,0.0,-42.826865836020104,0.0,1.4210854715202004e-14,36.34709832393989,0.0
696270,Ryan Johnson,SP,97.59799786121673,-27.340397214275256,0.0,-8.903626771903795,0.0,0.0,61.353973875037674,0.0
623465,Evan Phillips,RP,34.63782223620203,6.774077292503307,0.0,-3.1814831452891994,0.0,0.0,38.230416383416134,0.0
592791,Jameson Taillon,SP,104.2974349584324,4.0468655652843495,0.0,-31.304790219821943,0.0,2.842170943040401e-14,77.03951030389484,0.0
606996,Kyle Hart,RP,43.46003694634189,3.314234735384396,0.0,-19.648874975495737,0.0,0.0,27.125396706230546,0.0
592094,Jason Adam,RP,36.61923990498813,1.8575135656063182,0.0,-10.558589115625637,0.0,0.0,27.91816435496881,0.0
680570,Grayson Rodriguez,SP,108.08441637609421,3.038112299054106,0.0,-7.4426581027184255,7.105427357601002e-15,1.4210854715202004e-14,103.67987057242992,0.0
601713,Nick Pivetta,SP,114.23203246909134,-6.996991663629331,0.0,-44.47976662733417,0.0,-1.4210854715202004e-14,62.75527417812782,0.0
571927,Steven Matz,RP,41.381016028253185,14.840969061940775,0.0,-15.569662986563038,0.0,0.0,40.65232210363092,0.0
673540,Kodai Senga,RP,22.82418945892,45.577283436933214,0.0,-39.85364951680946,0.0,3.552713678800501e-15,28.547823379043756,0.0
666157,Nick Lodolo,SP,103.94061881869588,5.078526277096486,0.0,-15.902346408148823,0.0,0.0,93.11679868764355,0.0
573124,Taylor Rogers,RP,32.014392224335175,9.187886667801344,0.0,-7.973231188413578,0.0,7.105427357601002e-15,33.22904770372295,0.0
669194,Ryne Nelson,SP,111.49672801202907,-33.60041080260696,0.0,-14.947871064571501,0.0,1.4210854715202004e-14,62.94844614485062,0.0
656288,Griffin Canning,RP,45.50572296192479,38.687665851781844,0.0,-16.024108866927776,0.0,-1.4210854715202004e-14,68.16927994677884,0.0
640448,Kyle Finnegan,RP,38.98324397692569,3.464139439696588,0.0,-12.285010791284293,0.0,-3.552713678800501e-15,30.162372625337984,0.0
689147,Orion Kerkering,RP,58.21747714121389,-13.894767120248098,0.0,-2.346138430647862,0.0,-7.105427357601002e-15,41.976571590317924,0.0
664141,JT Brubaker,RP,37.42675448861547,-0.6067671328073487,0.0,-9.175925492418497,0.0,-3.552713678800501e-15,27.644061863389624,0.0
453286,Max Scherzer,SP,100.70074169622703,-0.5877688077708001,0.0,-61.95141044321619,1.7763568394002505e-15,0.0,38.16156244524004,0.0
696146,Hagen Smith,RP,43.60127713920817,8.652627123801778,0.0,-3.622354628046935,0.0,0.0,48.631549634963015,0.0
663423,Trent Thornton,RP,42.20793131171789,-5.172757188620352,0.0,-7.619242131238547,0.0,0.0,29.415931991858994,0.0
642048,Tayler Saucedo,RP,27.049396890860997,7.605760689518753,0.0,-7.936382451081208,0.0,0.0,26.718775129298542,0.0
622663,Luis Severino,SP,105.77210217743837,-24.218026395762394,0.0,-33.529201797166685,0.0,3.552713678800501e-14,48.02487398450933,0.0
592779,Brock Stewart,RP,20.94690193417034,14.017514227525133,0.0,-14.60222821021669,0.0,0.0,20.362187951478784,0.0
815083,Mitch Farris,RP,50.32552035422109,13.913573364719703,0.0,-7.577706676222753,0.0,0.0,56.66138704271804,0.0
663878,Nate Pearson,RP,37.27267350255111,-3.1373506519922856,0.0,-13.28525348050924,0.0,0.0,20.85006937004958,0.0
571945,Miles Mikolas,RP,37.75342465753425,31.012048486615235,0.0,-37.85268649564958,0.0,-3.552713678800501e-15,30.9127866484999,0.0
621237,Jose Alvarado,RP,45.734123763080824,0.1758044526217688,0.0,-4.540477383677128,0.0,0.0,41.369450832025464,0.0
641745,Brad Keller,RP,44.209248772132206,-10.979469735206983,0.0,-11.975807976534263,0.0,0.0,21.25397106039096,0.0
683004,Jack Leiter,SP,100.46329169138903,-14.834103654438266,0.0,-32.47359694199219,-1.7763568394002505e-15,-1.4210854715202004e-14,53.15559109495856,0.0
681810,Austin Warren,RP,24.784144304335157,13.702314128074228,0.0,-4.434410703489036,0.0,0.0,34.05204772892035,0.0
643410,Mark Leiter Jr.,RP,32.42997964031218,11.438170936864502,0.0,-22.456767893545486,0.0,0.0,21.4113826836312,0.0
681916,Dylan Smith,RP,31.317411669951895,2.113348264888934,0.0,-2.8924997562826356,0.0,0.0,30.538260178558193,0.0
690928,Hunter Dobbins,SP,65.46978818283168,6.090839406722466,0.0,-6.744738305036057,0.0,0.0,64.8158892845181,0.0
703725,Luis Gastelum,RP,40.03565299721877,8.319732771570216,0.0,-4.545683888985906,0.0,0.0,43.80970187980308,0.0
664076,Garrett Cleavinger,RP,45.00326086956522,-5.952392048473548,0.0,-10.232429704349311,0.0,-7.105427357601002e-15,28.81843911674235,0.0
573204,Caleb Thielbar,RP,30.39344627730717,1.8799694406761773,0.0,-13.68047150490003,0.0,0.0,18.592944213083317,0.0
702273,Noah Schultz,SP,100.40653673565065,-26.956643352901622,0.0,-7.2385713127460605,-1.7763568394002505e-15,0.0,66.21132207000296,0.0
681347,Mike Burrows,SP,98.76381263563435,-18.436233722472068,0.0,-10.586693108127523,0.0,0.0,69.74088580503476,0.0
656638,Alex Lange,RP,36.510785855268615,5.603806038868811,0.0,-18.839147081665715,0.0,0.0,23.27544481247171,0.0
681895,Evan Sisk,RP,29.232827181618195,9.913658639380603,0.0,-2.648659444148997,0.0,0.0,36.4978263768498,0.0
694361,Will Klein,RP,29.29364466785516,2.064539561039826,0.0,-4.807914146806343,0.0,0.0,26.55027008208864,0.0
678906,Kai-Wei Teng,RP,43.97014143826824,25.468827793030954,0.0,-16.754275778325848,0.0,0.0,52.68469345297335,0.0
607455,Anthony Banda,RP,38.86270862101769,-4.946395075364698,0.0,-17.488205644859402,0.0,0.0,16.428107900793588,0.0
801403,Chase Dollander,RP,46.77142454756707,18.822765986940176,0.0,-16.415054150777628,0.0,0.0,49.17913638372962,0.0
683627,Anthony Molina,SP,64.86477027473703,4.2295121397263244,0.0,-5.948700602908547,0.0,0.0,63.145581811554806,0.0
668873,Caleb Kilian,RP,31.032091517966272,4.788469622983293,0.0,-11.365823537021285,0.0,0.0,24.45473760392828,0.0
518886,Craig Kimbrel,RP,32.049943635290184,-3.6098471329653137,0.0,-18.286574990103105,0.0,0.0,10.153521512221765,0.0
675848,Juan Mejia,RP,54.60797901769903,-15.594365367461151,0.0,-4.291271433203853,0.0,0.0,34.722342217034026,0.0
695380,Alex Hoppe,RP,40.417027535675786,-5.006400518454761,0.0,-4.251360944063727,0.0,0.0,31.159266073157298,0.0
677976,Randy Dobnak,SP,80.11956292128356,-13.39624134690905,0.0,-7.192893960797093,1.7763568394002505e-15,7.105427357601002e-15,59.53042761357742,0.0
694037,Daniel Palencia,RP,37.85019906208714,0.14699070694977223,0.0,-6.462777521072709,0.0,-7.105427357601002e-15,31.534412247964198,0.0
668678,Zac Gallen,SP,135.27947085273144,-24.823359095453924,0.0,-19.403284575129742,3.552713678800501e-15,0.0,91.05282718214778,0.0
663568,Stephen Kolek,SP,78.51751987745277,-5.258882070170557,0.0,-14.027090687157548,0.0,-7.105427357601002e-15,59.23154712012466,0.0
682989,Victor Mederos,RP,25.929757924532023,29.167549909878527,0.0,-10.835986763330823,0.0,-7.105427357601002e-15,44.26132107107972,0.0
668933,Graham Ashcraft,RP,42.31372045981548,8.400055229838273,0.0,-16.835303521760814,0.0,0.0,33.87847216789294,0.0
646241,Enmanuel De Jesus,RP,28.842499535565878,10.685799434479087,0.0,-16.891836586926395,0.0,0.0,22.63646238311857,0.0
687911,Bryan King,RP,51.212843609562476,-5.001806336732244,0.0,-6.576226109202267,0.0,0.0,39.634811163627965,0.0
665795,Edward Cabrera,SP,96.7625736253906,-13.721354967495287,0.0,-19.962767130362003,0.0,-7.105427357601002e-15,63.0784515275333,0.0
805345,Trent Harris,RP,29.144663088849132,3.500802512229729,0.0,-2.7556205326516583,0.0,0.0,29.889845068427203,0.0
701519,Travis Adams,RP,46.23997117483734,-5.703979202396326,0.0,-3.113177022554048,0.0,0.0,37.42281494988697,0.0
625643,Reynaldo Lopez,SP,80.37594553950223,33.889877253735165,0.0,-7.729057450991434,7.105427357601002e-15,-4.263256414560601e-14,106.53676534224591,0.0
571948,Hoby Milner,RP,33.32117790627978,3.6480500953221693,0.0,-11.561541703035061,0.0,0.0,25.407686298566887,0.0
669270,Joel Kuhnel,RP,27.899880026316808,5.317645596514112,0.0,-7.851214587605604,0.0,0.0,25.366311035225316,0.0
690829,Ben Joyce,RP,23.197878775183014,5.9394695780067295,0.0,-9.683212965194773,0.0,0.0,19.45413538799497,0.0
688642,Zach Agnos,RP,53.28133168691191,-9.204609183920475,0.0,-8.790163447655154,0.0,0.0,35.286559055336284,0.0
670103,Raymond Burgos,RP,20.39921892267939,11.035879462572101,0.0,-15.260671753555922,0.0,0.0,16.174426631695567,0.0
696062,Wilber Dotel,RP,45.53189916203084,-12.163723527884336,0.0,-7.095700938313627,0.0,-7.105427357601002e-15,26.27247469583287,0.0
687273,Quinn Mathews,SP,71.33571480822218,31.660382042125633,0.0,-5.168020586237791,0.0,-2.842170943040401e-14,97.82807626411,0.0
592866,Trevor Williams,RP,27.057614365776562,38.68380273267741,0.0,-25.029936249438634,0.0,-1.4210854715202004e-14,40.71148084901532,0.0
677020,Josh Walker,RP,19.311088387984938,16.487353530266525,0.0,-8.86639196577666,0.0,0.0,26.932049952474802,0.0
656756,Jordan Montgomery,RP,26.61571508355888,14.29019419293316,0.0,-26.278703698965465,0.0,-3.552713678800501e-15,14.62720557752657,0.0
686790,Trevor McDonald,SP,64.57335353657797,17.65329128236148,0.0,-13.631628299102271,1.7763568394002505e-15,2.842170943040401e-14,68.5950165198372,0.0
669456,Shane Bieber,SP,63.587182883065886,56.70274806780713,0.0,-12.804018054247805,-3.552713678800501e-15,1.4210854715202004e-14,107.48591289662521,0.0
702275,J.R. Ritchie,SP,78.26837592373215,2.8258670415384017,0.0,-11.890535553541449,-1.7763568394002505e-15,0.0,69.2037074117291,0.0
696147,Sam Bachman,RP,33.22488800879485,-0.8487313006797308,0.0,-6.069861546217091,0.0,0.0,26.306295161898028,0.0
666374,Matt Brash,RP,39.56483644859813,-10.002564299451464,0.0,-4.141911199202731,0.0,-3.552713678800501e-15,25.42036094994393,0.0
699823,Tyler Davis,RP,32.043128258259735,-4.869616296971813,0.0,-9.809087061211802,0.0,0.0,17.36442490007612,0.0
676571,PJ Poulin,RP,28.985722089686416,4.8820602517862675,0.0,-12.681494539880944,0.0,0.0,21.18628780159174,0.0
676428,Brant Hurter,RP,42.20722097967522,10.84002778835604,0.0,-15.687960118873882,0.0,1.4210854715202004e-14,37.35928864915739,0.0
673380,Dedniel Nunez,RP,24.917798509856766,11.61646495752391,0.0,-6.4722424296544006,0.0,0.0,30.062021037726275,0.0
669947,Jesse Scholtens,RP,37.23371077453461,17.57893118255336,0.0,-21.224923684200476,0.0,0.0,33.58771827288749,0.0
807739,Kade Anderson,SP,66.05276973031829,17.653675670919313,0.0,-6.709874788188806,0.0,0.0,76.99657061304879,0.0
804636,Jonah Tong,SP,55.46654164713237,30.245480611513166,0.0,-8.345260089775277,-3.552713678800501e-15,-1.4210854715202004e-14,77.36676216887024,0.0
814490,Ethan Pecko,SP,63.751189653470234,-8.317531259810316,0.0,-11.850868412571623,1.7763568394002505e-15,0.0,43.5827899810883,0.0
657612,Tim Hill,RP,42.88721608384423,-7.935903425601104,0.0,-5.749114723120307,0.0,3.552713678800501e-15,29.202197935122822,0.0
668831,Garrett Stallings,RP,21.820816022158304,15.974332353501175,0.0,-8.54355919111562,0.0,0.0,29.25158918454386,0.0
699044,Miguel Ullola,RP,29.69886337906987,6.415413093541304,0.0,-8.272966494955291,0.0,0.0,27.841309977655882,0.0
687941,Alec Gamboa,RP,30.46173307259839,6.2289274425553,0.0,-8.218824577981707,0.0,0.0,28.47183593717198,0.0
571578,Patrick Corbin,SP,70.81394059944577,22.046196477475576,0.0,-46.1951630567674,1.7763568394002505e-15,0.0,46.66497402015395,0.0
695378,Jack Sinclair,RP,20.631353607632676,5.751175683468155,0.0,-9.320892526103783,0.0,0.0,17.061636764997047,0.0
605447,Jordan Romano,RP,35.01927671006406,-5.580391297838187,0.0,-11.588257249342668,0.0,0.0,17.850628162883208,0.0
686934,Alex McFarlane,RP,29.34824583025224,2.930473432405691,0.0,-3.263641683333745,0.0,0.0,29.015077579324185,0.0
656529,Sam Hentges,RP,32.77419282808376,6.202884900411306,0.0,-8.351319052014617,0.0,0.0,30.62575867648045,0.0
642701,Dennis Santana,RP,55.969172131823726,-18.21413450043054,0.0,-5.33845987781293,0.0,-7.105427357601002e-15,32.41657775358025,0.0
678061,Ray Kerr,RP,23.705842391304344,12.02960932130646,0.0,-12.978445798768714,0.0,0.0,22.75700591384209,0.0
687312,Gabriel Hughes,SP,70.00579157070088,-12.372261362505618,0.0,-5.573604883284846,0.0,-7.105427357601002e-15,52.05992532491041,0.0
663776,Patrick Sandoval,SP,69.17851973958562,-1.7311010703721195,0.0,-20.65378785641478,1.7763568394002505e-15,-7.105427357601002e-15,46.79363081279872,0.0
623474,Jimmy Herget,RP,44.91166632911703,-14.005142771806202,0.0,-9.54035778501655,0.0,0.0,21.36616577229428,0.0
669060,Bryse Wilson,RP,55.049414705543775,-13.132488192299768,0.0,-9.080223428379398,0.0,0.0,32.83670308486461,0.0
686993,Justin Sterner,RP,42.639821648648066,-9.60611856873799,0.0,-12.772291932979591,0.0,0.0,20.261411146930485,0.0
595014,Blake Treinen,RP,25.6804931994701,10.142076742475716,0.0,-28.47382601471562,0.0,1.7763568394002505e-15,7.348743927230197,0.0
594580,Sam Moll,RP,32.98163532485084,2.2067453209999996,0.0,-7.987820214337546,0.0,0.0,27.200560431513296,0.0
579328,Yusei Kikuchi,SP,125.61266507496157,2.239635384634738,0.0,-42.50783084708263,-3.552713678800501e-15,-1.4210854715202004e-14,85.34446961251366,0.0
656240,Scott Blewett,RP,32.3680690012178,10.609686617774429,0.0,-26.76089955557722,0.0,0.0,16.216856063415005,0.0
687531,William Kempner,RP,24.184331607920466,7.9069749762297015,0.0,-6.705906538287586,0.0,7.105427357601002e-15,25.38540004586259,0.0
695049,Brett Kerry,RP,22.472069171138934,12.318654024670401,0.0,-8.591837250725877,0.0,0.0,26.198885945083457,0.0
573009,Joe Mantiply,RP,21.44868777031776,11.229522547554026,0.0,-20.440638948432905,0.0,-5.329070518200751e-15,12.237571369438877,0.0
663992,Richard Lovelady,RP,26.753799240350965,3.433298104422402,0.0,-19.12523164216185,0.0,-1.7763568394002505e-15,11.061865702611515,0.0
668390,Cole Winn,RP,40.655853011295356,-5.7267949886796785,0.0,-12.190874116659437,0.0,0.0,22.73818390595624,0.0
660761,Jose Suarez,RP,43.18120395999004,3.929950904872122,0.0,-12.705598555340337,0.0,0.0,34.40555630952183,0.0
676454,Brendan Cellucci,RP,18.34890965732087,8.85959363657711,0.0,-2.9365536353006547,0.0,-3.552713678800501e-15,24.271949658597322,0.0
685126,Brandon Eisert,RP,41.533501640588405,-3.067174487474496,0.0,-9.872276626639099,0.0,0.0,28.59405052647481,0.0
621074,Michael Rucker,RP,35.32505845509156,-0.08040156360129913,0.0,-5.528094763481761,0.0,0.0,29.716562128008498,0.0
681867,Cooper Criswell,RP,29.33506242148693,12.265682814789216,0.0,-14.545029146379711,0.0,0.0,27.055716089896436,0.0
679885,Justin Martinez,RP,35.82674507318333,-0.41323560988460883,0.0,-11.159950121386558,0.0,0.0,24.253559341912165,0.0
702303,Riley Martin,RP,18.12694704049844,2.912668918633205,0.0,-5.4764630376921755,0.0,0.0,15.56315292143947,0.0
686580,Justin Slaten,RP,37.613058248405004,3.025522120052017,0.0,-9.19926276116859,0.0,0.0,31.43931760728843,0.0
668964,Tobias Myers,RP,44.65328860164126,23.25353411727253,0.0,-6.4495415054988,0.0,1.4210854715202004e-14,61.457281213415,0.0
681676,Ryan Fernandez,RP,35.322327579853436,4.0425543603150444,0.0,-17.03058070077284,0.0,0.0,22.33430123939564,0.0
572955,Pierce Johnson,RP,31.508231631328613,8.245523640438101,0.0,-13.273851223868949,0.0,0.0,26.479904047897765,0.0
684974,Craig Yoho,RP,29.30860558275578,2.934969912210491,0.0,-4.83123404444672,0.0,0.0,27.412341450519552,0.0
682982,Daniel Espino,RP,26.508093007969762,4.417316399901839,0.0,-4.148237149122309,0.0,0.0,26.777172258749292,0.0
664299,Cristian Javier,SP,72.35644540359915,1.08652161085827,0.0,-19.81033251426321,-1.7763568394002505e-15,7.105427357601002e-15,53.63263450019422,0.0
665645,Kervin Castro,RP,17.41010137149672,8.210351576953467,0.0,-10.618931159523452,0.0,0.0,15.001521788926734,0.0
804926,Austin Peterson,RP,17.87028026237328,22.289344327810685,0.0,-9.503005705987917,0.0,0.0,30.65661888419605,0.0
801725,Luis De Leon,RP,26.2434227330779,16.99034588071011,0.0,-9.991703686505694,0.0,0.0,33.242064927282314,0.0
690978,Dax Fulton,RP,35.36779100063376,2.679367480927361,0.0,-6.777159000864117,0.0,0.0,31.269999480697003,0.0
695001,Alimber Santa,RP,26.721809476638594,-4.646659897012373,0.0,-5.29806196852963,0.0,0.0,16.77708761109659,0.0
678868,Eddy Yean,RP,23.151548763454112,3.47145935099935,0.0,-5.024490486101804,0.0,0.0,21.598517628351658,0.0
679883,Luinder Avila,SP,73.47715313619017,-20.106205261497784,0.0,-16.058645711416723,-1.7763568394002505e-15,-7.105427357601002e-15,37.31230216327565,0.0
675916,James Karinchak,RP,20.95622988505747,3.616973599836971,0.0,-10.081891141594573,0.0,0.0,14.49131234329987,0.0
666745,Jhony Brito,RP,24.485241063254776,9.234989148074163,0.0,-13.457162004690677,0.0,0.0,20.263068206638263,0.0
676604,Tyler Zuber,RP,23.4511491565291,12.480233448790532,0.0,-6.746842506559002,0.0,-3.552713678800501e-15,29.18454009876063,0.0
701121,Logan VanWey,RP,18.162857717115244,12.071656650910288,0.0,-8.167779451809558,0.0,0.0,22.066734916215974,0.0
543238,Anthony Gose,RP,13.53621598084041,13.800182583868267,0.0,-15.104593648802352,0.0,0.0,12.231804915906325,0.0
689818,David Sandlin,SP,64.90431153694192,1.3713351881873876,0.0,-6.300085869860768,-3.552713678800501e-15,-2.1316282072803006e-14,59.97556085526851,0.0
676395,Robert Garcia,RP,44.4073519251789,-17.838699286485166,0.0,-6.4787877782516325,0.0,0.0,20.089864860442102,0.0
683000,Riley Cornelio,RP,35.43395648469881,9.959143585243346,0.0,-17.348267143726485,0.0,3.552713678800501e-15,28.044832926215676,0.0
674073,Jack Weisenburger,RP,21.012461059190027,16.04390899006386,0.0,-9.43277285490916,0.0,0.0,27.623597194344725,0.0
690990,Cade Horton,SP,73.53600917812838,-7.467282662102605,0.0,-30.91892919653624,8.881784197001252e-16,0.0,35.14979731948954,0.0
664854,Ryan Helsley,RP,40.86766304347826,-6.674152279943904,0.0,-15.389778759853026,0.0,0.0,18.80373200368133,0.0
657044,Ryan Thompson,RP,33.326018231947536,0.4260058846040522,0.0,-15.076664193298843,0.0,0.0,18.675359923252746,0.0
668674,Lucas Erceg,RP,46.371914879501084,-9.58066400946489,0.0,-6.542721128738766,0.0,0.0,30.24852974129743,0.0
805326,Tyler Schweitzer,RP,39.45869099849516,-3.2452996240822145,0.0,-7.0292474881011024,0.0,0.0,29.18414388631184,0.0
680767,Victor Vodnik,RP,49.043025531839255,-15.485508804765637,0.0,-6.816766854320413,0.0,0.0,26.740749872753206,0.0
677955,Jaden Hill,RP,33.163842730948666,-2.0451920509584554,0.0,-9.045987208159868,0.0,0.0,22.072663471830342,0.0
681544,Wyatt Olds,RP,23.852605843768632,6.4623012972475316,0.0,-2.5363115602019235,0.0,0.0,27.77859558081424,0.0
605130,Scott Barlow,RP,44.74903565137874,-20.05245314632037,0.0,-17.008073572169728,0.0,-5.329070518200751e-15,7.68850893288864,0.0
656222,Jalen Beeks,RP,41.08306912402802,-11.733397079988698,0.0,-15.198679240930478,0.0,0.0,14.150992803108846,0.0
806188,Cade Gibson,RP,44.63090038975776,-7.235667980486355,0.0,-4.595851633941166,0.0,0.0,32.79938077533024,0.0
663574,Tony Santillan,RP,43.89101279885556,-12.092424123963017,0.0,-12.726651700309251,0.0,0.0,19.071936974583295,0.0
694795,Josh Ekness,RP,26.399565870763066,-0.6678642226979896,0.0,-7.2774774901704475,0.0,0.0,18.45422415789463,0.0
680604,Blas Castano,RP,20.518796191227985,2.3682289410626574,0.0,-9.809912154188737,0.0,0.0,13.077112978101905,0.0
683409,Angel Chivilli,RP,28.816566482996606,2.689441428643562,0.0,-16.415059417029127,0.0,0.0,15.090948494611041,0.0
685464,Cade Winquest,RP,22.848609609800555,0.4701093169175401,0.0,-3.3119917450596112,0.0,0.0,20.006727181658484,0.0
647315,Zach Pop,RP,20.452691283753417,7.782168475682077,0.0,-21.20825881453043,0.0,1.7763568394002505e-15,7.026600944905065,0.0
696070,Kendry Rojas,RP,25.21098198914051,13.270899618756683,0.0,-10.657779433009772,0.0,0.0,27.82410217488742,0.0
688158,David Morgan,RP,40.27593819546005,-10.031712486574246,0.0,-8.310279002473969,0.0,0.0,21.933946706411835,0.0
686930,Mason Barnett,RP,43.94622904171419,12.643507589970284,0.0,-14.189694669128158,0.0,0.0,42.400041962556315,0.0
675911,Spencer Strider,SP,95.19488355255217,12.875754298078363,0.0,-38.686125263551084,-3.552713678800501e-15,-1.4210854715202004e-14,69.38451258707943,0.0
676760,Ron Marinaccio,RP,21.06316973518711,18.09818966902062,0.0,-14.12619641993647,0.0,0.0,25.03516298427126,0.0
677161,Zack Kelly,RP,30.426554875520395,1.5934959312129422,0.0,-15.821675164685121,0.0,0.0,16.198375642048216,0.0
656234,Jake Bird,RP,44.73480324605727,-10.299226018221646,0.0,-13.375272610804274,0.0,0.0,21.06030461703135,0.0
605218,Carl Edwards Jr.,RP,10.876892853190054,18.826005777521512,0.0,-19.399120854414846,0.0,-3.552713678800501e-15,10.303777776296716,0.0
690279,Mason Adams,SP,57.69471605179098,7.899812183923132,0.0,-7.67686157487144,3.552713678800501e-15,7.105427357601002e-15,57.91766666084268,0.0
700249,Cade Povich,SP,84.3168878810292,-25.344261941359136,0.0,-15.026633671359198,0.0,0.0,43.94599226831087,0.0
686799,Jack Kochanowicz,SP,74.97117191694774,-20.686619390939,0.0,-25.952329972686464,0.0,0.0,28.332222553322275,0.0
621053,Tyler Ferguson,RP,36.2733058702041,0.22767265354521982,0.0,-20.04533973351967,0.0,3.552713678800501e-15,16.455638790229653,0.0
680899,Erik Tolman,RP,23.622516398330347,3.9746731132932425,0.0,-8.816739541883042,0.0,0.0,18.78044996974055,0.0
689017,Landon Knack,RP,17.93785138108042,8.009786893803877,0.0,-15.239442867419433,0.0,0.0,10.708195407464865,0.0
660787,Yerry De Los Santos,RP,27.65293983422961,3.762632325074847,0.0,-18.896706780648266,0.0,-1.7763568394002505e-15,12.518865378656189,0.0
665665,Reiver Sanmartin,RP,17.120888328492896,11.043694611170842,0.0,-15.313002462373206,0.0,0.0,12.851580477290533,0.0
672335,Cionel Perez,RP,27.465106283578606,3.3061837058917547,0.0,-7.680021859943487,0.0,0.0,23.091268129526874,0.0
571882,Derek Law,RP,34.600727243666576,-0.351597057147508,0.0,-19.74898467462955,0.0,0.0,14.500145511889517,0.0
621381,Matt Strahm,RP,45.50519961547945,-3.616099098466144,0.0,-16.815917602980214,0.0,0.0,25.07318291403309,0.0
680702,Joey Gerber,RP,12.962217550721098,14.024152348974342,0.0,-17.55801621790905,0.0,0.0,9.42835368178639,0.0
687309,Cooper Hjerpe,RP,22.500036984436946,7.455889341337848,0.0,-5.935419039047446,0.0,0.0,24.020507286727348,0.0
542888,Shawn Armstrong,RP,41.2278361481758,-4.6705908752901735,0.0,-20.103950946985996,0.0,0.0,16.453294325899627,0.0
674003,Cody Bradford,SP,63.62176204964574,2.607301467112663,0.0,-6.5725496936629195,0.0,1.4210854715202004e-14,59.656513823095494,0.0
621121,Lance McCullers Jr.,SP,46.95844599986321,2.804050339299401,0.0,-35.33569363420918,0.0,-3.552713678800501e-15,14.426802704953428,0.0
680730,Mitchell Parker,RP,38.447244605236705,24.071387953971694,0.0,-9.990634543420015,0.0,0.0,52.527998015788384,0.0
680916,Franco Aleman,RP,28.931174625378862,-2.748978256781811,0.0,-4.123887050110927,0.0,-7.105427357601002e-15,22.058309318486117,0.0
682825,Luis Mey,RP,29.04420453569808,13.491295305449128,0.0,-13.231131401975713,0.0,0.0,29.304368439171494,0.0
695239,Robby Ahlstrom,RP,36.69632644484643,-7.630750861052466,0.0,-4.294656695975451,0.0,0.0,24.77091888781851,0.0
676272,Bobby Miller,RP,17.217361910504486,22.316683899794263,0.0,-18.426737177243098,0.0,0.0,21.107308633055652,0.0
679358,Eric Orze,RP,30.412207691680933,3.9284412684648373,0.0,-11.996472338512547,0.0,0.0,22.344176621633224,0.0
681799,Ethan Roberts,RP,21.797207284282575,9.03230760760177,0.0,-20.810760229815667,0.0,0.0,10.018754662068677,0.0
605242,Michael Fulmer,RP,21.86683027595194,14.158666681105103,0.0,-19.70462047433303,0.0,0.0,16.320876482724014,0.0
815081,Mark Manfredi,RP,25.655947309298234,1.8101015311625304,0.0,-7.3778765401048645,0.0,0.0,20.0881723003559,0.0
666142,Cole Ragans,SP,95.03843973860691,3.878256168972868,0.0,-32.04144491364356,0.0,1.4210854715202004e-14,66.87525099393623,0.0
666711,Joel Peguero,RP,19.067609875336107,6.40211014629752,0.0,-13.33110552774091,0.0,0.0,12.138614493892717,0.0
622694,Elieser Hernandez,RP,17.866723170401333,6.192129003436296,0.0,-15.195853699188794,0.0,-1.7763568394002505e-15,8.862998474648833,0.0
676742,Cam Sanders,RP,20.852263016377417,3.3712335530593727,0.0,-11.322006324778016,0.0,3.552713678800501e-15,12.901490244658778,0.0
680573,Simeon Woods-Richardson,SP,84.39469623842257,-4.952549557524762,0.0,-13.485746931648587,0.0,0.0,65.95639974924921,0.0
702885,Cesar Perdomo,SP,57.003800967519005,-2.0101573967655852,0.0,-7.679367673367736,0.0,0.0,47.314275897385684,0.0
676620,Blake Weiman,RP,24.808877400028873,-2.628837315830104,0.0,-5.538781889809805,0.0,0.0,16.641258194388964,0.0
681402,Gus Varland,RP,26.569762894157908,8.877229435824315,0.0,-14.230925214604536,0.0,0.0,21.216067115377687,0.0
677961,Cole Wilcox,RP,20.304512466356847,6.374377404989918,0.0,-12.330369871645729,0.0,0.0,14.348519999701036,0.0
668970,Gavin Hollowell,RP,18.2096120512441,4.5133234143008885,0.0,-13.871394972063719,0.0,0.0,8.85154049348127,0.0
689225,Beau Brieske,RP,34.88803032545595,-1.7576342416453699,0.0,-15.520572634784877,0.0,0.0,17.609823449025704,0.0
672841,Carlos Vargas,RP,41.33349869827544,-8.684739165243968,0.0,-14.786098225914223,0.0,0.0,17.86266130711725,0.0
641401,Connor Brogdon,RP,26.13588761174968,1.911496540624519,0.0,-14.403127597238955,0.0,0.0,13.644256555135245,0.0
663978,Chris Paddack,SP,90.97402744980513,-40.127590734209626,0.0,-24.338436050554357,8.881784197001252e-16,-3.552713678800501e-15,26.50800066504115,0.0
676684,Will Vest,RP,49.23141943264643,-12.715150996033763,0.0,-11.637519887558721,0.0,0.0,24.87874854905395,0.0
663795,Justin Hagenman,RP,20.676697560455953,4.548296468931902,0.0,-12.194291081876914,0.0,0.0,13.03070294751094,0.0
543056,Danny Coulombe,RP,27.822278622748904,4.249847950606025,0.0,-22.242331884291367,0.0,0.0,9.829794689063561,0.0
608566,German Marquez,SP,57.46503406665468,-1.0898990190764337,0.0,-35.11336111388364,0.0,3.552713678800501e-15,21.26177393369461,0.0
682227,Brandon Williamson,SP,52.33902162545066,5.147561987465565,0.0,-21.235013471839352,0.0,7.105427357601002e-15,36.25157014107688,0.0
621016,Jose Cuas,RP,28.320267775214443,9.262634777342637,0.0,-17.18792015562264,0.0,0.0,20.39498239693444,0.0
687239,Ben Peoples,RP,25.3826040002367,2.342575446228281,0.0,-9.243060499469482,0.0,0.0,18.4821189469955,0.0
676755,Isaac Mattson,RP,32.57860990707415,-1.669583070174287,0.0,-11.706237122685437,0.0,0.0,19.20278971421443,0.0
669684,Chris Murphy,RP,34.09829614600292,1.0059400839908648,0.0,-15.640103654320228,0.0,0.0,19.46413257567356,0.0
572143,Burch Smith,RP,25.523474146887235,4.378342108064878,0.0,-21.867567335070472,0.0,-1.7763568394002505e-15,8.03424891988164,0.0
671212,Joe Boyle,SP,47.38437944235046,2.197856011415439,0.0,-17.202183516558478,0.0,7.105427357601002e-15,32.380051937207426,0.0
694335,Matt Svanson,RP,45.628927259770876,-1.639256520586322,0.0,-9.851401151778326,0.0,0.0,34.13826958740623,0.0
668881,Hunter Greene,SP,97.63500505173546,0.8734468668880169,0.0,-18.03691589447983,0.0,4.263256414560601e-14,80.47153602414369,0.0
691946,George Klassen,SP,52.21803707224335,0.007845690556486318,0.0,-19.87663592015668,1.7763568394002505e-15,7.105427357601002e-15,32.34924684264316,0.0
690953,Mick Abel,SP,52.34456876174313,8.146098406495142,0.0,-15.396481331196492,3.552713678800501e-15,7.105427357601002e-15,45.09418583704179,0.0
671345,Jason Foley,RP,45.23158549275781,-6.279201597941537,0.0,-9.790479182238734,0.0,0.0,29.161904712577538,0.0
669854,Ronel Blanco,SP,79.71634331484474,-5.449037345618748,0.0,-30.22280913561253,0.0,-7.105427357601002e-15,44.04449683361345,0.0
702752,Jonathan Pintaro,RP,21.044919170490243,7.408327353275283,0.0,-10.229163337070528,0.0,0.0,18.224083186694997,0.0
804619,John Klein,RP,20.24558129709175,7.827940371356931,0.0,-7.09893675615691,0.0,-3.552713678800501e-15,20.974584912291768,0.0
696131,Mason Black,RP,22.587021221606417,8.254657639727231,0.0,-12.030140054435307,0.0,0.0,18.81153880689834,0.0
694360,Beck Way,RP,27.722870872846205,-6.2384204544670645,0.0,-7.23928969694281,0.0,0.0,14.24516072143633,0.0
685112,Zach McCambley,RP,21.15692777138263,6.339624469479059,0.0,-9.077901967605456,0.0,0.0,18.418650273256233,0.0
701719,Tyler Samaniego,RP,25.753087942407134,-0.192874917715681,0.0,-6.103116270495317,0.0,0.0,19.457096754196137,0.0
677053,Andrew Nardi,RP,38.55983904465213,-0.0028928830118175597,0.0,-10.950825471734387,0.0,0.0,27.606120689905925,0.0
673929,Jordan Leasure,RP,35.94422235439511,-6.136299649026647,0.0,-16.061997777146367,0.0,1.7763568394002505e-15,13.745924928222097,0.0
656986,Bennett Sousa,RP,32.41392311525214,1.286118784120731,0.0,-6.821571091182069,0.0,-3.552713678800501e-15,26.878470808190798,0.0
669438,Mason Englert,RP,41.621677854584334,8.96032290804336,0.0,-9.166566670460163,0.0,0.0,41.41543409216753,0.0
664875,Justin Lawrence,RP,23.754795080237376,6.573714967406243,0.0,-15.868389182140657,0.0,0.0,14.460120865502962,0.0
676979,Garrett Crochet,SP,124.62035890841109,-45.09760230276619,0.0,-23.961120686827577,-1.7763568394002505e-15,7.105427357601002e-15,55.56163591881732,0.0
694397,Marco Raya,RP,18.51024575734103,3.9148233973047226,0.0,-7.130893744701925,0.0,0.0,15.294175409943826,0.0
694494,Ty Johnson,RP,19.13704213267057,13.917825669584122,0.0,-3.99022693649588,0.0,0.0,29.06464086575881,0.0
663362,Matt Waldron,RP,27.402359261854706,48.37923519548256,0.0,-18.272568642782794,0.0,0.0,57.50902581455447,0.0
676510,Nolan Hoffman,RP,14.318971400635546,10.545559476862865,0.0,-8.532513532091343,0.0,0.0,16.332017345407067,0.0
672629,Gerardo Carrillo,RP,23.4162558762796,2.4936441075481213,0.0,-8.15518369496533,0.0,0.0,17.75471628886239,0.0
695534,Chase Petty,RP,39.4754003632161,3.2504160368873727,0.0,-9.711590606508537,0.0,0.0,33.01422579359494,0.0
676664,J.P. Sears,SP,104.94543650412041,-21.59040004585836,0.0,-33.62824804153195,0.0,7.105427357601002e-15,49.72678841673011,0.0
608650,Dietrich Enns,RP,19.52803646352139,8.976621760727998,0.0,-20.125978291536224,0.0,0.0,8.378679932713162,0.0
693313,Carson Seymour,RP,33.46588243892636,4.98670459213227,0.0,-17.974219930772506,0.0,0.0,20.47836710028612,0.0
663893,Brendon Little,RP,40.07088425077569,-3.6997817417744514,0.0,-17.701186766058495,0.0,0.0,18.669915742942745,0.0
669620,Brady Basso,RP,29.696984139536934,13.621110764114032,0.0,-16.870212766517216,0.0,0.0,26.44788213713375,0.0
662144,Brian Keller,RP,14.052309782608694,7.9362790010866835,0.0,-10.225307520489274,0.0,-1.7763568394002505e-15,11.763281263206101,0.0
605441,Yacksel Rios,RP,10.01383339777463,11.000367439817193,0.0,-16.39514735823686,0.0,0.0,4.619053479354964,0.0
681973,Josh Hendrickson,RP,14.301480771279428,13.649659930762352,0.0,-12.680773683641727,0.0,-3.552713678800501e-15,15.27036701840005,0.0
621389,Ty Blach,RP,10.353028503562944,22.18785401583647,0.0,-25.989072157225905,0.0,3.552713678800501e-15,6.551810362173514,0.0
592826,Vince Velasquez,RP,12.64374503073671,10.667744373296664,0.0,-17.553507473942247,0.0,0.0,5.757981930091127,0.0
664074,Cody Ponce,SP,33.55741243814884,-16.387296948856807,0.0,-13.54167037554516,-1.1102230246251565e-16,0.0,3.6284451137468707,0.0
643361,Kevin Herget,RP,10.192185525844856,11.904771109550303,0.0,-20.382227042214204,0.0,1.3322676295501878e-15,1.7147295931809565,0.0
697811,Dylan Ross,RP,14.573694449332315,9.818633122837639,0.0,-15.54987261925552,0.0,1.7763568394002505e-15,8.842454952914435,0.0
686228,Juan Burgos,RP,16.881457366312713,5.6017911644130045,0.0,-15.329602224742539,0.0,0.0,7.1536463059831785,0.0
686730,Carson Spiers,RP,35.343523826752396,-1.1051830424426115,0.0,-20.420356561812,0.0,0.0,13.817984222497785,0.0
681520,Antoine Kelly,RP,14.817946311611628,4.946259707478866,0.0,-11.721830008150338,0.0,0.0,8.042376010940156,0.0
686751,Seth Johnson,RP,25.780025983850546,15.264968747275947,0.0,-12.124414567608916,0.0,0.0,28.920580163517577,0.0
694346,Trey Gibson,SP,60.09218551964512,-7.326674270771498,0.0,-17.021102949612413,0.0,0.0,35.74440829926121,0.0
642546,Jonathan Hernandez,RP,22.03565171688858,2.580986377801608,0.0,-16.443281766271,0.0,3.552713678800501e-15,8.173356328419192,0.0
683742,Jose Franco,RP,25.020998147943725,2.6534851834945243,0.0,-10.654509066722003,0.0,0.0,17.019974264716247,0.0
675627,Michael Grove,RP,26.916271439224456,2.097349146460484,0.0,-14.739314335422948,0.0,0.0,14.274306250261992,0.0
621383,Tanner Banks,RP,40.336253340814345,-2.6151719218977476,0.0,-17.91784772734711,0.0,0.0,19.80323369156949,0.0
657571,Caleb Ferguson,RP,43.12161611372067,-5.14562032159246,0.0,-21.009186614027556,0.0,0.0,16.966809178100654,0.0
664353,Jose Urquidy,RP,22.809501915708815,35.078894187942446,0.0,-22.860688209440063,0.0,0.0,35.0277078942112,0.0
671936,Adam Macko,RP,35.952016391502454,-5.043355691661489,0.0,-6.501771067062197,0.0,-7.105427357601002e-15,24.40688963277876,0.0
702047,Alex Cook,RP,17.695758624770694,2.7403485997205266,0.0,-8.894820553379253,0.0,0.0,11.541286671111967,0.0
500779,Jose Quintana,SP,68.95234252060514,2.2990921956678108,0.0,-45.413557753429856,0.0,1.4210854715202004e-14,25.83787696284311,0.0
676254,Ryan Walker,RP,52.86930128482749,-10.589994220275514,0.0,-7.38861691606477,0.0,0.0,34.89069014848721,0.0
680686,Josiah Gray,RP,15.241433021806852,15.696686031596247,0.0,-21.20766306433729,0.0,1.7763568394002505e-15,9.730455989065812,0.0
683352,Mitch Bratt,SP,60.65298696903029,0.4255760858844937,0.0,-16.85804398503818,1.7763568394002505e-15,1.4210854715202004e-14,44.220519069876616,0.0
692230,Carlos Rodriguez,RP,18.761456235476377,5.998358482356526,0.0,-8.331381704783066,0.0,-3.552713678800501e-15,16.428433013049833,0.0
621242,Edwin Diaz,RP,42.01639363180221,1.013227949586856,0.0,-9.244594423641466,0.0,0.0,33.7850271577476,0.0
608371,Lucas Sims,RP,28.327046644663422,-2.579638108866355,0.0,-17.142919510715345,0.0,-1.7763568394002505e-15,8.60448902508172,0.0
671109,Jake Eder,RP,14.967918440558632,9.733739198412438,0.0,-19.90299533926555,0.0,-8.881784197001252e-16,4.798662299705518,0.0
681084,Tanner Andrews,RP,13.09195536424299,8.150946202053786,0.0,-16.893043236776755,0.0,1.7763568394002505e-15,4.349858329520023,0.0
687721,Cameron Weston,RP,13.958706894724573,4.496685608795536,0.0,-7.494695383191029,0.0,0.0,10.96069712032908,0.0
670871,Guillo Zuniga,RP,13.435865050217132,7.071917905429913,0.0,-16.690145619082706,0.0,1.7763568394002505e-15,3.8176373365643403,0.0
700363,AJ Smith-Shawver,SP,41.39387633069813,5.448847076813955,0.0,-13.082120495428768,0.0,1.4210854715202004e-14,33.76060291208333,0.0
687606,Paxton Schultz,RP,28.91437564754058,8.53824036827509,0.0,-14.82056381506693,0.0,-3.552713678800501e-15,22.63205220074874,0.0
691951,Samuel Aldegheri,SP,36.63262623224853,15.690714164213311,0.0,-8.072954080599516,0.0,7.105427357601002e-15,44.250386315862336,0.0
689546,Nick Davila,RP,29.859577156407124,-6.466279311668533,0.0,-12.006526301056406,0.0,1.7763568394002505e-15,11.386771543682185,0.0
664208,Phil Maton,RP,45.01844773123137,-7.856051287942577,0.0,-14.39477380040859,0.0,3.552713678800501e-15,22.767622642880205,0.0
683175,Connor Phillips,RP,28.522520268364183,8.519626411082484,0.0,-11.455099886447698,0.0,0.0,25.58704679299897,0.0
667652,Jack Ralston,RP,21.264507455389882,13.267405465437598,0.0,-12.297911163575808,0.0,3.552713678800501e-15,22.234001757251676,0.0
694753,Khristian Curtis,RP,21.249874770412422,15.872599332472316,0.0,-11.350990699894293,0.0,0.0,25.771483402990444,0.0
688297,Chris Roycroft,RP,26.515707066194064,5.9489264723041835,0.0,-21.158178303250082,0.0,1.7763568394002505e-15,11.306455235248167,0.0
801434,Paul Gervase,RP,16.569530955257417,5.52700795684941,0.0,-5.662439501696554,0.0,0.0,16.434099410410273,0.0
689520,Cody Laweryson,RP,19.02367601246106,8.982270190224082,0.0,-7.964793524244541,0.0,0.0,20.0411526784406,0.0
702153,Brian Fitzpatrick,RP,17.93576863567962,-3.7726774793813895,0.0,-6.048113981428836,0.0,0.0,8.114977174869393,0.0
694820,Braxton Roxby,RP,15.90417329021177,5.306608009518641,0.0,-11.42522375938402,0.0,0.0,9.78555754034639,0.0
686560,Gavin Collyer,RP,27.998000760446942,-8.325106479107163,0.0,-7.273075041201315,0.0,0.0,12.399819240138465,0.0
657424,Matt Gage,RP,12.129960799122475,18.504534364583044,0.0,-25.621612009738392,0.0,0.0,5.0128831539671275,0.0
702474,Mike Paredes,SP,50.17763607740869,-10.176672110760926,0.0,-9.118790142900478,8.881784197001252e-16,-3.552713678800501e-15,30.882173823747287,0.0
663432,Tanner Rainey,RP,9.67160351112447,11.137239113940765,0.0,-17.453039639607017,0.0,1.7763568394002505e-15,3.3558029854582205,0.0
674370,Osvaldo Bido,RP,28.625078252744693,-6.075682824789698,0.0,-16.791360693153333,0.0,8.881784197001252e-16,5.7580347348016625,0.0
800600,Jackson Kent,SP,56.04896485586958,-3.439848784654977,0.0,-17.566215537841018,0.0,7.105427357601002e-15,35.04290053337359,0.0
621139,Brooks Kriske,RP,13.766497263922787,9.844673713396073,0.0,-20.789566961895687,0.0,4.440892098500626e-16,2.821604015423173,0.0
685801,Hunter Bigge,RP,20.320411758149188,9.179369375072532,0.0,-17.692089105289575,0.0,1.7763568394002505e-15,11.807692027932147,0.0
519141,Drew Pomeranz,RP,24.348023493697617,9.455907571854226,0.0,-27.355331028127324,0.0,0.0,6.448600037424519,0.0
476594,Robert Stock,SP,35.06010871397269,0.05855323226668929,0.0,-28.70006203767423,2.220446049250313e-16,-1.7763568394002505e-15,6.418599908565147,0.0
660604,Alan Rangel,RP,20.925318992911272,34.88035558610795,0.0,-19.1940274787301,0.0,0.0,36.611647100289126,0.0
592288,Kent Emanuel,SP,31.435577266115974,-7.762770173014591,0.0,-19.510586937577003,2.220446049250313e-16,3.552713678800501e-15,4.162220155524384,0.0
661563,Luis Gil,RP,29.8808663942709,6.588573202751672,0.0,-21.660677925522073,0.0,0.0,14.808761671500498,0.0
687931,Carson Whisenhunt,SP,44.6288528375054,6.9813721998932365,0.0,-14.96248639218026,0.0,-1.4210854715202004e-14,36.64773864521836,0.0
693308,Nick Frasso,RP,26.628547022602277,-3.3211162537114127,0.0,-11.719201744813358,0.0,0.0,11.588229024077506,0.0
684665,Luke Murphy,RP,27.29356096733855,-3.9348244498500726,0.0,-4.939685565258312,0.0,0.0,18.419050952230165,0.0
671162,Connor Thomas,RP,21.157951935327976,4.238022162436167,0.0,-13.459584616292075,0.0,0.0,11.936389481472068,0.0
687134,Bradley Blalock,RP,21.779395230487008,19.38970666136117,0.0,-11.468565554808166,0.0,0.0,29.700536337040013,0.0
594835,Marco Gonzales,RP,13.052177034503146,16.50634259928523,0.0,-25.046904260119092,0.0,-1.7763568394002505e-15,4.511615373669281,0.0
676680,Tom Cosgrove,RP,20.95396412148513,10.318332052408504,0.0,-17.115134032277435,0.0,0.0,14.157162141616197,0.0
663765,Jake Woodford,RP,26.265506210347606,8.30635507095936,0.0,-23.0842203929936,0.0,3.552713678800501e-15,11.487640888313368,0.0
655889,Manuel Rodriguez,RP,27.55704078645558,3.4437523714283067,0.0,-19.44245591645155,0.0,3.552713678800501e-15,11.55833724143234,0.0
694357,Ricky Tiedemann,RP,18.51024575734103,-3.164374566899504,0.0,-3.950197403232142,0.0,0.0,11.395673787209383,0.0
666619,Gregory Santos,RP,21.787258309123132,0.0316439054137021,0.0,-16.01950562201504,0.0,1.7763568394002505e-15,5.799396592521797,0.0
664129,Geoff Hartlieb,RP,8.330460910403998,22.510180861103493,0.0,-21.553985751222804,0.0,3.552713678800501e-15,9.28665602028469,0.0
680802,Ryan Weiss,RP,24.169243141810384,7.180108085761784,0.0,-18.512355308665125,0.0,0.0,12.836995918907043,0.0
691945,Carter Baumler,RP,18.262340680233784,-4.843136769767947,0.0,-7.10065655635205,0.0,0.0,6.318547354113788,0.0
663941,Tristan Beck,RP,38.35041010367429,-10.20947192674734,0.0,-11.505605290897456,0.0,0.0,16.635332886029495,0.0
683232,Nick Mears,RP,35.78326458777107,-12.98332592281184,0.0,-12.19755736240227,0.0,-1.7763568394002505e-15,10.602381302556962,0.0
678020,Seth Halvorsen,RP,32.619415615356786,1.7385224100757313,0.0,-11.425917063675836,0.0,0.0,22.93202096175668,0.0
669211,Keegan Akin,RP,44.30063807201738,-10.145766176688298,0.0,-15.683645492557524,0.0,0.0,18.471226402771556,0.0
675540,Xzavion Curry,RP,35.49251204631045,7.925180883402248,0.0,-23.285270428150337,0.0,-3.552713678800501e-15,20.13242250156236,0.0
695684,Elmer Rodriguez,SP,50.243893495797366,8.065673091684054,0.0,-7.032976892260077,0.0,-7.105427357601002e-15,51.27658969522134,0.0
689149,Chad Dallas,RP,23.316499226383502,11.654869112289635,0.0,-9.080875969765685,0.0,0.0,25.890492368907452,0.0
684442,Kohl Drake,SP,42.669303671665055,1.496732995073586,0.0,-8.879092861859622,0.0,0.0,35.286943804879016,0.0
657265,Peter Strzelecki,RP,20.666161132396763,4.268356863629403,0.0,-15.45067968650223,0.0,3.552713678800501e-15,9.48383830952394,0.0
691008,Max Rajcic,RP,20.09789780460382,3.4516376230711465,0.0,-10.392643485981402,0.0,0.0,13.156891941693566,0.0
642759,Julian Fernandez,RP,11.877128237043186,8.631959683572797,0.0,-14.675302071631823,0.0,-8.881784197001252e-16,5.833785848984159,0.0
669724,Brenan Hanifee,RP,33.01221800121696,4.557332619156917,0.0,-10.226932151676305,0.0,0.0,27.34261846869757,0.0
688883,Peyton Pallette,RP,25.233641191693955,-2.319929469243842,0.0,-6.689101493708396,0.0,0.0,16.224610228741717,0.0
671111,Sammy Peralta,RP,20.741754153407772,15.741530185449609,0.0,-23.929472452337023,0.0,1.7763568394002505e-15,12.553811886520359,0.0
642376,Jefry Yan,RP,17.46034804952114,6.068531072320209,0.0,-7.784899400710103,0.0,0.0,15.743979721131247,0.0
681751,Lazaro Estrada,RP,17.24070748597636,8.004707805974675,0.0,-13.896396151355358,0.0,0.0,11.349019140595676,0.0
679775,Kyle Backhus,RP,24.559868436199775,2.8563014228382606,0.0,-14.09092161606417,0.0,0.0,13.325248242973865,0.0
699008,Antwone Kelly,RP,29.324583126960533,7.682028714670217,0.0,-14.471817524490454,0.0,0.0,22.534794317140296,0.0
672442,Yovanny Cruz,RP,22.90784593177292,-1.291016251087136,0.0,-4.789013258640036,0.0,0.0,16.827816422045746,0.0
623437,Justin Topa,RP,25.170082318900576,10.255200853303975,0.0,-26.358249761327144,0.0,1.7763568394002505e-15,9.067033410877409,0.0
621366,Ryan Borucki,RP,26.013110371300886,3.761118538414312,0.0,-19.341239128135157,0.0,1.7763568394002505e-15,10.432989781580043,0.0
656786,Parker Mushinski,RP,14.29925074047183,12.720904247844292,0.0,-21.74583124919097,0.0,-8.881784197001252e-16,5.27432373912515,0.0
669920,Jason Alexander,SP,44.80266903779363,-13.081604425062274,0.0,-20.482833964743236,-4.440892098500626e-16,-3.552713678800501e-15,11.238230647988114,0.0
680723,Drew Rom,RP,25.655947309298234,4.962208379765759,0.0,-11.73912927705041,0.0,0.0,18.879026412013584,0.0
700842,Eduardo Rivera,SP,51.22262407072533,-24.22100117494322,0.0,-7.069215143770894,0.0,3.552713678800501e-15,19.932407752011223,0.0
675989,Cody Bolton,RP,19.04002239419559,11.719818780597166,0.0,-18.112142539327017,0.0,-3.552713678800501e-15,12.647698635465733,0.0
670183,Garrett Acton,RP,12.902373150569286,11.13201186132557,0.0,-13.209261417511282,0.0,0.0,10.825123594383573,0.0
700327,Welinton Herrera,RP,15.783289909161326,-0.7022684973450044,0.0,-7.929896563368731,0.0,0.0,7.151124848447591,0.0
689441,Coleman Crow,SP,51.94487544699679,-0.4582580630700548,0.0,-9.220540832051514,0.0,0.0,42.26607655187522,0.0
657756,Connor Seabold,RP,23.142380576967998,12.614518758143976,0.0,-23.829803908099116,0.0,0.0,11.927095427012858,0.0
686753,Drey Jameson,RP,20.511661268638473,4.179750643786772,0.0,-16.28774081419676,0.0,1.7763568394002505e-15,8.403671098228488,0.0
641312,Shaun Anderson,RP,11.508762045298859,18.656018537866775,0.0,-22.24390941311283,0.0,3.552713678800501e-15,7.920871170052806,0.0
656557,Tanner Houck,SP,76.23430777352772,-19.134047785252392,0.0,-29.615463069900574,0.0,3.552713678800501e-15,27.48479691837476,0.0
471911,Carlos Carrasco,RP,15.384463819516283,10.661789334418133,0.0,-22.96067008282014,0.0,1.3322676295501878e-15,3.0855830711142764,0.0
682769,Eiberson Castellano,RP,16.954851696655982,8.714130603495178,0.0,-9.224597097772342,0.0,0.0,16.444385202378818,0.0
592836,Taijuan Walker,SP,61.675033414757806,-25.97245685862648,0.0,-23.699436163224888,4.440892098500626e-16,3.552713678800501e-15,12.003140392906442,0.0
607481,Aaron Bummer,RP,36.863706540484486,-6.955577038415836,0.0,-14.764045418608754,0.0,3.552713678800501e-15,15.144084083459898,0.0
686796,Blake Walston,RP,17.713908120796102,5.380980137919568,0.0,-13.953584857474324,0.0,0.0,9.141303401241347,0.0
608337,Lucas Giolito,SP,93.11553535623041,-11.267379701692946,0.0,-32.343731792630024,1.7763568394002505e-15,-7.105427357601002e-15,49.50442386190743,0.0
663485,Cole Sands,RP,46.19862728088998,-14.942461250522484,0.0,-8.094660047152288,0.0,-3.552713678800501e-15,23.161505983215203,0.0
808825,Andrew Sears,SP,47.24489068441065,-7.0142415981344755,0.0,-10.553904423815398,0.0,-7.105427357601002e-15,29.67674466246077,0.0
669212,Eli Morgan,RP,29.660161907725445,4.13996077278582,0.0,-17.146428359811505,0.0,0.0,16.65369432069976,0.0
675919,Nick Raquet,RP,10.898886699166756,10.436536125857089,0.0,-15.136782013605512,0.0,0.0,6.198640811418333,0.0
689690,Alek Jacob,RP,19.65125298074235,3.8309200385539626,0.0,-15.626154509165271,0.0,-1.7763568394002505e-15,7.8560185101310385,0.0
694341,Brendan Beck,SP,34.44103539530268,0.8527527032124453,0.0,-17.03852341583675,0.0,7.105427357601002e-15,18.25526468267838,0.0
690155,Matt Pushard,RP,16.30141677767362,5.590924927828784,0.0,-10.104414721922877,0.0,0.0,11.787926983579526,0.0
687223,Carson Palmquist,SP,41.46091398662924,-19.996240781655374,0.0,-9.490389747564123,0.0,-3.552713678800501e-15,11.974283457409737,0.0
684049,Brandan Bidois,RP,22.043995535440505,1.4943961884637282,0.0,-11.114846583140958,0.0,0.0,12.423545140763276,0.0
802408,Brycen Mautz,RP,21.831352491690275,13.764087049486413,0.0,-13.152577552823153,0.0,0.0,22.442861988353535,0.0
669371,Cole Henry,RP,31.78500100495167,-7.224242117212466,0.0,-12.33307687126973,0.0,-1.7763568394002505e-15,12.227682016469474,0.0
691769,Philip Abner,RP,14.925817331774923,12.483690567512124,0.0,-13.214929466758653,0.0,0.0,14.194578432528393,0.0
676661,Max Lazar,RP,25.143779230728107,3.6062067196790117,0.0,-16.108798484475635,0.0,0.0,12.641187465931484,0.0
669145,Bruce Zimmermann,RP,13.985939858353653,17.58728900935221,0.0,-22.734605676712953,0.0,0.0,8.838623190992912,0.0
672582,Angel Zerpa,RP,41.13740529309351,-15.248841550025514,0.0,-16.195970764747216,0.0,-1.7763568394002505e-15,9.692592978320777,0.0
686610,Ken Waldichuk,RP,17.770643182528325,9.558320538195563,0.0,-22.011998987669024,0.0,1.7763568394002505e-15,5.316964733054865,0.0
682995,Hunter Barco,RP,17.170216972685235,20.841592687884333,0.0,-13.50084002533194,0.0,0.0,24.51096963523763,0.0
664849,Danny Young,RP,18.638686428197282,3.2944735809279067,0.0,-10.696315576105755,0.0,1.7763568394002505e-15,11.236844433019435,0.0
806960,Luis Morales,RP,18.586241442644848,19.055782688138372,0.0,-21.93386686231304,0.0,-1.7763568394002505e-15,15.70815726847018,0.0
669203,Corbin Burnes,SP,109.6273032532134,-22.855393635664527,0.0,-25.84373558911178,-1.7763568394002505e-15,0.0,60.92817402843709,0.0
814305,Yunior Tur,RP,20.38490363562409,10.862413009084847,0.0,-14.096488976683922,0.0,0.0,17.150827668025016,0.0
687849,Zak Kent,RP,20.888201687305735,4.690718739430103,0.0,-18.634017095816063,0.0,-8.881784197001252e-16,6.944903330919774,0.0
669310,CJ Van Eyk,RP,19.23986958738303,8.93899575559405,0.0,-15.13242160783729,0.0,0.0,13.046443735139789,0.0
668820,Max Kranick,RP,23.489632740595127,5.647714544620058,0.0,-20.884307661312487,0.0,0.0,8.253039623902698,0.0
681151,Jayden Murray,RP,16.310649629166296,9.73296293486488,0.0,-16.104936348112275,0.0,-1.7763568394002505e-15,9.938676215918898,0.0
678368,Valente Bellozo,RP,38.52946692320211,-7.979275982323415,0.0,-18.55835298602623,0.0,1.7763568394002505e-15,11.991837954852466,0.0
695034,Kade Morris,RP,19.296543663382867,20.792877508648875,0.0,-15.979487547769345,0.0,0.0,24.109933624262396,0.0
811315,Brody Hopkins,RP,18.014435603126536,17.530396202432115,0.0,-15.31227162337536,0.0,0.0,20.232560182183292,0.0
624522,Keegan Thompson,RP,22.8936515538527,8.80435476693151,0.0,-19.448202238692055,0.0,1.7763568394002505e-15,12.249804082092156,0.0
434378,Justin Verlander,SP,79.58187326926212,-12.18885701724463,0.0,-41.14458007577507,0.0,1.4210854715202004e-14,26.248436176242436,0.0
687209,Zach Maxwell,RP,19.844872477661404,8.06309760190815,0.0,-4.904146589657149,0.0,7.105427357601002e-15,23.003823489912413,0.0
606303,Joel Payamps,RP,36.52173913043479,-2.982766849843067,0.0,-11.46127904952164,0.0,3.552713678800501e-15,22.077693231070086,0.0
680704,Nick Sandlin,RP,30.3420852742955,4.36779306412663,0.0,-14.355313221919257,0.0,0.0,20.354565116502872,0.0
696136,Jordan Wicks,SP,37.21129606365159,-9.093720247109083,0.0,-9.100928967768638,0.0,0.0,19.016646848773867,0.0
676467,Colton Gordon,RP,21.46157108116762,13.60261576934002,0.0,-17.751330051971415,0.0,0.0,17.312856798536224,0.0
680689,Lyon Richardson,RP,21.377067883572092,2.346372449308756,0.0,-13.655851228844277,0.0,-1.7763568394002505e-15,10.06758910403657,0.0
702566,Owen Murphy,RP,24.11903582631665,12.8748353775764,0.0,-9.805896144589,0.0,0.0,27.18797505930405,0.0
455119,Chris Martin,RP,22.669962282728665,4.082938384717927,0.0,-20.807872796999128,0.0,8.881784197001252e-16,5.945027870447466,0.0
699151,Jedixson Paez,RP,16.15628064544887,19.072896031744225,0.0,-13.19562264504873,0.0,-3.552713678800501e-15,22.033554032144362,0.0
690440,Bradley Hanner,RP,17.217361910504486,4.089859262560253,0.0,-5.82252395661177,0.0,0.0,15.48469721645297,0.0
640451,Hunter Harvey,RP,30.74141291564605,-3.9084928629135476,0.0,-8.933410777032648,0.0,0.0,17.899509275699852,0.0
694646,Chayce McDermott,RP,15.365660911207769,5.383246076567129,0.0,-15.671667741626546,0.0,0.0,5.077239246148352,0.0
691384,Luis Perales,RP,15.518888226724936,22.27658828970222,0.0,-13.340396824482134,0.0,-3.552713678800501e-15,24.45507969194502,0.0
687287,Patrick Monteverde,RP,11.281930090442437,10.603274857235984,0.0,-16.417633201904437,0.0,-8.881784197001252e-16,5.467571745773983,0.0
682274,Yaramil Hiraldo,RP,17.95923866818795,6.336707383955904,0.0,-14.205177547435817,0.0,0.0,10.090768504708038,0.0
695445,Chase Lee,RP,24.36956863519003,2.0218310871244576,0.0,-14.295049294666539,0.0,0.0,12.09635042764795,0.0
605452,Joe Ross,RP,18.058319796842756,15.758013714025434,0.0,-29.461044932204665,0.0,1.7763568394002505e-15,4.355288578663528,0.0
694851,Andrew Hoffmann,RP,17.67729221108655,8.753925340599476,0.0,-13.289131265118346,0.0,0.0,13.142086286567679,0.0
688497,Taylor Rashi,RP,15.715662967188743,6.721259765726421,0.0,-10.154869646013768,0.0,0.0,12.282053086901396,0.0
687765,Mitch Spence,RP,39.580655331488074,-3.2676780377640213,0.0,-21.01867719039843,0.0,0.0,15.294300103325622,0.0
696522,Hayden Juenger,RP,22.252524672390855,2.5755149811227582,0.0,-14.06298141739811,0.0,0.0,10.765058236115504,0.0
692437,Winston Santos,RP,15.53538483205408,8.520140316245515,0.0,-10.750322067891798,0.0,0.0,13.305203080407797,0.0
700413,Tyler Uberstine,RP,14.153255129821483,5.762662623979468,0.0,-10.356556733088075,0.0,0.0,9.559361020712876,0.0
640454,Matt Krook,RP,10.239127398782571,12.722577822806134,0.0,-12.411652238629182,0.0,0.0,10.550052982959523,0.0
680951,Doug Nikhazy,RP,13.715525589723912,15.047831640733461,0.0,-17.97117200044178,0.0,1.7763568394002505e-15,10.792185230015596,0.0
646242,Jhonathan Diaz,RP,9.871277381816746,13.577866869598875,0.0,-17.689766051985114,0.0,0.0,5.7593781994305076,0.0
668834,Easton McGee,RP,18.134451625635208,9.764568171929245,0.0,-18.403404916813855,0.0,-1.7763568394002505e-15,9.495614880750596,0.0
663559,Bailey Falter,RP,17.16973460816728,28.079802980310294,0.0,-29.551782500900075,0.0,0.0,15.697755087577498,0.0
641585,J.P. France,RP,12.722345292000465,14.963083488547511,0.0,-21.178134172306393,0.0,0.0,6.507294608241583,0.0
621107,Zach Eflin,SP,95.8955031736711,-37.74823332371278,0.0,-26.97002568816515,1.7763568394002505e-15,7.105427357601002e-15,31.177244161793176,0.0
694462,Hurston Waldrep,SP,47.931162753565424,-6.039209375481455,0.0,-15.52591436975213,-8.881784197001252e-16,-7.105427357601002e-15,26.366039008331832,0.0
656212,Charlie Barnes,RP,11.716665189387223,8.354133496558612,0.0,-17.342133656161728,0.0,4.440892098500626e-16,2.7286650297841075,0.0
702352,Spencer Bivens,RP,38.59076854111794,-11.487667300505844,0.0,-17.424552369440995,0.0,-3.552713678800501e-15,9.678548871171095,0.0
681006,Josh Simpson,RP,18.378196765257798,5.978285791319049,0.0,-15.023972765329448,0.0,0.0,9.332509791247398,0.0
669298,TJ Shook,RP,16.72119575048925,3.6175009858028666,0.0,-8.469492068053908,0.0,0.0,11.86920466823821,0.0
681343,Shane Smith,SP,80.99324376386824,-9.802287082133631,0.0,-28.910488251157936,1.7763568394002505e-15,-7.105427357601002e-15,42.28046843057666,0.0
663465,Kolby Allard,RP,30.172118308482037,-6.603374545805604,0.0,-11.451147465179282,0.0,0.0,12.117596297497151,0.0
701474,Duncan Davitt,RP,17.655091450602058,8.839804281308357,0.0,-15.007541935190766,0.0,1.7763568394002505e-15,11.48735379671965,0.0
605154,John Brebbia,RP,23.676276877761413,11.103389235730564,0.0,-21.040530943032593,0.0,-1.7763568394002505e-15,13.739135170459383,0.0
676051,Codi Heuer,RP,13.769812951630193,13.072044232191566,0.0,-19.255492601757283,0.0,1.7763568394002505e-15,7.586364582064478,0.0
697812,Joe Rock,RP,17.442924906212248,4.827256490865739,0.0,-8.30932456679204,0.0,0.0,13.960856830285948,0.0
606965,Chris Devenski,RP,15.346110054634911,12.88605731643432,0.0,-24.134839616989378,0.0,8.881784197001252e-16,4.097327754079854,0.0
683155,Joey Estes,SP,57.62469368009817,-23.83946587131299,0.0,-10.277047219317204,4.440892098500626e-16,0.0,23.508180589467976,0.0
681168,Luis Curvelo,RP,19.324999816020906,5.683435638822477,0.0,-12.23540750726689,0.0,-3.552713678800501e-15,12.77302794757649,0.0
694363,Jared Shuster,RP,30.560581615401265,-2.7937694910523376,0.0,-22.003704911517254,0.0,-2.6645352591003757e-15,5.763107212831671,0.0
684320,Yariel Rodriguez,RP,32.6560215106331,-0.8354335436128792,0.0,-13.629564804700479,0.0,0.0,18.191023162319745,0.0
608344,Cole Irvin,RP,14.494455403613182,22.1918130094341,0.0,-21.445577022987088,0.0,-1.7763568394002505e-15,15.240691390060192,0.0
687792,DJ Herz,SP,57.65320580359103,25.632923376514547,0.0,-22.889268637492748,0.0,-7.105427357601002e-15,60.39686054261282,0.0
682445,Domingo Gonzalez,RP,17.436226680553272,1.4070619044880068,0.0,-9.524673353074952,0.0,0.0,9.318615231966326,0.0
592454,Tommy Kahnle,RP,24.79330637026143,-2.5203783942416393,0.0,-16.719126326184746,0.0,-8.881784197001252e-16,5.5538016498350435,0.0
687924,Julian Aguiar,RP,15.774047280904194,12.011427829811852,0.0,-9.922759914416947,0.0,0.0,17.8627151962991,0.0
623381,Thomas Pannone,SP,33.93446201610556,-13.596009357045965,0.0,-12.682959113505621,-2.220446049250313e-16,1.7763568394002505e-15,7.655493545553979,0.0
666129,Braxton Garrett,SP,60.304090581207795,-8.81606667055052,0.0,-13.62853579731647,0.0,0.0,37.8594881133408,0.0
642152,Lou Trivino,RP,17.514654854189736,2.365890796686081,0.0,-17.006632921906167,0.0,-4.440892098500626e-16,2.8739127289696493,0.0
688692,Jared Simpson,RP,14.811393810604104,6.526857866943997,0.0,-11.958557410078047,0.0,0.0,9.379694267470054,0.0
656686,Corbin Martin,RP,15.960223351657852,12.986708478497597,0.0,-22.40395695578715,0.0,8.881784197001252e-16,6.542974874368299,0.0
685005,Christian Roa,RP,14.205782674633193,7.781417531216588,0.0,-13.765384202782855,0.0,0.0,8.221816003066927,0.0
700270,Yilber Diaz,RP,12.80157979879199,9.145083862427258,0.0,-10.031387446604517,0.0,0.0,11.91527621461473,0.0
694350,Zach Brzykcy,RP,16.644530660500255,5.683206603944715,0.0,-14.370148818891357,0.0,-1.7763568394002505e-15,7.957588445553611,0.0
689981,River Ryan,SP,35.371837873527724,-6.149186914914118,0.0,-17.83893263082807,4.440892098500626e-16,0.0,11.383718327785537,0.0
657649,Jared Koenig,RP,41.19791666666667,-3.8615426295225745,0.0,-11.830966622713515,0.0,0.0,25.505407414430582,0.0
666201,Alek Manoah,RP,16.9516453582883,8.365071899514316,0.0,-19.380218088958042,0.0,1.7763568394002505e-15,5.936499168844575,0.0
676105,Jeff Criswell,RP,16.929433146351418,8.974935230086412,0.0,-13.420684202759327,0.0,0.0,12.483684173678503,0.0
676568,Ricky Vanasco,RP,13.50954458781548,7.3376432178141116,0.0,-14.549969794909636,0.0,0.0,6.297218010719956,0.0
701552,Andre Granillo,RP,19.559543979553748,5.912626604954507,0.0,-16.61504635629862,0.0,-1.7763568394002505e-15,8.857124228209633,0.0
693312,Kyle Nicolas,RP,30.568331954844922,-4.05660318692906,0.0,-20.70097478896111,0.0,0.0,5.810753978954754,0.0
608723,Austin Voth,RP,25.735488196292074,8.106265286108815,0.0,-23.79797769283789,0.0,1.7763568394002505e-15,10.043775789563002,0.0
641656,Ian Hamilton,RP,29.982213929110475,-8.824897058047569,0.0,-9.261988904668481,0.0,-1.7763568394002505e-15,11.895327966394424,0.0
702281,Robby Snelling,SP,35.98338963963964,-10.022439081963668,0.0,-11.29602893143434,0.0,0.0,14.664921626241632,0.0
672021,Eric Cerantola,RP,15.449205027328683,3.5461505580122736,0.0,-7.408962795340665,0.0,-3.552713678800501e-15,11.586392790000287,0.0
547184,Michael Kelly,RP,20.650003318190322,3.4182755703617715,0.0,-20.858023700575234,0.0,4.440892098500626e-16,3.2102551879768595,0.0
670912,Johan Oviedo,RP,14.202521913595472,37.38442263909961,0.0,-30.51540004589585,0.0,-3.552713678800501e-15,21.07154450679923,0.0
676702,Hunter Stratton,RP,19.444071795229952,5.001523717311695,0.0,-13.850815448430172,0.0,0.0,10.594780064111475,0.0
668716,Noah Murdock,RP,16.30805746671939,7.657040268190258,0.0,-16.95777131327812,0.0,8.881784197001252e-16,7.00732642163153,0.0
692030,Jose Corniell,RP,9.581326976559396,13.07175918528404,0.0,-11.629027732312961,0.0,1.7763568394002505e-15,11.024058429530477,0.0
676508,Ben Casparius,RP,32.90537246486561,-4.651066378437861,0.0,-18.812728310838544,0.0,0.0,9.441577775589202,0.0
682610,Roddery Munoz,RP,14.502409710057533,15.488305084877831,0.0,-13.302950523403297,0.0,-7.105427357601002e-15,16.68776427153206,0.0
670090,Wyatt Mills,RP,9.267188146309755,10.111011490072434,0.0,-16.459814012922532,0.0,1.3322676295501878e-15,2.9183856234596575,0.0
656457,Tyler Gilbert,RP,22.93821518924866,1.8806932852845968,0.0,-20.29037647841764,0.0,1.7763568394002505e-15,4.528531996115616,0.0
684516,Hancel Rincon,RP,15.783289909161326,21.046400174943415,0.0,-12.961451369306744,0.0,0.0,23.868238714797997,0.0
808970,Woo-Suk Go,RP,14.412411400003286,11.824671491017124,0.0,-11.797662124224896,0.0,0.0,14.439420766795514,0.0
669169,Jonathan Heasley,RP,12.099896113419701,14.775509599054724,0.0,-22.242481848310497,0.0,1.7763568394002505e-15,4.63292386416393,0.0
672578,Carlos Hernandez,RP,30.51652505499878,-6.832806385682435,0.0,-18.254669489613526,0.0,1.7763568394002505e-15,5.429049179702821,0.0
605335,Brandon Leibrandt,RP,12.83527487791955,7.396838595571635,0.0,-17.42674483769438,0.0,1.7763568394002505e-15,2.8053686357968086,0.0
664062,Tony Gonsolin,RP,12.55323369777213,29.228636106397417,0.0,-21.759538181997765,0.0,-3.552713678800501e-15,20.02233162217178,0.0
700187,Troy Taylor,RP,16.59848517225433,9.31074435876534,0.0,-12.635074912007576,0.0,0.0,13.274154619012092,0.0
681806,Andrew Wantz,RP,15.584078847284168,5.225569925193852,0.0,-14.33671582385281,0.0,0.0,6.4729329486252105,0.0
664192,Joey Lucchesi,RP,21.02905013532672,4.36180793789546,0.0,-17.543571961244552,0.0,8.881784197001252e-16,7.8472861119776285,0.0
686563,Jonathan Cannon,RP,15.362375744473411,26.766647183298304,0.0,-17.208544315484584,0.0,-7.105427357601002e-15,24.920478612287123,0.0
676130,Jose Butto,RP,42.15280518690282,-27.041809781368123,0.0,-10.109134093706741,0.0,0.0,5.001861311827952,0.0
686628,Blake Burkhalter,RP,13.958706894724573,6.933098308644832,0.0,-11.829696929353549,0.0,0.0,9.062108274015856,0.0
676910,Matt Seelinger,RP,7.675028068309401,11.566780598106675,0.0,-12.462132991079034,0.0,8.881784197001252e-16,6.779675675337042,0.0
681432,Luke Little,RP,15.473332424977366,9.184327847280686,0.0,-12.31407401997879,0.0,0.0,12.343586252279263,0.0
661527,Seth Martinez,RP,23.865564529867584,-3.2970032986041318,0.0,-15.781751938480618,0.0,8.881784197001252e-16,4.786809292782835,0.0
671131,Jackson Rutledge,RP,30.437787451236055,-7.8159672455824065,0.0,-15.974363245868584,0.0,0.0,6.647456959785064,0.0
676596,Josh Fleming,RP,18.012682005761892,4.6610842056204405,0.0,-16.311366588760684,0.0,1.7763568394002505e-15,6.36239962262165,0.0
664744,Jose Espada,RP,9.700188203543908,19.17278727825621,0.0,-18.5222737087217,0.0,1.7763568394002505e-15,10.35070177307842,0.0
642585,Felix Bautista,RP,28.605169882435437,1.429545855062262,0.0,-7.848136186619705,0.0,0.0,22.186579550877994,0.0
691548,Rolddy Munoz,RP,12.66421228884509,9.116488565465747,0.0,-9.003240295646226,0.0,0.0,12.777460558664611,0.0
678576,Wilkin Ramos,RP,13.325630741681078,5.589001640643744,0.0,-7.2648996142821325,0.0,0.0,11.64973276804269,0.0
675920,Seth Lonsway,RP,13.362963967964214,16.42491034178248,0.0,-18.694145991124486,0.0,-1.7763568394002505e-15,11.093728318622205,0.0
687985,Josh White,RP,12.475058566680158,7.5022228438530085,0.0,-11.673837752453363,0.0,0.0,8.303443658079804,0.0
608032,Carlos Estevez,RP,40.45080317813752,-24.41515717538247,0.0,-11.467065571163676,0.0,4.440892098500626e-15,4.568580431591376,0.0
687060,Blake Adams,RP,12.685356421522176,12.156590894313688,0.0,-12.719009736011754,0.0,0.0,12.122937579824109,0.0
669704,Kade Strowd,RP,17.20990075776094,0.08540401630045835,0.0,-10.858135733850812,0.0,8.881784197001252e-16,6.4371690402105886,0.0
641386,Ben Bowden,RP,12.646745617090446,6.475245081942958,0.0,-15.668655083525497,0.0,0.0,3.453335615507907,0.0
693713,Emiliano Teodo,RP,14.813191608970945,4.678410210231577,0.0,-7.412395006856183,0.0,0.0,12.079206812346339,0.0
628708,Yunior Marte,RP,12.41068368492584,11.494487524266205,0.0,-19.617712978067694,0.0,-1.7763568394002505e-15,4.287458231124349,0.0
529017,Alexander Cornielle,RP,14.33276377300432,20.31468525422469,0.0,-11.221832999617547,0.0,-3.552713678800501e-15,23.425616027611458,0.0
679922,Carlos Duran,RP,11.568702290076336,7.939952566404697,0.0,-9.18994905181095,0.0,0.0,10.318705804670083,0.0
663884,Nolan Kingham,RP,11.895736092383224,6.258127470466029,0.0,-11.611680781145198,0.0,0.0,6.542182781704055,0.0
686747,Joe La Sorsa,RP,16.729591329945563,5.73432138350757,0.0,-18.459808713106614,0.0,0.0,4.004104000346519,0.0
657376,Clarke Schmidt,RP,13.27161830518262,27.167471283822096,0.0,-13.721310802103105,0.0,-7.105427357601002e-15,26.717778786901604,0.0
605156,Aaron Brooks,RP,9.946152001918003,11.825630426780725,0.0,-19.64937929832854,0.0,8.881784197001252e-16,2.1224031303701887,0.0
701780,Tanner McDougal,RP,15.00932805018986,5.119869090698055,0.0,-11.352691932078317,0.0,0.0,8.776505208809597,0.0
680880,Grant Holman,RP,19.52717097356359,5.935953168317877,0.0,-20.245634947012313,0.0,-1.7763568394002505e-15,5.217489194869151,0.0
686654,Ty Adcock,RP,11.886091420190663,5.912410420807664,0.0,-15.587382279714612,0.0,0.0,2.2111195612837147,0.0
660896,Jorge Alcala,RP,42.671066507991796,-14.589123085788092,0.0,-18.54242974202389,0.0,1.7763568394002505e-15,9.53951368017981,0.0
518397,Scott Alexander,RP,21.86322657046276,5.917523999607269,0.0,-25.613818257731175,0.0,4.440892098500626e-16,2.166932312338855,0.0
622075,Yency Almonte,RP,26.23151321972948,-8.943361223111307,0.0,-15.182876319085311,0.0,1.7763568394002505e-15,2.1052756775328607,0.0
656186,Dan Altavilla,RP,17.58207694581697,-1.2644260022405653,0.0,-14.66833840939689,0.0,0.0,1.6493125341795132,0.0
640470,Adbert Alzolay,RP,34.694198870885984,-5.8831057063077346,0.0,-21.438054939103296,0.0,1.7763568394002505e-15,7.373038225474955,0.0
502624,Chase Anderson,RP,28.520250148898153,-4.257610029982388,0.0,-23.73700631456611,0.0,-1.4432899320127035e-15,0.5256338043496548,0.0
605121,Justin Anderson,RP,25.18646732222891,-5.107976851190841,0.0,-19.50697425940931,0.0,1.6653345369377348e-15,0.5715162116287597,0.0
542881,Tyler Anderson,SP,83.97525473497264,-35.74505120126293,0.0,-36.96427131514272,-4.440892098500626e-16,-1.7763568394002505e-15,11.265932218566986,0.0
542882,Matt Andriese,RP,10.828218834554212,8.01435868866835,0.0,-18.172549876899676,0.0,9.992007221626409e-16,0.670027646322887,0.0
678215,Luarbert Arias,RP,18.641706835436825,-6.862109579852307,0.0,-9.0767316223058,0.0,-8.881784197001252e-16,2.7028656332787167,0.0
687014,Nick Avila,RP,17.93785138108042,-6.8552764692505725,0.0,-9.742489365707847,0.0,8.881784197001252e-16,1.340085546122002,0.0
606930,Jacob Barnes,RP,24.766365646394416,-9.281183879053156,0.0,-14.891318736821361,0.0,-1.2212453270876722e-15,0.5938630305198972,0.0
657508,Mike Baumann,RP,29.36541944887628,-2.872125566441376,0.0,-19.27823822063225,0.0,0.0,7.215055661802655,0.0
595881,Tyler Beede,RP,19.500622932508485,6.03020036600422,0.0,-22.80894980383799,0.0,8.881784197001252e-16,2.721873494674715,0.0
686701,Ryan Bergert,SP,89.44917217331934,-29.67689453860649,0.0,-28.118432040316705,0.0,0.0,31.653845594396145,0.0
621244,Jose Berrios,SP,153.52373927395132,-65.73873267724332,0.0,-29.063113426167043,0.0,-7.105427357601002e-15,58.72189317054096,0.0
672860,Prelander Berroa,RP,19.855155818373216,5.653807337825707,0.0,-20.188710300398682,0.0,1.7763568394002505e-15,5.320252855800243,0.0
641360,Phil Bickford,RP,29.23547428306049,-11.025270067523639,0.0,-17.161772122943923,0.0,8.881784197001252e-16,1.0484320925929298,0.0
656232,Brandon Bielak,RP,21.615218406914273,2.675133989731691,0.0,-21.56352255688391,0.0,-2.220446049250313e-15,2.726829839762052,0.0
806185,Hayden Birdsong,RP,53.940452097975,-6.571027156915349,0.0,-27.758607621172132,0.0,0.0,19.610817319887516,0.0
814005,Jake Bloss,SP,47.13940238802352,-18.052178044141165,0.0,-17.77068896369453,0.0,3.552713678800501e-15,11.316535380187826,0.0
676961,Caleb Boushley,RP,22.930068069100162,-4.919322763699835,0.0,-15.609934963921752,0.0,-8.881784197001252e-16,2.400810341478574,0.0
621199,Matt Bowman,RP,16.66126689942682,6.244307570570559,0.0,-20.64446089238175,0.0,1.3322676295501878e-15,2.2611135776156295,0.0
518489,Ryan Brasier,RP,22.956450933769254,2.2057395792530237,0.0,-23.53051126150112,0.0,-6.661338147750939e-16,1.631679251521159,0.0
605155,Colten Brewer,RP,19.040337958786214,-3.4092860350207097,0.0,-14.915528472905969,0.0,1.1102230246251565e-16,0.7155234508595357,0.0
656257,Jeff Brigham,RP,15.61267367709785,4.1165364667443765,0.0,-18.758368055085906,0.0,-1.5543122344752192e-15,0.9708420887563192,0.0
685326,McCade Brown,SP,45.416254551815165,-21.016871696969023,0.0,-19.116873033909634,2.220446049250313e-16,-3.552713678800501e-15,5.282509820936507,0.0
656266,J.B. Bukauskas,RP,14.54327900287632,9.970872455225672,0.0,-20.763238273500676,0.0,-4.440892098500626e-16,3.7509131846013157,0.0
621114,Ryan Burr,RP,20.100652173913044,-4.264796468281967,0.0,-13.610169804986533,0.0,-2.220446049250313e-15,2.2256859006445437,0.0
641427,Alan Busenitz,RP,10.661355070726444,3.1622615598421024,0.0,-13.452430989296106,0.0,-3.3306690738754696e-16,0.3711856412724398,0.0
650893,Genesis Cabrera,RP,38.96592499925536,-13.43132279518915,0.0,-17.52511059133706,0.0,-1.7763568394002505e-15,8.009491612729144,0.0
692024,Alex Carrillo,RP,13.828452701051088,7.038025206719503,0.0,-17.94672922324478,0.0,4.440892098500626e-16,2.919748684525811,0.0
528748,Humberto Castellanos,RP,18.40031164175177,-2.411472934447982,0.0,-15.028461994592895,0.0,3.3306690738754696e-16,0.9603767127108934,0.0
620454,Jose Castillo,RP,17.03496846531184,-1.673072278295221,0.0,-14.059299297609773,0.0,-1.1102230246251565e-15,1.302596889406847,0.0
612434,Miguel Castro,RP,24.243645748674485,-8.199103936565237,0.0,-14.909157148761082,0.0,8.881784197001252e-16,1.1353846633481668,0.0
605177,Andrew Chafin,RP,33.57544953248621,-1.0081864123612192,0.0,-26.908045250110412,0.0,8.881784197001252e-16,5.65921787001458,0.0
608638,J.T. Chargois,RP,23.531692474870955,-4.554502635777343,0.0,-17.903124171278513,0.0,8.881784197001252e-16,1.0740656678150993,0.0
630023,Yonny Chirinos,SP,40.35839892977626,-14.297036541202186,0.0,-24.38689197201496,0.0,-2.220446049250313e-16,1.67447041655911,0.0
643256,Adam Cimber,RP,13.23549001140897,7.989120741780262,0.0,-20.512073625193068,0.0,1.6653345369377348e-15,0.7125371279961658,0.0
542585,Jose Cisnero,RP,21.612609164301897,3.9727393057560754,0.0,-24.775836745184236,0.0,1.4432899320127035e-15,0.8095117248737381,0.0
661403,Emmanuel Clase,RP,52.81807640134774,-26.457567787989586,0.0,-8.958943584494968,0.0,0.0,17.40156502886319,0.0
669395,Dylan Coleman,RP,13.915131440952415,9.177490834140745,0.0,-21.406642832674414,0.0,-6.661338147750939e-16,1.6859794424187442,0.0
672710,Roansy Contreras,RP,38.007609334265915,-16.438580616190325,0.0,-18.14969508987466,0.0,-4.440892098500626e-16,3.419333628200931,0.0
664776,Jake Cousins,RP,28.197826086956518,-2.7595484735207627,0.0,-20.734679313403344,0.0,1.7763568394002505e-15,4.703598300032413,0.0
680735,Austin Cox,RP,25.14691077976045,-4.038880611548429,0.0,-18.2874629230347,0.0,1.3322676295501878e-15,2.820567245177324,0.0
676710,Kutter Crawford,SP,150.71448617648494,-69.10126501261371,0.0,-41.01340613497896,1.7763568394002505e-15,0.0,40.59981502889228,0.0
622503,Nabil Crismatt,SP,55.51431644038176,-36.18940306273288,0.0,-17.739034014989993,-2.7755575615628914e-17,0.0,1.5858793626588863,0.0
686539,Declan Cronin,RP,38.67096357858715,-18.271314428019643,0.0,-18.372468912671064,0.0,-4.884981308350689e-15,2.0271802378964403,0.0
595928,John Curtiss,RP,23.358291207820788,-1.5217398645403648,0.0,-17.97405035887458,0.0,8.881784197001252e-16,3.862500984405842,0.0
702674,Caden Dana,SP,40.625375875875875,-0.6255823346695237,0.0,-18.53603752850488,0.0,-7.105427357601002e-15,21.463756012701463,0.0
669721,Davis Daniel,SP,39.98725524731108,-15.631354013950876,0.0,-16.96100677512403,0.0,-7.105427357601002e-15,7.394894458236173,0.0
699911,Dugan Darnell,RP,16.451836297024393,-4.505634144164874,0.0,-11.137289833484527,0.0,-5.551115123125783e-16,0.8089123193749911,0.0
506433,Yu Darvish,SP,102.47657315668931,-68.66376144421136,0.0,-31.78983792777189,1.1102230246251565e-16,-7.993605777301127e-15,2.0229737847060596,0.0
656354,Austin Davis,RP,15.35015251106242,-4.552360219102878,0.0,-10.41949153955004,0.0,-1.1102230246251565e-16,0.3783007524095029,0.0
676969,Brett de Geus,RP,13.553823474271056,1.471257182322507,0.0,-14.26889463299597,0.0,5.551115123125783e-16,0.7561860235975933,0.0
664747,Alexis Diaz,RP,43.03221692892547,-17.13998913587895,0.0,-19.77278812843315,0.0,-3.552713678800501e-15,6.11943966461337,0.0
622766,Miguel Diaz,RP,14.154764826175871,4.824132162006897,0.0,-17.85617176985662,0.0,-6.661338147750939e-16,1.1227252183261485,0.0
681869,Shawn Dubin,RP,31.451114755472997,-7.394645356767832,0.0,-20.493285003287305,0.0,-2.6645352591003757e-15,3.5631843954178573,0.0
608648,Tyler Duffey,RP,9.128929940535482,6.59402348624619,0.0,-15.255667786166654,0.0,2.220446049250313e-16,0.46728564061501765,0.0
641540,Dane Dunning,RP,24.0298966678277,17.124215066384288,0.0,-32.810918570414174,0.0,1.7763568394002505e-15,8.343193163797816,0.0
670161,Parker Dunshee,RP,12.89244456054801,3.8161869708714296,0.0,-15.846893542957377,0.0,0.0,0.8617379884620622,0.0
664123,Scott Effross,RP,13.467419706442879,5.986938532635762,0.0,-17.768103906662503,0.0,6.661338147750939e-16,1.6862543324161379,0.0
663671,Nic Enright,RP,33.09981889847661,-17.563576334132517,0.0,-7.6246639639558715,0.0,0.0,7.911578600388225,0.0
688138,Logan Evans,SP,80.03416942655883,-51.133745003552754,0.0,-18.668864661952533,-4.440892098500626e-16,-1.7763568394002505e-15,10.231559761053544,0.0
571656,Buck Farmer,RP,38.64010866612333,-17.54335711807817,0.0,-19.929724887827312,0.0,-2.220446049250313e-15,1.1670266602178478,0.0
621399,Brady Feigl,RP,8.58854779800175,7.158014165007305,0.0,-15.15327324068954,0.0,5.551115123125783e-16,0.5932887223195161,0.0
701581,David Festa,SP,70.82904179947055,-11.456370669070338,0.0,-36.85884694479556,-1.7763568394002505e-15,-1.0658141036401503e-14,22.513824185604637,0.0
656420,J.P. Feyereisen,RP,13.393238647592044,1.453647668608406,0.0,-14.126010399172989,0.0,-4.440892098500626e-16,0.720875917027461,0.0
690916,Richard Fitts,SP,55.305826826948866,-8.828788389037307,0.0,-23.19188676461314,0.0,-3.552713678800501e-15,23.28515167329842,0.0
623167,Chris Flexen,RP,36.430260679617064,-4.030668462454884,0.0,-24.652093153556013,0.0,0.0,7.747499063606167,0.0
571670,Dylan Floro,RP,34.86671858492559,-16.120096192786292,0.0,-17.882271970005657,0.0,3.4416913763379853e-15,0.8643504221336434,0.0
641582,Matt Foster,RP,15.52493324045048,-0.8126376107712243,0.0,-14.103708146018308,0.0,-5.551115123125783e-16,0.6085874836609472,0.0
670102,Bowden Francis,SP,62.779822974993905,-37.41755059667261,0.0,-20.00089712021285,0.0,5.329070518200751e-15,5.361375258108444,0.0
673965,Caleb Freeman,RP,13.992632427187656,12.20981458955947,0.0,-23.02239618127708,0.0,-8.881784197001252e-16,3.180050835470044,0.0
666818,Luis Frias,RP,22.073532328690888,-4.932332066377974,0.0,-15.825162395379616,0.0,-1.3322676295501878e-15,1.3160378669332986,0.0
608334,Carson Fulmer,RP,39.0760739675782,-13.443759948063516,0.0,-21.65768112875928,0.0,1.7763568394002505e-15,3.9746328907554105,0.0
606149,Giovanny Gallegos,RP,24.213824228028503,0.6914602609091318,0.0,-23.311054794574712,0.0,-1.3322676295501878e-15,1.5942296943629217,0.0
642520,Gerson Garabito,RP,19.47231626610937,2.716169237300484,0.0,-19.47716631426319,0.0,0.0,2.711319189146664,0.0
554340,Yimi Garcia,RP,29.78293054648378,-0.985256349796007,0.0,-22.7253670172078,0.0,8.881784197001252e-16,6.072307179479972,0.0
607237,Amir Garrett,RP,14.591198952658477,1.1080334692752611,0.0,-15.223441396075954,0.0,1.1102230246251565e-15,0.47579102585778554,0.0
657585,Reed Garrett,RP,43.85187337833804,-20.38942223243519,0.0,-15.814634690289157,0.0,8.881784197001252e-16,7.647816455613694,0.0
621057,Justin Garza,RP,15.296827042027484,-0.8673503591855312,0.0,-13.860875297392061,0.0,0.0,0.5686013854498917,0.0
664139,Ian Gibaut,RP,28.888254866923496,-8.874713088289788,0.0,-18.015712198280887,0.0,8.881784197001252e-16,1.997829580352822,0.0
656458,Lucas Gilbreath,RP,9.676084776821217,6.035539877703865,0.0,-14.264710374665952,0.0,-2.220446049250313e-16,1.446914279859129,0.0
670810,Logan Gillaspie,RP,13.389971889513568,12.692081708187278,0.0,-23.029628656060083,0.0,1.7763568394002505e-15,3.052424941640764,0.0
687362,Connor Gillispie,SP,41.03262111689171,-10.80351917480699,0.0,-25.748519810813015,-2.220446049250313e-16,5.329070518200751e-15,4.480582131271708,0.0
596295,Austin Gomber,SP,79.73747528015821,-47.62056343247157,0.0,-21.27226469650358,0.0,7.105427357601002e-15,10.84464715118306,0.0
624647,Victor Gonzalez,RP,26.451509410042757,-10.424318789154789,0.0,-14.859755213543089,0.0,2.220446049250313e-16,1.1674354073448792,0.0
682790,Wikelman Gonzalez,RP,29.170164072952605,-0.9735986478504444,0.0,-8.432787585651461,0.0,0.0,19.7637778394507,0.0
660813,Brusdar Graterol,RP,31.60747663551402,-3.663055267278377,0.0,-22.590415047302763,0.0,-1.7763568394002505e-15,5.354006320932877,0.0
608665,Kendall Graveman,RP,21.445138427464006,-5.9161439040280825,0.0,-15.071530023672398,0.0,5.551115123125783e-16,0.4574644997635252,0.0
592351,Jon Gray,RP,16.797584357447526,18.865525892634373,0.0,-31.610935359875125,0.0,0.0,4.052174890206775,0.0
643338,Chad Green,RP,28.910233570863024,-8.238844974397512,0.0,-18.698902088373075,0.0,-1.3322676295501878e-15,1.972486508092436,0.0
674944,Sean Guenther,RP,21.05602569654974,3.455192354790608,0.0,-21.10797347528727,0.0,-4.440892098500626e-16,3.403244576053076,0.0
692285,Luis Guerrero,RP,21.220977596914015,1.2295207409411368,0.0,-18.563801992897837,0.0,-4.440892098500626e-16,3.8866963449573144,0.0
661269,Vladimir Gutierrez,RP,13.904940206664342,4.3445679425816905,0.0,-16.92395070453826,0.0,1.1102230246251565e-15,1.3255574447077738,0.0
534910,Jesse Hahn,RP,10.393156470665874,8.018107538742472,0.0,-17.492452817437655,0.0,-1.3322676295501878e-15,0.9188111919706885,0.0
802419,Thomas Harrington,RP,17.578491616685675,6.817885421464695,0.0,-11.96374935546641,0.0,0.0,12.43262768268396,0.0
802686,Hayden Harris,RP,14.153255129821483,7.75137131090119,0.0,-18.797454271502883,0.0,8.881784197001252e-16,3.1071721692197913,0.0
641672,Thomas Hatch,RP,14.398072289156627,6.156263340672407,0.0,-17.80047323881871,0.0,0.0,2.7538623910103226,0.0
621294,Ben Heller,RP,12.926590377753168,6.01112497676402,0.0,-18.169928394285343,0.0,0.0,0.7677869602318452,0.0
521230,Liam Hendriks,RP,11.609397479047052,6.248904675388216,0.0,-17.388814568063914,0.0,-1.609823385706477e-15,0.4694875863713525,0.0
668874,Blair Henley,SP,28.24432244675684,-11.837460119373937,0.0,-15.486470934280085,0.0,1.887379141862766e-15,0.9203913931028201,0.0
678692,Ronny Henriquez,RP,47.23247855266998,-16.748138961760183,0.0,-12.504632308643274,0.0,-7.105427357601002e-15,17.979707282266517,0.0
674072,Tommy Henry,RP,16.955363801001383,17.225660685599344,0.0,-21.490023440535023,0.0,0.0,12.691001046065704,0.0
678226,Daysbel Hernandez,RP,24.696020708240656,1.7776262964052414,0.0,-20.21729167158959,0.0,8.881784197001252e-16,6.25635533305631,0.0
663321,Nick Hernandez,RP,13.556191706335381,9.306128052786088,0.0,-19.03021383846738,0.0,-8.881784197001252e-16,3.8321059206540893,0.0
663546,Sean Hjelle,RP,36.03152652163286,-16.531518639204783,0.0,-15.05890847867024,0.0,-8.881784197001252e-16,4.441099403757838,0.0
687863,Porter Hodge,RP,42.52311231616137,-16.933876140428243,0.0,-7.022704425022514,0.0,0.0,18.56653175071061,0.0
663773,Bryan Hoeing,RP,34.92988878024933,-11.137378342533449,0.0,-18.928730451867747,0.0,8.881784197001252e-16,4.863779985848134,0.0
680684,Gunnar Hoglund,SP,49.078855725348646,-28.306510798021858,0.0,-15.382428215677832,0.0,0.0,5.389916711648958,0.0
641703,Brent Honeywell Jr.,RP,37.23103990092496,-13.074608847171877,0.0,-21.159996078577844,0.0,1.3322676295501878e-15,2.996434975175242,0.0
690544,Bailey Horn,RP,19.052368312858718,-1.0905283734759088,0.0,-15.969715707102086,0.0,4.440892098500626e-16,1.9921242322807236,0.0
641712,Dakota Hudson,SP,63.73774968655886,-43.082386653390934,0.0,-18.798480202092744,5.551115123125783e-17,-2.886579864025407e-15,1.8568828310751797,0.0
676714,Brandon Hughes,RP,14.38772249474422,2.9637154909648444,0.0,-16.168065021089088,0.0,1.3322676295501878e-15,1.1833729646199784,0.0
683568,Jairo Iriarte,RP,18.51024575734103,4.435362467719308,0.0,-15.91120760819065,0.0,-8.881784197001252e-16,7.034400616869685,0.0
592426,Luke Jackson,RP,28.33704944644001,-10.976058922613106,0.0,-15.297332635868369,0.0,1.3322676295501878e-15,2.0636578879585357,0.0
686826,Bryce Jarvis,RP,34.54177076773624,-15.18679473141092,0.0,-14.833842925833524,0.0,-1.7763568394002505e-15,4.521133110491794,0.0
664079,Tyler Jay,RP,15.465066256533706,-3.359010654186383,0.0,-11.593482211155889,0.0,4.440892098500626e-16,0.512573391191435,0.0
666204,Dany Jimenez,RP,24.1884852199821,-6.038215563082751,0.0,-17.412876388877727,0.0,2.1094237467877974e-15,0.7373932680216221,0.0
641729,Joe Jimenez,RP,52.693715500334186,-17.75063199856475,0.0,-25.195078351595292,0.0,0.0,9.748005150174144,0.0
543391,Casey Kelly,RP,8.07939813898238,5.971767616287805,0.0,-13.567180153582736,0.0,-1.6653345369377348e-16,0.4839856016874487,0.0
685116,Austin Kitchen,RP,13.939192208024304,0.8955648487424615,0.0,-13.887433503399448,0.0,-8.881784197001252e-16,0.9473235533673163,0.0
656629,Michael Kopech,RP,35.85749963909341,-4.714158709795235,0.0,-21.758553377442695,0.0,3.552713678800501e-15,9.384787551855485,0.0
663804,Jackson Kowar,RP,22.16461397503717,-2.207232982039347,0.0,-18.361745537622458,0.0,-1.3322676295501878e-15,1.5956354553753642,0.0
667478,Evan Kravetz,RP,12.974539256418451,1.0683318372760997,0.0,-12.891325760254762,0.0,4.440892098500626e-16,1.1515453334397887,0.0
670219,Zac Kristofak,RP,13.153074481556398,-3.3432436753065815,0.0,-9.114134191799225,0.0,4.440892098500626e-16,0.695696614450592,0.0
659275,Dinelson Lamet,RP,10.20891475461012,11.444480196280846,0.0,-20.950113014049542,0.0,-1.7763568394002505e-15,0.7032819368414227,0.0
666659,Sauryn Lao,RP,19.624874381041128,-1.3177135760263567,0.0,-15.488093668565545,0.0,1.7763568394002505e-15,2.8190671364492257,0.0
600917,Jose Leclerc,RP,35.74364337255106,-6.221499165440548,0.0,-18.575630295194358,0.0,1.7763568394002505e-15,10.946513911916158,0.0
594902,Ben Lively,SP,74.00380570064837,-28.085337008186713,0.0,-34.57419106003469,0.0,-1.7763568394002505e-15,11.344277632426964,0.0
656657,Zach Logue,RP,12.515111848701729,5.461146411493068,0.0,-16.52537458987636,0.0,1.7763568394002505e-15,1.4508836703184382,0.0
669674,Sam Long,RP,21.96591218722711,-6.639108409647312,0.0,-12.447095680427111,0.0,0.0,2.8797080971526867,0.0
605347,Jorge Lopez,RP,36.90405049333391,-13.64003048148183,0.0,-20.687927401224925,0.0,-4.440892098500626e-16,2.5760926106271564,0.0
641154,Pablo Lopez,SP,140.09677701493405,-53.44779877822634,0.0,-33.47464364233416,0.0,1.4210854715202004e-14,53.17433459437356,0.0
702795,Ryan Loutos,RP,15.166368304904328,-3.2318220337185597,0.0,-11.129625237530316,0.0,6.661338147750939e-16,0.8049210336554526,0.0
687922,Easton Lucas,SP,42.19910965812262,-23.381767237533758,0.0,-16.598804801012573,-1.1102230246251565e-16,3.9968028886505635e-15,2.2185376195762925,0.0
656671,Josh Maciejewski,RP,17.049525457500916,2.700865862862834,0.0,-18.253339928518553,0.0,-6.661338147750939e-16,1.4970513918451964,0.0
687424,Anthony Maldonado,RP,17.76072727911779,4.705804493733613,0.0,-20.59266101560983,0.0,2.220446049250313e-16,1.873870757241573,0.0
679525,Alec Marsh,SP,111.8977953789788,-71.77305325074933,0.0,-27.934532571805562,0.0,-5.329070518200751e-15,12.190209556423904,0.0
665896,Jose Marte,RP,18.92684714587007,-3.9011766483880876,0.0,-14.030876732223467,0.0,2.4424906541753444e-15,0.9947937652585164,0.0
554431,Tyler Matzek,RP,9.839040357390806,10.191632863256624,0.0,-19.581821962891077,0.0,1.1102230246251565e-16,0.4488512577563527,0.0
800049,Adam Mazur,SP,45.869286036906914,-23.961268017665684,0.0,-17.10021041061831,0.0,-4.440892098500626e-15,4.807807608622919,0.0
663704,James McArthur,RP,41.08604097865843,-17.36010417565923,0.0,-21.651263742770094,0.0,1.7763568394002505e-15,2.074673060229104,0.0
670766,Darren McCaughan,RP,20.391108143461377,-1.4477818401344749,0.0,-15.942610329624587,0.0,-1.7763568394002505e-15,3.000715973702315,0.0
680729,Garrett McDaniels,RP,18.850864849859768,2.2760759026036297,0.0,-18.2430086133729,0.0,4.440892098500626e-16,2.8839321390904975,0.0
543518,Scott McGough,RP,27.717632329044456,-12.103005762109348,0.0,-14.947217408688907,0.0,2.220446049250313e-16,0.6674091582462014,0.0
663474,Triston McKenzie,RP,13.221293896881422,9.696253248330189,0.0,-20.70145820276312,0.0,-4.440892098500626e-16,2.2160889424484895,0.0
669111,John McMillon,RP,16.40747663551402,11.368638027530231,0.0,-22.948107439769174,0.0,0.0,4.828007223275076,0.0
703231,James Meeker,RP,12.08244804365494,1.47073235094226,0.0,-12.797886828420268,0.0,1.1102230246251565e-16,0.755293566176933,0.0
656731,Tylor Megill,SP,82.49573533166756,-21.6909195149222,0.0,-45.72488698433193,0.0,-7.105427357601002e-15,15.079928832413422,0.0
691441,Cristian Mena,RP,23.763729246487863,-1.2508323951460092,0.0,-15.519064535985319,0.0,2.6645352591003757e-15,6.993832315356538,0.0
657240,Julian Merryweather,RP,24.609974379548685,3.5766127202887894,0.0,-25.067320141504396,0.0,-1.3322676295501878e-15,3.119266958333077,0.0
668943,Ryan Miller,RP,19.073051723541816,-2.853157745416542,0.0,-13.511603948905254,0.0,-8.881784197001252e-16,2.708290029220019,0.0
571946,Shelby Miller,RP,31.832788994457637,0.9482894613556141,0.0,-27.829687377808643,0.0,1.7763568394002505e-15,4.95139107800461,0.0
668338,Tyson Miller,RP,40.938374145736105,-11.64053614077513,0.0,-23.001449656563324,0.0,-3.552713678800501e-15,6.296388348397652,0.0
664948,Anthony Misiewicz,RP,11.36245113974999,10.174987938747638,0.0,-19.86976343077646,0.0,-1.1102230246251565e-15,1.6676756477211672,0.0
593423,Frankie Montas,SP,66.24625916721764,-21.0722876794676,0.0,-39.05606095934003,0.0,1.7763568394002505e-15,6.117910528410016,0.0
606160,Rafael Montero,RP,32.06644518272425,-13.46525326917844,0.0,-17.346450985918345,0.0,-1.5543122344752192e-15,1.2547409276274648,0.0
801216,Christian Montes De Oca,RP,14.879117471675608,-7.204717285974911,0.0,-6.608768457155198,0.0,0.0,1.0656317285454993,0.0
519043,Matt Moore,RP,29.775023647682524,-2.4338547178991874,0.0,-25.621543397510855,0.0,0.0,1.719625532272481,0.0
664294,Dauri Moreta,RP,32.044925653240945,-8.838651371696606,0.0,-18.533752053801905,0.0,-8.881784197001252e-16,4.672522227742433,0.0
450203,Charlie Morton,SP,87.49697958197414,-31.541315998881764,0.0,-47.14066519230157,0.0,-1.0658141036401503e-14,8.814998390790809,0.0
666205,Kyle Muller,RP,42.95738155146611,-23.306445241693467,0.0,-15.0411326433398,0.0,8.881784197001252e-16,4.609803666432847,0.0
682171,Penn Murfee,RP,16.93780645736512,2.747558476247953,0.0,-18.860558892973607,0.0,1.5543122344752192e-15,0.8248060406394673,0.0
605397,Joe Musgrove,SP,97.52649501860522,-26.614245210033914,0.0,-58.49235926251568,4.440892098500626e-16,0.0,12.419890546055626,0.0
680891,Jack Neely,RP,17.46787901909667,-0.15296682719656118,0.0,-15.187489834484207,0.0,8.881784197001252e-16,2.1274223574159032,0.0
669459,Kyle Nelson,RP,20.63847447437065,-3.9091518442889033,0.0,-13.541817518657039,0.0,-4.440892098500626e-16,3.187505111424709,0.0
656793,Nick Nelson,RP,12.440680427341563,4.728168027029232,0.0,-15.597335623174525,0.0,0.0,1.5715128311962712,0.0
593576,Hector Neris,RP,31.46331315141964,-8.709610943923924,0.0,-20.83252531516663,0.0,8.881784197001252e-16,1.921176892329087,0.0
657697,Vinny Nittoli,RP,11.589786223277908,6.7217734758859855,0.0,-17.700186830233385,0.0,-8.881784197001252e-16,0.6113728689305082,0.0
674384,Eduarniel Nunez,RP,20.38490363562409,-1.9048701060174054,0.0,-15.914421965521504,0.0,8.881784197001252e-16,2.5656115640851818,0.0
670124,Adam Oller,SP,50.58917462736827,-26.356742859784152,0.0,-23.00757107330012,0.0,1.7763568394002505e-15,1.2248606942839988,0.0
681857,Reese Olson,SP,94.06228935913984,-36.28533971079578,0.0,-30.202368831472413,0.0,7.105427357601002e-15,27.574580816871652,0.0
672391,Kaleb Ort,RP,26.37233354918329,-4.751764259570198,0.0,-16.244128174656876,0.0,0.0,5.376441114956215,0.0
671305,Michel Otanez,RP,19.929670398435594,4.04010691675802,0.0,-12.966443739373092,0.0,0.0,11.003333575820522,0.0
687074,Tyler Owens,RP,15.774047280904194,1.2710706147181572,0.0,-11.97009527711857,0.0,0.0,5.07502261850378,0.0
660600,Enoli Paredes,RP,24.637394055497502,-3.3750637071174054,0.0,-18.483437216369968,0.0,-2.6645352591003757e-15,2.7788931320101264,0.0
665625,Elvis Peguero,RP,33.02738939134686,-9.795625769474501,0.0,-19.651825130447065,0.0,-8.881784197001252e-16,3.579938491425291,0.0
679156,Walter Pennington,RP,23.847229910812352,-8.102681453488854,0.0,-14.710071094576026,0.0,-6.661338147750939e-16,1.034477362747473,0.0
683068,Zach Penrod,RP,13.43708139819115,8.9260835037262,0.0,-19.50516910397834,0.0,8.881784197001252e-16,2.8579957979390125,0.0
686752,Ryan Pepiot,SP,142.16743795776148,-79.20901648040682,0.0,-28.85744467588883,0.0,-7.105427357601002e-15,34.100976801465826,0.0
678821,Luis Peralta,RP,20.6178695220223,2.618943008839544,0.0,-18.14190100975201,0.0,1.7763568394002505e-15,5.094911521109834,0.0
622780,Angel Perdomo,RP,17.69592391304348,7.638687704908222,0.0,-21.87290663740979,0.0,4.440892098500626e-16,3.4617049805419104,0.0
663455,Konnor Pilkington,RP,21.254070887313613,2.3258452878894893,0.0,-14.158970835122208,0.0,0.0,9.420945340080895,0.0
673820,Robinson Pina,RP,13.9343903597727,3.4243693748718407,0.0,-15.562185706032665,0.0,2.220446049250313e-16,1.7965740286118754,0.0
620982,Ricardo Pinto,RP,8.591814494157534,8.673336167542475,0.0,-16.771483665479558,0.0,4.440892098500626e-16,0.4936669962204516,0.0
621363,Colin Poche,RP,29.17584326778884,-6.582182199306505,0.0,-20.36736289375152,0.0,-1.7763568394002505e-15,2.226298174730813,0.0
687166,Austin Pope,RP,13.715525589723912,8.452580844716591,0.0,-18.34423249697995,0.0,-1.3322676295501878e-15,3.823873937460553,0.0
682990,Quinn Priester,SP,102.70918371493825,-42.41925368829681,0.0,-16.392575845192717,0.0,-2.1316282072803006e-14,43.8973541814487,0.0
650671,Jose Quijada,RP,14.36201533189657,1.8721456217073094,0.0,-12.81403423991371,0.0,0.0,3.42012671369017,0.0
685068,Carson Ragsdale,RP,15.042079859226732,1.540635123660227,0.0,-14.809979093056157,0.0,4.440892098500626e-16,1.7727358898308023,0.0
541640,Erasmo Ramirez,RP,22.533751565039026,-3.4292533499507023,0.0,-17.630055718309784,0.0,1.1102230246251565e-15,1.474442496778541,0.0
598286,Nick Ramirez,RP,17.624215226907765,1.1196280012808941,0.0,-18.094273701887452,0.0,7.771561172376096e-16,0.6495695263012075,0.0
656887,Sean Reid-Foley,RP,19.742315105073725,1.7022507938403137,0.0,-17.99412931665212,0.0,0.0,3.4504365822619185,0.0
622103,Gerardo Reyes,RP,12.86338388394839,0.17881767442144003,0.0,-12.597994274655544,0.0,-4.440892098500626e-16,0.44420728371428586,0.0
669308,Sean Reynolds,RP,23.02851474336836,-9.283270647434884,0.0,-7.887405716779859,0.0,-1.7763568394002505e-15,5.857838379153614,0.0
642016,Daniel Robert,RP,14.916865246804198,-0.5868204049972761,0.0,-13.088528338437309,0.0,2.220446049250313e-16,1.2415165033696136,0.0
570257,Joely Rodriguez,RP,14.606331911539058,7.1143298760950735,0.0,-20.830715722653682,0.0,-3.3306690738754696e-16,0.8899460649804493,0.0
678495,Randy Rodriguez,RP,48.26356207513416,-13.155154704504227,0.0,-8.867580985963436,0.0,0.0,26.240826384666498,0.0
680701,John Rooney,RP,11.871596186751406,7.256303022500964,0.0,-15.39054477276473,0.0,8.881784197001252e-16,3.7373544364876397,0.0
670046,Kenny Rosenberg,RP,26.967484035759895,-11.746632341131479,0.0,-13.594857458847313,0.0,4.440892098500626e-16,1.625994235781104,0.0
614179,Jose Ruiz,RP,19.768186951354828,-2.4527548922005167,0.0,-15.896428344471568,0.0,-1.1102230246251565e-15,1.4190037146827439,0.0
685314,Andrew Saalfrank,RP,18.800317770716205,-0.515484154317079,0.0,-14.14997017347424,0.0,0.0,4.134863442924887,0.0
674285,Eduardo Salazar,RP,27.666138716810913,-6.9550936331431785,0.0,-16.940892047914076,0.0,-1.7763568394002505e-15,3.7701530357536566,0.0
676614,Bryan Sammons,RP,28.079879252293043,-3.512225693818543,0.0,-20.540962714674457,0.0,-8.881784197001252e-16,4.026690843800043,0.0
664350,Sixto Sanchez,SP,45.81152076504375,-36.36986650510974,0.0,-8.453679857355834,0.0,7.66053886991358e-15,0.9879744025781824,0.0
682144,Jayvien Sandridge,RP,12.84006650952877,3.9536600526521806,0.0,-13.690046527444501,0.0,0.0,3.103680034736449,0.0
622250,Josh Sborz,RP,30.33586956521739,-6.323896334326594,0.0,-16.11777799237262,0.0,0.0,7.894195238518176,0.0
680885,Spencer Schwellenbach,SP,115.13953720330453,-32.66627399429569,0.0,-28.85690257104803,0.0,0.0,53.61636063796081,0.0
605463,Tayler Scott,RP,20.68519354694851,-0.8396597130998558,0.0,-17.181445203823206,0.0,1.3322676295501878e-15,2.6640886300254514,0.0
681882,Colin Selby,RP,18.446953749842397,-1.3755727625182708,0.0,-13.655125925434794,0.0,4.440892098500626e-16,3.416255061889333,0.0
543766,Bryan Shaw,RP,16.371173442588507,-2.370838977104638,0.0,-13.796872625946172,0.0,2.248201624865942e-15,0.2034618395376975,0.0
592741,Chasen Shreve,RP,17.609480060736832,0.1806386896398955,0.0,-17.118814174804427,0.0,-4.440892098500626e-16,0.6713045755722997,0.0
622098,Drew Smith,RP,29.507429078775903,-3.060147749212561,0.0,-18.942260494081044,0.0,-8.881784197001252e-16,7.505020835482298,0.0
592767,Drew Smyly,RP,33.74150333267339,-4.237787266334184,0.0,-28.417031500668067,0.0,4.218847493575595e-15,1.086684565671139,0.0
669912,Kirby Snead,RP,15.53667576834918,6.873932503109856,0.0,-20.31561713503757,0.0,8.881784197001252e-16,2.0949911364214673,0.0
676092,Collin Snider,RP,28.472972298094174,-1.0263009707870765,0.0,-20.759775330899842,0.0,1.7763568394002505e-15,6.686895996407257,0.0
686678,Chase Solesky,SP,36.57767412718856,-16.82271191995386,0.0,-12.46500660953395,0.0,0.0,7.289955597700747,0.0
622251,Josh Staumont,RP,22.883984233656907,-6.089681140117783,0.0,-15.236789752723713,0.0,8.881784197001252e-16,1.5575133408154125,0.0
657006,Justin Steele,SP,103.701058128753,-19.801896346694235,0.0,-29.94374990027337,-1.7763568394002505e-15,-7.105427357601002e-15,53.95541188178539,0.0
623451,Jackson Stephens,RP,12.934575917319574,2.9837796489391124,0.0,-15.312585085029294,0.0,-4.440892098500626e-16,0.6057704812293916,0.0
596112,Robert Stephenson,RP,25.233174209547432,2.8876985405899482,0.0,-24.019342137945483,0.0,-8.881784197001252e-16,4.101530612191897,0.0
694813,Gavin Stone,SP,98.86717055921834,-54.71882245601864,0.0,-25.860643239351173,0.0,3.552713678800501e-15,18.28770486384852,0.0
608717,Chris Stratton,RP,23.448377603708046,-4.415176884346305,0.0,-17.963917343032158,0.0,1.5543122344752192e-15,1.0692833763295846,0.0
519326,Hunter Strickland,RP,27.92876898833911,-3.998821689124213,0.0,-22.073526520790587,0.0,6.661338147750939e-16,1.8564207784243123,0.0
573186,Marcus Stroman,SP,58.011267866774546,-23.637724345510243,0.0,-28.545647667659217,-2.220446049250313e-16,-2.6645352591003757e-15,5.827895853605082,0.0
593833,Wander Suero,RP,9.377765703764073,11.82686362025094,0.0,-19.222537057834465,0.0,-1.5543122344752192e-15,1.982092266180546,0.0
622253,Dillon Tate,RP,20.836814960937065,1.5672812624320471,0.0,-20.084751805858087,0.0,-8.881784197001252e-16,2.319344417511025,0.0
666168,Mason Thompson,RP,26.835316550239444,-3.386789001088026,0.0,-21.315007620014068,0.0,-4.440892098500626e-16,2.1335199291373494,0.0
605507,Zach Thompson,RP,14.480298913043475,0.30115503523478715,0.0,-13.866595202850828,0.0,5.551115123125783e-16,0.9148587454274347,0.0
668868,Zack Thompson,RP,33.63455698631188,-10.592662686231304,0.0,-20.526198721745303,0.0,0.0,2.515695578335272,0.0
689672,Drew Thorpe,SP,55.67153783770892,-28.583852463191317,0.0,-20.067460767746176,0.0,-4.440892098500626e-15,7.020224606771424,0.0
622786,Jesus Tinoco,RP,29.97672445073672,-9.256201562803916,0.0,-18.675859736839918,0.0,8.881784197001252e-16,2.0446631510928883,0.0
543859,Michael Tonkin,RP,41.09415274780894,-22.28758259408778,0.0,-17.961174702115095,0.0,8.881784197001252e-16,0.8453954516060671,0.0
657053,Touki Toussaint,RP,11.964443821537024,3.104822906192183,0.0,-12.698267676840041,0.0,0.0,2.370999050889166,0.0
605513,Spencer Turnbull,RP,22.41251742049918,10.964114122460796,0.0,-30.420770151843474,0.0,-2.6645352591003757e-15,2.9558613911165006,0.0
670955,Edwin Uceta,RP,45.76611385813678,-9.340018934150201,0.0,-8.892127272576769,0.0,-3.552713678800501e-15,27.533967651409803,0.0
687003,Brian Van Belle,RP,16.281873422535696,0.00047612257393581103,0.0,-14.32544224517152,0.0,-8.881784197001252e-16,1.9569072999381119,0.0
678024,Mike Vasil,RP,71.74307454271847,-47.217275189186836,0.0,-14.246595502844567,0.0,7.105427357601002e-15,10.279203850687075,0.0
663989,Nick Vespi,RP,17.47720660604594,-2.0519718897597503,0.0,-14.552994579510537,0.0,-5.551115123125783e-16,0.8722401367756513,0.0
600986,Thyago Vieira,RP,11.759831687975401,0.4811863473836162,0.0,-11.98956274865016,0.0,-2.7755575615628914e-16,0.25145528670885725,0.0
681871,Eli Villalobos,RP,13.632767049621119,3.615225462187034,0.0,-14.667500412735206,0.0,-4.440892098500626e-16,2.5804920990729463,0.0
663399,Brandon Waddell,RP,29.24774036800517,-6.281891672398412,0.0,-19.67811779945173,0.0,4.440892098500626e-16,3.2877308961550296,0.0
687888,Brandon Walter,SP,76.05774818531742,-35.40623713719405,0.0,-32.27305946847337,2.220446049250313e-16,3.552713678800501e-15,8.378451579650008,0.0
689958,Andrew Walters,RP,15.411874127023253,7.718165465077817,0.0,-18.516282703595934,0.0,1.7763568394002505e-15,4.613756888505138,0.0
607179,Jordan Weems,RP,13.719803635971301,10.615317497089316,0.0,-22.165186857927402,0.0,1.7763568394002505e-15,2.169934275133217,0.0
666214,Joey Wentz,RP,55.03887052095435,-21.945100512677463,0.0,-17.911363798896616,0.0,3.552713678800501e-15,15.182406209380272,0.0
666215,Forrest Whitley,RP,12.887710481637031,3.3931278610863647,0.0,-15.101726492242065,0.0,8.881784197001252e-16,1.1791118504813314,0.0
686294,Amos Willingham,RP,16.194139929065184,3.8606680360013463,0.0,-18.280071551053236,0.0,2.220446049250313e-16,1.774736414013294,0.0
458677,Justin Wilson,RP,28.922202407489966,-2.7532110934039515,0.0,-25.107543957701356,0.0,4.440892098500626e-16,1.0614473563846585,0.0
621051,Steven Wilson,RP,39.615302219200714,-13.403711645849025,0.0,-19.921963708453504,0.0,1.7763568394002505e-15,6.2896268648981835,0.0
670174,Josh Winckowski,RP,46.90252652746486,-12.08872387254253,0.0,-23.32748134863288,0.0,-1.7763568394002505e-15,11.486321306289446,0.0
680739,Josh Winder,RP,20.667883647030067,-2.5787497849525742,0.0,-16.220014138160515,0.0,8.881784197001252e-16,1.8691197239169783,0.0
622259,Trey Wingenter,RP,16.040530646665257,0.9439161871041257,0.0,-16.111265118662285,0.0,-1.1102230246251565e-15,0.8731817151070966,0.0
691094,Randy Wynne,RP,11.277582145071296,4.375927271484299,0.0,-14.675910704694397,0.0,-5.551115123125783e-16,0.9775987118611974,0.0
622065,Alex Young,RP,28.080897022812216,1.17527569718375,0.0,-24.34891052303241,0.0,1.7763568394002505e-15,4.9072621969635595,0.0
642239,Rob Zastryzny,RP,16.816500556048258,6.645276729395565,0.0,-21.21256367125428,0.0,-1.7763568394002505e-15,2.249213614189541,0.0
691172,Yosver Zulueta,RP,17.03966806453204,6.855811941536427,0.0,-19.06510766961252,0.0,0.0,4.830372336455948,0.0
