id,name,role,status,full_role_workload,expected_workload,fallback,uncertainty
02yc4,Shohei Ohtani,H+SP,Two-way combined overlap/distribution kept frozen,,,preserved production/prospect arrival forecast unchanged; no supported full-role estimate,MLB arrival and specified role not verified
03zbp,Jose Fermin,H,Pick/prospect/unresolved or no modeled MLB projection,,,preserved production/prospect arrival forecast unchanged; no supported full-role estimate,MLB arrival and specified role not verified
05rkq,Jose Fernandez,H,Pick/prospect/unresolved or no modeled MLB projection,,,preserved production/prospect arrival forecast unchanged; no supported full-role estimate,MLB arrival and specified role not verified
06hny,Bryan Torres,H,Pick/prospect/unresolved or no modeled MLB projection,,,preserved production/prospect arrival forecast unchanged; no supported full-role estimate,MLB arrival and specified role not verified
052h8,Jesus Rodriguez,H,Pick/prospect/unresolved or no modeled MLB projection,,,preserved production/prospect arrival forecast unchanged; no supported full-role estimate,MLB arrival and specified role not verified
05uvx,Cameron Cauley,H,Pick/prospect/unresolved or no modeled MLB projection,,,preserved production/prospect arrival forecast unchanged; no supported full-role estimate,MLB arrival and specified role not verified
04ug3,Eliezer Alfonzo,H,Pick/prospect/unresolved or no modeled MLB projection,,,preserved production/prospect arrival forecast unchanged; no supported full-role estimate,MLB arrival and specified role not verified
05xp6,Felix Reyes,H,Pick/prospect/unresolved or no modeled MLB projection,,,preserved production/prospect arrival forecast unchanged; no supported full-role estimate,MLB arrival and specified role not verified
06hth,Josh Adamczewski,H,Pick/prospect/unresolved or no modeled MLB projection,,,preserved production/prospect arrival forecast unchanged; no supported full-role estimate,MLB arrival and specified role not verified
06582,Luke Adams,H,Pick/prospect/unresolved or no modeled MLB projection,,,preserved production/prospect arrival forecast unchanged; no supported full-role estimate,MLB arrival and specified role not verified
06ahe,Kemp Alderman,H,Pick/prospect/unresolved or no modeled MLB projection,,,preserved production/prospect arrival forecast unchanged; no supported full-role estimate,MLB arrival and specified role not verified
05t9f,Jay Allen,H,Pick/prospect/unresolved or no modeled MLB projection,,,preserved production/prospect arrival forecast unchanged; no supported full-role estimate,MLB arrival and specified role not verified
06c7b,Wehiwa Aloy,H,Pick/prospect/unresolved or no modeled MLB projection,,,preserved production/prospect arrival forecast unchanged; no supported full-role estimate,MLB arrival and specified role not verified
06jfc,Hayden Alvarez,H,Pick/prospect/unresolved or no modeled MLB projection,,,preserved production/prospect arrival forecast unchanged; no supported full-role estimate,MLB arrival and specified role not verified
06psn,Kevin Alvarez,H,Pick/prospect/unresolved or no modeled MLB projection,,,preserved production/prospect arrival forecast unchanged; no supported full-role estimate,MLB arrival and specified role not verified
06cgg,Billy Amick,H,Pick/prospect/unresolved or no modeled MLB projection,,,preserved production/prospect arrival forecast unchanged; no supported full-role estimate,MLB arrival and specified role not verified
06dmp,Max Anderson,H,Pick/prospect/unresolved or no modeled MLB projection,,,preserved production/prospect arrival forecast unchanged; no supported full-role estimate,MLB arrival and specified role not verified
06r5o,Brailyn Antunez,H,Pick/prospect/unresolved or no modeled MLB projection,,,preserved production/prospect arrival forecast unchanged; no supported full-role estimate,MLB arrival and specified role not verified
06kkn,Cristian Arguelles,H,Pick/prospect/unresolved or no modeled MLB projection,,,preserved production/prospect arrival forecast unchanged; no supported full-role estimate,MLB arrival and specified role not verified
06c78,Franklin Arias,H,Pick/prospect/unresolved or no modeled MLB projection,,,preserved production/prospect arrival forecast unchanged; no supported full-role estimate,MLB arrival and specified role not verified
06ibn,Robert Arias,H,Pick/prospect/unresolved or no modeled MLB projection,,,preserved production/prospect arrival forecast unchanged; no supported full-role estimate,MLB arrival and specified role not verified
06pg6,Aiva Arquette,H,Pick/prospect/unresolved or no modeled MLB projection,,,preserved production/prospect arrival forecast unchanged; no supported full-role estimate,MLB arrival and specified role not verified
071wa,Wandy Asigen,H,Pick/prospect/unresolved or no modeled MLB projection,,,preserved production/prospect arrival forecast unchanged; no supported full-role estimate,MLB arrival and specified role not verified
06ool,Owen Ayers,H,Pick/prospect/unresolved or no modeled MLB projection,,,preserved production/prospect arrival forecast unchanged; no supported full-role estimate,MLB arrival and specified role not verified
06nln,Enddy Azocar,H,Pick/prospect/unresolved or no modeled MLB projection,,,preserved production/prospect arrival forecast unchanged; no supported full-role estimate,MLB arrival and specified role not verified
061rf,Jesus Baez,H,Pick/prospect/unresolved or no modeled MLB projection,,,preserved production/prospect arrival forecast unchanged; no supported full-role estimate,MLB arrival and specified role not verified
06ps3,Yorger Bautista,H,Pick/prospect/unresolved or no modeled MLB projection,,,preserved production/prospect arrival forecast unchanged; no supported full-role estimate,MLB arrival and specified role not verified
077c6,Carter Beck,H,Pick/prospect/unresolved or no modeled MLB projection,,,preserved production/prospect arrival forecast unchanged; no supported full-role estimate,MLB arrival and specified role not verified
06icc,Eduardo Beltre,H,Pick/prospect/unresolved or no modeled MLB projection,,,preserved production/prospect arrival forecast unchanged; no supported full-role estimate,MLB arrival and specified role not verified
05yed,Eric Bitonti,H,Pick/prospect/unresolved or no modeled MLB projection,,,preserved production/prospect arrival forecast unchanged; no supported full-role estimate,MLB arrival and specified role not verified
06c5r,Caden Bodine,H,Pick/prospect/unresolved or no modeled MLB projection,,,preserved production/prospect arrival forecast unchanged; no supported full-role estimate,MLB arrival and specified role not verified
06hea,Caleb Bonemer,H,Pick/prospect/unresolved or no modeled MLB projection,,,preserved production/prospect arrival forecast unchanged; no supported full-role estimate,MLB arrival and specified role not verified
05jre,Enrique Bradfield Jr.,H,Pick/prospect/unresolved or no modeled MLB projection,,,preserved production/prospect arrival forecast unchanged; no supported full-role estimate,MLB arrival and specified role not verified
0637j,Josue Briceno,H,Pick/prospect/unresolved or no modeled MLB projection,,,preserved production/prospect arrival forecast unchanged; no supported full-role estimate,MLB arrival and specified role not verified
06kui,Roldy Brito,H,Pick/prospect/unresolved or no modeled MLB projection,,,preserved production/prospect arrival forecast unchanged; no supported full-role estimate,MLB arrival and specified role not verified
062jb,Blake Burke,H,Pick/prospect/unresolved or no modeled MLB projection,,,preserved production/prospect arrival forecast unchanged; no supported full-role estimate,MLB arrival and specified role not verified
06c3v,Yeremy Cabrera,H,Pick/prospect/unresolved or no modeled MLB projection,,,preserved production/prospect arrival forecast unchanged; no supported full-role estimate,MLB arrival and specified role not verified
06mmx,Juneiker Caceres,H,Pick/prospect/unresolved or no modeled MLB projection,,,preserved production/prospect arrival forecast unchanged; no supported full-role estimate,MLB arrival and specified role not verified
06c1j,Cam Cannarella,H,Pick/prospect/unresolved or no modeled MLB projection,,,preserved production/prospect arrival forecast unchanged; no supported full-role estimate,MLB arrival and specified role not verified
074bt,Ronald Cardozo,H,Pick/prospect/unresolved or no modeled MLB projection,,,preserved production/prospect arrival forecast unchanged; no supported full-role estimate,MLB arrival and specified role not verified
06alq,Billy Carlson,H,Pick/prospect/unresolved or no modeled MLB projection,,,preserved production/prospect arrival forecast unchanged; no supported full-role estimate,MLB arrival and specified role not verified
06icj,Yolfran Castillo,H,Pick/prospect/unresolved or no modeled MLB projection,,,preserved production/prospect arrival forecast unchanged; no supported full-role estimate,MLB arrival and specified role not verified
05mx9,Felnin Celesten,H,Pick/prospect/unresolved or no modeled MLB projection,,,preserved production/prospect arrival forecast unchanged; no supported full-role estimate,MLB arrival and specified role not verified
05yix,Jaison Chourio,H,Pick/prospect/unresolved or no modeled MLB projection,,,preserved production/prospect arrival forecast unchanged; no supported full-role estimate,MLB arrival and specified role not verified
05ge1,Ryan Clifford,H,Pick/prospect/unresolved or no modeled MLB projection,,,preserved production/prospect arrival forecast unchanged; no supported full-role estimate,MLB arrival and specified role not verified
05u1y,Cam Collier,H,Pick/prospect/unresolved or no modeled MLB projection,,,preserved production/prospect arrival forecast unchanged; no supported full-role estimate,MLB arrival and specified role not verified
071wb,Johenssy Colome,H,Pick/prospect/unresolved or no modeled MLB projection,,,preserved production/prospect arrival forecast unchanged; no supported full-role estimate,MLB arrival and specified role not verified
06mhy,Brandon Compton,H,Pick/prospect/unresolved or no modeled MLB projection,,,preserved production/prospect arrival forecast unchanged; no supported full-role estimate,MLB arrival and specified role not verified
06alk,Charlie Condon,H,Pick/prospect/unresolved or no modeled MLB projection,,,preserved production/prospect arrival forecast unchanged; no supported full-role estimate,MLB arrival and specified role not verified
06pll,Ethan Conrad,H,Pick/prospect/unresolved or no modeled MLB projection,,,preserved production/prospect arrival forecast unchanged; no supported full-role estimate,MLB arrival and specified role not verified
06qvl,Corey Cousin,H,Pick/prospect/unresolved or no modeled MLB projection,,,preserved production/prospect arrival forecast unchanged; no supported full-role estimate,MLB arrival and specified role not verified
064o4,Demetrio Crisantes,H,Pick/prospect/unresolved or no modeled MLB projection,,,preserved production/prospect arrival forecast unchanged; no supported full-role estimate,MLB arrival and specified role not verified
06o8q,Ronny Cruz,H,Pick/prospect/unresolved or no modeled MLB projection,,,preserved production/prospect arrival forecast unchanged; no supported full-role estimate,MLB arrival and specified role not verified
067z9,Kayson Cunningham,H,Pick/prospect/unresolved or no modeled MLB projection,,,preserved production/prospect arrival forecast unchanged; no supported full-role estimate,MLB arrival and specified role not verified
07249,Jeancer Custodio,H,Pick/prospect/unresolved or no modeled MLB projection,,,preserved production/prospect arrival forecast unchanged; no supported full-role estimate,MLB arrival and specified role not verified
06r8g,Wilder Dalis,H,Pick/prospect/unresolved or no modeled MLB projection,,,preserved production/prospect arrival forecast unchanged; no supported full-role estimate,MLB arrival and specified role not verified
06rvt,Charles Davalan,H,Pick/prospect/unresolved or no modeled MLB projection,,,preserved production/prospect arrival forecast unchanged; no supported full-role estimate,MLB arrival and specified role not verified
06r9b,Johan De Los Santos,H,Pick/prospect/unresolved or no modeled MLB projection,,,preserved production/prospect arrival forecast unchanged; no supported full-role estimate,MLB arrival and specified role not verified
06zql,Wilberson De Pena,H,Pick/prospect/unresolved or no modeled MLB projection,,,preserved production/prospect arrival forecast unchanged; no supported full-role estimate,MLB arrival and specified role not verified
067yc,Leo De Vries,H,Pick/prospect/unresolved or no modeled MLB projection,,,preserved production/prospect arrival forecast unchanged; no supported full-role estimate,MLB arrival and specified role not verified
06mne,Luke Dickerson,H,Pick/prospect/unresolved or no modeled MLB projection,,,preserved production/prospect arrival forecast unchanged; no supported full-role estimate,MLB arrival and specified role not verified
06o0e,Marco Dinges,H,Pick/prospect/unresolved or no modeled MLB projection,,,preserved production/prospect arrival forecast unchanged; no supported full-role estimate,MLB arrival and specified role not verified
06yd4,Sebastian Dos Santos,H,Pick/prospect/unresolved or no modeled MLB projection,,,preserved production/prospect arrival forecast unchanged; no supported full-role estimate,MLB arrival and specified role not verified
06626,Alfredo Duno,H,Pick/prospect/unresolved or no modeled MLB projection,,,preserved production/prospect arrival forecast unchanged; no supported full-role estimate,MLB arrival and specified role not verified
06alr,Brady Ebel,H,Pick/prospect/unresolved or no modeled MLB projection,,,preserved production/prospect arrival forecast unchanged; no supported full-role estimate,MLB arrival and specified role not verified
06423,Aroon Escobar,H,Pick/prospect/unresolved or no modeled MLB projection,,,preserved production/prospect arrival forecast unchanged; no supported full-role estimate,MLB arrival and specified role not verified
06yk0,Conor Essenburg,H,Pick/prospect/unresolved or no modeled MLB projection,,,preserved production/prospect arrival forecast unchanged; no supported full-role estimate,MLB arrival and specified role not verified
0630n,Aron Estrada,H,Pick/prospect/unresolved or no modeled MLB projection,,,preserved production/prospect arrival forecast unchanged; no supported full-role estimate,MLB arrival and specified role not verified
066sx,Jonny Farmelo,H,Pick/prospect/unresolved or no modeled MLB projection,,,preserved production/prospect arrival forecast unchanged; no supported full-role estimate,MLB arrival and specified role not verified
072p5,Albert Fermin,H,Pick/prospect/unresolved or no modeled MLB projection,,,preserved production/prospect arrival forecast unchanged; no supported full-role estimate,MLB arrival and specified role not verified
06qyu,Gavin Fien,H,Pick/prospect/unresolved or no modeled MLB projection,,,preserved production/prospect arrival forecast unchanged; no supported full-role estimate,MLB arrival and specified role not verified
06k7t,Andrew Fischer,H,Pick/prospect/unresolved or no modeled MLB projection,,,preserved production/prospect arrival forecast unchanged; no supported full-role estimate,MLB arrival and specified role not verified
06p5z,Devin Fitz-Gerald,H,Pick/prospect/unresolved or no modeled MLB projection,,,preserved production/prospect arrival forecast unchanged; no supported full-role estimate,MLB arrival and specified role not verified
06yxh,Cooper Flemming,H,Pick/prospect/unresolved or no modeled MLB projection,,,preserved production/prospect arrival forecast unchanged; no supported full-role estimate,MLB arrival and specified role not verified
06o01,Nathan Flewelling,H,Pick/prospect/unresolved or no modeled MLB projection,,,preserved production/prospect arrival forecast unchanged; no supported full-role estimate,MLB arrival and specified role not verified
06mh4,Edward Florentino,H,Pick/prospect/unresolved or no modeled MLB projection,,,preserved production/prospect arrival forecast unchanged; no supported full-role estimate,MLB arrival and specified role not verified
066mk,Welbyn Francisca,H,Pick/prospect/unresolved or no modeled MLB projection,,,preserved production/prospect arrival forecast unchanged; no supported full-role estimate,MLB arrival and specified role not verified
06yjs,Ethan Frey,H,Pick/prospect/unresolved or no modeled MLB projection,,,preserved production/prospect arrival forecast unchanged; no supported full-role estimate,MLB arrival and specified role not verified
06rq4,Alexander Frias,H,Pick/prospect/unresolved or no modeled MLB projection,,,preserved production/prospect arrival forecast unchanged; no supported full-role estimate,MLB arrival and specified role not verified
072pa,Diego Frontado,H,Pick/prospect/unresolved or no modeled MLB projection,,,preserved production/prospect arrival forecast unchanged; no supported full-role estimate,MLB arrival and specified role not verified
062cy,Sean Gamble,H,Pick/prospect/unresolved or no modeled MLB projection,,,preserved production/prospect arrival forecast unchanged; no supported full-role estimate,MLB arrival and specified role not verified
06cql,Kendall George,H,Pick/prospect/unresolved or no modeled MLB projection,,,preserved production/prospect arrival forecast unchanged; no supported full-role estimate,MLB arrival and specified role not verified
06qr6,Nate George,H,Pick/prospect/unresolved or no modeled MLB projection,,,preserved production/prospect arrival forecast unchanged; no supported full-role estimate,MLB arrival and specified role not verified
06hsz,John Gil,H,Pick/prospect/unresolved or no modeled MLB projection,,,preserved production/prospect arrival forecast unchanged; no supported full-role estimate,MLB arrival and specified role not verified
05u2m,Theo Gillen,H,Pick/prospect/unresolved or no modeled MLB projection,,,preserved production/prospect arrival forecast unchanged; no supported full-role estimate,MLB arrival and specified role not verified
06am1,Henry Godbout,H,Pick/prospect/unresolved or no modeled MLB projection,,,preserved production/prospect arrival forecast unchanged; no supported full-role estimate,MLB arrival and specified role not verified
0724b,Angeibel Gomez,H,Pick/prospect/unresolved or no modeled MLB projection,,,preserved production/prospect arrival forecast unchanged; no supported full-role estimate,MLB arrival and specified role not verified
0737o,Jarvis Gomez,H,Pick/prospect/unresolved or no modeled MLB projection,,,preserved production/prospect arrival forecast unchanged; no supported full-role estimate,MLB arrival and specified role not verified
06mff,Justin Gonzales,H,Pick/prospect/unresolved or no modeled MLB projection,,,preserved production/prospect arrival forecast unchanged; no supported full-role estimate,MLB arrival and specified role not verified
06akw,Asbel Gonzalez,H,Pick/prospect/unresolved or no modeled MLB projection,,,preserved production/prospect arrival forecast unchanged; no supported full-role estimate,MLB arrival and specified role not verified
06ps2,Josuar Gonzalez,H,Pick/prospect/unresolved or no modeled MLB projection,,,preserved production/prospect arrival forecast unchanged; no supported full-role estimate,MLB arrival and specified role not verified
06mvg,Murf Gray,H,Pick/prospect/unresolved or no modeled MLB projection,,,preserved production/prospect arrival forecast unchanged; no supported full-role estimate,MLB arrival and specified role not verified
06y9r,Taitn Gray,H,Pick/prospect/unresolved or no modeled MLB projection,,,preserved production/prospect arrival forecast unchanged; no supported full-role estimate,MLB arrival and specified role not verified
066me,Luis Guanipa,H,Pick/prospect/unresolved or no modeled MLB projection,,,preserved production/prospect arrival forecast unchanged; no supported full-role estimate,MLB arrival and specified role not verified
06ro7,Breyson Guedez,H,Pick/prospect/unresolved or no modeled MLB projection,,,preserved production/prospect arrival forecast unchanged; no supported full-role estimate,MLB arrival and specified role not verified
06rw2,Steele Hall,H,Pick/prospect/unresolved or no modeled MLB projection,,,preserved production/prospect arrival forecast unchanged; no supported full-role estimate,MLB arrival and specified role not verified
06cqi,Josh Hammond,H,Pick/prospect/unresolved or no modeled MLB projection,,,preserved production/prospect arrival forecast unchanged; no supported full-role estimate,MLB arrival and specified role not verified
06qlr,Parks Harber,H,Pick/prospect/unresolved or no modeled MLB projection,,,preserved production/prospect arrival forecast unchanged; no supported full-role estimate,MLB arrival and specified role not verified
06kjz,Chase Harlan,H,Pick/prospect/unresolved or no modeled MLB projection,,,preserved production/prospect arrival forecast unchanged; no supported full-role estimate,MLB arrival and specified role not verified
06pi0,Eric Hartman,H,Pick/prospect/unresolved or no modeled MLB projection,,,preserved production/prospect arrival forecast unchanged; no supported full-role estimate,MLB arrival and specified role not verified
06ifw,Josiah Hartshorn,H,Pick/prospect/unresolved or no modeled MLB projection,,,preserved production/prospect arrival forecast unchanged; no supported full-role estimate,MLB arrival and specified role not verified
072hf,Joniel Hernandez,H,Pick/prospect/unresolved or no modeled MLB projection,,,preserved production/prospect arrival forecast unchanged; no supported full-role estimate,MLB arrival and specified role not verified
071w9,Luis Hernandez,H,Pick/prospect/unresolved or no modeled MLB projection,,,preserved production/prospect arrival forecast unchanged; no supported full-role estimate,MLB arrival and specified role not verified
062cx,Ethan Holliday,H,Pick/prospect/unresolved or no modeled MLB projection,,,preserved production/prospect arrival forecast unchanged; no supported full-role estimate,MLB arrival and specified role not verified
062e5,Vance Honeycutt,H,Pick/prospect/unresolved or no modeled MLB projection,,,preserved production/prospect arrival forecast unchanged; no supported full-role estimate,MLB arrival and specified role not verified
06eyu,Zyhir Hope,H,Pick/prospect/unresolved or no modeled MLB projection,,,preserved production/prospect arrival forecast unchanged; no supported full-role estimate,MLB arrival and specified role not verified
06mps,Marek Houston,H,Pick/prospect/unresolved or no modeled MLB projection,,,preserved production/prospect arrival forecast unchanged; no supported full-role estimate,MLB arrival and specified role not verified
070bu,CJ Hughes,H,Pick/prospect/unresolved or no modeled MLB projection,,,preserved production/prospect arrival forecast unchanged; no supported full-role estimate,MLB arrival and specified role not verified
06c10,Ike Irish,H,Pick/prospect/unresolved or no modeled MLB projection,,,preserved production/prospect arrival forecast unchanged; no supported full-role estimate,MLB arrival and specified role not verified
062pp,Xavier Isaac,H,Pick/prospect/unresolved or no modeled MLB projection,,,preserved production/prospect arrival forecast unchanged; no supported full-role estimate,MLB arrival and specified role not verified
06alw,Coy James,H,Pick/prospect/unresolved or no modeled MLB projection,,,preserved production/prospect arrival forecast unchanged; no supported full-role estimate,MLB arrival and specified role not verified
05tdk,Druw Jones,H,Pick/prospect/unresolved or no modeled MLB projection,,,preserved production/prospect arrival forecast unchanged; no supported full-role estimate,MLB arrival and specified role not verified
06qwv,Kane Kepley,H,Pick/prospect/unresolved or no modeled MLB projection,,,preserved production/prospect arrival forecast unchanged; no supported full-role estimate,MLB arrival and specified role not verified
06utg,Dax Kilby,H,Pick/prospect/unresolved or no modeled MLB projection,,,preserved production/prospect arrival forecast unchanged; no supported full-role estimate,MLB arrival and specified role not verified
05yd3,Gavin Kilen,H,Pick/prospect/unresolved or no modeled MLB projection,,,preserved production/prospect arrival forecast unchanged; no supported full-role estimate,MLB arrival and specified role not verified
06cq7,Seaver King,H,Pick/prospect/unresolved or no modeled MLB projection,,,preserved production/prospect arrival forecast unchanged; no supported full-role estimate,MLB arrival and specified role not verified
067zb,Jace LaViolette,H,Pick/prospect/unresolved or no modeled MLB projection,,,preserved production/prospect arrival forecast unchanged; no supported full-role estimate,MLB arrival and specified role not verified
06ich,Jhonny Level,H,Pick/prospect/unresolved or no modeled MLB projection,,,preserved production/prospect arrival forecast unchanged; no supported full-role estimate,MLB arrival and specified role not verified
06mnk,Tyson Lewis,H,Pick/prospect/unresolved or no modeled MLB projection,,,preserved production/prospect arrival forecast unchanged; no supported full-role estimate,MLB arrival and specified role not verified
05r64,Thayron Liranzo,H,Pick/prospect/unresolved or no modeled MLB projection,,,preserved production/prospect arrival forecast unchanged; no supported full-role estimate,MLB arrival and specified role not verified
06se7,Alex Lodise,H,Pick/prospect/unresolved or no modeled MLB projection,,,preserved production/prospect arrival forecast unchanged; no supported full-role estimate,MLB arrival and specified role not verified
06fwm,Jonathon Long,H,Pick/prospect/unresolved or no modeled MLB projection,,,preserved production/prospect arrival forecast unchanged; no supported full-role estimate,MLB arrival and specified role not verified
07261,Emanuel Luna,H,Pick/prospect/unresolved or no modeled MLB projection,,,preserved production/prospect arrival forecast unchanged; no supported full-role estimate,MLB arrival and specified role not verified
06ibv,Jesus Made,H,Pick/prospect/unresolved or no modeled MLB projection,,,preserved production/prospect arrival forecast unchanged; no supported full-role estimate,MLB arrival and specified role not verified
06qxu,Juan Martinez,H,Pick/prospect/unresolved or no modeled MLB projection,,,preserved production/prospect arrival forecast unchanged; no supported full-role estimate,MLB arrival and specified role not verified
06r2s,Michael Martinez,H,Pick/prospect/unresolved or no modeled MLB projection,,,preserved production/prospect arrival forecast unchanged; no supported full-role estimate,MLB arrival and specified role not verified
0769m,Leanders Matos,H,Pick/prospect/unresolved or no modeled MLB projection,,,preserved production/prospect arrival forecast unchanged; no supported full-role estimate,MLB arrival and specified role not verified
05rhb,Hendry Mendez,H,Pick/prospect/unresolved or no modeled MLB projection,,,preserved production/prospect arrival forecast unchanged; no supported full-role estimate,MLB arrival and specified role not verified
05u36,Aidan Miller,H,Pick/prospect/unresolved or no modeled MLB projection,,,preserved production/prospect arrival forecast unchanged; no supported full-role estimate,MLB arrival and specified role not verified
05y3q,Blake Mitchell,H,Pick/prospect/unresolved or no modeled MLB projection,,,preserved production/prospect arrival forecast unchanged; no supported full-role estimate,MLB arrival and specified role not verified
06y9v,Ryan Mitchell,H,Pick/prospect/unresolved or no modeled MLB projection,,,preserved production/prospect arrival forecast unchanged; no supported full-role estimate,MLB arrival and specified role not verified
072hk,Ricki Moneys,H,Pick/prospect/unresolved or no modeled MLB projection,,,preserved production/prospect arrival forecast unchanged; no supported full-role estimate,MLB arrival and specified role not verified
06ibo,Emil Morales,H,Pick/prospect/unresolved or no modeled MLB projection,,,preserved production/prospect arrival forecast unchanged; no supported full-role estimate,MLB arrival and specified role not verified
06r9r,Darell Morel,H,Pick/prospect/unresolved or no modeled MLB projection,,,preserved production/prospect arrival forecast unchanged; no supported full-role estimate,MLB arrival and specified role not verified
06r8u,Shotaro Morii,H,Pick/prospect/unresolved or no modeled MLB projection,,,preserved production/prospect arrival forecast unchanged; no supported full-role estimate,MLB arrival and specified role not verified
05yak,Xavier Neyens,H,Pick/prospect/unresolved or no modeled MLB projection,,,preserved production/prospect arrival forecast unchanged; no supported full-role estimate,MLB arrival and specified role not verified
05y3p,Arjun Nimmala,H,Pick/prospect/unresolved or no modeled MLB projection,,,preserved production/prospect arrival forecast unchanged; no supported full-role estimate,MLB arrival and specified role not verified
0724a,Angel Nunez Jr.,H,Pick/prospect/unresolved or no modeled MLB projection,,,preserved production/prospect arrival forecast unchanged; no supported full-role estimate,MLB arrival and specified role not verified
066s4,Hector Osorio,H,Pick/prospect/unresolved or no modeled MLB projection,,,preserved production/prospect arrival forecast unchanged; no supported full-role estimate,MLB arrival and specified role not verified
06vxu,Josh Owens,H,Pick/prospect/unresolved or no modeled MLB projection,,,preserved production/prospect arrival forecast unchanged; no supported full-role estimate,MLB arrival and specified role not verified
06k81,Yairo Padilla,H,Pick/prospect/unresolved or no modeled MLB projection,,,preserved production/prospect arrival forecast unchanged; no supported full-role estimate,MLB arrival and specified role not verified
06se6,JoJo Parker,H,Pick/prospect/unresolved or no modeled MLB projection,,,preserved production/prospect arrival forecast unchanged; no supported full-role estimate,MLB arrival and specified role not verified
06kkf,Braylon Payne,H,Pick/prospect/unresolved or no modeled MLB projection,,,preserved production/prospect arrival forecast unchanged; no supported full-role estimate,MLB arrival and specified role not verified
06m0g,Elian Pena,H,Pick/prospect/unresolved or no modeled MLB projection,,,preserved production/prospect arrival forecast unchanged; no supported full-role estimate,MLB arrival and specified role not verified
06j3f,Luis Pena,H,Pick/prospect/unresolved or no modeled MLB projection,,,preserved production/prospect arrival forecast unchanged; no supported full-role estimate,MLB arrival and specified role not verified
05rbd,Manuel Pena,H,Pick/prospect/unresolved or no modeled MLB projection,,,preserved production/prospect arrival forecast unchanged; no supported full-role estimate,MLB arrival and specified role not verified
076rp,Yostin Pena,H,Pick/prospect/unresolved or no modeled MLB projection,,,preserved production/prospect arrival forecast unchanged; no supported full-role estimate,MLB arrival and specified role not verified
061mj,Jeral Perez,H,Pick/prospect/unresolved or no modeled MLB projection,,,preserved production/prospect arrival forecast unchanged; no supported full-role estimate,MLB arrival and specified role not verified
05yff,Ethan Petry,H,Pick/prospect/unresolved or no modeled MLB projection,,,preserved production/prospect arrival forecast unchanged; no supported full-role estimate,MLB arrival and specified role not verified
06se8,Daniel Pierce,H,Pick/prospect/unresolved or no modeled MLB projection,,,preserved production/prospect arrival forecast unchanged; no supported full-role estimate,MLB arrival and specified role not verified
0622o,Axiel Plaz,H,Pick/prospect/unresolved or no modeled MLB projection,,,preserved production/prospect arrival forecast unchanged; no supported full-role estimate,MLB arrival and specified role not verified
06yyn,Franklin Primera,H,Pick/prospect/unresolved or no modeled MLB projection,,,preserved production/prospect arrival forecast unchanged; no supported full-role estimate,MLB arrival and specified role not verified
06c79,Eduardo Quintero,H,Pick/prospect/unresolved or no modeled MLB projection,,,preserved production/prospect arrival forecast unchanged; no supported full-role estimate,MLB arrival and specified role not verified
05yib,Nelson Rada,H,Pick/prospect/unresolved or no modeled MLB projection,,,preserved production/prospect arrival forecast unchanged; no supported full-role estimate,MLB arrival and specified role not verified
06zi7,Josiah Ragsdale,H,Pick/prospect/unresolved or no modeled MLB projection,,,preserved production/prospect arrival forecast unchanged; no supported full-role estimate,MLB arrival and specified role not verified
05yai,Bryce Rainer,H,Pick/prospect/unresolved or no modeled MLB projection,,,preserved production/prospect arrival forecast unchanged; no supported full-role estimate,MLB arrival and specified role not verified
068nf,Lucas Ramirez,H,Pick/prospect/unresolved or no modeled MLB projection,,,preserved production/prospect arrival forecast unchanged; no supported full-role estimate,MLB arrival and specified role not verified
06cn0,Ramon Ramirez,H,Pick/prospect/unresolved or no modeled MLB projection,,,preserved production/prospect arrival forecast unchanged; no supported full-role estimate,MLB arrival and specified role not verified
0724c,Francisco Renteria,H,Pick/prospect/unresolved or no modeled MLB projection,,,preserved production/prospect arrival forecast unchanged; no supported full-role estimate,MLB arrival and specified role not verified
06rvw,Jhomnardo Reyes,H,Pick/prospect/unresolved or no modeled MLB projection,,,preserved production/prospect arrival forecast unchanged; no supported full-role estimate,MLB arrival and specified role not verified
07262,Juan Rijo,H,Pick/prospect/unresolved or no modeled MLB projection,,,preserved production/prospect arrival forecast unchanged; no supported full-role estimate,MLB arrival and specified role not verified
066lf,Bryan Rincon,H,Pick/prospect/unresolved or no modeled MLB projection,,,preserved production/prospect arrival forecast unchanged; no supported full-role estimate,MLB arrival and specified role not verified
06ps4,Cris Rodriguez,H,Pick/prospect/unresolved or no modeled MLB projection,,,preserved production/prospect arrival forecast unchanged; no supported full-role estimate,MLB arrival and specified role not verified
06mnp,Rainiel Rodriguez,H,Pick/prospect/unresolved or no modeled MLB projection,,,preserved production/prospect arrival forecast unchanged; no supported full-role estimate,MLB arrival and specified role not verified
06hoc,Raudi Rodriguez,H,Pick/prospect/unresolved or no modeled MLB projection,,,preserved production/prospect arrival forecast unchanged; no supported full-role estimate,MLB arrival and specified role not verified
061wh,Jefferson Rojas,H,Pick/prospect/unresolved or no modeled MLB projection,,,preserved production/prospect arrival forecast unchanged; no supported full-role estimate,MLB arrival and specified role not verified
06rgw,Juan Sanchez,H,Pick/prospect/unresolved or no modeled MLB projection,,,preserved production/prospect arrival forecast unchanged; no supported full-role estimate,MLB arrival and specified role not verified
06mnl,Wyatt Sanford,H,Pick/prospect/unresolved or no modeled MLB projection,,,preserved production/prospect arrival forecast unchanged; no supported full-role estimate,MLB arrival and specified role not verified
072jh,Samil Serrano,H,Pick/prospect/unresolved or no modeled MLB projection,,,preserved production/prospect arrival forecast unchanged; no supported full-role estimate,MLB arrival and specified role not verified
06fus,Easton Shelton,H,Pick/prospect/unresolved or no modeled MLB projection,,,preserved production/prospect arrival forecast unchanged; no supported full-role estimate,MLB arrival and specified role not verified
066ip,Mike Sirota,H,Pick/prospect/unresolved or no modeled MLB projection,,,preserved production/prospect arrival forecast unchanged; no supported full-role estimate,MLB arrival and specified role not verified
072ds,Santiago Solarte,H,Pick/prospect/unresolved or no modeled MLB projection,,,preserved production/prospect arrival forecast unchanged; no supported full-role estimate,MLB arrival and specified role not verified
06qhh,Dorian Soto,H,Pick/prospect/unresolved or no modeled MLB projection,,,preserved production/prospect arrival forecast unchanged; no supported full-role estimate,MLB arrival and specified role not verified
06rry,Tate Southisene,H,Pick/prospect/unresolved or no modeled MLB projection,,,preserved production/prospect arrival forecast unchanged; no supported full-role estimate,MLB arrival and specified role not verified
06mpr,Brendan Summerhill,H,Pick/prospect/unresolved or no modeled MLB projection,,,preserved production/prospect arrival forecast unchanged; no supported full-role estimate,MLB arrival and specified role not verified
06bsb,Eduardo Tait,H,Pick/prospect/unresolved or no modeled MLB projection,,,preserved production/prospect arrival forecast unchanged; no supported full-role estimate,MLB arrival and specified role not verified
05wy1,Brayden Taylor,H,Pick/prospect/unresolved or no modeled MLB projection,,,preserved production/prospect arrival forecast unchanged; no supported full-role estimate,MLB arrival and specified role not verified
06c0z,Devin Taylor,H,Pick/prospect/unresolved or no modeled MLB projection,,,preserved production/prospect arrival forecast unchanged; no supported full-role estimate,MLB arrival and specified role not verified
066ir,James Tibbs III,H,Pick/prospect/unresolved or no modeled MLB projection,,,preserved production/prospect arrival forecast unchanged; no supported full-role estimate,MLB arrival and specified role not verified
06qhe,Diego Tornes,H,Pick/prospect/unresolved or no modeled MLB projection,,,preserved production/prospect arrival forecast unchanged; no supported full-role estimate,MLB arrival and specified role not verified
07248,Victor Valdez,H,Pick/prospect/unresolved or no modeled MLB projection,,,preserved production/prospect arrival forecast unchanged; no supported full-role estimate,MLB arrival and specified role not verified
06625,Joendry Vargas,H,Pick/prospect/unresolved or no modeled MLB projection,,,preserved production/prospect arrival forecast unchanged; no supported full-role estimate,MLB arrival and specified role not verified
067yp,Ralphy Velazquez,H,Pick/prospect/unresolved or no modeled MLB projection,,,preserved production/prospect arrival forecast unchanged; no supported full-role estimate,MLB arrival and specified role not verified
06cmf,Mitch Voit,H,Pick/prospect/unresolved or no modeled MLB projection,,,preserved production/prospect arrival forecast unchanged; no supported full-role estimate,MLB arrival and specified role not verified
0662o,Sebastian Walcott,H,Pick/prospect/unresolved or no modeled MLB projection,,,preserved production/prospect arrival forecast unchanged; no supported full-role estimate,MLB arrival and specified role not verified
06yjd,Aaron Walton,H,Pick/prospect/unresolved or no modeled MLB projection,,,preserved production/prospect arrival forecast unchanged; no supported full-role estimate,MLB arrival and specified role not verified
06z9d,Aidan West,H,Pick/prospect/unresolved or no modeled MLB projection,,,preserved production/prospect arrival forecast unchanged; no supported full-role estimate,MLB arrival and specified role not verified
05ubi,Brock Wilken,H,Pick/prospect/unresolved or no modeled MLB projection,,,preserved production/prospect arrival forecast unchanged; no supported full-role estimate,MLB arrival and specified role not verified
060la,Jett Williams,H,Pick/prospect/unresolved or no modeled MLB projection,,,preserved production/prospect arrival forecast unchanged; no supported full-role estimate,MLB arrival and specified role not verified
06n8y,Eli Willits,H,Pick/prospect/unresolved or no modeled MLB projection,,,preserved production/prospect arrival forecast unchanged; no supported full-role estimate,MLB arrival and specified role not verified
05yat,Quentin Young,H,Pick/prospect/unresolved or no modeled MLB projection,,,preserved production/prospect arrival forecast unchanged; no supported full-role estimate,MLB arrival and specified role not verified
06qwb,Jose Fermin,RP,Pick/prospect/unresolved or no modeled MLB projection,,,preserved production/prospect arrival forecast unchanged; no supported full-role estimate,MLB arrival and specified role not verified
06dmr,Matt Wilkinson,SP,Pick/prospect/unresolved or no modeled MLB projection,,,preserved production/prospect arrival forecast unchanged; no supported full-role estimate,MLB arrival and specified role not verified
060uk,Jack Anderson,RP,Pick/prospect/unresolved or no modeled MLB projection,,,preserved production/prospect arrival forecast unchanged; no supported full-role estimate,MLB arrival and specified role not verified
06cqy,Yunior Marte,SP,Pick/prospect/unresolved or no modeled MLB projection,,,preserved production/prospect arrival forecast unchanged; no supported full-role estimate,MLB arrival and specified role not verified
06kwn,Jose Rodriguez,RP,Pick/prospect/unresolved or no modeled MLB projection,,,preserved production/prospect arrival forecast unchanged; no supported full-role estimate,MLB arrival and specified role not verified
06309,Trevor Martin,RP,Pick/prospect/unresolved or no modeled MLB projection,,,preserved production/prospect arrival forecast unchanged; no supported full-role estimate,MLB arrival and specified role not verified
06plg,Jose Cabrera,SP,Pick/prospect/unresolved or no modeled MLB projection,,,preserved production/prospect arrival forecast unchanged; no supported full-role estimate,MLB arrival and specified role not verified
06ahu,Sean Sullivan,SP,Pick/prospect/unresolved or no modeled MLB projection,,,preserved production/prospect arrival forecast unchanged; no supported full-role estimate,MLB arrival and specified role not verified
05jp3,Logan Allen,RP,Pick/prospect/unresolved or no modeled MLB projection,,,preserved production/prospect arrival forecast unchanged; no supported full-role estimate,MLB arrival and specified role not verified
0321h,Luis Garcia,RP,Pick/prospect/unresolved or no modeled MLB projection,,,preserved production/prospect arrival forecast unchanged; no supported full-role estimate,MLB arrival and specified role not verified
066lh,Cameron Foster,RP,Pick/prospect/unresolved or no modeled MLB projection,,,preserved production/prospect arrival forecast unchanged; no supported full-role estimate,MLB arrival and specified role not verified
06ktt,Jamie Arnold,SP,Pick/prospect/unresolved or no modeled MLB projection,,,preserved production/prospect arrival forecast unchanged; no supported full-role estimate,MLB arrival and specified role not verified
05u9j,Jackson Baumeister,SP,Pick/prospect/unresolved or no modeled MLB projection,,,preserved production/prospect arrival forecast unchanged; no supported full-role estimate,MLB arrival and specified role not verified
05ybz,Brody Brecht,SP,Pick/prospect/unresolved or no modeled MLB projection,,,preserved production/prospect arrival forecast unchanged; no supported full-role estimate,MLB arrival and specified role not verified
06icx,Tyler Bremner,SP,Pick/prospect/unresolved or no modeled MLB projection,,,preserved production/prospect arrival forecast unchanged; no supported full-role estimate,MLB arrival and specified role not verified
06ht3,Jacob Bresnahan,SP,Pick/prospect/unresolved or no modeled MLB projection,,,preserved production/prospect arrival forecast unchanged; no supported full-role estimate,MLB arrival and specified role not verified
062e0,Cam Caminiti,SP,Pick/prospect/unresolved or no modeled MLB projection,,,preserved production/prospect arrival forecast unchanged; no supported full-role estimate,MLB arrival and specified role not verified
06rm6,Kendry Chourio,SP,Pick/prospect/unresolved or no modeled MLB projection,,,preserved production/prospect arrival forecast unchanged; no supported full-role estimate,MLB arrival and specified role not verified
060m8,Jurrangelo Cijntje,SP,Pick/prospect/unresolved or no modeled MLB projection,,,preserved production/prospect arrival forecast unchanged; no supported full-role estimate,MLB arrival and specified role not verified
06qif,Brandon Clarke,SP,Pick/prospect/unresolved or no modeled MLB projection,,,preserved production/prospect arrival forecast unchanged; no supported full-role estimate,MLB arrival and specified role not verified
06zrf,Aidan Cremarosa,SP,Pick/prospect/unresolved or no modeled MLB projection,,,preserved production/prospect arrival forecast unchanged; no supported full-role estimate,MLB arrival and specified role not verified
06l3m,Bryce Cunningham,SP,Pick/prospect/unresolved or no modeled MLB projection,,,preserved production/prospect arrival forecast unchanged; no supported full-role estimate,MLB arrival and specified role not verified
05uec,Yoniel Curet,RP,Pick/prospect/unresolved or no modeled MLB projection,,,preserved production/prospect arrival forecast unchanged; no supported full-role estimate,MLB arrival and specified role not verified
06mio,David Davalillo,SP,Pick/prospect/unresolved or no modeled MLB projection,,,preserved production/prospect arrival forecast unchanged; no supported full-role estimate,MLB arrival and specified role not verified
06rgh,Kevin Defrank,SP,Pick/prospect/unresolved or no modeled MLB projection,,,preserved production/prospect arrival forecast unchanged; no supported full-role estimate,MLB arrival and specified role not verified
06r9y,Sadbiel Delzine,SP,Pick/prospect/unresolved or no modeled MLB projection,,,preserved production/prospect arrival forecast unchanged; no supported full-role estimate,MLB arrival and specified role not verified
06krw,Eliazar Dishmey,SP,Pick/prospect/unresolved or no modeled MLB projection,,,preserved production/prospect arrival forecast unchanged; no supported full-role estimate,MLB arrival and specified role not verified
06kk6,Braylon Doughty,SP,Pick/prospect/unresolved or no modeled MLB projection,,,preserved production/prospect arrival forecast unchanged; no supported full-role estimate,MLB arrival and specified role not verified
06roc,Liam Doyle,SP,Pick/prospect/unresolved or no modeled MLB projection,,,preserved production/prospect arrival forecast unchanged; no supported full-role estimate,MLB arrival and specified role not verified
06rre,Joseph Dzierwa,SP,Pick/prospect/unresolved or no modeled MLB projection,,,preserved production/prospect arrival forecast unchanged; no supported full-role estimate,MLB arrival and specified role not verified
06o03,Daniel Eagen,SP,Pick/prospect/unresolved or no modeled MLB projection,,,preserved production/prospect arrival forecast unchanged; no supported full-role estimate,MLB arrival and specified role not verified
06mph,Anthony Eyanson,SP,Pick/prospect/unresolved or no modeled MLB projection,,,preserved production/prospect arrival forecast unchanged; no supported full-role estimate,MLB arrival and specified role not verified
06mcc,Yhoiker Fajardo,SP,Pick/prospect/unresolved or no modeled MLB projection,,,preserved production/prospect arrival forecast unchanged; no supported full-role estimate,MLB arrival and specified role not verified
05u6g,Jackson Ferris,SP,Pick/prospect/unresolved or no modeled MLB projection,,,preserved production/prospect arrival forecast unchanged; no supported full-role estimate,MLB arrival and specified role not verified
06roe,Patrick Forbes,SP,Pick/prospect/unresolved or no modeled MLB projection,,,preserved production/prospect arrival forecast unchanged; no supported full-role estimate,MLB arrival and specified role not verified
06hwt,Michael Forret,SP,Pick/prospect/unresolved or no modeled MLB projection,,,preserved production/prospect arrival forecast unchanged; no supported full-role estimate,MLB arrival and specified role not verified
06iby,Branneli Franco,RP,Pick/prospect/unresolved or no modeled MLB projection,,,preserved production/prospect arrival forecast unchanged; no supported full-role estimate,MLB arrival and specified role not verified
06yjx,Tanner Franklin,SP,Pick/prospect/unresolved or no modeled MLB projection,,,preserved production/prospect arrival forecast unchanged; no supported full-role estimate,MLB arrival and specified role not verified
06o09,Davian Garcia,SP,Pick/prospect/unresolved or no modeled MLB projection,,,preserved production/prospect arrival forecast unchanged; no supported full-role estimate,MLB arrival and specified role not verified
064o6,Gary Gill Hill,SP,Pick/prospect/unresolved or no modeled MLB projection,,,preserved production/prospect arrival forecast unchanged; no supported full-role estimate,MLB arrival and specified role not verified
06onz,David Hagaman,SP,Pick/prospect/unresolved or no modeled MLB projection,,,preserved production/prospect arrival forecast unchanged; no supported full-role estimate,MLB arrival and specified role not verified
06qng,Tyson Hardin,SP,Pick/prospect/unresolved or no modeled MLB projection,,,preserved production/prospect arrival forecast unchanged; no supported full-role estimate,MLB arrival and specified role not verified
06f1o,Trevor Harrison,SP,Pick/prospect/unresolved or no modeled MLB projection,,,preserved production/prospect arrival forecast unchanged; no supported full-role estimate,MLB arrival and specified role not verified
05jpx,Tink Hence,RP,Pick/prospect/unresolved or no modeled MLB projection,,,preserved production/prospect arrival forecast unchanged; no supported full-role estimate,MLB arrival and specified role not verified
067yn,Seth Hernandez,SP,Pick/prospect/unresolved or no modeled MLB projection,,,preserved production/prospect arrival forecast unchanged; no supported full-role estimate,MLB arrival and specified role not verified
066iq,Ben Hess,SP,Pick/prospect/unresolved or no modeled MLB projection,,,preserved production/prospect arrival forecast unchanged; no supported full-role estimate,MLB arrival and specified role not verified
06mnh,Dasan Hill,SP,Pick/prospect/unresolved or no modeled MLB projection,,,preserved production/prospect arrival forecast unchanged; no supported full-role estimate,MLB arrival and specified role not verified
06z0x,Caden Hunter,SP,Pick/prospect/unresolved or no modeled MLB projection,,,preserved production/prospect arrival forecast unchanged; no supported full-role estimate,MLB arrival and specified role not verified
06qwt,Ben Jacobs,SP,Pick/prospect/unresolved or no modeled MLB projection,,,preserved production/prospect arrival forecast unchanged; no supported full-role estimate,MLB arrival and specified role not verified
06n3o,Johnny King,SP,Pick/prospect/unresolved or no modeled MLB projection,,,preserved production/prospect arrival forecast unchanged; no supported full-role estimate,MLB arrival and specified role not verified
062h4,Carlos Lagrange,SP,Pick/prospect/unresolved or no modeled MLB projection,,,preserved production/prospect arrival forecast unchanged; no supported full-role estimate,MLB arrival and specified role not verified
06kza,Justin Lamkin,SP,Pick/prospect/unresolved or no modeled MLB projection,,,preserved production/prospect arrival forecast unchanged; no supported full-role estimate,MLB arrival and specified role not verified
06gjw,Bishop Letson,SP,Pick/prospect/unresolved or no modeled MLB projection,,,preserved production/prospect arrival forecast unchanged; no supported full-role estimate,MLB arrival and specified role not verified
06op3,Wei-En Lin,SP,Pick/prospect/unresolved or no modeled MLB projection,,,preserved production/prospect arrival forecast unchanged; no supported full-role estimate,MLB arrival and specified role not verified
06y0k,Ramon Marquez,SP,Pick/prospect/unresolved or no modeled MLB projection,,,preserved production/prospect arrival forecast unchanged; no supported full-role estimate,MLB arrival and specified role not verified
06ut2,Keyner Martinez,SP,Pick/prospect/unresolved or no modeled MLB projection,,,preserved production/prospect arrival forecast unchanged; no supported full-role estimate,MLB arrival and specified role not verified
06qra,Bryce Mayer,SP,Pick/prospect/unresolved or no modeled MLB projection,,,preserved production/prospect arrival forecast unchanged; no supported full-role estimate,MLB arrival and specified role not verified
06lp4,Kash Mayfield,SP,Pick/prospect/unresolved or no modeled MLB projection,,,preserved production/prospect arrival forecast unchanged; no supported full-role estimate,MLB arrival and specified role not verified
06rw3,Briggs McKenzie,SP,Pick/prospect/unresolved or no modeled MLB projection,,,preserved production/prospect arrival forecast unchanged; no supported full-role estimate,MLB arrival and specified role not verified
06jfn,Esteban Mejia,SP,Pick/prospect/unresolved or no modeled MLB projection,,,preserved production/prospect arrival forecast unchanged; no supported full-role estimate,MLB arrival and specified role not verified
062yr,Noble Meyer,SP,Pick/prospect/unresolved or no modeled MLB projection,,,preserved production/prospect arrival forecast unchanged; no supported full-role estimate,MLB arrival and specified role not verified
062z7,Karson Milbrandt,SP,Pick/prospect/unresolved or no modeled MLB projection,,,preserved production/prospect arrival forecast unchanged; no supported full-role estimate,MLB arrival and specified role not verified
06gx3,Mason Molina,SP,Pick/prospect/unresolved or no modeled MLB projection,,,preserved production/prospect arrival forecast unchanged; no supported full-role estimate,MLB arrival and specified role not verified
06f1q,Christian Oppor,SP,Pick/prospect/unresolved or no modeled MLB projection,,,preserved production/prospect arrival forecast unchanged; no supported full-role estimate,MLB arrival and specified role not verified
06qp2,Nate Payne,SP,Pick/prospect/unresolved or no modeled MLB projection,,,preserved production/prospect arrival forecast unchanged; no supported full-role estimate,MLB arrival and specified role not verified
067xg,Nolan Perry,SP,Pick/prospect/unresolved or no modeled MLB projection,,,preserved production/prospect arrival forecast unchanged; no supported full-role estimate,MLB arrival and specified role not verified
06rrl,Riley Quick,SP,Pick/prospect/unresolved or no modeled MLB projection,,,preserved production/prospect arrival forecast unchanged; no supported full-role estimate,MLB arrival and specified role not verified
05jqh,Tekoah Roby,SP,Pick/prospect/unresolved or no modeled MLB projection,,,preserved production/prospect arrival forecast unchanged; no supported full-role estimate,MLB arrival and specified role not verified
06kxc,Zach Root,SP,Pick/prospect/unresolved or no modeled MLB projection,,,preserved production/prospect arrival forecast unchanged; no supported full-role estimate,MLB arrival and specified role not verified
05jri,Alejandro Rosario,SP,Pick/prospect/unresolved or no modeled MLB projection,,,preserved production/prospect arrival forecast unchanged; no supported full-role estimate,MLB arrival and specified role not verified
06cmi,AJ Russell,SP,Pick/prospect/unresolved or no modeled MLB projection,,,preserved production/prospect arrival forecast unchanged; no supported full-role estimate,MLB arrival and specified role not verified
06r2u,Junior Sanchez,SP,Pick/prospect/unresolved or no modeled MLB projection,,,preserved production/prospect arrival forecast unchanged; no supported full-role estimate,MLB arrival and specified role not verified
060ue,Jonathan Santucci,SP,Pick/prospect/unresolved or no modeled MLB projection,,,preserved production/prospect arrival forecast unchanged; no supported full-role estimate,MLB arrival and specified role not verified
06f1j,Caden Scarborough,SP,Pick/prospect/unresolved or no modeled MLB projection,,,preserved production/prospect arrival forecast unchanged; no supported full-role estimate,MLB arrival and specified role not verified
064wj,Kruz Schoolcraft,SP,Pick/prospect/unresolved or no modeled MLB projection,,,preserved production/prospect arrival forecast unchanged; no supported full-role estimate,MLB arrival and specified role not verified
066az,Adam Serwinowski,SP,Pick/prospect/unresolved or no modeled MLB projection,,,preserved production/prospect arrival forecast unchanged; no supported full-role estimate,MLB arrival and specified role not verified
06kke,David Shields,SP,Pick/prospect/unresolved or no modeled MLB projection,,,preserved production/prospect arrival forecast unchanged; no supported full-role estimate,MLB arrival and specified role not verified
06ybd,Miguel Sime,SP,Pick/prospect/unresolved or no modeled MLB projection,,,preserved production/prospect arrival forecast unchanged; no supported full-role estimate,MLB arrival and specified role not verified
06c8x,Luke Sinnard,SP,Pick/prospect/unresolved or no modeled MLB projection,,,preserved production/prospect arrival forecast unchanged; no supported full-role estimate,MLB arrival and specified role not verified
06y9s,Johnny Slawinski,SP,Pick/prospect/unresolved or no modeled MLB projection,,,preserved production/prospect arrival forecast unchanged; no supported full-role estimate,MLB arrival and specified role not verified
06ier,Ryan Sloan,SP,Pick/prospect/unresolved or no modeled MLB projection,,,preserved production/prospect arrival forecast unchanged; no supported full-role estimate,MLB arrival and specified role not verified
06ftt,Brady Smith,SP,Pick/prospect/unresolved or no modeled MLB projection,,,preserved production/prospect arrival forecast unchanged; no supported full-role estimate,MLB arrival and specified role not verified
05zq5,Charlee Soto,SP,Pick/prospect/unresolved or no modeled MLB projection,,,preserved production/prospect arrival forecast unchanged; no supported full-role estimate,MLB arrival and specified role not verified
06z3m,Jackson Steensma,SP,Pick/prospect/unresolved or no modeled MLB projection,,,preserved production/prospect arrival forecast unchanged; no supported full-role estimate,MLB arrival and specified role not verified
06nub,Khal Stephen,SP,Pick/prospect/unresolved or no modeled MLB projection,,,preserved production/prospect arrival forecast unchanged; no supported full-role estimate,MLB arrival and specified role not verified
0620x,Santiago Suarez,SP,Pick/prospect/unresolved or no modeled MLB projection,,,preserved production/prospect arrival forecast unchanged; no supported full-role estimate,MLB arrival and specified role not verified
05y7n,Jarlin Susana,SP,Pick/prospect/unresolved or no modeled MLB projection,,,preserved production/prospect arrival forecast unchanged; no supported full-role estimate,MLB arrival and specified role not verified
05ycl,Travis Sykora,SP,Pick/prospect/unresolved or no modeled MLB projection,,,preserved production/prospect arrival forecast unchanged; no supported full-role estimate,MLB arrival and specified role not verified
06mlb,Juan Valera,SP,Pick/prospect/unresolved or no modeled MLB projection,,,preserved production/prospect arrival forecast unchanged; no supported full-role estimate,MLB arrival and specified role not verified
06f1c,Jack Wenninger,SP,Pick/prospect/unresolved or no modeled MLB projection,,,preserved production/prospect arrival forecast unchanged; no supported full-role estimate,MLB arrival and specified role not verified
05tp6,Thomas White,SP,Pick/prospect/unresolved or no modeled MLB projection,,,preserved production/prospect arrival forecast unchanged; no supported full-role estimate,MLB arrival and specified role not verified
05u2p,Jaxon Wiggins,SP,Pick/prospect/unresolved or no modeled MLB projection,,,preserved production/prospect arrival forecast unchanged; no supported full-role estimate,MLB arrival and specified role not verified
06ms5,Kyson Witherspoon,SP,Pick/prospect/unresolved or no modeled MLB projection,,,preserved production/prospect arrival forecast unchanged; no supported full-role estimate,MLB arrival and specified role not verified
06ujt,Gage Wood,SP,Pick/prospect/unresolved or no modeled MLB projection,,,preserved production/prospect arrival forecast unchanged; no supported full-role estimate,MLB arrival and specified role not verified
06207,Christian Zazueta,SP,Pick/prospect/unresolved or no modeled MLB projection,,,preserved production/prospect arrival forecast unchanged; no supported full-role estimate,MLB arrival and specified role not verified
slot-2027-1,2027 1.01 hypothetical slot,selection,Pick/prospect/unresolved or no modeled MLB projection,,,preserved production/prospect arrival forecast unchanged; no supported full-role estimate,MLB arrival and specified role not verified
slot-2027-2,2027 1.02 hypothetical slot,selection,Pick/prospect/unresolved or no modeled MLB projection,,,preserved production/prospect arrival forecast unchanged; no supported full-role estimate,MLB arrival and specified role not verified
slot-2027-3,2027 1.03 hypothetical slot,selection,Pick/prospect/unresolved or no modeled MLB projection,,,preserved production/prospect arrival forecast unchanged; no supported full-role estimate,MLB arrival and specified role not verified
slot-2027-4,2027 1.04 hypothetical slot,selection,Pick/prospect/unresolved or no modeled MLB projection,,,preserved production/prospect arrival forecast unchanged; no supported full-role estimate,MLB arrival and specified role not verified
slot-2027-5,2027 1.05 hypothetical slot,selection,Pick/prospect/unresolved or no modeled MLB projection,,,preserved production/prospect arrival forecast unchanged; no supported full-role estimate,MLB arrival and specified role not verified
slot-2027-6,2027 1.06 hypothetical slot,selection,Pick/prospect/unresolved or no modeled MLB projection,,,preserved production/prospect arrival forecast unchanged; no supported full-role estimate,MLB arrival and specified role not verified
slot-2027-7,2027 1.07 hypothetical slot,selection,Pick/prospect/unresolved or no modeled MLB projection,,,preserved production/prospect arrival forecast unchanged; no supported full-role estimate,MLB arrival and specified role not verified
slot-2027-8,2027 1.08 hypothetical slot,selection,Pick/prospect/unresolved or no modeled MLB projection,,,preserved production/prospect arrival forecast unchanged; no supported full-role estimate,MLB arrival and specified role not verified
slot-2027-9,2027 1.09 hypothetical slot,selection,Pick/prospect/unresolved or no modeled MLB projection,,,preserved production/prospect arrival forecast unchanged; no supported full-role estimate,MLB arrival and specified role not verified
slot-2027-10,2027 1.10 hypothetical slot,selection,Pick/prospect/unresolved or no modeled MLB projection,,,preserved production/prospect arrival forecast unchanged; no supported full-role estimate,MLB arrival and specified role not verified
slot-2027-11,2027 1.11 hypothetical slot,selection,Pick/prospect/unresolved or no modeled MLB projection,,,preserved production/prospect arrival forecast unchanged; no supported full-role estimate,MLB arrival and specified role not verified
slot-2027-12,2027 1.12 hypothetical slot,selection,Pick/prospect/unresolved or no modeled MLB projection,,,preserved production/prospect arrival forecast unchanged; no supported full-role estimate,MLB arrival and specified role not verified
slot-2027-13,2027 2.01 hypothetical slot,selection,Pick/prospect/unresolved or no modeled MLB projection,,,preserved production/prospect arrival forecast unchanged; no supported full-role estimate,MLB arrival and specified role not verified
slot-2027-14,2027 2.02 hypothetical slot,selection,Pick/prospect/unresolved or no modeled MLB projection,,,preserved production/prospect arrival forecast unchanged; no supported full-role estimate,MLB arrival and specified role not verified
slot-2027-15,2027 2.03 hypothetical slot,selection,Pick/prospect/unresolved or no modeled MLB projection,,,preserved production/prospect arrival forecast unchanged; no supported full-role estimate,MLB arrival and specified role not verified
slot-2027-16,2027 2.04 hypothetical slot,selection,Pick/prospect/unresolved or no modeled MLB projection,,,preserved production/prospect arrival forecast unchanged; no supported full-role estimate,MLB arrival and specified role not verified
slot-2027-17,2027 2.05 hypothetical slot,selection,Pick/prospect/unresolved or no modeled MLB projection,,,preserved production/prospect arrival forecast unchanged; no supported full-role estimate,MLB arrival and specified role not verified
slot-2027-18,2027 2.06 hypothetical slot,selection,Pick/prospect/unresolved or no modeled MLB projection,,,preserved production/prospect arrival forecast unchanged; no supported full-role estimate,MLB arrival and specified role not verified
slot-2027-19,2027 2.07 hypothetical slot,selection,Pick/prospect/unresolved or no modeled MLB projection,,,preserved production/prospect arrival forecast unchanged; no supported full-role estimate,MLB arrival and specified role not verified
slot-2027-20,2027 2.08 hypothetical slot,selection,Pick/prospect/unresolved or no modeled MLB projection,,,preserved production/prospect arrival forecast unchanged; no supported full-role estimate,MLB arrival and specified role not verified
slot-2027-21,2027 2.09 hypothetical slot,selection,Pick/prospect/unresolved or no modeled MLB projection,,,preserved production/prospect arrival forecast unchanged; no supported full-role estimate,MLB arrival and specified role not verified
slot-2027-22,2027 2.10 hypothetical slot,selection,Pick/prospect/unresolved or no modeled MLB projection,,,preserved production/prospect arrival forecast unchanged; no supported full-role estimate,MLB arrival and specified role not verified
slot-2027-23,2027 2.11 hypothetical slot,selection,Pick/prospect/unresolved or no modeled MLB projection,,,preserved production/prospect arrival forecast unchanged; no supported full-role estimate,MLB arrival and specified role not verified
slot-2027-24,2027 2.12 hypothetical slot,selection,Pick/prospect/unresolved or no modeled MLB projection,,,preserved production/prospect arrival forecast unchanged; no supported full-role estimate,MLB arrival and specified role not verified
slot-2027-25,2027 3.01 hypothetical slot,selection,Pick/prospect/unresolved or no modeled MLB projection,,,preserved production/prospect arrival forecast unchanged; no supported full-role estimate,MLB arrival and specified role not verified
slot-2027-26,2027 3.02 hypothetical slot,selection,Pick/prospect/unresolved or no modeled MLB projection,,,preserved production/prospect arrival forecast unchanged; no supported full-role estimate,MLB arrival and specified role not verified
slot-2027-27,2027 3.03 hypothetical slot,selection,Pick/prospect/unresolved or no modeled MLB projection,,,preserved production/prospect arrival forecast unchanged; no supported full-role estimate,MLB arrival and specified role not verified
slot-2027-28,2027 3.04 hypothetical slot,selection,Pick/prospect/unresolved or no modeled MLB projection,,,preserved production/prospect arrival forecast unchanged; no supported full-role estimate,MLB arrival and specified role not verified
slot-2027-29,2027 3.05 hypothetical slot,selection,Pick/prospect/unresolved or no modeled MLB projection,,,preserved production/prospect arrival forecast unchanged; no supported full-role estimate,MLB arrival and specified role not verified
slot-2027-30,2027 3.06 hypothetical slot,selection,Pick/prospect/unresolved or no modeled MLB projection,,,preserved production/prospect arrival forecast unchanged; no supported full-role estimate,MLB arrival and specified role not verified
slot-2027-31,2027 3.07 hypothetical slot,selection,Pick/prospect/unresolved or no modeled MLB projection,,,preserved production/prospect arrival forecast unchanged; no supported full-role estimate,MLB arrival and specified role not verified
slot-2027-32,2027 3.08 hypothetical slot,selection,Pick/prospect/unresolved or no modeled MLB projection,,,preserved production/prospect arrival forecast unchanged; no supported full-role estimate,MLB arrival and specified role not verified
slot-2027-33,2027 3.09 hypothetical slot,selection,Pick/prospect/unresolved or no modeled MLB projection,,,preserved production/prospect arrival forecast unchanged; no supported full-role estimate,MLB arrival and specified role not verified
slot-2027-34,2027 3.10 hypothetical slot,selection,Pick/prospect/unresolved or no modeled MLB projection,,,preserved production/prospect arrival forecast unchanged; no supported full-role estimate,MLB arrival and specified role not verified
slot-2027-35,2027 3.11 hypothetical slot,selection,Pick/prospect/unresolved or no modeled MLB projection,,,preserved production/prospect arrival forecast unchanged; no supported full-role estimate,MLB arrival and specified role not verified
slot-2027-36,2027 3.12 hypothetical slot,selection,Pick/prospect/unresolved or no modeled MLB projection,,,preserved production/prospect arrival forecast unchanged; no supported full-role estimate,MLB arrival and specified role not verified
slot-2027-37,2027 4.01 hypothetical slot,selection,Pick/prospect/unresolved or no modeled MLB projection,,,preserved production/prospect arrival forecast unchanged; no supported full-role estimate,MLB arrival and specified role not verified
slot-2027-38,2027 4.02 hypothetical slot,selection,Pick/prospect/unresolved or no modeled MLB projection,,,preserved production/prospect arrival forecast unchanged; no supported full-role estimate,MLB arrival and specified role not verified
slot-2027-39,2027 4.03 hypothetical slot,selection,Pick/prospect/unresolved or no modeled MLB projection,,,preserved production/prospect arrival forecast unchanged; no supported full-role estimate,MLB arrival and specified role not verified
slot-2027-40,2027 4.04 hypothetical slot,selection,Pick/prospect/unresolved or no modeled MLB projection,,,preserved production/prospect arrival forecast unchanged; no supported full-role estimate,MLB arrival and specified role not verified
slot-2027-41,2027 4.05 hypothetical slot,selection,Pick/prospect/unresolved or no modeled MLB projection,,,preserved production/prospect arrival forecast unchanged; no supported full-role estimate,MLB arrival and specified role not verified
slot-2027-42,2027 4.06 hypothetical slot,selection,Pick/prospect/unresolved or no modeled MLB projection,,,preserved production/prospect arrival forecast unchanged; no supported full-role estimate,MLB arrival and specified role not verified
slot-2027-43,2027 4.07 hypothetical slot,selection,Pick/prospect/unresolved or no modeled MLB projection,,,preserved production/prospect arrival forecast unchanged; no supported full-role estimate,MLB arrival and specified role not verified
slot-2027-44,2027 4.08 hypothetical slot,selection,Pick/prospect/unresolved or no modeled MLB projection,,,preserved production/prospect arrival forecast unchanged; no supported full-role estimate,MLB arrival and specified role not verified
slot-2027-45,2027 4.09 hypothetical slot,selection,Pick/prospect/unresolved or no modeled MLB projection,,,preserved production/prospect arrival forecast unchanged; no supported full-role estimate,MLB arrival and specified role not verified
slot-2027-46,2027 4.10 hypothetical slot,selection,Pick/prospect/unresolved or no modeled MLB projection,,,preserved production/prospect arrival forecast unchanged; no supported full-role estimate,MLB arrival and specified role not verified
slot-2027-47,2027 4.11 hypothetical slot,selection,Pick/prospect/unresolved or no modeled MLB projection,,,preserved production/prospect arrival forecast unchanged; no supported full-role estimate,MLB arrival and specified role not verified
slot-2027-48,2027 4.12 hypothetical slot,selection,Pick/prospect/unresolved or no modeled MLB projection,,,preserved production/prospect arrival forecast unchanged; no supported full-role estimate,MLB arrival and specified role not verified
slot-2027-49,2027 5.01 hypothetical slot,selection,Pick/prospect/unresolved or no modeled MLB projection,,,preserved production/prospect arrival forecast unchanged; no supported full-role estimate,MLB arrival and specified role not verified
slot-2027-50,2027 5.02 hypothetical slot,selection,Pick/prospect/unresolved or no modeled MLB projection,,,preserved production/prospect arrival forecast unchanged; no supported full-role estimate,MLB arrival and specified role not verified
slot-2027-51,2027 5.03 hypothetical slot,selection,Pick/prospect/unresolved or no modeled MLB projection,,,preserved production/prospect arrival forecast unchanged; no supported full-role estimate,MLB arrival and specified role not verified
slot-2027-52,2027 5.04 hypothetical slot,selection,Pick/prospect/unresolved or no modeled MLB projection,,,preserved production/prospect arrival forecast unchanged; no supported full-role estimate,MLB arrival and specified role not verified
slot-2027-53,2027 5.05 hypothetical slot,selection,Pick/prospect/unresolved or no modeled MLB projection,,,preserved production/prospect arrival forecast unchanged; no supported full-role estimate,MLB arrival and specified role not verified
slot-2027-54,2027 5.06 hypothetical slot,selection,Pick/prospect/unresolved or no modeled MLB projection,,,preserved production/prospect arrival forecast unchanged; no supported full-role estimate,MLB arrival and specified role not verified
slot-2027-55,2027 5.07 hypothetical slot,selection,Pick/prospect/unresolved or no modeled MLB projection,,,preserved production/prospect arrival forecast unchanged; no supported full-role estimate,MLB arrival and specified role not verified
slot-2027-56,2027 5.08 hypothetical slot,selection,Pick/prospect/unresolved or no modeled MLB projection,,,preserved production/prospect arrival forecast unchanged; no supported full-role estimate,MLB arrival and specified role not verified
slot-2027-57,2027 5.09 hypothetical slot,selection,Pick/prospect/unresolved or no modeled MLB projection,,,preserved production/prospect arrival forecast unchanged; no supported full-role estimate,MLB arrival and specified role not verified
slot-2027-58,2027 5.10 hypothetical slot,selection,Pick/prospect/unresolved or no modeled MLB projection,,,preserved production/prospect arrival forecast unchanged; no supported full-role estimate,MLB arrival and specified role not verified
slot-2027-59,2027 5.11 hypothetical slot,selection,Pick/prospect/unresolved or no modeled MLB projection,,,preserved production/prospect arrival forecast unchanged; no supported full-role estimate,MLB arrival and specified role not verified
slot-2027-60,2027 5.12 hypothetical slot,selection,Pick/prospect/unresolved or no modeled MLB projection,,,preserved production/prospect arrival forecast unchanged; no supported full-role estimate,MLB arrival and specified role not verified
slot-2028-1,2028 1.01 hypothetical slot,selection,Pick/prospect/unresolved or no modeled MLB projection,,,preserved production/prospect arrival forecast unchanged; no supported full-role estimate,MLB arrival and specified role not verified
slot-2028-2,2028 1.02 hypothetical slot,selection,Pick/prospect/unresolved or no modeled MLB projection,,,preserved production/prospect arrival forecast unchanged; no supported full-role estimate,MLB arrival and specified role not verified
slot-2028-3,2028 1.03 hypothetical slot,selection,Pick/prospect/unresolved or no modeled MLB projection,,,preserved production/prospect arrival forecast unchanged; no supported full-role estimate,MLB arrival and specified role not verified
slot-2028-4,2028 1.04 hypothetical slot,selection,Pick/prospect/unresolved or no modeled MLB projection,,,preserved production/prospect arrival forecast unchanged; no supported full-role estimate,MLB arrival and specified role not verified
slot-2028-5,2028 1.05 hypothetical slot,selection,Pick/prospect/unresolved or no modeled MLB projection,,,preserved production/prospect arrival forecast unchanged; no supported full-role estimate,MLB arrival and specified role not verified
slot-2028-6,2028 1.06 hypothetical slot,selection,Pick/prospect/unresolved or no modeled MLB projection,,,preserved production/prospect arrival forecast unchanged; no supported full-role estimate,MLB arrival and specified role not verified
slot-2028-7,2028 1.07 hypothetical slot,selection,Pick/prospect/unresolved or no modeled MLB projection,,,preserved production/prospect arrival forecast unchanged; no supported full-role estimate,MLB arrival and specified role not verified
slot-2028-8,2028 1.08 hypothetical slot,selection,Pick/prospect/unresolved or no modeled MLB projection,,,preserved production/prospect arrival forecast unchanged; no supported full-role estimate,MLB arrival and specified role not verified
slot-2028-9,2028 1.09 hypothetical slot,selection,Pick/prospect/unresolved or no modeled MLB projection,,,preserved production/prospect arrival forecast unchanged; no supported full-role estimate,MLB arrival and specified role not verified
slot-2028-10,2028 1.10 hypothetical slot,selection,Pick/prospect/unresolved or no modeled MLB projection,,,preserved production/prospect arrival forecast unchanged; no supported full-role estimate,MLB arrival and specified role not verified
slot-2028-11,2028 1.11 hypothetical slot,selection,Pick/prospect/unresolved or no modeled MLB projection,,,preserved production/prospect arrival forecast unchanged; no supported full-role estimate,MLB arrival and specified role not verified
slot-2028-12,2028 1.12 hypothetical slot,selection,Pick/prospect/unresolved or no modeled MLB projection,,,preserved production/prospect arrival forecast unchanged; no supported full-role estimate,MLB arrival and specified role not verified
slot-2028-13,2028 2.01 hypothetical slot,selection,Pick/prospect/unresolved or no modeled MLB projection,,,preserved production/prospect arrival forecast unchanged; no supported full-role estimate,MLB arrival and specified role not verified
slot-2028-14,2028 2.02 hypothetical slot,selection,Pick/prospect/unresolved or no modeled MLB projection,,,preserved production/prospect arrival forecast unchanged; no supported full-role estimate,MLB arrival and specified role not verified
slot-2028-15,2028 2.03 hypothetical slot,selection,Pick/prospect/unresolved or no modeled MLB projection,,,preserved production/prospect arrival forecast unchanged; no supported full-role estimate,MLB arrival and specified role not verified
slot-2028-16,2028 2.04 hypothetical slot,selection,Pick/prospect/unresolved or no modeled MLB projection,,,preserved production/prospect arrival forecast unchanged; no supported full-role estimate,MLB arrival and specified role not verified
slot-2028-17,2028 2.05 hypothetical slot,selection,Pick/prospect/unresolved or no modeled MLB projection,,,preserved production/prospect arrival forecast unchanged; no supported full-role estimate,MLB arrival and specified role not verified
slot-2028-18,2028 2.06 hypothetical slot,selection,Pick/prospect/unresolved or no modeled MLB projection,,,preserved production/prospect arrival forecast unchanged; no supported full-role estimate,MLB arrival and specified role not verified
slot-2028-19,2028 2.07 hypothetical slot,selection,Pick/prospect/unresolved or no modeled MLB projection,,,preserved production/prospect arrival forecast unchanged; no supported full-role estimate,MLB arrival and specified role not verified
slot-2028-20,2028 2.08 hypothetical slot,selection,Pick/prospect/unresolved or no modeled MLB projection,,,preserved production/prospect arrival forecast unchanged; no supported full-role estimate,MLB arrival and specified role not verified
slot-2028-21,2028 2.09 hypothetical slot,selection,Pick/prospect/unresolved or no modeled MLB projection,,,preserved production/prospect arrival forecast unchanged; no supported full-role estimate,MLB arrival and specified role not verified
slot-2028-22,2028 2.10 hypothetical slot,selection,Pick/prospect/unresolved or no modeled MLB projection,,,preserved production/prospect arrival forecast unchanged; no supported full-role estimate,MLB arrival and specified role not verified
slot-2028-23,2028 2.11 hypothetical slot,selection,Pick/prospect/unresolved or no modeled MLB projection,,,preserved production/prospect arrival forecast unchanged; no supported full-role estimate,MLB arrival and specified role not verified
slot-2028-24,2028 2.12 hypothetical slot,selection,Pick/prospect/unresolved or no modeled MLB projection,,,preserved production/prospect arrival forecast unchanged; no supported full-role estimate,MLB arrival and specified role not verified
slot-2028-25,2028 3.01 hypothetical slot,selection,Pick/prospect/unresolved or no modeled MLB projection,,,preserved production/prospect arrival forecast unchanged; no supported full-role estimate,MLB arrival and specified role not verified
slot-2028-26,2028 3.02 hypothetical slot,selection,Pick/prospect/unresolved or no modeled MLB projection,,,preserved production/prospect arrival forecast unchanged; no supported full-role estimate,MLB arrival and specified role not verified
slot-2028-27,2028 3.03 hypothetical slot,selection,Pick/prospect/unresolved or no modeled MLB projection,,,preserved production/prospect arrival forecast unchanged; no supported full-role estimate,MLB arrival and specified role not verified
slot-2028-28,2028 3.04 hypothetical slot,selection,Pick/prospect/unresolved or no modeled MLB projection,,,preserved production/prospect arrival forecast unchanged; no supported full-role estimate,MLB arrival and specified role not verified
slot-2028-29,2028 3.05 hypothetical slot,selection,Pick/prospect/unresolved or no modeled MLB projection,,,preserved production/prospect arrival forecast unchanged; no supported full-role estimate,MLB arrival and specified role not verified
slot-2028-30,2028 3.06 hypothetical slot,selection,Pick/prospect/unresolved or no modeled MLB projection,,,preserved production/prospect arrival forecast unchanged; no supported full-role estimate,MLB arrival and specified role not verified
slot-2028-31,2028 3.07 hypothetical slot,selection,Pick/prospect/unresolved or no modeled MLB projection,,,preserved production/prospect arrival forecast unchanged; no supported full-role estimate,MLB arrival and specified role not verified
slot-2028-32,2028 3.08 hypothetical slot,selection,Pick/prospect/unresolved or no modeled MLB projection,,,preserved production/prospect arrival forecast unchanged; no supported full-role estimate,MLB arrival and specified role not verified
slot-2028-33,2028 3.09 hypothetical slot,selection,Pick/prospect/unresolved or no modeled MLB projection,,,preserved production/prospect arrival forecast unchanged; no supported full-role estimate,MLB arrival and specified role not verified
slot-2028-34,2028 3.10 hypothetical slot,selection,Pick/prospect/unresolved or no modeled MLB projection,,,preserved production/prospect arrival forecast unchanged; no supported full-role estimate,MLB arrival and specified role not verified
slot-2028-35,2028 3.11 hypothetical slot,selection,Pick/prospect/unresolved or no modeled MLB projection,,,preserved production/prospect arrival forecast unchanged; no supported full-role estimate,MLB arrival and specified role not verified
slot-2028-36,2028 3.12 hypothetical slot,selection,Pick/prospect/unresolved or no modeled MLB projection,,,preserved production/prospect arrival forecast unchanged; no supported full-role estimate,MLB arrival and specified role not verified
slot-2028-37,2028 4.01 hypothetical slot,selection,Pick/prospect/unresolved or no modeled MLB projection,,,preserved production/prospect arrival forecast unchanged; no supported full-role estimate,MLB arrival and specified role not verified
slot-2028-38,2028 4.02 hypothetical slot,selection,Pick/prospect/unresolved or no modeled MLB projection,,,preserved production/prospect arrival forecast unchanged; no supported full-role estimate,MLB arrival and specified role not verified
slot-2028-39,2028 4.03 hypothetical slot,selection,Pick/prospect/unresolved or no modeled MLB projection,,,preserved production/prospect arrival forecast unchanged; no supported full-role estimate,MLB arrival and specified role not verified
slot-2028-40,2028 4.04 hypothetical slot,selection,Pick/prospect/unresolved or no modeled MLB projection,,,preserved production/prospect arrival forecast unchanged; no supported full-role estimate,MLB arrival and specified role not verified
slot-2028-41,2028 4.05 hypothetical slot,selection,Pick/prospect/unresolved or no modeled MLB projection,,,preserved production/prospect arrival forecast unchanged; no supported full-role estimate,MLB arrival and specified role not verified
slot-2028-42,2028 4.06 hypothetical slot,selection,Pick/prospect/unresolved or no modeled MLB projection,,,preserved production/prospect arrival forecast unchanged; no supported full-role estimate,MLB arrival and specified role not verified
slot-2028-43,2028 4.07 hypothetical slot,selection,Pick/prospect/unresolved or no modeled MLB projection,,,preserved production/prospect arrival forecast unchanged; no supported full-role estimate,MLB arrival and specified role not verified
slot-2028-44,2028 4.08 hypothetical slot,selection,Pick/prospect/unresolved or no modeled MLB projection,,,preserved production/prospect arrival forecast unchanged; no supported full-role estimate,MLB arrival and specified role not verified
slot-2028-45,2028 4.09 hypothetical slot,selection,Pick/prospect/unresolved or no modeled MLB projection,,,preserved production/prospect arrival forecast unchanged; no supported full-role estimate,MLB arrival and specified role not verified
slot-2028-46,2028 4.10 hypothetical slot,selection,Pick/prospect/unresolved or no modeled MLB projection,,,preserved production/prospect arrival forecast unchanged; no supported full-role estimate,MLB arrival and specified role not verified
slot-2028-47,2028 4.11 hypothetical slot,selection,Pick/prospect/unresolved or no modeled MLB projection,,,preserved production/prospect arrival forecast unchanged; no supported full-role estimate,MLB arrival and specified role not verified
slot-2028-48,2028 4.12 hypothetical slot,selection,Pick/prospect/unresolved or no modeled MLB projection,,,preserved production/prospect arrival forecast unchanged; no supported full-role estimate,MLB arrival and specified role not verified
slot-2028-49,2028 5.01 hypothetical slot,selection,Pick/prospect/unresolved or no modeled MLB projection,,,preserved production/prospect arrival forecast unchanged; no supported full-role estimate,MLB arrival and specified role not verified
slot-2028-50,2028 5.02 hypothetical slot,selection,Pick/prospect/unresolved or no modeled MLB projection,,,preserved production/prospect arrival forecast unchanged; no supported full-role estimate,MLB arrival and specified role not verified
slot-2028-51,2028 5.03 hypothetical slot,selection,Pick/prospect/unresolved or no modeled MLB projection,,,preserved production/prospect arrival forecast unchanged; no supported full-role estimate,MLB arrival and specified role not verified
slot-2028-52,2028 5.04 hypothetical slot,selection,Pick/prospect/unresolved or no modeled MLB projection,,,preserved production/prospect arrival forecast unchanged; no supported full-role estimate,MLB arrival and specified role not verified
slot-2028-53,2028 5.05 hypothetical slot,selection,Pick/prospect/unresolved or no modeled MLB projection,,,preserved production/prospect arrival forecast unchanged; no supported full-role estimate,MLB arrival and specified role not verified
slot-2028-54,2028 5.06 hypothetical slot,selection,Pick/prospect/unresolved or no modeled MLB projection,,,preserved production/prospect arrival forecast unchanged; no supported full-role estimate,MLB arrival and specified role not verified
slot-2028-55,2028 5.07 hypothetical slot,selection,Pick/prospect/unresolved or no modeled MLB projection,,,preserved production/prospect arrival forecast unchanged; no supported full-role estimate,MLB arrival and specified role not verified
slot-2028-56,2028 5.08 hypothetical slot,selection,Pick/prospect/unresolved or no modeled MLB projection,,,preserved production/prospect arrival forecast unchanged; no supported full-role estimate,MLB arrival and specified role not verified
slot-2028-57,2028 5.09 hypothetical slot,selection,Pick/prospect/unresolved or no modeled MLB projection,,,preserved production/prospect arrival forecast unchanged; no supported full-role estimate,MLB arrival and specified role not verified
slot-2028-58,2028 5.10 hypothetical slot,selection,Pick/prospect/unresolved or no modeled MLB projection,,,preserved production/prospect arrival forecast unchanged; no supported full-role estimate,MLB arrival and specified role not verified
slot-2028-59,2028 5.11 hypothetical slot,selection,Pick/prospect/unresolved or no modeled MLB projection,,,preserved production/prospect arrival forecast unchanged; no supported full-role estimate,MLB arrival and specified role not verified
slot-2028-60,2028 5.12 hypothetical slot,selection,Pick/prospect/unresolved or no modeled MLB projection,,,preserved production/prospect arrival forecast unchanged; no supported full-role estimate,MLB arrival and specified role not verified
slot-2029-1,2029 1.01 hypothetical slot,selection,Pick/prospect/unresolved or no modeled MLB projection,,,preserved production/prospect arrival forecast unchanged; no supported full-role estimate,MLB arrival and specified role not verified
slot-2029-2,2029 1.02 hypothetical slot,selection,Pick/prospect/unresolved or no modeled MLB projection,,,preserved production/prospect arrival forecast unchanged; no supported full-role estimate,MLB arrival and specified role not verified
slot-2029-3,2029 1.03 hypothetical slot,selection,Pick/prospect/unresolved or no modeled MLB projection,,,preserved production/prospect arrival forecast unchanged; no supported full-role estimate,MLB arrival and specified role not verified
slot-2029-4,2029 1.04 hypothetical slot,selection,Pick/prospect/unresolved or no modeled MLB projection,,,preserved production/prospect arrival forecast unchanged; no supported full-role estimate,MLB arrival and specified role not verified
slot-2029-5,2029 1.05 hypothetical slot,selection,Pick/prospect/unresolved or no modeled MLB projection,,,preserved production/prospect arrival forecast unchanged; no supported full-role estimate,MLB arrival and specified role not verified
slot-2029-6,2029 1.06 hypothetical slot,selection,Pick/prospect/unresolved or no modeled MLB projection,,,preserved production/prospect arrival forecast unchanged; no supported full-role estimate,MLB arrival and specified role not verified
slot-2029-7,2029 1.07 hypothetical slot,selection,Pick/prospect/unresolved or no modeled MLB projection,,,preserved production/prospect arrival forecast unchanged; no supported full-role estimate,MLB arrival and specified role not verified
slot-2029-8,2029 1.08 hypothetical slot,selection,Pick/prospect/unresolved or no modeled MLB projection,,,preserved production/prospect arrival forecast unchanged; no supported full-role estimate,MLB arrival and specified role not verified
slot-2029-9,2029 1.09 hypothetical slot,selection,Pick/prospect/unresolved or no modeled MLB projection,,,preserved production/prospect arrival forecast unchanged; no supported full-role estimate,MLB arrival and specified role not verified
slot-2029-10,2029 1.10 hypothetical slot,selection,Pick/prospect/unresolved or no modeled MLB projection,,,preserved production/prospect arrival forecast unchanged; no supported full-role estimate,MLB arrival and specified role not verified
slot-2029-11,2029 1.11 hypothetical slot,selection,Pick/prospect/unresolved or no modeled MLB projection,,,preserved production/prospect arrival forecast unchanged; no supported full-role estimate,MLB arrival and specified role not verified
slot-2029-12,2029 1.12 hypothetical slot,selection,Pick/prospect/unresolved or no modeled MLB projection,,,preserved production/prospect arrival forecast unchanged; no supported full-role estimate,MLB arrival and specified role not verified
slot-2029-13,2029 2.01 hypothetical slot,selection,Pick/prospect/unresolved or no modeled MLB projection,,,preserved production/prospect arrival forecast unchanged; no supported full-role estimate,MLB arrival and specified role not verified
slot-2029-14,2029 2.02 hypothetical slot,selection,Pick/prospect/unresolved or no modeled MLB projection,,,preserved production/prospect arrival forecast unchanged; no supported full-role estimate,MLB arrival and specified role not verified
slot-2029-15,2029 2.03 hypothetical slot,selection,Pick/prospect/unresolved or no modeled MLB projection,,,preserved production/prospect arrival forecast unchanged; no supported full-role estimate,MLB arrival and specified role not verified
slot-2029-16,2029 2.04 hypothetical slot,selection,Pick/prospect/unresolved or no modeled MLB projection,,,preserved production/prospect arrival forecast unchanged; no supported full-role estimate,MLB arrival and specified role not verified
slot-2029-17,2029 2.05 hypothetical slot,selection,Pick/prospect/unresolved or no modeled MLB projection,,,preserved production/prospect arrival forecast unchanged; no supported full-role estimate,MLB arrival and specified role not verified
slot-2029-18,2029 2.06 hypothetical slot,selection,Pick/prospect/unresolved or no modeled MLB projection,,,preserved production/prospect arrival forecast unchanged; no supported full-role estimate,MLB arrival and specified role not verified
slot-2029-19,2029 2.07 hypothetical slot,selection,Pick/prospect/unresolved or no modeled MLB projection,,,preserved production/prospect arrival forecast unchanged; no supported full-role estimate,MLB arrival and specified role not verified
slot-2029-20,2029 2.08 hypothetical slot,selection,Pick/prospect/unresolved or no modeled MLB projection,,,preserved production/prospect arrival forecast unchanged; no supported full-role estimate,MLB arrival and specified role not verified
slot-2029-21,2029 2.09 hypothetical slot,selection,Pick/prospect/unresolved or no modeled MLB projection,,,preserved production/prospect arrival forecast unchanged; no supported full-role estimate,MLB arrival and specified role not verified
slot-2029-22,2029 2.10 hypothetical slot,selection,Pick/prospect/unresolved or no modeled MLB projection,,,preserved production/prospect arrival forecast unchanged; no supported full-role estimate,MLB arrival and specified role not verified
slot-2029-23,2029 2.11 hypothetical slot,selection,Pick/prospect/unresolved or no modeled MLB projection,,,preserved production/prospect arrival forecast unchanged; no supported full-role estimate,MLB arrival and specified role not verified
slot-2029-24,2029 2.12 hypothetical slot,selection,Pick/prospect/unresolved or no modeled MLB projection,,,preserved production/prospect arrival forecast unchanged; no supported full-role estimate,MLB arrival and specified role not verified
slot-2029-25,2029 3.01 hypothetical slot,selection,Pick/prospect/unresolved or no modeled MLB projection,,,preserved production/prospect arrival forecast unchanged; no supported full-role estimate,MLB arrival and specified role not verified
slot-2029-26,2029 3.02 hypothetical slot,selection,Pick/prospect/unresolved or no modeled MLB projection,,,preserved production/prospect arrival forecast unchanged; no supported full-role estimate,MLB arrival and specified role not verified
slot-2029-27,2029 3.03 hypothetical slot,selection,Pick/prospect/unresolved or no modeled MLB projection,,,preserved production/prospect arrival forecast unchanged; no supported full-role estimate,MLB arrival and specified role not verified
slot-2029-28,2029 3.04 hypothetical slot,selection,Pick/prospect/unresolved or no modeled MLB projection,,,preserved production/prospect arrival forecast unchanged; no supported full-role estimate,MLB arrival and specified role not verified
slot-2029-29,2029 3.05 hypothetical slot,selection,Pick/prospect/unresolved or no modeled MLB projection,,,preserved production/prospect arrival forecast unchanged; no supported full-role estimate,MLB arrival and specified role not verified
slot-2029-30,2029 3.06 hypothetical slot,selection,Pick/prospect/unresolved or no modeled MLB projection,,,preserved production/prospect arrival forecast unchanged; no supported full-role estimate,MLB arrival and specified role not verified
slot-2029-31,2029 3.07 hypothetical slot,selection,Pick/prospect/unresolved or no modeled MLB projection,,,preserved production/prospect arrival forecast unchanged; no supported full-role estimate,MLB arrival and specified role not verified
slot-2029-32,2029 3.08 hypothetical slot,selection,Pick/prospect/unresolved or no modeled MLB projection,,,preserved production/prospect arrival forecast unchanged; no supported full-role estimate,MLB arrival and specified role not verified
slot-2029-33,2029 3.09 hypothetical slot,selection,Pick/prospect/unresolved or no modeled MLB projection,,,preserved production/prospect arrival forecast unchanged; no supported full-role estimate,MLB arrival and specified role not verified
slot-2029-34,2029 3.10 hypothetical slot,selection,Pick/prospect/unresolved or no modeled MLB projection,,,preserved production/prospect arrival forecast unchanged; no supported full-role estimate,MLB arrival and specified role not verified
slot-2029-35,2029 3.11 hypothetical slot,selection,Pick/prospect/unresolved or no modeled MLB projection,,,preserved production/prospect arrival forecast unchanged; no supported full-role estimate,MLB arrival and specified role not verified
slot-2029-36,2029 3.12 hypothetical slot,selection,Pick/prospect/unresolved or no modeled MLB projection,,,preserved production/prospect arrival forecast unchanged; no supported full-role estimate,MLB arrival and specified role not verified
slot-2029-37,2029 4.01 hypothetical slot,selection,Pick/prospect/unresolved or no modeled MLB projection,,,preserved production/prospect arrival forecast unchanged; no supported full-role estimate,MLB arrival and specified role not verified
slot-2029-38,2029 4.02 hypothetical slot,selection,Pick/prospect/unresolved or no modeled MLB projection,,,preserved production/prospect arrival forecast unchanged; no supported full-role estimate,MLB arrival and specified role not verified
slot-2029-39,2029 4.03 hypothetical slot,selection,Pick/prospect/unresolved or no modeled MLB projection,,,preserved production/prospect arrival forecast unchanged; no supported full-role estimate,MLB arrival and specified role not verified
slot-2029-40,2029 4.04 hypothetical slot,selection,Pick/prospect/unresolved or no modeled MLB projection,,,preserved production/prospect arrival forecast unchanged; no supported full-role estimate,MLB arrival and specified role not verified
slot-2029-41,2029 4.05 hypothetical slot,selection,Pick/prospect/unresolved or no modeled MLB projection,,,preserved production/prospect arrival forecast unchanged; no supported full-role estimate,MLB arrival and specified role not verified
slot-2029-42,2029 4.06 hypothetical slot,selection,Pick/prospect/unresolved or no modeled MLB projection,,,preserved production/prospect arrival forecast unchanged; no supported full-role estimate,MLB arrival and specified role not verified
slot-2029-43,2029 4.07 hypothetical slot,selection,Pick/prospect/unresolved or no modeled MLB projection,,,preserved production/prospect arrival forecast unchanged; no supported full-role estimate,MLB arrival and specified role not verified
slot-2029-44,2029 4.08 hypothetical slot,selection,Pick/prospect/unresolved or no modeled MLB projection,,,preserved production/prospect arrival forecast unchanged; no supported full-role estimate,MLB arrival and specified role not verified
slot-2029-45,2029 4.09 hypothetical slot,selection,Pick/prospect/unresolved or no modeled MLB projection,,,preserved production/prospect arrival forecast unchanged; no supported full-role estimate,MLB arrival and specified role not verified
slot-2029-46,2029 4.10 hypothetical slot,selection,Pick/prospect/unresolved or no modeled MLB projection,,,preserved production/prospect arrival forecast unchanged; no supported full-role estimate,MLB arrival and specified role not verified
slot-2029-47,2029 4.11 hypothetical slot,selection,Pick/prospect/unresolved or no modeled MLB projection,,,preserved production/prospect arrival forecast unchanged; no supported full-role estimate,MLB arrival and specified role not verified
slot-2029-48,2029 4.12 hypothetical slot,selection,Pick/prospect/unresolved or no modeled MLB projection,,,preserved production/prospect arrival forecast unchanged; no supported full-role estimate,MLB arrival and specified role not verified
slot-2029-49,2029 5.01 hypothetical slot,selection,Pick/prospect/unresolved or no modeled MLB projection,,,preserved production/prospect arrival forecast unchanged; no supported full-role estimate,MLB arrival and specified role not verified
slot-2029-50,2029 5.02 hypothetical slot,selection,Pick/prospect/unresolved or no modeled MLB projection,,,preserved production/prospect arrival forecast unchanged; no supported full-role estimate,MLB arrival and specified role not verified
slot-2029-51,2029 5.03 hypothetical slot,selection,Pick/prospect/unresolved or no modeled MLB projection,,,preserved production/prospect arrival forecast unchanged; no supported full-role estimate,MLB arrival and specified role not verified
slot-2029-52,2029 5.04 hypothetical slot,selection,Pick/prospect/unresolved or no modeled MLB projection,,,preserved production/prospect arrival forecast unchanged; no supported full-role estimate,MLB arrival and specified role not verified
slot-2029-53,2029 5.05 hypothetical slot,selection,Pick/prospect/unresolved or no modeled MLB projection,,,preserved production/prospect arrival forecast unchanged; no supported full-role estimate,MLB arrival and specified role not verified
slot-2029-54,2029 5.06 hypothetical slot,selection,Pick/prospect/unresolved or no modeled MLB projection,,,preserved production/prospect arrival forecast unchanged; no supported full-role estimate,MLB arrival and specified role not verified
slot-2029-55,2029 5.07 hypothetical slot,selection,Pick/prospect/unresolved or no modeled MLB projection,,,preserved production/prospect arrival forecast unchanged; no supported full-role estimate,MLB arrival and specified role not verified
slot-2029-56,2029 5.08 hypothetical slot,selection,Pick/prospect/unresolved or no modeled MLB projection,,,preserved production/prospect arrival forecast unchanged; no supported full-role estimate,MLB arrival and specified role not verified
slot-2029-57,2029 5.09 hypothetical slot,selection,Pick/prospect/unresolved or no modeled MLB projection,,,preserved production/prospect arrival forecast unchanged; no supported full-role estimate,MLB arrival and specified role not verified
slot-2029-58,2029 5.10 hypothetical slot,selection,Pick/prospect/unresolved or no modeled MLB projection,,,preserved production/prospect arrival forecast unchanged; no supported full-role estimate,MLB arrival and specified role not verified
slot-2029-59,2029 5.11 hypothetical slot,selection,Pick/prospect/unresolved or no modeled MLB projection,,,preserved production/prospect arrival forecast unchanged; no supported full-role estimate,MLB arrival and specified role not verified
slot-2029-60,2029 5.12 hypothetical slot,selection,Pick/prospect/unresolved or no modeled MLB projection,,,preserved production/prospect arrival forecast unchanged; no supported full-role estimate,MLB arrival and specified role not verified
pick-2027-0-1,2027 1st — Cafécitos de Spokane (pick 9),selection,Pick/prospect/unresolved or no modeled MLB projection,,,preserved production/prospect arrival forecast unchanged; no supported full-role estimate,MLB arrival and specified role not verified
pick-2027-0-2,2027 2nd — Cafécitos de Spokane (pick 21),selection,Pick/prospect/unresolved or no modeled MLB projection,,,preserved production/prospect arrival forecast unchanged; no supported full-role estimate,MLB arrival and specified role not verified
pick-2027-0-3,2027 3rd — Cafécitos de Spokane (pick 33),selection,Pick/prospect/unresolved or no modeled MLB projection,,,preserved production/prospect arrival forecast unchanged; no supported full-role estimate,MLB arrival and specified role not verified
pick-2027-0-4,2027 4th — Cafécitos de Spokane (pick 45),selection,Pick/prospect/unresolved or no modeled MLB projection,,,preserved production/prospect arrival forecast unchanged; no supported full-role estimate,MLB arrival and specified role not verified
pick-2027-0-5,2027 5th — Cafécitos de Spokane (pick 57),selection,Pick/prospect/unresolved or no modeled MLB projection,,,preserved production/prospect arrival forecast unchanged; no supported full-role estimate,MLB arrival and specified role not verified
pick-2027-1-1,2027 1st — EpSkenes Island (pick 5),selection,Pick/prospect/unresolved or no modeled MLB projection,,,preserved production/prospect arrival forecast unchanged; no supported full-role estimate,MLB arrival and specified role not verified
pick-2027-1-2,2027 2nd — EpSkenes Island (pick 17),selection,Pick/prospect/unresolved or no modeled MLB projection,,,preserved production/prospect arrival forecast unchanged; no supported full-role estimate,MLB arrival and specified role not verified
pick-2027-1-3,2027 3rd — EpSkenes Island (pick 29),selection,Pick/prospect/unresolved or no modeled MLB projection,,,preserved production/prospect arrival forecast unchanged; no supported full-role estimate,MLB arrival and specified role not verified
pick-2027-1-4,2027 4th — EpSkenes Island (pick 41),selection,Pick/prospect/unresolved or no modeled MLB projection,,,preserved production/prospect arrival forecast unchanged; no supported full-role estimate,MLB arrival and specified role not verified
pick-2027-1-5,2027 5th — EpSkenes Island (pick 53),selection,Pick/prospect/unresolved or no modeled MLB projection,,,preserved production/prospect arrival forecast unchanged; no supported full-role estimate,MLB arrival and specified role not verified
pick-2027-2-1,2027 1st — Flying Squirrels (pick 4),selection,Pick/prospect/unresolved or no modeled MLB projection,,,preserved production/prospect arrival forecast unchanged; no supported full-role estimate,MLB arrival and specified role not verified
pick-2027-2-2,2027 2nd — Flying Squirrels (pick 16),selection,Pick/prospect/unresolved or no modeled MLB projection,,,preserved production/prospect arrival forecast unchanged; no supported full-role estimate,MLB arrival and specified role not verified
pick-2027-2-3,2027 3rd — Flying Squirrels (pick 28),selection,Pick/prospect/unresolved or no modeled MLB projection,,,preserved production/prospect arrival forecast unchanged; no supported full-role estimate,MLB arrival and specified role not verified
pick-2027-2-4,2027 4th — Flying Squirrels (pick 40),selection,Pick/prospect/unresolved or no modeled MLB projection,,,preserved production/prospect arrival forecast unchanged; no supported full-role estimate,MLB arrival and specified role not verified
pick-2027-2-5,2027 5th — Flying Squirrels (pick 52),selection,Pick/prospect/unresolved or no modeled MLB projection,,,preserved production/prospect arrival forecast unchanged; no supported full-role estimate,MLB arrival and specified role not verified
pick-2027-3-1,2027 1st — How Lowe Can You Go? (pick 12),selection,Pick/prospect/unresolved or no modeled MLB projection,,,preserved production/prospect arrival forecast unchanged; no supported full-role estimate,MLB arrival and specified role not verified
pick-2027-3-2,2027 2nd — How Lowe Can You Go? (pick 24),selection,Pick/prospect/unresolved or no modeled MLB projection,,,preserved production/prospect arrival forecast unchanged; no supported full-role estimate,MLB arrival and specified role not verified
pick-2027-3-3,2027 3rd — How Lowe Can You Go? (pick 36),selection,Pick/prospect/unresolved or no modeled MLB projection,,,preserved production/prospect arrival forecast unchanged; no supported full-role estimate,MLB arrival and specified role not verified
pick-2027-3-4,2027 4th — How Lowe Can You Go? (pick 48),selection,Pick/prospect/unresolved or no modeled MLB projection,,,preserved production/prospect arrival forecast unchanged; no supported full-role estimate,MLB arrival and specified role not verified
pick-2027-3-5,2027 5th — How Lowe Can You Go? (pick 60),selection,Pick/prospect/unresolved or no modeled MLB projection,,,preserved production/prospect arrival forecast unchanged; no supported full-role estimate,MLB arrival and specified role not verified
pick-2027-4-1,2027 1st — Miller & Miller LLP (pick 7),selection,Pick/prospect/unresolved or no modeled MLB projection,,,preserved production/prospect arrival forecast unchanged; no supported full-role estimate,MLB arrival and specified role not verified
pick-2027-4-2,2027 2nd — Miller & Miller LLP (pick 19),selection,Pick/prospect/unresolved or no modeled MLB projection,,,preserved production/prospect arrival forecast unchanged; no supported full-role estimate,MLB arrival and specified role not verified
pick-2027-4-3,2027 3rd — Miller & Miller LLP (pick 31),selection,Pick/prospect/unresolved or no modeled MLB projection,,,preserved production/prospect arrival forecast unchanged; no supported full-role estimate,MLB arrival and specified role not verified
pick-2027-4-4,2027 4th — Miller & Miller LLP (pick 43),selection,Pick/prospect/unresolved or no modeled MLB projection,,,preserved production/prospect arrival forecast unchanged; no supported full-role estimate,MLB arrival and specified role not verified
pick-2027-4-5,2027 5th — Miller & Miller LLP (pick 55),selection,Pick/prospect/unresolved or no modeled MLB projection,,,preserved production/prospect arrival forecast unchanged; no supported full-role estimate,MLB arrival and specified role not verified
pick-2027-5-1,2027 1st — Ohtani and the Bums (pick 3),selection,Pick/prospect/unresolved or no modeled MLB projection,,,preserved production/prospect arrival forecast unchanged; no supported full-role estimate,MLB arrival and specified role not verified
pick-2027-5-2,2027 2nd — Ohtani and the Bums (pick 15),selection,Pick/prospect/unresolved or no modeled MLB projection,,,preserved production/prospect arrival forecast unchanged; no supported full-role estimate,MLB arrival and specified role not verified
pick-2027-5-3,2027 3rd — Ohtani and the Bums (pick 27),selection,Pick/prospect/unresolved or no modeled MLB projection,,,preserved production/prospect arrival forecast unchanged; no supported full-role estimate,MLB arrival and specified role not verified
pick-2027-5-4,2027 4th — Ohtani and the Bums (pick 39),selection,Pick/prospect/unresolved or no modeled MLB projection,,,preserved production/prospect arrival forecast unchanged; no supported full-role estimate,MLB arrival and specified role not verified
pick-2027-5-5,2027 5th — Ohtani and the Bums (pick 51),selection,Pick/prospect/unresolved or no modeled MLB projection,,,preserved production/prospect arrival forecast unchanged; no supported full-role estimate,MLB arrival and specified role not verified
pick-2027-6-1,2027 1st — Shea Stadiums (pick 8),selection,Pick/prospect/unresolved or no modeled MLB projection,,,preserved production/prospect arrival forecast unchanged; no supported full-role estimate,MLB arrival and specified role not verified
pick-2027-6-2,2027 2nd — Shea Stadiums (pick 20),selection,Pick/prospect/unresolved or no modeled MLB projection,,,preserved production/prospect arrival forecast unchanged; no supported full-role estimate,MLB arrival and specified role not verified
pick-2027-6-3,2027 3rd — Shea Stadiums (pick 32),selection,Pick/prospect/unresolved or no modeled MLB projection,,,preserved production/prospect arrival forecast unchanged; no supported full-role estimate,MLB arrival and specified role not verified
pick-2027-6-4,2027 4th — Shea Stadiums (pick 44),selection,Pick/prospect/unresolved or no modeled MLB projection,,,preserved production/prospect arrival forecast unchanged; no supported full-role estimate,MLB arrival and specified role not verified
pick-2027-6-5,2027 5th — Shea Stadiums (pick 56),selection,Pick/prospect/unresolved or no modeled MLB projection,,,preserved production/prospect arrival forecast unchanged; no supported full-role estimate,MLB arrival and specified role not verified
pick-2027-7-1,2027 1st — Sodo Mojo (pick 1),selection,Pick/prospect/unresolved or no modeled MLB projection,,,preserved production/prospect arrival forecast unchanged; no supported full-role estimate,MLB arrival and specified role not verified
pick-2027-7-2,2027 2nd — Sodo Mojo (pick 13),selection,Pick/prospect/unresolved or no modeled MLB projection,,,preserved production/prospect arrival forecast unchanged; no supported full-role estimate,MLB arrival and specified role not verified
pick-2027-7-3,2027 3rd — Sodo Mojo (pick 25),selection,Pick/prospect/unresolved or no modeled MLB projection,,,preserved production/prospect arrival forecast unchanged; no supported full-role estimate,MLB arrival and specified role not verified
pick-2027-7-4,2027 4th — Sodo Mojo (pick 37),selection,Pick/prospect/unresolved or no modeled MLB projection,,,preserved production/prospect arrival forecast unchanged; no supported full-role estimate,MLB arrival and specified role not verified
pick-2027-7-5,2027 5th — Sodo Mojo (pick 49),selection,Pick/prospect/unresolved or no modeled MLB projection,,,preserved production/prospect arrival forecast unchanged; no supported full-role estimate,MLB arrival and specified role not verified
pick-2027-8-1,2027 1st — The Sandlot Sluggers (pick 2),selection,Pick/prospect/unresolved or no modeled MLB projection,,,preserved production/prospect arrival forecast unchanged; no supported full-role estimate,MLB arrival and specified role not verified
pick-2027-8-2,2027 2nd — The Sandlot Sluggers (pick 14),selection,Pick/prospect/unresolved or no modeled MLB projection,,,preserved production/prospect arrival forecast unchanged; no supported full-role estimate,MLB arrival and specified role not verified
pick-2027-8-3,2027 3rd — The Sandlot Sluggers (pick 26),selection,Pick/prospect/unresolved or no modeled MLB projection,,,preserved production/prospect arrival forecast unchanged; no supported full-role estimate,MLB arrival and specified role not verified
pick-2027-8-4,2027 4th — The Sandlot Sluggers (pick 38),selection,Pick/prospect/unresolved or no modeled MLB projection,,,preserved production/prospect arrival forecast unchanged; no supported full-role estimate,MLB arrival and specified role not verified
pick-2027-8-5,2027 5th — The Sandlot Sluggers (pick 50),selection,Pick/prospect/unresolved or no modeled MLB projection,,,preserved production/prospect arrival forecast unchanged; no supported full-role estimate,MLB arrival and specified role not verified
pick-2027-9-1,2027 1st — TheMissingSox (pick 6),selection,Pick/prospect/unresolved or no modeled MLB projection,,,preserved production/prospect arrival forecast unchanged; no supported full-role estimate,MLB arrival and specified role not verified
pick-2027-9-2,2027 2nd — TheMissingSox (pick 18),selection,Pick/prospect/unresolved or no modeled MLB projection,,,preserved production/prospect arrival forecast unchanged; no supported full-role estimate,MLB arrival and specified role not verified
pick-2027-9-3,2027 3rd — TheMissingSox (pick 30),selection,Pick/prospect/unresolved or no modeled MLB projection,,,preserved production/prospect arrival forecast unchanged; no supported full-role estimate,MLB arrival and specified role not verified
pick-2027-9-4,2027 4th — TheMissingSox (pick 42),selection,Pick/prospect/unresolved or no modeled MLB projection,,,preserved production/prospect arrival forecast unchanged; no supported full-role estimate,MLB arrival and specified role not verified
pick-2027-9-5,2027 5th — TheMissingSox (pick 54),selection,Pick/prospect/unresolved or no modeled MLB projection,,,preserved production/prospect arrival forecast unchanged; no supported full-role estimate,MLB arrival and specified role not verified
pick-2027-10-1,2027 1st — Yoho and a Bottle of Rum (pick 11),selection,Pick/prospect/unresolved or no modeled MLB projection,,,preserved production/prospect arrival forecast unchanged; no supported full-role estimate,MLB arrival and specified role not verified
pick-2027-10-2,2027 2nd — Yoho and a Bottle of Rum (pick 23),selection,Pick/prospect/unresolved or no modeled MLB projection,,,preserved production/prospect arrival forecast unchanged; no supported full-role estimate,MLB arrival and specified role not verified
pick-2027-10-3,2027 3rd — Yoho and a Bottle of Rum (pick 35),selection,Pick/prospect/unresolved or no modeled MLB projection,,,preserved production/prospect arrival forecast unchanged; no supported full-role estimate,MLB arrival and specified role not verified
pick-2027-10-4,2027 4th — Yoho and a Bottle of Rum (pick 47),selection,Pick/prospect/unresolved or no modeled MLB projection,,,preserved production/prospect arrival forecast unchanged; no supported full-role estimate,MLB arrival and specified role not verified
pick-2027-10-5,2027 5th — Yoho and a Bottle of Rum (pick 59),selection,Pick/prospect/unresolved or no modeled MLB projection,,,preserved production/prospect arrival forecast unchanged; no supported full-role estimate,MLB arrival and specified role not verified
pick-2027-11-1,2027 1st — Young Guns (pick 10),selection,Pick/prospect/unresolved or no modeled MLB projection,,,preserved production/prospect arrival forecast unchanged; no supported full-role estimate,MLB arrival and specified role not verified
pick-2027-11-2,2027 2nd — Young Guns (pick 22),selection,Pick/prospect/unresolved or no modeled MLB projection,,,preserved production/prospect arrival forecast unchanged; no supported full-role estimate,MLB arrival and specified role not verified
pick-2027-11-3,2027 3rd — Young Guns (pick 34),selection,Pick/prospect/unresolved or no modeled MLB projection,,,preserved production/prospect arrival forecast unchanged; no supported full-role estimate,MLB arrival and specified role not verified
pick-2027-11-4,2027 4th — Young Guns (pick 46),selection,Pick/prospect/unresolved or no modeled MLB projection,,,preserved production/prospect arrival forecast unchanged; no supported full-role estimate,MLB arrival and specified role not verified
pick-2027-11-5,2027 5th — Young Guns (pick 58),selection,Pick/prospect/unresolved or no modeled MLB projection,,,preserved production/prospect arrival forecast unchanged; no supported full-role estimate,MLB arrival and specified role not verified
pick-2028-0-1,2028 1st — Cafécitos de Spokane (slot TBD),selection,Pick/prospect/unresolved or no modeled MLB projection,,,preserved production/prospect arrival forecast unchanged; no supported full-role estimate,MLB arrival and specified role not verified
pick-2028-0-2,2028 2nd — Cafécitos de Spokane (slot TBD),selection,Pick/prospect/unresolved or no modeled MLB projection,,,preserved production/prospect arrival forecast unchanged; no supported full-role estimate,MLB arrival and specified role not verified
pick-2028-0-3,2028 3rd — Cafécitos de Spokane (slot TBD),selection,Pick/prospect/unresolved or no modeled MLB projection,,,preserved production/prospect arrival forecast unchanged; no supported full-role estimate,MLB arrival and specified role not verified
pick-2028-0-4,2028 4th — Cafécitos de Spokane (slot TBD),selection,Pick/prospect/unresolved or no modeled MLB projection,,,preserved production/prospect arrival forecast unchanged; no supported full-role estimate,MLB arrival and specified role not verified
pick-2028-0-5,2028 5th — Cafécitos de Spokane (slot TBD),selection,Pick/prospect/unresolved or no modeled MLB projection,,,preserved production/prospect arrival forecast unchanged; no supported full-role estimate,MLB arrival and specified role not verified
pick-2028-1-1,2028 1st — EpSkenes Island (slot TBD),selection,Pick/prospect/unresolved or no modeled MLB projection,,,preserved production/prospect arrival forecast unchanged; no supported full-role estimate,MLB arrival and specified role not verified
pick-2028-1-2,2028 2nd — EpSkenes Island (slot TBD),selection,Pick/prospect/unresolved or no modeled MLB projection,,,preserved production/prospect arrival forecast unchanged; no supported full-role estimate,MLB arrival and specified role not verified
pick-2028-1-3,2028 3rd — EpSkenes Island (slot TBD),selection,Pick/prospect/unresolved or no modeled MLB projection,,,preserved production/prospect arrival forecast unchanged; no supported full-role estimate,MLB arrival and specified role not verified
pick-2028-1-4,2028 4th — EpSkenes Island (slot TBD),selection,Pick/prospect/unresolved or no modeled MLB projection,,,preserved production/prospect arrival forecast unchanged; no supported full-role estimate,MLB arrival and specified role not verified
pick-2028-1-5,2028 5th — EpSkenes Island (slot TBD),selection,Pick/prospect/unresolved or no modeled MLB projection,,,preserved production/prospect arrival forecast unchanged; no supported full-role estimate,MLB arrival and specified role not verified
pick-2028-2-1,2028 1st — Flying Squirrels (slot TBD),selection,Pick/prospect/unresolved or no modeled MLB projection,,,preserved production/prospect arrival forecast unchanged; no supported full-role estimate,MLB arrival and specified role not verified
pick-2028-2-2,2028 2nd — Flying Squirrels (slot TBD),selection,Pick/prospect/unresolved or no modeled MLB projection,,,preserved production/prospect arrival forecast unchanged; no supported full-role estimate,MLB arrival and specified role not verified
pick-2028-2-3,2028 3rd — Flying Squirrels (slot TBD),selection,Pick/prospect/unresolved or no modeled MLB projection,,,preserved production/prospect arrival forecast unchanged; no supported full-role estimate,MLB arrival and specified role not verified
pick-2028-2-4,2028 4th — Flying Squirrels (slot TBD),selection,Pick/prospect/unresolved or no modeled MLB projection,,,preserved production/prospect arrival forecast unchanged; no supported full-role estimate,MLB arrival and specified role not verified
pick-2028-2-5,2028 5th — Flying Squirrels (slot TBD),selection,Pick/prospect/unresolved or no modeled MLB projection,,,preserved production/prospect arrival forecast unchanged; no supported full-role estimate,MLB arrival and specified role not verified
pick-2028-3-1,2028 1st — How Lowe Can You Go? (slot TBD),selection,Pick/prospect/unresolved or no modeled MLB projection,,,preserved production/prospect arrival forecast unchanged; no supported full-role estimate,MLB arrival and specified role not verified
pick-2028-3-2,2028 2nd — How Lowe Can You Go? (slot TBD),selection,Pick/prospect/unresolved or no modeled MLB projection,,,preserved production/prospect arrival forecast unchanged; no supported full-role estimate,MLB arrival and specified role not verified
pick-2028-3-3,2028 3rd — How Lowe Can You Go? (slot TBD),selection,Pick/prospect/unresolved or no modeled MLB projection,,,preserved production/prospect arrival forecast unchanged; no supported full-role estimate,MLB arrival and specified role not verified
pick-2028-3-4,2028 4th — How Lowe Can You Go? (slot TBD),selection,Pick/prospect/unresolved or no modeled MLB projection,,,preserved production/prospect arrival forecast unchanged; no supported full-role estimate,MLB arrival and specified role not verified
pick-2028-3-5,2028 5th — How Lowe Can You Go? (slot TBD),selection,Pick/prospect/unresolved or no modeled MLB projection,,,preserved production/prospect arrival forecast unchanged; no supported full-role estimate,MLB arrival and specified role not verified
pick-2028-4-1,2028 1st — Miller & Miller LLP (slot TBD),selection,Pick/prospect/unresolved or no modeled MLB projection,,,preserved production/prospect arrival forecast unchanged; no supported full-role estimate,MLB arrival and specified role not verified
pick-2028-4-2,2028 2nd — Miller & Miller LLP (slot TBD),selection,Pick/prospect/unresolved or no modeled MLB projection,,,preserved production/prospect arrival forecast unchanged; no supported full-role estimate,MLB arrival and specified role not verified
pick-2028-4-3,2028 3rd — Miller & Miller LLP (slot TBD),selection,Pick/prospect/unresolved or no modeled MLB projection,,,preserved production/prospect arrival forecast unchanged; no supported full-role estimate,MLB arrival and specified role not verified
pick-2028-4-4,2028 4th — Miller & Miller LLP (slot TBD),selection,Pick/prospect/unresolved or no modeled MLB projection,,,preserved production/prospect arrival forecast unchanged; no supported full-role estimate,MLB arrival and specified role not verified
pick-2028-4-5,2028 5th — Miller & Miller LLP (slot TBD),selection,Pick/prospect/unresolved or no modeled MLB projection,,,preserved production/prospect arrival forecast unchanged; no supported full-role estimate,MLB arrival and specified role not verified
pick-2028-5-1,2028 1st — Ohtani and the Bums (slot TBD),selection,Pick/prospect/unresolved or no modeled MLB projection,,,preserved production/prospect arrival forecast unchanged; no supported full-role estimate,MLB arrival and specified role not verified
pick-2028-5-2,2028 2nd — Ohtani and the Bums (slot TBD),selection,Pick/prospect/unresolved or no modeled MLB projection,,,preserved production/prospect arrival forecast unchanged; no supported full-role estimate,MLB arrival and specified role not verified
pick-2028-5-3,2028 3rd — Ohtani and the Bums (slot TBD),selection,Pick/prospect/unresolved or no modeled MLB projection,,,preserved production/prospect arrival forecast unchanged; no supported full-role estimate,MLB arrival and specified role not verified
pick-2028-5-4,2028 4th — Ohtani and the Bums (slot TBD),selection,Pick/prospect/unresolved or no modeled MLB projection,,,preserved production/prospect arrival forecast unchanged; no supported full-role estimate,MLB arrival and specified role not verified
pick-2028-5-5,2028 5th — Ohtani and the Bums (slot TBD),selection,Pick/prospect/unresolved or no modeled MLB projection,,,preserved production/prospect arrival forecast unchanged; no supported full-role estimate,MLB arrival and specified role not verified
pick-2028-6-1,2028 1st — Shea Stadiums (slot TBD),selection,Pick/prospect/unresolved or no modeled MLB projection,,,preserved production/prospect arrival forecast unchanged; no supported full-role estimate,MLB arrival and specified role not verified
pick-2028-6-2,2028 2nd — Shea Stadiums (slot TBD),selection,Pick/prospect/unresolved or no modeled MLB projection,,,preserved production/prospect arrival forecast unchanged; no supported full-role estimate,MLB arrival and specified role not verified
pick-2028-6-3,2028 3rd — Shea Stadiums (slot TBD),selection,Pick/prospect/unresolved or no modeled MLB projection,,,preserved production/prospect arrival forecast unchanged; no supported full-role estimate,MLB arrival and specified role not verified
pick-2028-6-4,2028 4th — Shea Stadiums (slot TBD),selection,Pick/prospect/unresolved or no modeled MLB projection,,,preserved production/prospect arrival forecast unchanged; no supported full-role estimate,MLB arrival and specified role not verified
pick-2028-6-5,2028 5th — Shea Stadiums (slot TBD),selection,Pick/prospect/unresolved or no modeled MLB projection,,,preserved production/prospect arrival forecast unchanged; no supported full-role estimate,MLB arrival and specified role not verified
pick-2028-7-1,2028 1st — Sodo Mojo (slot TBD),selection,Pick/prospect/unresolved or no modeled MLB projection,,,preserved production/prospect arrival forecast unchanged; no supported full-role estimate,MLB arrival and specified role not verified
pick-2028-7-2,2028 2nd — Sodo Mojo (slot TBD),selection,Pick/prospect/unresolved or no modeled MLB projection,,,preserved production/prospect arrival forecast unchanged; no supported full-role estimate,MLB arrival and specified role not verified
pick-2028-7-3,2028 3rd — Sodo Mojo (slot TBD),selection,Pick/prospect/unresolved or no modeled MLB projection,,,preserved production/prospect arrival forecast unchanged; no supported full-role estimate,MLB arrival and specified role not verified
pick-2028-7-4,2028 4th — Sodo Mojo (slot TBD),selection,Pick/prospect/unresolved or no modeled MLB projection,,,preserved production/prospect arrival forecast unchanged; no supported full-role estimate,MLB arrival and specified role not verified
pick-2028-7-5,2028 5th — Sodo Mojo (slot TBD),selection,Pick/prospect/unresolved or no modeled MLB projection,,,preserved production/prospect arrival forecast unchanged; no supported full-role estimate,MLB arrival and specified role not verified
pick-2028-8-1,2028 1st — The Sandlot Sluggers (slot TBD),selection,Pick/prospect/unresolved or no modeled MLB projection,,,preserved production/prospect arrival forecast unchanged; no supported full-role estimate,MLB arrival and specified role not verified
pick-2028-8-2,2028 2nd — The Sandlot Sluggers (slot TBD),selection,Pick/prospect/unresolved or no modeled MLB projection,,,preserved production/prospect arrival forecast unchanged; no supported full-role estimate,MLB arrival and specified role not verified
pick-2028-8-3,2028 3rd — The Sandlot Sluggers (slot TBD),selection,Pick/prospect/unresolved or no modeled MLB projection,,,preserved production/prospect arrival forecast unchanged; no supported full-role estimate,MLB arrival and specified role not verified
pick-2028-8-4,2028 4th — The Sandlot Sluggers (slot TBD),selection,Pick/prospect/unresolved or no modeled MLB projection,,,preserved production/prospect arrival forecast unchanged; no supported full-role estimate,MLB arrival and specified role not verified
pick-2028-8-5,2028 5th — The Sandlot Sluggers (slot TBD),selection,Pick/prospect/unresolved or no modeled MLB projection,,,preserved production/prospect arrival forecast unchanged; no supported full-role estimate,MLB arrival and specified role not verified
pick-2028-9-1,2028 1st — TheMissingSox (slot TBD),selection,Pick/prospect/unresolved or no modeled MLB projection,,,preserved production/prospect arrival forecast unchanged; no supported full-role estimate,MLB arrival and specified role not verified
pick-2028-9-2,2028 2nd — TheMissingSox (slot TBD),selection,Pick/prospect/unresolved or no modeled MLB projection,,,preserved production/prospect arrival forecast unchanged; no supported full-role estimate,MLB arrival and specified role not verified
pick-2028-9-3,2028 3rd — TheMissingSox (slot TBD),selection,Pick/prospect/unresolved or no modeled MLB projection,,,preserved production/prospect arrival forecast unchanged; no supported full-role estimate,MLB arrival and specified role not verified
pick-2028-9-4,2028 4th — TheMissingSox (slot TBD),selection,Pick/prospect/unresolved or no modeled MLB projection,,,preserved production/prospect arrival forecast unchanged; no supported full-role estimate,MLB arrival and specified role not verified
pick-2028-9-5,2028 5th — TheMissingSox (slot TBD),selection,Pick/prospect/unresolved or no modeled MLB projection,,,preserved production/prospect arrival forecast unchanged; no supported full-role estimate,MLB arrival and specified role not verified
pick-2028-10-1,2028 1st — Yoho and a Bottle of Rum (slot TBD),selection,Pick/prospect/unresolved or no modeled MLB projection,,,preserved production/prospect arrival forecast unchanged; no supported full-role estimate,MLB arrival and specified role not verified
pick-2028-10-2,2028 2nd — Yoho and a Bottle of Rum (slot TBD),selection,Pick/prospect/unresolved or no modeled MLB projection,,,preserved production/prospect arrival forecast unchanged; no supported full-role estimate,MLB arrival and specified role not verified
pick-2028-10-3,2028 3rd — Yoho and a Bottle of Rum (slot TBD),selection,Pick/prospect/unresolved or no modeled MLB projection,,,preserved production/prospect arrival forecast unchanged; no supported full-role estimate,MLB arrival and specified role not verified
pick-2028-10-4,2028 4th — Yoho and a Bottle of Rum (slot TBD),selection,Pick/prospect/unresolved or no modeled MLB projection,,,preserved production/prospect arrival forecast unchanged; no supported full-role estimate,MLB arrival and specified role not verified
pick-2028-10-5,2028 5th — Yoho and a Bottle of Rum (slot TBD),selection,Pick/prospect/unresolved or no modeled MLB projection,,,preserved production/prospect arrival forecast unchanged; no supported full-role estimate,MLB arrival and specified role not verified
pick-2028-11-1,2028 1st — Young Guns (slot TBD),selection,Pick/prospect/unresolved or no modeled MLB projection,,,preserved production/prospect arrival forecast unchanged; no supported full-role estimate,MLB arrival and specified role not verified
pick-2028-11-2,2028 2nd — Young Guns (slot TBD),selection,Pick/prospect/unresolved or no modeled MLB projection,,,preserved production/prospect arrival forecast unchanged; no supported full-role estimate,MLB arrival and specified role not verified
pick-2028-11-3,2028 3rd — Young Guns (slot TBD),selection,Pick/prospect/unresolved or no modeled MLB projection,,,preserved production/prospect arrival forecast unchanged; no supported full-role estimate,MLB arrival and specified role not verified
pick-2028-11-4,2028 4th — Young Guns (slot TBD),selection,Pick/prospect/unresolved or no modeled MLB projection,,,preserved production/prospect arrival forecast unchanged; no supported full-role estimate,MLB arrival and specified role not verified
pick-2028-11-5,2028 5th — Young Guns (slot TBD),selection,Pick/prospect/unresolved or no modeled MLB projection,,,preserved production/prospect arrival forecast unchanged; no supported full-role estimate,MLB arrival and specified role not verified
pick-2029-0-1,2029 1st — Cafécitos de Spokane (slot TBD),selection,Pick/prospect/unresolved or no modeled MLB projection,,,preserved production/prospect arrival forecast unchanged; no supported full-role estimate,MLB arrival and specified role not verified
pick-2029-0-2,2029 2nd — Cafécitos de Spokane (slot TBD),selection,Pick/prospect/unresolved or no modeled MLB projection,,,preserved production/prospect arrival forecast unchanged; no supported full-role estimate,MLB arrival and specified role not verified
pick-2029-0-3,2029 3rd — Cafécitos de Spokane (slot TBD),selection,Pick/prospect/unresolved or no modeled MLB projection,,,preserved production/prospect arrival forecast unchanged; no supported full-role estimate,MLB arrival and specified role not verified
pick-2029-0-4,2029 4th — Cafécitos de Spokane (slot TBD),selection,Pick/prospect/unresolved or no modeled MLB projection,,,preserved production/prospect arrival forecast unchanged; no supported full-role estimate,MLB arrival and specified role not verified
pick-2029-0-5,2029 5th — Cafécitos de Spokane (slot TBD),selection,Pick/prospect/unresolved or no modeled MLB projection,,,preserved production/prospect arrival forecast unchanged; no supported full-role estimate,MLB arrival and specified role not verified
pick-2029-1-1,2029 1st — EpSkenes Island (slot TBD),selection,Pick/prospect/unresolved or no modeled MLB projection,,,preserved production/prospect arrival forecast unchanged; no supported full-role estimate,MLB arrival and specified role not verified
pick-2029-1-2,2029 2nd — EpSkenes Island (slot TBD),selection,Pick/prospect/unresolved or no modeled MLB projection,,,preserved production/prospect arrival forecast unchanged; no supported full-role estimate,MLB arrival and specified role not verified
pick-2029-1-3,2029 3rd — EpSkenes Island (slot TBD),selection,Pick/prospect/unresolved or no modeled MLB projection,,,preserved production/prospect arrival forecast unchanged; no supported full-role estimate,MLB arrival and specified role not verified
pick-2029-1-4,2029 4th — EpSkenes Island (slot TBD),selection,Pick/prospect/unresolved or no modeled MLB projection,,,preserved production/prospect arrival forecast unchanged; no supported full-role estimate,MLB arrival and specified role not verified
pick-2029-1-5,2029 5th — EpSkenes Island (slot TBD),selection,Pick/prospect/unresolved or no modeled MLB projection,,,preserved production/prospect arrival forecast unchanged; no supported full-role estimate,MLB arrival and specified role not verified
pick-2029-2-1,2029 1st — Flying Squirrels (slot TBD),selection,Pick/prospect/unresolved or no modeled MLB projection,,,preserved production/prospect arrival forecast unchanged; no supported full-role estimate,MLB arrival and specified role not verified
pick-2029-2-2,2029 2nd — Flying Squirrels (slot TBD),selection,Pick/prospect/unresolved or no modeled MLB projection,,,preserved production/prospect arrival forecast unchanged; no supported full-role estimate,MLB arrival and specified role not verified
pick-2029-2-3,2029 3rd — Flying Squirrels (slot TBD),selection,Pick/prospect/unresolved or no modeled MLB projection,,,preserved production/prospect arrival forecast unchanged; no supported full-role estimate,MLB arrival and specified role not verified
pick-2029-2-4,2029 4th — Flying Squirrels (slot TBD),selection,Pick/prospect/unresolved or no modeled MLB projection,,,preserved production/prospect arrival forecast unchanged; no supported full-role estimate,MLB arrival and specified role not verified
pick-2029-2-5,2029 5th — Flying Squirrels (slot TBD),selection,Pick/prospect/unresolved or no modeled MLB projection,,,preserved production/prospect arrival forecast unchanged; no supported full-role estimate,MLB arrival and specified role not verified
pick-2029-3-1,2029 1st — How Lowe Can You Go? (slot TBD),selection,Pick/prospect/unresolved or no modeled MLB projection,,,preserved production/prospect arrival forecast unchanged; no supported full-role estimate,MLB arrival and specified role not verified
pick-2029-3-2,2029 2nd — How Lowe Can You Go? (slot TBD),selection,Pick/prospect/unresolved or no modeled MLB projection,,,preserved production/prospect arrival forecast unchanged; no supported full-role estimate,MLB arrival and specified role not verified
pick-2029-3-3,2029 3rd — How Lowe Can You Go? (slot TBD),selection,Pick/prospect/unresolved or no modeled MLB projection,,,preserved production/prospect arrival forecast unchanged; no supported full-role estimate,MLB arrival and specified role not verified
pick-2029-3-4,2029 4th — How Lowe Can You Go? (slot TBD),selection,Pick/prospect/unresolved or no modeled MLB projection,,,preserved production/prospect arrival forecast unchanged; no supported full-role estimate,MLB arrival and specified role not verified
pick-2029-3-5,2029 5th — How Lowe Can You Go? (slot TBD),selection,Pick/prospect/unresolved or no modeled MLB projection,,,preserved production/prospect arrival forecast unchanged; no supported full-role estimate,MLB arrival and specified role not verified
pick-2029-4-1,2029 1st — Miller & Miller LLP (slot TBD),selection,Pick/prospect/unresolved or no modeled MLB projection,,,preserved production/prospect arrival forecast unchanged; no supported full-role estimate,MLB arrival and specified role not verified
pick-2029-4-2,2029 2nd — Miller & Miller LLP (slot TBD),selection,Pick/prospect/unresolved or no modeled MLB projection,,,preserved production/prospect arrival forecast unchanged; no supported full-role estimate,MLB arrival and specified role not verified
pick-2029-4-3,2029 3rd — Miller & Miller LLP (slot TBD),selection,Pick/prospect/unresolved or no modeled MLB projection,,,preserved production/prospect arrival forecast unchanged; no supported full-role estimate,MLB arrival and specified role not verified
pick-2029-4-4,2029 4th — Miller & Miller LLP (slot TBD),selection,Pick/prospect/unresolved or no modeled MLB projection,,,preserved production/prospect arrival forecast unchanged; no supported full-role estimate,MLB arrival and specified role not verified
pick-2029-4-5,2029 5th — Miller & Miller LLP (slot TBD),selection,Pick/prospect/unresolved or no modeled MLB projection,,,preserved production/prospect arrival forecast unchanged; no supported full-role estimate,MLB arrival and specified role not verified
pick-2029-5-1,2029 1st — Ohtani and the Bums (slot TBD),selection,Pick/prospect/unresolved or no modeled MLB projection,,,preserved production/prospect arrival forecast unchanged; no supported full-role estimate,MLB arrival and specified role not verified
pick-2029-5-2,2029 2nd — Ohtani and the Bums (slot TBD),selection,Pick/prospect/unresolved or no modeled MLB projection,,,preserved production/prospect arrival forecast unchanged; no supported full-role estimate,MLB arrival and specified role not verified
pick-2029-5-3,2029 3rd — Ohtani and the Bums (slot TBD),selection,Pick/prospect/unresolved or no modeled MLB projection,,,preserved production/prospect arrival forecast unchanged; no supported full-role estimate,MLB arrival and specified role not verified
pick-2029-5-4,2029 4th — Ohtani and the Bums (slot TBD),selection,Pick/prospect/unresolved or no modeled MLB projection,,,preserved production/prospect arrival forecast unchanged; no supported full-role estimate,MLB arrival and specified role not verified
pick-2029-5-5,2029 5th — Ohtani and the Bums (slot TBD),selection,Pick/prospect/unresolved or no modeled MLB projection,,,preserved production/prospect arrival forecast unchanged; no supported full-role estimate,MLB arrival and specified role not verified
pick-2029-6-1,2029 1st — Shea Stadiums (slot TBD),selection,Pick/prospect/unresolved or no modeled MLB projection,,,preserved production/prospect arrival forecast unchanged; no supported full-role estimate,MLB arrival and specified role not verified
pick-2029-6-2,2029 2nd — Shea Stadiums (slot TBD),selection,Pick/prospect/unresolved or no modeled MLB projection,,,preserved production/prospect arrival forecast unchanged; no supported full-role estimate,MLB arrival and specified role not verified
pick-2029-6-3,2029 3rd — Shea Stadiums (slot TBD),selection,Pick/prospect/unresolved or no modeled MLB projection,,,preserved production/prospect arrival forecast unchanged; no supported full-role estimate,MLB arrival and specified role not verified
pick-2029-6-4,2029 4th — Shea Stadiums (slot TBD),selection,Pick/prospect/unresolved or no modeled MLB projection,,,preserved production/prospect arrival forecast unchanged; no supported full-role estimate,MLB arrival and specified role not verified
pick-2029-6-5,2029 5th — Shea Stadiums (slot TBD),selection,Pick/prospect/unresolved or no modeled MLB projection,,,preserved production/prospect arrival forecast unchanged; no supported full-role estimate,MLB arrival and specified role not verified
pick-2029-7-1,2029 1st — Sodo Mojo (slot TBD),selection,Pick/prospect/unresolved or no modeled MLB projection,,,preserved production/prospect arrival forecast unchanged; no supported full-role estimate,MLB arrival and specified role not verified
pick-2029-7-2,2029 2nd — Sodo Mojo (slot TBD),selection,Pick/prospect/unresolved or no modeled MLB projection,,,preserved production/prospect arrival forecast unchanged; no supported full-role estimate,MLB arrival and specified role not verified
pick-2029-7-3,2029 3rd — Sodo Mojo (slot TBD),selection,Pick/prospect/unresolved or no modeled MLB projection,,,preserved production/prospect arrival forecast unchanged; no supported full-role estimate,MLB arrival and specified role not verified
pick-2029-7-4,2029 4th — Sodo Mojo (slot TBD),selection,Pick/prospect/unresolved or no modeled MLB projection,,,preserved production/prospect arrival forecast unchanged; no supported full-role estimate,MLB arrival and specified role not verified
pick-2029-7-5,2029 5th — Sodo Mojo (slot TBD),selection,Pick/prospect/unresolved or no modeled MLB projection,,,preserved production/prospect arrival forecast unchanged; no supported full-role estimate,MLB arrival and specified role not verified
pick-2029-8-1,2029 1st — The Sandlot Sluggers (slot TBD),selection,Pick/prospect/unresolved or no modeled MLB projection,,,preserved production/prospect arrival forecast unchanged; no supported full-role estimate,MLB arrival and specified role not verified
pick-2029-8-2,2029 2nd — The Sandlot Sluggers (slot TBD),selection,Pick/prospect/unresolved or no modeled MLB projection,,,preserved production/prospect arrival forecast unchanged; no supported full-role estimate,MLB arrival and specified role not verified
pick-2029-8-3,2029 3rd — The Sandlot Sluggers (slot TBD),selection,Pick/prospect/unresolved or no modeled MLB projection,,,preserved production/prospect arrival forecast unchanged; no supported full-role estimate,MLB arrival and specified role not verified
pick-2029-8-4,2029 4th — The Sandlot Sluggers (slot TBD),selection,Pick/prospect/unresolved or no modeled MLB projection,,,preserved production/prospect arrival forecast unchanged; no supported full-role estimate,MLB arrival and specified role not verified
pick-2029-8-5,2029 5th — The Sandlot Sluggers (slot TBD),selection,Pick/prospect/unresolved or no modeled MLB projection,,,preserved production/prospect arrival forecast unchanged; no supported full-role estimate,MLB arrival and specified role not verified
pick-2029-9-1,2029 1st — TheMissingSox (slot TBD),selection,Pick/prospect/unresolved or no modeled MLB projection,,,preserved production/prospect arrival forecast unchanged; no supported full-role estimate,MLB arrival and specified role not verified
pick-2029-9-2,2029 2nd — TheMissingSox (slot TBD),selection,Pick/prospect/unresolved or no modeled MLB projection,,,preserved production/prospect arrival forecast unchanged; no supported full-role estimate,MLB arrival and specified role not verified
pick-2029-9-3,2029 3rd — TheMissingSox (slot TBD),selection,Pick/prospect/unresolved or no modeled MLB projection,,,preserved production/prospect arrival forecast unchanged; no supported full-role estimate,MLB arrival and specified role not verified
pick-2029-9-4,2029 4th — TheMissingSox (slot TBD),selection,Pick/prospect/unresolved or no modeled MLB projection,,,preserved production/prospect arrival forecast unchanged; no supported full-role estimate,MLB arrival and specified role not verified
pick-2029-9-5,2029 5th — TheMissingSox (slot TBD),selection,Pick/prospect/unresolved or no modeled MLB projection,,,preserved production/prospect arrival forecast unchanged; no supported full-role estimate,MLB arrival and specified role not verified
pick-2029-10-1,2029 1st — Yoho and a Bottle of Rum (slot TBD),selection,Pick/prospect/unresolved or no modeled MLB projection,,,preserved production/prospect arrival forecast unchanged; no supported full-role estimate,MLB arrival and specified role not verified
pick-2029-10-2,2029 2nd — Yoho and a Bottle of Rum (slot TBD),selection,Pick/prospect/unresolved or no modeled MLB projection,,,preserved production/prospect arrival forecast unchanged; no supported full-role estimate,MLB arrival and specified role not verified
pick-2029-10-3,2029 3rd — Yoho and a Bottle of Rum (slot TBD),selection,Pick/prospect/unresolved or no modeled MLB projection,,,preserved production/prospect arrival forecast unchanged; no supported full-role estimate,MLB arrival and specified role not verified
pick-2029-10-4,2029 4th — Yoho and a Bottle of Rum (slot TBD),selection,Pick/prospect/unresolved or no modeled MLB projection,,,preserved production/prospect arrival forecast unchanged; no supported full-role estimate,MLB arrival and specified role not verified
pick-2029-10-5,2029 5th — Yoho and a Bottle of Rum (slot TBD),selection,Pick/prospect/unresolved or no modeled MLB projection,,,preserved production/prospect arrival forecast unchanged; no supported full-role estimate,MLB arrival and specified role not verified
pick-2029-11-1,2029 1st — Young Guns (slot TBD),selection,Pick/prospect/unresolved or no modeled MLB projection,,,preserved production/prospect arrival forecast unchanged; no supported full-role estimate,MLB arrival and specified role not verified
pick-2029-11-2,2029 2nd — Young Guns (slot TBD),selection,Pick/prospect/unresolved or no modeled MLB projection,,,preserved production/prospect arrival forecast unchanged; no supported full-role estimate,MLB arrival and specified role not verified
pick-2029-11-3,2029 3rd — Young Guns (slot TBD),selection,Pick/prospect/unresolved or no modeled MLB projection,,,preserved production/prospect arrival forecast unchanged; no supported full-role estimate,MLB arrival and specified role not verified
pick-2029-11-4,2029 4th — Young Guns (slot TBD),selection,Pick/prospect/unresolved or no modeled MLB projection,,,preserved production/prospect arrival forecast unchanged; no supported full-role estimate,MLB arrival and specified role not verified
pick-2029-11-5,2029 5th — Young Guns (slot TBD),selection,Pick/prospect/unresolved or no modeled MLB projection,,,preserved production/prospect arrival forecast unchanged; no supported full-role estimate,MLB arrival and specified role not verified
