family,cohort,model,state,bin,n,predicted,observed
H,H,repaired,absent,0,686,0.029150655545808327,0.04956268221574344
H,H,repaired,absent,1,186,0.14617690066780034,0.14516129032258066
H,H,repaired,absent,2,106,0.2512789210775563,0.2830188679245283
H,H,repaired,absent,3,82,0.3527891110986618,0.2926829268292683
H,H,repaired,absent,4,58,0.4492185302718244,0.4482758620689655
H,H,repaired,absent,5,45,0.5497397194172381,0.5111111111111111
H,H,repaired,absent,6,39,0.6513986798312666,0.4358974358974359
H,H,repaired,absent,7,66,0.7477305027509267,0.7575757575757576
H,H,repaired,absent,8,70,0.8512380848470824,0.8285714285714286
H,H,repaired,absent,9,149,0.9487466381276553,0.9395973154362416
H,H,repaired,retained_high_usage,0,656,0.037658070879593074,0.05030487804878049
H,H,repaired,retained_high_usage,1,278,0.14153234968365,0.1618705035971223
H,H,repaired,retained_high_usage,2,174,0.24940441166206995,0.25287356321839083
H,H,repaired,retained_high_usage,3,118,0.3469033815767399,0.3898305084745763
H,H,repaired,retained_high_usage,4,85,0.448962587786117,0.4
H,H,repaired,retained_high_usage,5,77,0.5424743326749955,0.42857142857142855
H,H,repaired,retained_high_usage,6,55,0.6472584401679236,0.45454545454545453
H,H,repaired,retained_high_usage,7,34,0.7414024750085259,0.5
H,H,repaired,retained_high_usage,8,10,0.8280755725884046,0.6
H,H,repaired,retained_reduced,0,251,0.03682612893949738,0.06374501992031872
H,H,repaired,retained_reduced,1,224,0.15435418749495916,0.2767857142857143
H,H,repaired,retained_reduced,2,357,0.2502010735920329,0.2913165266106443
H,H,repaired,retained_reduced,3,278,0.3478141565163622,0.3489208633093525
H,H,repaired,retained_reduced,4,202,0.4472784520438417,0.31683168316831684
H,H,repaired,retained_reduced,5,105,0.5409590388930673,0.41904761904761906
H,H,repaired,retained_reduced,6,56,0.6397406517012847,0.4107142857142857
H,H,repaired,retained_reduced,7,9,0.7261367645292938,0.4444444444444444
H,H,repaired,retained_reduced,8,5,0.819985841653665,0.4
H,H,repaired,changed,0,480,0.046824549373294735,0.08541666666666667
H,H,repaired,changed,1,276,0.14854581112569745,0.20652173913043478
H,H,repaired,changed,2,251,0.24811658107917922,0.30278884462151395
H,H,repaired,changed,3,203,0.3483836311575143,0.3793103448275862
H,H,repaired,changed,4,159,0.4463349492547345,0.37735849056603776
H,H,repaired,changed,5,72,0.5410490009667738,0.4583333333333333
H,H,repaired,changed,6,37,0.6426232406271507,0.35135135135135137
H,H,repaired,changed,7,8,0.7352478989798032,0.125
H,H,repaired,changed,8,1,0.8513903852892988,1.0
H,H,repaired,retention_unidentifiable,0,1487,0.0,0.0
H,H,calibrated,absent,0,674,0.03138759348298941,0.040059347181008904
H,H,calibrated,absent,1,205,0.1462280668585295,0.1902439024390244
H,H,calibrated,absent,2,107,0.248518996350925,0.2336448598130841
H,H,calibrated,absent,3,86,0.34326825353862783,0.26744186046511625
H,H,calibrated,absent,4,59,0.452121313893422,0.5423728813559322
H,H,calibrated,absent,5,53,0.54421289270318,0.5849056603773585
H,H,calibrated,absent,6,52,0.6510310429819862,0.5769230769230769
H,H,calibrated,absent,7,60,0.7527431670741119,0.7833333333333333
H,H,calibrated,absent,8,90,0.8571553623804459,0.8666666666666667
H,H,calibrated,absent,9,101,0.9400501494938083,0.9603960396039604
H,H,calibrated,retained_high_usage,0,528,0.048960267843088184,0.03598484848484849
H,H,calibrated,retained_high_usage,1,401,0.1450466835317334,0.1371571072319202
H,H,calibrated,retained_high_usage,2,232,0.24631528546718667,0.2672413793103448
H,H,calibrated,retained_high_usage,3,150,0.3478529073230705,0.38
H,H,calibrated,retained_high_usage,4,86,0.4423742830135644,0.47674418604651164
H,H,calibrated,retained_high_usage,5,70,0.5428816276391691,0.5
H,H,calibrated,retained_high_usage,6,14,0.6333457321005055,0.6428571428571429
H,H,calibrated,retained_high_usage,7,5,0.7376153693595116,0.8
H,H,calibrated,retained_high_usage,8,1,0.8034690803675293,1.0
H,H,calibrated,retained_reduced,0,198,0.05061170209818437,0.045454545454545456
H,H,calibrated,retained_reduced,1,148,0.1528991218954693,0.14189189189189189
H,H,calibrated,retained_reduced,2,462,0.25943054544905814,0.3181818181818182
H,H,calibrated,retained_reduced,3,475,0.34272122021243545,0.32842105263157895
H,H,calibrated,retained_reduced,4,174,0.43795427246131874,0.42528735632183906
H,H,calibrated,retained_reduced,5,27,0.5246784363758077,0.2962962962962963
H,H,calibrated,retained_reduced,6,3,0.6175183839997932,0.3333333333333333
H,H,calibrated,changed,0,297,0.04508259685122887,0.06060606060606061
H,H,calibrated,changed,1,245,0.1463631424392928,0.1306122448979592
H,H,calibrated,changed,2,284,0.25288073685065227,0.22887323943661972
H,H,calibrated,changed,3,369,0.35561011607994236,0.34959349593495936
H,H,calibrated,changed,4,261,0.4323933075980319,0.3946360153256705
H,H,calibrated,changed,5,21,0.5396732728224379,0.3333333333333333
H,H,calibrated,changed,6,9,0.6298309063246769,0.5555555555555556
H,H,calibrated,changed,7,1,0.7219723447237313,0.0
H,H,calibrated,retention_unidentifiable,0,1487,0.0,0.0
H,aging33plus,repaired,absent,0,49,0.04386124685252059,0.14285714285714285
H,aging33plus,repaired,absent,1,23,0.13865160944834717,0.17391304347826086
H,aging33plus,repaired,absent,2,16,0.2601616224316982,0.375
H,aging33plus,repaired,absent,3,16,0.3438413827924286,0.25
H,aging33plus,repaired,absent,4,11,0.4420711421641837,0.36363636363636365
H,aging33plus,repaired,absent,5,13,0.5499569488345533,0.46153846153846156
H,aging33plus,repaired,absent,6,9,0.6597139203868934,0.2222222222222222
H,aging33plus,repaired,absent,7,18,0.7443444591389811,0.7777777777777778
H,aging33plus,repaired,absent,8,29,0.8497334679597353,0.8275862068965517
H,aging33plus,repaired,absent,9,102,0.9588957854047644,0.9509803921568627
H,aging33plus,repaired,retained_high_usage,0,192,0.024687286274642273,0.015625
H,aging33plus,repaired,retained_high_usage,1,51,0.13919171598104121,0.058823529411764705
H,aging33plus,repaired,retained_high_usage,2,16,0.2460069214020652,0.125
H,aging33plus,repaired,retained_high_usage,3,9,0.35096613116153663,0.4444444444444444
H,aging33plus,repaired,retained_high_usage,4,5,0.4645047619421668,0.4
H,aging33plus,repaired,retained_high_usage,5,5,0.5596836092376903,0.2
H,aging33plus,repaired,retained_high_usage,6,7,0.6316351571876704,0.2857142857142857
H,aging33plus,repaired,retained_high_usage,7,1,0.7119567430091961,0.0
H,aging33plus,repaired,retained_reduced,0,135,0.025307004583494865,0.044444444444444446
H,aging33plus,repaired,retained_reduced,1,52,0.1443758404000931,0.21153846153846154
H,aging33plus,repaired,retained_reduced,2,34,0.25595970739621904,0.3235294117647059
H,aging33plus,repaired,retained_reduced,3,29,0.3476561152077557,0.5517241379310345
H,aging33plus,repaired,retained_reduced,4,21,0.45332645426526713,0.5238095238095238
H,aging33plus,repaired,retained_reduced,5,11,0.5491634063307754,0.45454545454545453
H,aging33plus,repaired,retained_reduced,6,3,0.6617461900608208,0.3333333333333333
H,aging33plus,repaired,retained_reduced,8,1,0.8088450810854337,1.0
H,aging33plus,repaired,changed,0,163,0.03631732011423358,0.05521472392638037
H,aging33plus,repaired,changed,1,50,0.14905714223598887,0.28
H,aging33plus,repaired,changed,2,28,0.23925553725596008,0.17857142857142858
H,aging33plus,repaired,changed,3,18,0.34268410130513227,0.2777777777777778
H,aging33plus,repaired,changed,4,17,0.45800504746299264,0.23529411764705882
H,aging33plus,repaired,changed,5,6,0.5404175370652534,0.3333333333333333
H,aging33plus,repaired,changed,6,3,0.6543098748680245,0.0
H,aging33plus,repaired,changed,7,1,0.7174343892025268,0.0
H,aging33plus,repaired,retention_unidentifiable,0,286,0.0,0.0
H,aging33plus,calibrated,absent,0,52,0.0482463342949911,0.1346153846153846
H,aging33plus,calibrated,absent,1,24,0.1400404692879439,0.25
H,aging33plus,calibrated,absent,2,15,0.2573265891109994,0.4666666666666667
H,aging33plus,calibrated,absent,3,20,0.3397506652114018,0.15
H,aging33plus,calibrated,absent,4,13,0.44520117163184775,0.46153846153846156
H,aging33plus,calibrated,absent,5,12,0.5409239728989832,0.4166666666666667
H,aging33plus,calibrated,absent,6,16,0.6469232308055468,0.6875
H,aging33plus,calibrated,absent,7,19,0.7591676726631826,0.7894736842105263
H,aging33plus,calibrated,absent,8,38,0.8579264903519084,0.8947368421052632
H,aging33plus,calibrated,absent,9,77,0.9471731719733139,0.961038961038961
H,aging33plus,calibrated,retained_high_usage,0,178,0.03543465407290181,0.016853932584269662
H,aging33plus,calibrated,retained_high_usage,1,68,0.1425501230843023,0.058823529411764705
H,aging33plus,calibrated,retained_high_usage,2,24,0.2482471657736697,0.20833333333333334
H,aging33plus,calibrated,retained_high_usage,3,7,0.36774195460446624,0.2857142857142857
H,aging33plus,calibrated,retained_high_usage,4,7,0.4322797529806725,0.42857142857142855
H,aging33plus,calibrated,retained_high_usage,5,2,0.5451773615360146,0.0
H,aging33plus,calibrated,retained_reduced,0,125,0.043297950359443095,0.048
H,aging33plus,calibrated,retained_reduced,1,38,0.15566560370972943,0.10526315789473684
H,aging33plus,calibrated,retained_reduced,2,54,0.24879363573271374,0.3148148148148148
H,aging33plus,calibrated,retained_reduced,3,49,0.3449971226743276,0.5306122448979592
H,aging33plus,calibrated,retained_reduced,4,18,0.43184557114633,0.4444444444444444
H,aging33plus,calibrated,retained_reduced,5,1,0.5095720796715306,0.0
H,aging33plus,calibrated,retained_reduced,6,1,0.6047785632141511,1.0
H,aging33plus,calibrated,changed,0,131,0.027891477155338344,0.022900763358778626
H,aging33plus,calibrated,changed,1,38,0.1474827462266378,0.2894736842105263
H,aging33plus,calibrated,changed,2,50,0.2560556291168939,0.26
H,aging33plus,calibrated,changed,3,43,0.3492789533397841,0.16279069767441862
H,aging33plus,calibrated,changed,4,21,0.42835661617953025,0.23809523809523808
H,aging33plus,calibrated,changed,5,3,0.5362247517958248,0.0
H,aging33plus,calibrated,retention_unidentifiable,0,286,0.0,0.0
H,all,repaired,absent,0,686,0.029150655545808327,0.04956268221574344
H,all,repaired,absent,1,186,0.14617690066780034,0.14516129032258066
H,all,repaired,absent,2,106,0.2512789210775563,0.2830188679245283
H,all,repaired,absent,3,82,0.3527891110986618,0.2926829268292683
H,all,repaired,absent,4,58,0.4492185302718244,0.4482758620689655
H,all,repaired,absent,5,45,0.5497397194172381,0.5111111111111111
H,all,repaired,absent,6,39,0.6513986798312666,0.4358974358974359
H,all,repaired,absent,7,66,0.7477305027509267,0.7575757575757576
H,all,repaired,absent,8,70,0.8512380848470824,0.8285714285714286
H,all,repaired,absent,9,149,0.9487466381276553,0.9395973154362416
H,all,repaired,retained_high_usage,0,656,0.037658070879593074,0.05030487804878049
H,all,repaired,retained_high_usage,1,278,0.14153234968365,0.1618705035971223
H,all,repaired,retained_high_usage,2,174,0.24940441166206995,0.25287356321839083
H,all,repaired,retained_high_usage,3,118,0.3469033815767399,0.3898305084745763
H,all,repaired,retained_high_usage,4,85,0.448962587786117,0.4
H,all,repaired,retained_high_usage,5,77,0.5424743326749955,0.42857142857142855
H,all,repaired,retained_high_usage,6,55,0.6472584401679236,0.45454545454545453
H,all,repaired,retained_high_usage,7,34,0.7414024750085259,0.5
H,all,repaired,retained_high_usage,8,10,0.8280755725884046,0.6
H,all,repaired,retained_reduced,0,251,0.03682612893949738,0.06374501992031872
H,all,repaired,retained_reduced,1,224,0.15435418749495916,0.2767857142857143
H,all,repaired,retained_reduced,2,357,0.2502010735920329,0.2913165266106443
H,all,repaired,retained_reduced,3,278,0.3478141565163622,0.3489208633093525
H,all,repaired,retained_reduced,4,202,0.4472784520438417,0.31683168316831684
H,all,repaired,retained_reduced,5,105,0.5409590388930673,0.41904761904761906
H,all,repaired,retained_reduced,6,56,0.6397406517012847,0.4107142857142857
H,all,repaired,retained_reduced,7,9,0.7261367645292938,0.4444444444444444
H,all,repaired,retained_reduced,8,5,0.819985841653665,0.4
H,all,repaired,changed,0,480,0.046824549373294735,0.08541666666666667
H,all,repaired,changed,1,276,0.14854581112569745,0.20652173913043478
H,all,repaired,changed,2,251,0.24811658107917922,0.30278884462151395
H,all,repaired,changed,3,203,0.3483836311575143,0.3793103448275862
H,all,repaired,changed,4,159,0.4463349492547345,0.37735849056603776
H,all,repaired,changed,5,72,0.5410490009667738,0.4583333333333333
H,all,repaired,changed,6,37,0.6426232406271507,0.35135135135135137
H,all,repaired,changed,7,8,0.7352478989798032,0.125
H,all,repaired,changed,8,1,0.8513903852892988,1.0
H,all,repaired,retention_unidentifiable,0,1487,0.0,0.0
H,all,calibrated,absent,0,674,0.03138759348298941,0.040059347181008904
H,all,calibrated,absent,1,205,0.1462280668585295,0.1902439024390244
H,all,calibrated,absent,2,107,0.248518996350925,0.2336448598130841
H,all,calibrated,absent,3,86,0.34326825353862783,0.26744186046511625
H,all,calibrated,absent,4,59,0.452121313893422,0.5423728813559322
H,all,calibrated,absent,5,53,0.54421289270318,0.5849056603773585
H,all,calibrated,absent,6,52,0.6510310429819862,0.5769230769230769
H,all,calibrated,absent,7,60,0.7527431670741119,0.7833333333333333
H,all,calibrated,absent,8,90,0.8571553623804459,0.8666666666666667
H,all,calibrated,absent,9,101,0.9400501494938083,0.9603960396039604
H,all,calibrated,retained_high_usage,0,528,0.048960267843088184,0.03598484848484849
H,all,calibrated,retained_high_usage,1,401,0.1450466835317334,0.1371571072319202
H,all,calibrated,retained_high_usage,2,232,0.24631528546718667,0.2672413793103448
H,all,calibrated,retained_high_usage,3,150,0.3478529073230705,0.38
H,all,calibrated,retained_high_usage,4,86,0.4423742830135644,0.47674418604651164
H,all,calibrated,retained_high_usage,5,70,0.5428816276391691,0.5
H,all,calibrated,retained_high_usage,6,14,0.6333457321005055,0.6428571428571429
H,all,calibrated,retained_high_usage,7,5,0.7376153693595116,0.8
H,all,calibrated,retained_high_usage,8,1,0.8034690803675293,1.0
H,all,calibrated,retained_reduced,0,198,0.05061170209818437,0.045454545454545456
H,all,calibrated,retained_reduced,1,148,0.1528991218954693,0.14189189189189189
H,all,calibrated,retained_reduced,2,462,0.25943054544905814,0.3181818181818182
H,all,calibrated,retained_reduced,3,475,0.34272122021243545,0.32842105263157895
H,all,calibrated,retained_reduced,4,174,0.43795427246131874,0.42528735632183906
H,all,calibrated,retained_reduced,5,27,0.5246784363758077,0.2962962962962963
H,all,calibrated,retained_reduced,6,3,0.6175183839997932,0.3333333333333333
H,all,calibrated,changed,0,297,0.04508259685122887,0.06060606060606061
H,all,calibrated,changed,1,245,0.1463631424392928,0.1306122448979592
H,all,calibrated,changed,2,284,0.25288073685065227,0.22887323943661972
H,all,calibrated,changed,3,369,0.35561011607994236,0.34959349593495936
H,all,calibrated,changed,4,261,0.4323933075980319,0.3946360153256705
H,all,calibrated,changed,5,21,0.5396732728224379,0.3333333333333333
H,all,calibrated,changed,6,9,0.6298309063246769,0.5555555555555556
H,all,calibrated,changed,7,1,0.7219723447237313,0.0
H,all,calibrated,retention_unidentifiable,0,1487,0.0,0.0
H,bench,repaired,absent,0,12,0.06781903480510774,0.08333333333333333
H,bench,repaired,absent,1,34,0.15282326262165769,0.08823529411764706
H,bench,repaired,absent,2,29,0.24926384513983815,0.1724137931034483
H,bench,repaired,absent,3,25,0.3464074936532249,0.32
H,bench,repaired,absent,4,18,0.44330052701663564,0.3333333333333333
H,bench,repaired,absent,5,11,0.5357826206101891,0.5454545454545454
H,bench,repaired,absent,6,8,0.6575280663808161,0.5
H,bench,repaired,absent,7,12,0.7418820886686496,0.5833333333333334
H,bench,repaired,absent,8,7,0.8491307071679557,0.7142857142857143
H,bench,repaired,absent,9,6,0.9217975026574373,0.8333333333333334
H,bench,repaired,retained_high_usage,0,111,0.04514025848137259,0.07207207207207207
H,bench,repaired,retained_high_usage,1,32,0.13411035308562816,0.21875
H,bench,repaired,retained_high_usage,2,12,0.2446734451905247,0.3333333333333333
H,bench,repaired,retained_high_usage,3,3,0.33800048003455757,0.3333333333333333
H,bench,repaired,retained_high_usage,4,3,0.46960460092978557,0.3333333333333333
H,bench,repaired,retained_high_usage,6,1,0.6842325773194579,1.0
H,bench,repaired,retained_reduced,0,11,0.0482365926326507,0.18181818181818182
H,bench,repaired,retained_reduced,1,28,0.15814478826047865,0.2857142857142857
H,bench,repaired,retained_reduced,2,27,0.2531649499679063,0.2962962962962963
H,bench,repaired,retained_reduced,3,46,0.3436865263908066,0.41304347826086957
H,bench,repaired,retained_reduced,4,34,0.4544493867823179,0.3235294117647059
H,bench,repaired,retained_reduced,5,15,0.5379930484756681,0.3333333333333333
H,bench,repaired,retained_reduced,6,1,0.6040686445214588,0.0
H,bench,repaired,changed,0,35,0.061595572738908776,0.08571428571428572
H,bench,repaired,changed,1,53,0.1488383617884759,0.18867924528301888
H,bench,repaired,changed,2,36,0.2498547483103313,0.25
H,bench,repaired,changed,3,23,0.331777324997389,0.2608695652173913
H,bench,repaired,changed,4,13,0.432344574802045,0.6153846153846154
H,bench,repaired,changed,5,1,0.5175566660343031,1.0
H,bench,repaired,changed,7,1,0.7086870271008033,0.0
H,bench,repaired,retention_unidentifiable,0,162,0.0,0.0
H,bench,calibrated,absent,0,10,0.06636681729440037,0.0
H,bench,calibrated,absent,1,34,0.15090026702762743,0.11764705882352941
H,bench,calibrated,absent,2,24,0.25163141681944495,0.125
H,bench,calibrated,absent,3,27,0.34480208304700327,0.18518518518518517
H,bench,calibrated,absent,4,23,0.4500621855468042,0.4782608695652174
H,bench,calibrated,absent,5,10,0.5449425220407929,0.6
H,bench,calibrated,absent,6,13,0.6561662893353307,0.5384615384615384
H,bench,calibrated,absent,7,8,0.738330229508972,0.5
H,bench,calibrated,absent,8,12,0.8517739071433791,0.75
H,bench,calibrated,absent,9,1,0.9292205689106262,1.0
H,bench,calibrated,retained_high_usage,0,94,0.05904503003034556,0.06382978723404255
H,bench,calibrated,retained_high_usage,1,58,0.14051422249759857,0.1896551724137931
H,bench,calibrated,retained_high_usage,2,8,0.23044058107250165,0.5
H,bench,calibrated,retained_high_usage,3,1,0.3196063218686522,0.0
H,bench,calibrated,retained_high_usage,4,1,0.46078665615258624,1.0
H,bench,calibrated,retained_reduced,0,9,0.07387883898060045,0.1111111111111111
H,bench,calibrated,retained_reduced,1,20,0.15151382228264385,0.25
H,bench,calibrated,retained_reduced,2,70,0.25668040361878774,0.38571428571428573
H,bench,calibrated,retained_reduced,3,58,0.3364021706342677,0.3275862068965517
H,bench,calibrated,retained_reduced,4,5,0.4213768568313796,0.2
H,bench,calibrated,changed,0,24,0.05486973625958711,0.16666666666666666
H,bench,calibrated,changed,1,36,0.1555131447835511,0.05555555555555555
H,bench,calibrated,changed,2,40,0.25198774952659564,0.2
H,bench,calibrated,changed,3,47,0.34867299063826335,0.3191489361702128
H,bench,calibrated,changed,4,14,0.4257344585457976,0.5714285714285714
H,bench,calibrated,changed,5,1,0.520976333940623,0.0
H,bench,calibrated,retention_unidentifiable,0,162,0.0,0.0
H,established,repaired,absent,0,334,0.017612845958600087,0.02694610778443114
H,established,repaired,absent,1,15,0.13824681449589066,0.2
H,established,repaired,absent,2,4,0.26768546977226204,0.25
H,established,repaired,absent,3,3,0.32490430720778674,0.3333333333333333
H,established,repaired,absent,6,1,0.6934373790101962,0.0
H,established,repaired,retained_high_usage,0,24,0.07049208154738167,0.20833333333333334
H,established,repaired,retained_high_usage,1,64,0.14593098245307806,0.1875
H,established,repaired,retained_high_usage,2,60,0.25093332450503075,0.3333333333333333
H,established,repaired,retained_high_usage,3,56,0.3471096216231067,0.4107142857142857
H,established,repaired,retained_high_usage,4,42,0.4503843798144454,0.38095238095238093
H,established,repaired,retained_high_usage,5,45,0.5447585038285474,0.5111111111111111
H,established,repaired,retained_high_usage,6,34,0.6457134317459146,0.5294117647058824
H,established,repaired,retained_high_usage,7,23,0.7435063018044022,0.6086956521739131
H,established,repaired,retained_high_usage,8,9,0.8309836222847197,0.6666666666666666
H,established,repaired,retained_reduced,0,6,0.08098877855484651,0.3333333333333333
H,established,repaired,retained_reduced,1,48,0.16316212506577984,0.375
H,established,repaired,retained_reduced,2,88,0.2531539119776795,0.32954545454545453
H,established,repaired,retained_reduced,3,77,0.35249294843032664,0.38961038961038963
H,established,repaired,retained_reduced,4,60,0.44897208445574205,0.35
H,established,repaired,retained_reduced,5,46,0.545456286176584,0.5652173913043478
H,established,repaired,retained_reduced,6,23,0.6359610550225285,0.391304347826087
H,established,repaired,retained_reduced,7,6,0.7242479439054698,0.5
H,established,repaired,retained_reduced,8,3,0.8166451243188332,0.6666666666666666
H,established,repaired,changed,0,135,0.05017465595589559,0.1037037037037037
H,established,repaired,changed,1,58,0.14990978676280695,0.13793103448275862
H,established,repaired,changed,2,53,0.2483841951687879,0.16981132075471697
H,established,repaired,changed,3,40,0.3477777613054244,0.275
H,established,repaired,changed,4,38,0.4494352704969849,0.34210526315789475
H,established,repaired,changed,5,17,0.5440508167346882,0.4117647058823529
H,established,repaired,changed,6,12,0.6445409793001294,0.16666666666666666
H,established,repaired,changed,7,3,0.7229967725569143,0.3333333333333333
H,established,repaired,changed,8,1,0.8513903852892988,1.0
H,established,repaired,retention_unidentifiable,0,357,0.0,0.0
H,established,calibrated,absent,0,338,0.021965278172566875,0.023668639053254437
H,established,calibrated,absent,1,12,0.1371087913659692,0.3333333333333333
H,established,calibrated,absent,2,4,0.26024530126254125,0.5
H,established,calibrated,absent,3,2,0.3124854527790921,0.0
H,established,calibrated,absent,4,1,0.4778186338638403,0.0
H,established,calibrated,retained_high_usage,0,2,0.09262863197500626,0.0
H,established,calibrated,retained_high_usage,1,58,0.16435032676430242,0.20689655172413793
H,established,calibrated,retained_high_usage,2,91,0.25273250776607514,0.26373626373626374
H,established,calibrated,retained_high_usage,3,74,0.3442253805559546,0.3918918918918919
H,established,calibrated,retained_high_usage,4,60,0.4423662825078036,0.5166666666666667
H,established,calibrated,retained_high_usage,5,55,0.5415157234916547,0.509090909090909
H,established,calibrated,retained_high_usage,6,13,0.6306569577913455,0.6923076923076923
H,established,calibrated,retained_high_usage,7,4,0.7361964477760331,1.0
H,established,calibrated,retained_reduced,1,11,0.175109376074592,0.18181818181818182
H,established,calibrated,retained_reduced,2,86,0.2600280159671449,0.36046511627906974
H,established,calibrated,retained_reduced,3,160,0.34632290052359566,0.3625
H,established,calibrated,retained_reduced,4,90,0.43673885742484414,0.5111111111111111
H,established,calibrated,retained_reduced,5,9,0.5292156131193323,0.2222222222222222
H,established,calibrated,retained_reduced,6,1,0.6047785632141511,1.0
H,established,calibrated,changed,0,37,0.08137197893623987,0.08108108108108109
H,established,calibrated,changed,1,87,0.1465400685411953,0.10344827586206896
H,established,calibrated,changed,2,80,0.25201004587929743,0.1375
H,established,calibrated,changed,3,84,0.3565364531666817,0.23809523809523808
H,established,calibrated,changed,4,66,0.428434911828581,0.3333333333333333
H,established,calibrated,changed,5,3,0.5360890745746781,0.3333333333333333
H,established,calibrated,retention_unidentifiable,0,357,0.0,0.0
H,everyday,repaired,absent,0,421,0.018088056478773838,0.023752969121140142
H,everyday,repaired,absent,1,24,0.1407584503468476,0.125
H,everyday,repaired,absent,2,7,0.24740124331824725,0.2857142857142857
H,everyday,repaired,absent,3,6,0.3419276129051463,0.3333333333333333
H,everyday,repaired,absent,4,2,0.4199528204879183,0.5
H,everyday,repaired,absent,5,2,0.5490159946034731,0.0
H,everyday,repaired,absent,6,2,0.6692811922256376,0.0
H,everyday,repaired,absent,7,1,0.7900905978741554,1.0
H,everyday,repaired,absent,8,4,0.862597291336182,1.0
H,everyday,repaired,absent,9,10,0.9480263227476261,1.0
H,everyday,repaired,retained_high_usage,0,57,0.05239946675335462,0.14035087719298245
H,everyday,repaired,retained_high_usage,1,85,0.14104724936283256,0.18823529411764706
H,everyday,repaired,retained_high_usage,2,71,0.2523454674877777,0.29577464788732394
H,everyday,repaired,retained_high_usage,3,70,0.34969844387702415,0.5142857142857142
H,everyday,repaired,retained_high_usage,4,52,0.4489836729326922,0.4423076923076923
H,everyday,repaired,retained_high_usage,5,61,0.5413625030463558,0.4426229508196721
H,everyday,repaired,retained_high_usage,6,41,0.6455051921508548,0.4878048780487805
H,everyday,repaired,retained_high_usage,7,32,0.741977398348205,0.53125
H,everyday,repaired,retained_high_usage,8,10,0.8280755725884046,0.6
H,everyday,repaired,retained_reduced,0,24,0.04402194183666009,0.08333333333333333
H,everyday,repaired,retained_reduced,1,56,0.1622336198817576,0.375
H,everyday,repaired,retained_reduced,2,109,0.25173440798342644,0.4036697247706422
H,everyday,repaired,retained_reduced,3,103,0.351933481744144,0.3786407766990291
H,everyday,repaired,retained_reduced,4,84,0.44627143910380546,0.34523809523809523
H,everyday,repaired,retained_reduced,5,63,0.5446863476466247,0.47619047619047616
H,everyday,repaired,retained_reduced,6,30,0.6344751728824037,0.43333333333333335
H,everyday,repaired,retained_reduced,7,7,0.7242463456111681,0.5714285714285714
H,everyday,repaired,retained_reduced,8,3,0.8166451243188332,0.6666666666666666
H,everyday,repaired,changed,0,186,0.04856323670753554,0.0913978494623656
H,everyday,repaired,changed,1,84,0.14546660653861357,0.17857142857142858
H,everyday,repaired,changed,2,68,0.24708598924987435,0.16176470588235295
H,everyday,repaired,changed,3,54,0.34715186995906744,0.3148148148148148
H,everyday,repaired,changed,4,44,0.45284485201468133,0.3181818181818182
H,everyday,repaired,changed,5,21,0.5414104773736144,0.38095238095238093
H,everyday,repaired,changed,6,17,0.6450556024105022,0.23529411764705882
H,everyday,repaired,changed,7,4,0.7242488497326218,0.25
H,everyday,repaired,changed,8,1,0.8513903852892988,1.0
H,everyday,repaired,retention_unidentifiable,0,479,0.0,0.0
H,everyday,calibrated,absent,0,424,0.021855407507983697,0.02122641509433962
H,everyday,calibrated,absent,1,22,0.13977094255409422,0.18181818181818182
H,everyday,calibrated,absent,2,10,0.2546193354212377,0.4
H,everyday,calibrated,absent,3,1,0.3180290847007468,0.0
H,everyday,calibrated,absent,4,4,0.4502055581500048,0.25
H,everyday,calibrated,absent,5,2,0.5824165243391632,0.0
H,everyday,calibrated,absent,6,2,0.6403288172003002,0.5
H,everyday,calibrated,absent,7,2,0.7580577696189621,1.0
H,everyday,calibrated,absent,8,5,0.8728056612918781,1.0
H,everyday,calibrated,absent,9,7,0.9508673890140231,1.0
H,everyday,calibrated,retained_high_usage,0,28,0.049868468518781184,0.0
H,everyday,calibrated,retained_high_usage,1,85,0.15572993788347814,0.21176470588235294
H,everyday,calibrated,retained_high_usage,2,99,0.25278263252142824,0.29292929292929293
H,everyday,calibrated,retained_high_usage,3,103,0.34998080085266026,0.4174757281553398
H,everyday,calibrated,retained_high_usage,4,76,0.44273747828122145,0.4868421052631579
H,everyday,calibrated,retained_high_usage,5,68,0.5428271671439192,0.4852941176470588
H,everyday,calibrated,retained_high_usage,6,14,0.6333457321005055,0.6428571428571429
H,everyday,calibrated,retained_high_usage,7,5,0.7376153693595116,0.8
H,everyday,calibrated,retained_high_usage,8,1,0.8034690803675293,1.0
H,everyday,calibrated,retained_reduced,0,14,0.041431429367774886,0.0
H,everyday,calibrated,retained_reduced,1,16,0.16573046518239143,0.1875
H,everyday,calibrated,retained_reduced,2,110,0.256774446274121,0.37272727272727274
H,everyday,calibrated,retained_reduced,3,210,0.3481552645076457,0.38095238095238093
H,everyday,calibrated,retained_reduced,4,117,0.4365487185189166,0.47863247863247865
H,everyday,calibrated,retained_reduced,5,11,0.5309333259895878,0.2727272727272727
H,everyday,calibrated,retained_reduced,6,1,0.6047785632141511,1.0
H,everyday,calibrated,changed,0,60,0.06858257413957829,0.08333333333333333
H,everyday,calibrated,changed,1,117,0.14591046064541724,0.09401709401709402
H,everyday,calibrated,changed,2,106,0.249464053647312,0.16981132075471697
H,everyday,calibrated,changed,3,111,0.3556176398792669,0.24324324324324326
H,everyday,calibrated,changed,4,76,0.43104713986813203,0.3026315789473684
H,everyday,calibrated,changed,5,4,0.5448758863644458,0.5
H,everyday,calibrated,changed,6,4,0.6277492088345512,0.5
H,everyday,calibrated,changed,7,1,0.7219723447237313,0.0
H,everyday,calibrated,retention_unidentifiable,0,479,0.0,0.0
H,interrupted,repaired,absent,0,71,0.03385945283942433,0.07042253521126761
H,interrupted,repaired,absent,1,31,0.14385080952946497,0.12903225806451613
H,interrupted,repaired,absent,2,24,0.24983926578368956,0.2916666666666667
H,interrupted,repaired,absent,3,20,0.3518631479368156,0.3
H,interrupted,repaired,absent,4,9,0.4553142062071383,0.6666666666666666
H,interrupted,repaired,absent,5,9,0.5549063877733168,0.4444444444444444
H,interrupted,repaired,absent,6,7,0.6631731056015606,0.42857142857142855
H,interrupted,repaired,absent,7,15,0.7420065153744431,0.8
H,interrupted,repaired,absent,8,17,0.8515553472799617,0.8235294117647058
H,interrupted,repaired,absent,9,19,0.940835890053529,0.9473684210526315
H,interrupted,repaired,retained_high_usage,0,89,0.040970063398923076,0.033707865168539325
H,interrupted,repaired,retained_high_usage,1,60,0.14257478459046427,0.13333333333333333
H,interrupted,repaired,retained_high_usage,2,30,0.24290275939062733,0.1
H,interrupted,repaired,retained_high_usage,3,13,0.35100360799581765,0.46153846153846156
H,interrupted,repaired,retained_high_usage,4,9,0.4477547897602963,0.2222222222222222
H,interrupted,repaired,retained_high_usage,5,9,0.5428828206191035,0.3333333333333333
H,interrupted,repaired,retained_high_usage,6,4,0.6292230227468074,0.5
H,interrupted,repaired,retained_high_usage,7,7,0.7368033849237475,0.14285714285714285
H,interrupted,repaired,retained_high_usage,8,1,0.8019031253215694,0.0
H,interrupted,repaired,retained_reduced,0,48,0.04193469331905477,0.08333333333333333
H,interrupted,repaired,retained_reduced,1,44,0.1482665354503709,0.20454545454545456
H,interrupted,repaired,retained_reduced,2,56,0.24608603516063748,0.2857142857142857
H,interrupted,repaired,retained_reduced,3,32,0.34891193547137556,0.28125
H,interrupted,repaired,retained_reduced,4,24,0.4400396065794577,0.4166666666666667
H,interrupted,repaired,retained_reduced,5,8,0.5534891187087786,0.5
H,interrupted,repaired,retained_reduced,6,8,0.6498391647372639,0.375
H,interrupted,repaired,retained_reduced,7,2,0.7416961817224264,0.5
H,interrupted,repaired,changed,0,66,0.05042124135960224,0.09090909090909091
H,interrupted,repaired,changed,1,54,0.1497732781027237,0.2222222222222222
H,interrupted,repaired,changed,2,36,0.2536384605655316,0.2777777777777778
H,interrupted,repaired,changed,3,33,0.3423818948047204,0.5454545454545454
H,interrupted,repaired,changed,4,21,0.45124161051643724,0.23809523809523808
H,interrupted,repaired,changed,5,8,0.5503236507650713,0.5
H,interrupted,repaired,changed,6,4,0.6415249904840278,1.0
H,interrupted,repaired,retention_unidentifiable,0,222,0.0,0.0
H,interrupted,calibrated,absent,0,72,0.036182995096829124,0.08333333333333333
H,interrupted,calibrated,absent,1,35,0.14099475744605364,0.14285714285714285
H,interrupted,calibrated,absent,2,25,0.25176572831337163,0.28
H,interrupted,calibrated,absent,3,19,0.34620370190229777,0.3157894736842105
H,interrupted,calibrated,absent,4,9,0.46221819862911495,0.7777777777777778
H,interrupted,calibrated,absent,5,9,0.5460186946306382,0.4444444444444444
H,interrupted,calibrated,absent,6,13,0.6506667753939758,0.6923076923076923
H,interrupted,calibrated,absent,7,12,0.7559267888208195,0.8333333333333334
H,interrupted,calibrated,absent,8,18,0.8591535202761654,0.8888888888888888
H,interrupted,calibrated,absent,9,10,0.9417890459507602,0.9
H,interrupted,calibrated,retained_high_usage,0,80,0.05045047588090904,0.025
H,interrupted,calibrated,retained_high_usage,1,76,0.14293938517700025,0.11842105263157894
H,interrupted,calibrated,retained_high_usage,2,33,0.24254671949079354,0.18181818181818182
H,interrupted,calibrated,retained_high_usage,3,18,0.3565909155226876,0.3333333333333333
H,interrupted,calibrated,retained_high_usage,4,7,0.44238347368695985,0.2857142857142857
H,interrupted,calibrated,retained_high_usage,5,8,0.5481435184442338,0.375
H,interrupted,calibrated,retained_reduced,0,35,0.05870036460824054,0.08571428571428572
H,interrupted,calibrated,retained_reduced,1,36,0.15689465189481341,0.19444444444444445
H,interrupted,calibrated,retained_reduced,2,75,0.2542059593751191,0.21333333333333335
H,interrupted,calibrated,retained_reduced,3,54,0.34258257575035467,0.35185185185185186
H,interrupted,calibrated,retained_reduced,4,18,0.4437288921828759,0.5555555555555556
H,interrupted,calibrated,retained_reduced,5,4,0.5292736897422159,0.25
H,interrupted,calibrated,changed,0,39,0.04588381194103252,0.07692307692307693
H,interrupted,calibrated,changed,1,41,0.1449340361010164,0.12195121951219512
H,interrupted,calibrated,changed,2,44,0.25406565764285116,0.18181818181818182
H,interrupted,calibrated,changed,3,59,0.35625453787160793,0.3559322033898305
H,interrupted,calibrated,changed,4,32,0.4325049802337734,0.5625
H,interrupted,calibrated,changed,5,3,0.5453504569203473,0.3333333333333333
H,interrupted,calibrated,changed,6,4,0.6299385531373086,0.75
H,interrupted,calibrated,retention_unidentifiable,0,222,0.0,0.0
H,platoon,repaired,absent,0,138,0.04574983493047123,0.043478260869565216
H,platoon,repaired,absent,1,54,0.1375399882338673,0.1111111111111111
H,platoon,repaired,absent,2,28,0.2508908268004807,0.17857142857142858
H,platoon,repaired,absent,3,11,0.35739496071153826,0.2727272727272727
H,platoon,repaired,absent,4,10,0.4617399546062308,0.4
H,platoon,repaired,absent,5,4,0.5698246763066834,0.5
H,platoon,repaired,absent,6,3,0.6454472266993775,0.0
H,platoon,repaired,absent,7,3,0.7425118395128973,1.0
H,platoon,repaired,absent,8,6,0.8466530174425899,0.8333333333333334
H,platoon,repaired,absent,9,3,0.9287023064880975,0.6666666666666666
H,platoon,repaired,retained_high_usage,0,89,0.046571910029714544,0.0898876404494382
H,platoon,repaired,retained_high_usage,1,53,0.14954708437824604,0.24528301886792453
H,platoon,repaired,retained_high_usage,2,50,0.24461908782593994,0.24
H,platoon,repaired,retained_high_usage,3,34,0.3410247544091493,0.23529411764705882
H,platoon,repaired,retained_high_usage,4,20,0.4490141319400614,0.4
H,platoon,repaired,retained_high_usage,5,9,0.5452415038693833,0.5555555555555556
H,platoon,repaired,retained_high_usage,6,5,0.6555868648013472,0.2
H,platoon,repaired,retained_reduced,0,12,0.059708276604797716,0.08333333333333333
H,platoon,repaired,retained_reduced,1,33,0.15970402477382495,0.2727272727272727
H,platoon,repaired,retained_reduced,2,118,0.24716106917709518,0.211864406779661
H,platoon,repaired,retained_reduced,3,56,0.34429962915478945,0.32142857142857145
H,platoon,repaired,retained_reduced,4,37,0.44172027035857875,0.2702702702702703
H,platoon,repaired,retained_reduced,5,4,0.5164285374552902,0.5
H,platoon,repaired,changed,0,11,0.059410255785783364,0.2727272727272727
H,platoon,repaired,changed,1,31,0.15976966075421845,0.1935483870967742
H,platoon,repaired,changed,2,59,0.2559249914832995,0.3728813559322034
H,platoon,repaired,changed,3,65,0.3517793423951508,0.49230769230769234
H,platoon,repaired,changed,4,52,0.44441750217209736,0.38461538461538464
H,platoon,repaired,changed,5,32,0.5396853391368035,0.5625
H,platoon,repaired,changed,6,10,0.6521266518149493,0.3
H,platoon,repaired,retention_unidentifiable,0,260,0.0,0.0
H,platoon,calibrated,absent,0,126,0.04919455602548744,0.03968253968253968
H,platoon,calibrated,absent,1,61,0.1400318955341198,0.11475409836065574
H,platoon,calibrated,absent,2,26,0.24486671578321254,0.07692307692307693
H,platoon,calibrated,absent,3,18,0.32666322085420435,0.2222222222222222
H,platoon,calibrated,absent,4,8,0.47097175389799806,0.625
H,platoon,calibrated,absent,5,5,0.5390314318038059,0.6
H,platoon,calibrated,absent,6,5,0.6508958542518793,0.2
H,platoon,calibrated,absent,7,4,0.7667015709323133,1.0
H,platoon,calibrated,absent,8,6,0.850347029971156,0.6666666666666666
H,platoon,calibrated,absent,9,1,0.9593699521747245,1.0
H,platoon,calibrated,retained_high_usage,0,62,0.06262635680172672,0.06451612903225806
H,platoon,calibrated,retained_high_usage,1,91,0.14947642436845623,0.17582417582417584
H,platoon,calibrated,retained_high_usage,2,75,0.24410453373938684,0.28
H,platoon,calibrated,retained_high_usage,3,28,0.34089283238574125,0.42857142857142855
H,platoon,calibrated,retained_high_usage,4,4,0.4332079416437892,0.5
H,platoon,calibrated,retained_reduced,0,7,0.07932890386415647,0.0
H,platoon,calibrated,retained_reduced,1,13,0.1555103836186946,0.07692307692307693
H,platoon,calibrated,retained_reduced,2,127,0.26591836988720086,0.2677165354330709
H,platoon,calibrated,retained_reduced,3,105,0.3346067227930025,0.2571428571428571
H,platoon,calibrated,retained_reduced,4,8,0.4158120734978432,0.375
H,platoon,calibrated,changed,0,11,0.052033148786239394,0.18181818181818182
H,platoon,calibrated,changed,1,9,0.14493807253766047,0.2222222222222222
H,platoon,calibrated,changed,2,36,0.2644058138997989,0.25
H,platoon,calibrated,changed,3,104,0.36261562756457405,0.4519230769230769
H,platoon,calibrated,changed,4,98,0.4293598162659202,0.4387755102040816
H,platoon,calibrated,changed,5,2,0.5515311927687045,0.5
H,platoon,calibrated,retention_unidentifiable,0,260,0.0,0.0
H,uncertain,repaired,absent,0,115,0.04569541120690783,0.14782608695652175
H,uncertain,repaired,absent,1,74,0.15118311381245036,0.20270270270270271
H,uncertain,repaired,absent,2,42,0.25357529217915414,0.42857142857142855
H,uncertain,repaired,absent,3,40,0.3571402380875461,0.275
H,uncertain,repaired,absent,4,28,0.45064143151529384,0.5357142857142857
H,uncertain,repaired,absent,5,28,0.5524052804510698,0.5357142857142857
H,uncertain,repaired,absent,6,26,0.6488238429932098,0.5
H,uncertain,repaired,absent,7,50,0.7486000400224906,0.78
H,uncertain,repaired,absent,8,53,0.8511781833796191,0.8301886792452831
H,uncertain,repaired,absent,9,130,0.9505084147548883,0.9461538461538461
H,uncertain,repaired,retained_high_usage,0,399,0.031482346385952105,0.022556390977443608
H,uncertain,repaired,retained_high_usage,1,108,0.1401800948650629,0.08333333333333333
H,uncertain,repaired,retained_high_usage,2,41,0.2515317976581623,0.17073170731707318
H,uncertain,repaired,retained_high_usage,3,11,0.34971498769535364,0.09090909090909091
H,uncertain,repaired,retained_high_usage,4,10,0.4425572527729364,0.2
H,uncertain,repaired,retained_high_usage,5,7,0.5486053421889291,0.14285714285714285
H,uncertain,repaired,retained_high_usage,6,8,0.6464168037155701,0.375
H,uncertain,repaired,retained_high_usage,7,2,0.7322037015736611,0.0
H,uncertain,repaired,retained_reduced,0,204,0.03401828392900624,0.05392156862745098
H,uncertain,repaired,retained_reduced,1,107,0.1475884896884374,0.22429906542056074
H,uncertain,repaired,retained_reduced,2,103,0.2512842037876851,0.2621359223300971
H,uncertain,repaired,retained_reduced,3,73,0.3472990060994048,0.2876712328767123
H,uncertain,repaired,retained_reduced,4,47,0.44826632498447133,0.2978723404255319
H,uncertain,repaired,retained_reduced,5,23,0.5369499697860229,0.30434782608695654
H,uncertain,repaired,retained_reduced,6,25,0.647486106571135,0.4
H,uncertain,repaired,retained_reduced,7,2,0.7327532307427338,0.0
H,uncertain,repaired,retained_reduced,8,2,0.8249969176559127,0.0
H,uncertain,repaired,changed,0,248,0.042877676661590494,0.07258064516129033
H,uncertain,repaired,changed,1,108,0.14757552095628668,0.24074074074074073
H,uncertain,repaired,changed,2,88,0.24296669483177186,0.38636363636363635
H,uncertain,repaired,changed,3,61,0.3521170560091968,0.36065573770491804
H,uncertain,repaired,changed,4,50,0.4462378771496235,0.36
H,uncertain,repaired,changed,5,18,0.5443566959083217,0.3333333333333333
H,uncertain,repaired,changed,6,10,0.6289848144076549,0.6
H,uncertain,repaired,changed,7,3,0.7587669219357118,0.0
H,uncertain,repaired,retention_unidentifiable,0,586,0.0,0.0
H,uncertain,calibrated,absent,0,114,0.04409090343854696,0.11403508771929824
H,uncertain,calibrated,absent,1,88,0.1503322529919072,0.2727272727272727
H,uncertain,calibrated,absent,2,47,0.24765214130439134,0.3404255319148936
H,uncertain,calibrated,absent,3,40,0.3503361625494119,0.35
H,uncertain,calibrated,absent,4,24,0.44813045784797495,0.625
H,uncertain,calibrated,absent,5,36,0.5426074412545349,0.6111111111111112
H,uncertain,calibrated,absent,6,32,0.6496348615013745,0.65625
H,uncertain,calibrated,absent,7,46,0.7538049209871257,0.8043478260869565
H,uncertain,calibrated,absent,8,67,0.8575609737646752,0.8955223880597015
H,uncertain,calibrated,absent,9,92,0.939134813637947,0.9565217391304348
H,uncertain,calibrated,retained_high_usage,0,344,0.043667550459491715,0.02616279069767442
H,uncertain,calibrated,retained_high_usage,1,167,0.13876943624993543,0.059880239520958084
H,uncertain,calibrated,retained_high_usage,2,50,0.23936601859463777,0.16
H,uncertain,calibrated,retained_high_usage,3,18,0.3480726656648429,0.1111111111111111
H,uncertain,calibrated,retained_high_usage,4,5,0.44050431341319296,0.2
H,uncertain,calibrated,retained_high_usage,5,2,0.544733284477664,1.0
H,uncertain,calibrated,retained_reduced,0,168,0.04893372099057833,0.047619047619047616
H,uncertain,calibrated,retained_reduced,1,99,0.15076233499914432,0.12121212121212122
H,uncertain,calibrated,retained_reduced,2,155,0.25724168824723814,0.2903225806451613
H,uncertain,calibrated,retained_reduced,3,102,0.3434798261200825,0.29411764705882354
H,uncertain,calibrated,retained_reduced,4,44,0.4476014197594676,0.3181818181818182
H,uncertain,calibrated,retained_reduced,5,16,0.5203781997663339,0.3125
H,uncertain,calibrated,retained_reduced,6,2,0.6238882943926143,0.0
H,uncertain,calibrated,changed,0,202,0.03656108173050274,0.034653465346534656
H,uncertain,calibrated,changed,1,83,0.1431871100851342,0.20481927710843373
H,uncertain,calibrated,changed,2,102,0.2527139244854273,0.29411764705882354
H,uncertain,calibrated,changed,3,107,0.351840364300804,0.37383177570093457
H,uncertain,calibrated,changed,4,73,0.4391441950603691,0.3972602739726027
H,uncertain,calibrated,changed,5,14,0.5378283188810986,0.2857142857142857
H,uncertain,calibrated,changed,6,5,0.6314962643167773,0.6
H,uncertain,calibrated,retention_unidentifiable,0,586,0.0,0.0
H,uncertain_role,repaired,absent,0,182,0.04761814817550199,0.0989010989010989
H,uncertain_role,repaired,absent,1,120,0.14866635949180737,0.175
H,uncertain_role,repaired,absent,2,71,0.24885463570774666,0.352112676056338
H,uncertain_role,repaired,absent,3,61,0.35329212153627865,0.2786885245901639
H,uncertain_role,repaired,absent,4,50,0.44924704252097564,0.46
H,uncertain_role,repaired,absent,5,42,0.5487652635233662,0.5
H,uncertain_role,repaired,absent,6,36,0.6497230280691366,0.4722222222222222
H,uncertain_role,repaired,absent,7,61,0.747763267467964,0.7377049180327869
H,uncertain_role,repaired,absent,8,62,0.8510024276007859,0.8064516129032258
H,uncertain_role,repaired,absent,9,138,0.9491238919344779,0.9347826086956522
H,uncertain_role,repaired,retained_high_usage,0,530,0.03429824594544522,0.033962264150943396
H,uncertain_role,repaired,retained_high_usage,1,169,0.14001198853202287,0.10650887573964497
H,uncertain_role,repaired,retained_high_usage,2,67,0.2498981124380939,0.22388059701492538
H,uncertain_role,repaired,retained_high_usage,3,19,0.3500728484357944,0.10526315789473684
H,uncertain_role,repaired,retained_high_usage,4,19,0.4522842938846735,0.42105263157894735
H,uncertain_role,repaired,retained_high_usage,5,8,0.5505170028019268,0.125
H,uncertain_role,repaired,retained_high_usage,6,9,0.6433574031439736,0.3333333333333333
H,uncertain_role,repaired,retained_high_usage,7,2,0.7322037015736611,0.0
H,uncertain_role,repaired,retained_reduced,0,220,0.03491768554691092,0.05454545454545454
H,uncertain_role,repaired,retained_reduced,1,143,0.14985102627004487,0.23776223776223776
H,uncertain_role,repaired,retained_reduced,2,170,0.2515694086937412,0.27647058823529413
H,uncertain_role,repaired,retained_reduced,3,135,0.34580113515794214,0.3111111111111111
H,uncertain_role,repaired,retained_reduced,4,92,0.44918289250614934,0.31521739130434784
H,uncertain_role,repaired,retained_reduced,5,33,0.5364180278540103,0.30303030303030304
H,uncertain_role,repaired,retained_reduced,6,26,0.6458162041846089,0.38461538461538464
H,uncertain_role,repaired,retained_reduced,7,2,0.7327532307427338,0.0
H,uncertain_role,repaired,retained_reduced,8,2,0.8249969176559127,0.0
H,uncertain_role,repaired,changed,0,286,0.04509536216727913,0.08391608391608392
H,uncertain_role,repaired,changed,1,160,0.14710518279638782,0.23125
H,uncertain_role,repaired,changed,2,134,0.24644945745241853,0.3582089552238806
H,uncertain_role,repaired,changed,3,108,0.3496240778722515,0.39814814814814814
H,uncertain_role,repaired,changed,4,72,0.444205814337999,0.4166666666666667
H,uncertain_role,repaired,changed,5,40,0.5418362296929875,0.45
H,uncertain_role,repaired,changed,6,18,0.6361675752586229,0.4444444444444444
H,uncertain_role,repaired,changed,7,5,0.7425985748335366,0.0
H,uncertain_role,repaired,retention_unidentifiable,0,823,0.0,0.0
H,uncertain_role,calibrated,absent,0,174,0.048186286414581246,0.08045977011494253
H,uncertain_role,calibrated,absent,1,138,0.1498171786741326,0.21739130434782608
H,uncertain_role,calibrated,absent,2,73,0.24612752752985115,0.2602739726027397
H,uncertain_role,calibrated,absent,3,63,0.3451951308058247,0.31746031746031744
H,uncertain_role,calibrated,absent,4,48,0.4497780283716659,0.5416666666666666
H,uncertain_role,calibrated,absent,5,50,0.5429934226201025,0.58
H,uncertain_role,calibrated,absent,6,46,0.650429066476094,0.5652173913043478
H,uncertain_role,calibrated,absent,7,55,0.7517461653453621,0.7636363636363637
H,uncertain_role,calibrated,absent,8,82,0.8565091700146418,0.8536585365853658
H,uncertain_role,calibrated,absent,9,94,0.9392446103806009,0.9574468085106383
H,uncertain_role,calibrated,retained_high_usage,0,452,0.04690337770978851,0.033185840707964605
H,uncertain_role,calibrated,retained_high_usage,1,258,0.14226948784716759,0.08527131782945736
H,uncertain_role,calibrated,retained_high_usage,2,79,0.23798054327932874,0.24050632911392406
H,uncertain_role,calibrated,retained_high_usage,3,27,0.3473313713390607,0.2222222222222222
H,uncertain_role,calibrated,retained_high_usage,4,5,0.44050431341319296,0.2
H,uncertain_role,calibrated,retained_high_usage,5,2,0.544733284477664,1.0
H,uncertain_role,calibrated,retained_reduced,0,181,0.05070804412446298,0.049723756906077346
H,uncertain_role,calibrated,retained_reduced,1,122,0.15133217838581675,0.13934426229508196
H,uncertain_role,calibrated,retained_reduced,2,261,0.25831495351040346,0.30268199233716475
H,uncertain_role,calibrated,retained_reduced,3,187,0.3401059526920073,0.3155080213903743
H,uncertain_role,calibrated,retained_reduced,4,54,0.44321337741638084,0.2777777777777778
H,uncertain_role,calibrated,retained_reduced,5,16,0.5203781997663339,0.3125
H,uncertain_role,calibrated,retained_reduced,6,2,0.6238882943926143,0.0
H,uncertain_role,calibrated,changed,0,232,0.038822174506594795,0.0603448275862069
H,uncertain_role,calibrated,changed,1,119,0.14590563175188576,0.18487394957983194
H,uncertain_role,calibrated,changed,2,140,0.25331874750018374,0.2785714285714286
H,uncertain_role,calibrated,changed,3,182,0.35352148895345653,0.38461538461538464
H,uncertain_role,calibrated,changed,4,130,0.4367020751220318,0.4307692307692308
H,uncertain_role,calibrated,changed,5,15,0.5367048532184003,0.26666666666666666
H,uncertain_role,calibrated,changed,6,5,0.6314962643167773,0.6
H,uncertain_role,calibrated,retention_unidentifiable,0,823,0.0,0.0
H,unstable,repaired,absent,0,124,0.05123190499558583,0.11290322580645161
H,unstable,repaired,absent,1,91,0.14874340864558852,0.15384615384615385
H,unstable,repaired,absent,2,54,0.24985182771434758,0.3333333333333333
H,unstable,repaired,absent,3,46,0.3504846572149225,0.2391304347826087
H,unstable,repaired,absent,4,40,0.44806951115736215,0.45
H,unstable,repaired,absent,5,35,0.5474645742626641,0.5428571428571428
H,unstable,repaired,absent,6,30,0.6476518547713516,0.43333333333333335
H,unstable,repaired,absent,7,50,0.749098582806144,0.74
H,unstable,repaired,absent,8,53,0.8511363214252156,0.8301886792452831
H,unstable,repaired,absent,9,130,0.9499028243846431,0.9384615384615385
H,unstable,repaired,retained_high_usage,0,452,0.03174816496330399,0.030973451327433628
H,unstable,repaired,retained_high_usage,1,124,0.1379617410322431,0.12096774193548387
H,unstable,repaired,retained_high_usage,2,47,0.25115324602148487,0.2765957446808511
H,unstable,repaired,retained_high_usage,3,13,0.34686806192663605,0.15384615384615385
H,unstable,repaired,retained_high_usage,4,13,0.4538221184972417,0.46153846153846156
H,unstable,repaired,retained_high_usage,5,2,0.5610415988756083,0.0
H,unstable,repaired,retained_high_usage,6,2,0.6327940398880834,0.5
H,unstable,repaired,retained_reduced,0,194,0.03345933065077062,0.04639175257731959
H,unstable,repaired,retained_reduced,1,103,0.15087915926564083,0.23300970873786409
H,unstable,repaired,retained_reduced,2,132,0.2529009992491487,0.3106060606060606
H,unstable,repaired,retained_reduced,3,106,0.3452224374221092,0.330188679245283
H,unstable,repaired,retained_reduced,4,71,0.44845739534355655,0.323943661971831
H,unstable,repaired,retained_reduced,5,27,0.5335708143490536,0.25925925925925924
H,unstable,repaired,retained_reduced,6,17,0.6416726703098178,0.23529411764705882
H,unstable,repaired,retained_reduced,7,1,0.7063508538859725,0.0
H,unstable,repaired,retained_reduced,8,2,0.8249969176559127,0.0
H,unstable,repaired,changed,0,253,0.04303202166644608,0.06719367588932806
H,unstable,repaired,changed,1,115,0.1448519713377497,0.22608695652173913
H,unstable,repaired,changed,2,102,0.24553730086675674,0.3333333333333333
H,unstable,repaired,changed,3,81,0.35047316862634803,0.37037037037037035
H,unstable,repaired,changed,4,51,0.4427237504139545,0.45098039215686275
H,unstable,repaired,changed,5,33,0.5386135186540194,0.48484848484848486
H,unstable,repaired,changed,6,13,0.6391315184940104,0.23076923076923078
H,unstable,repaired,changed,7,5,0.7425985748335366,0.0
H,unstable,repaired,retention_unidentifiable,0,653,0.0,0.0
H,unstable,calibrated,absent,0,112,0.05202226154866348,0.08035714285714286
H,unstable,calibrated,absent,1,106,0.15014487924470074,0.19811320754716982
H,unstable,calibrated,absent,2,57,0.2445825564432599,0.22807017543859648
H,unstable,calibrated,absent,3,45,0.34260548182424155,0.28888888888888886
H,unstable,calibrated,absent,4,43,0.4482921594702897,0.5116279069767442
H,unstable,calibrated,absent,5,41,0.5433596422129946,0.6097560975609756
H,unstable,calibrated,absent,6,39,0.6511524655113229,0.5384615384615384
H,unstable,calibrated,absent,7,47,0.7515240251247338,0.7659574468085106
H,unstable,calibrated,absent,8,72,0.8566558229065158,0.8611111111111112
H,unstable,calibrated,absent,9,91,0.9398590619710663,0.967032967032967
H,unstable,calibrated,retained_high_usage,0,388,0.044365314176021124,0.030927835051546393
H,unstable,calibrated,retained_high_usage,1,198,0.14316162076321715,0.09090909090909091
H,unstable,calibrated,retained_high_usage,2,51,0.23538764678213295,0.3137254901960784
H,unstable,calibrated,retained_high_usage,3,15,0.33895088656548455,0.26666666666666666
H,unstable,calibrated,retained_high_usage,5,1,0.5645216697698279,1.0
H,unstable,calibrated,retained_reduced,0,163,0.048874872724859436,0.03680981595092025
H,unstable,calibrated,retained_reduced,1,92,0.14795033546900446,0.11956521739130435
H,unstable,calibrated,retained_reduced,2,205,0.2583709192742081,0.34146341463414637
H,unstable,calibrated,retained_reduced,3,142,0.3388549250542189,0.323943661971831
H,unstable,calibrated,retained_reduced,4,39,0.44091068380457343,0.20512820512820512
H,unstable,calibrated,retained_reduced,5,10,0.5183387144180718,0.2
H,unstable,calibrated,retained_reduced,6,2,0.6238882943926143,0.0
H,unstable,calibrated,changed,0,215,0.03825712192589067,0.05581395348837209
H,unstable,calibrated,changed,1,97,0.14512760480903042,0.17525773195876287
H,unstable,calibrated,changed,2,98,0.2550828170364744,0.2755102040816326
H,unstable,calibrated,changed,3,136,0.35325546602470237,0.375
H,unstable,calibrated,changed,4,98,0.4351748541643027,0.41836734693877553
H,unstable,calibrated,changed,5,8,0.5390847970878982,0.125
H,unstable,calibrated,changed,6,1,0.6176361874673006,0.0
H,unstable,calibrated,retention_unidentifiable,0,653,0.0,0.0
H,young,repaired,absent,0,157,0.034126635561785405,0.03821656050955414
H,young,repaired,absent,1,49,0.14530971478797008,0.12244897959183673
H,young,repaired,absent,2,24,0.2531951116561917,0.16666666666666666
H,young,repaired,absent,3,13,0.3688028459880123,0.46153846153846156
H,young,repaired,absent,4,9,0.4482296059563429,0.2222222222222222
H,young,repaired,absent,5,1,0.5828697846226192,0.0
H,young,repaired,absent,6,1,0.6393437520577298,1.0
H,young,repaired,absent,7,1,0.7651863106373178,1.0
H,young,repaired,retained_high_usage,0,91,0.05511404762591585,0.12087912087912088
H,young,repaired,retained_high_usage,1,30,0.1448222457210569,0.3333333333333333
H,young,repaired,retained_high_usage,2,37,0.24997521119377591,0.21621621621621623
H,young,repaired,retained_high_usage,3,36,0.3451146807269293,0.4166666666666667
H,young,repaired,retained_high_usage,4,21,0.44362835053840144,0.47619047619047616
H,young,repaired,retained_high_usage,5,21,0.535636302874613,0.3333333333333333
H,young,repaired,retained_high_usage,6,15,0.6574984906074209,0.26666666666666666
H,young,repaired,retained_high_usage,7,4,0.7373538785805991,0.5
H,young,repaired,retained_reduced,0,3,0.08448342230687857,0.3333333333333333
H,young,repaired,retained_reduced,1,29,0.16135431143227913,0.3793103448275862
H,young,repaired,retained_reduced,2,81,0.24543813763502004,0.2222222222222222
H,young,repaired,retained_reduced,3,63,0.34589870127914224,0.36507936507936506
H,young,repaired,retained_reduced,4,47,0.4470318429406809,0.2127659574468085
H,young,repaired,retained_reduced,5,24,0.5364743742731052,0.2916666666666667
H,young,repaired,retained_reduced,6,8,0.636402939573597,0.875
H,young,repaired,changed,0,26,0.057203912838113845,0.15384615384615385
H,young,repaired,changed,1,49,0.15424780647064068,0.22448979591836735
H,young,repaired,changed,2,60,0.24895183730266487,0.38333333333333336
H,young,repaired,changed,3,49,0.3494660711320094,0.3673469387755102
H,young,repaired,changed,4,49,0.4455863583808267,0.3877551020408163
H,young,repaired,changed,5,14,0.5378449188153425,0.42857142857142855
H,young,repaired,changed,6,8,0.6459698061555978,0.5
H,young,repaired,retention_unidentifiable,0,255,0.0,0.0
H,young,calibrated,absent,0,152,0.03486384897885033,0.02631578947368421
H,young,calibrated,absent,1,52,0.14387066344339922,0.17307692307692307
H,young,calibrated,absent,2,21,0.25310487997136694,0.14285714285714285
H,young,calibrated,absent,3,20,0.34504909402646394,0.2
H,young,calibrated,absent,4,6,0.46013537349392625,0.5
H,young,calibrated,absent,5,3,0.5504565769533402,0.6666666666666666
H,young,calibrated,absent,7,1,0.7718393777343967,1.0
H,young,calibrated,retained_high_usage,0,58,0.07613765838675227,0.08620689655172414
H,young,calibrated,retained_high_usage,1,69,0.1365508254974861,0.2318840579710145
H,young,calibrated,retained_high_usage,2,57,0.24802940864192105,0.2807017543859649
H,young,calibrated,retained_high_usage,3,43,0.3535432130099838,0.4186046511627907
H,young,calibrated,retained_high_usage,4,19,0.44239616173103147,0.42105263157894735
H,young,calibrated,retained_high_usage,5,6,0.5447798875628563,0.5
H,young,calibrated,retained_high_usage,6,1,0.6682997981195848,0.0
H,young,calibrated,retained_high_usage,7,1,0.7432910556934254,0.0
H,young,calibrated,retained_high_usage,8,1,0.8034690803675293,1.0
H,young,calibrated,retained_reduced,1,9,0.16035873026080563,0.1111111111111111
H,young,calibrated,retained_reduced,2,96,0.265239762707748,0.3125
H,young,calibrated,retained_reduced,3,119,0.34255510141943935,0.2773109243697479
H,young,calibrated,retained_reduced,4,27,0.4338855374949392,0.37037037037037035
H,young,calibrated,retained_reduced,5,4,0.5257238402308092,0.75
H,young,calibrated,changed,0,6,0.0606696940678895,0.0
H,young,calibrated,changed,1,20,0.15451553939625606,0.05
H,young,calibrated,changed,2,62,0.24968259015131458,0.3064516129032258
H,young,calibrated,changed,3,90,0.3578812183745899,0.4111111111111111
H,young,calibrated,changed,4,65,0.4321639081048856,0.3384615384615385
H,young,calibrated,changed,5,7,0.5394488225832761,0.5714285714285714
H,young,calibrated,changed,6,4,0.6327719392263891,0.5
H,young,calibrated,changed,7,1,0.7219723447237313,0.0
H,young,calibrated,retention_unidentifiable,0,255,0.0,0.0
P,RP,repaired,absent,0,313,0.04813630309031236,0.054313099041533544
P,RP,repaired,absent,1,173,0.14587454501729363,0.15028901734104047
P,RP,repaired,absent,2,141,0.24480640366056897,0.2127659574468085
P,RP,repaired,absent,3,112,0.34860167067114795,0.35714285714285715
P,RP,repaired,absent,4,113,0.44895700744234357,0.40707964601769914
P,RP,repaired,absent,5,126,0.5485696099215794,0.5
P,RP,repaired,absent,6,122,0.6499915329147228,0.5491803278688525
P,RP,repaired,absent,7,173,0.7499581029476632,0.6647398843930635
P,RP,repaired,absent,8,244,0.8539352757283066,0.7909836065573771
P,RP,repaired,absent,9,392,0.9512288268284366,0.9489795918367347
P,RP,repaired,retained_high_usage,0,1434,0.018693629117706976,0.03626220362622036
P,RP,repaired,retained_high_usage,1,152,0.14328007851485763,0.2236842105263158
P,RP,repaired,retained_high_usage,2,92,0.24262279546001828,0.2717391304347826
P,RP,repaired,retained_high_usage,3,79,0.35152335970158893,0.379746835443038
P,RP,repaired,retained_high_usage,4,73,0.45506548756704346,0.410958904109589
P,RP,repaired,retained_high_usage,5,35,0.5501622189142776,0.3142857142857143
P,RP,repaired,retained_high_usage,6,27,0.6387468851935106,0.37037037037037035
P,RP,repaired,retained_high_usage,7,14,0.7429360480190436,0.6428571428571429
P,RP,repaired,retained_high_usage,8,2,0.8425463125873813,1.0
P,RP,repaired,retained_high_usage,9,1,0.9066891817201557,1.0
P,RP,repaired,retained_reduced,0,482,0.047644136637975745,0.06639004149377593
P,RP,repaired,retained_reduced,1,309,0.14821403022961177,0.21359223300970873
P,RP,repaired,retained_reduced,2,236,0.24667782843702873,0.3644067796610169
P,RP,repaired,retained_reduced,3,199,0.3522287739430025,0.3969849246231156
P,RP,repaired,retained_reduced,4,204,0.44665335579556,0.4950980392156863
P,RP,repaired,retained_reduced,5,192,0.5528384191031664,0.4895833333333333
P,RP,repaired,retained_reduced,6,142,0.6466530092576165,0.5352112676056338
P,RP,repaired,retained_reduced,7,110,0.7454120577642784,0.5818181818181818
P,RP,repaired,retained_reduced,8,34,0.8400991012275023,0.5588235294117647
P,RP,repaired,retained_reduced,9,1,0.9109148495978505,1.0
P,RP,repaired,changed,0,1662,0.016097303749222025,0.01865222623345367
P,RP,repaired,changed,1,89,0.1437596024262793,0.21348314606741572
P,RP,repaired,changed,2,38,0.24263223644577023,0.2631578947368421
P,RP,repaired,changed,3,47,0.3399224795177375,0.46808510638297873
P,RP,repaired,changed,4,23,0.4486570841212125,0.4782608695652174
P,RP,repaired,changed,5,20,0.5460808046438921,0.45
P,RP,repaired,changed,6,24,0.6487315237576995,0.5
P,RP,repaired,changed,7,5,0.7248753820777479,0.6
P,RP,repaired,changed,8,1,0.8009533667584059,1.0
P,RP,repaired,retention_unidentifiable,0,1909,0.0,0.0
P,RP,calibrated,absent,0,313,0.04813630309031236,0.054313099041533544
P,RP,calibrated,absent,1,173,0.14587454501729363,0.15028901734104047
P,RP,calibrated,absent,2,141,0.24480640366056897,0.2127659574468085
P,RP,calibrated,absent,3,112,0.34860167067114795,0.35714285714285715
P,RP,calibrated,absent,4,113,0.44895700744234357,0.40707964601769914
P,RP,calibrated,absent,5,126,0.5485696099215794,0.5
P,RP,calibrated,absent,6,122,0.6499915329147228,0.5491803278688525
P,RP,calibrated,absent,7,173,0.7499581029476632,0.6647398843930635
P,RP,calibrated,absent,8,244,0.8539352757283066,0.7909836065573771
P,RP,calibrated,absent,9,392,0.9512288268284366,0.9489795918367347
P,RP,calibrated,retained_high_usage,0,1434,0.018693629117706976,0.03626220362622036
P,RP,calibrated,retained_high_usage,1,152,0.14328007851485763,0.2236842105263158
P,RP,calibrated,retained_high_usage,2,92,0.24262279546001828,0.2717391304347826
P,RP,calibrated,retained_high_usage,3,79,0.35152335970158893,0.379746835443038
P,RP,calibrated,retained_high_usage,4,73,0.45506548756704346,0.410958904109589
P,RP,calibrated,retained_high_usage,5,35,0.5501622189142776,0.3142857142857143
P,RP,calibrated,retained_high_usage,6,27,0.6387468851935106,0.37037037037037035
P,RP,calibrated,retained_high_usage,7,14,0.7429360480190436,0.6428571428571429
P,RP,calibrated,retained_high_usage,8,2,0.8425463125873813,1.0
P,RP,calibrated,retained_high_usage,9,1,0.9066891817201557,1.0
P,RP,calibrated,retained_reduced,0,482,0.047644136637975745,0.06639004149377593
P,RP,calibrated,retained_reduced,1,309,0.14821403022961177,0.21359223300970873
P,RP,calibrated,retained_reduced,2,236,0.24667782843702873,0.3644067796610169
P,RP,calibrated,retained_reduced,3,199,0.3522287739430025,0.3969849246231156
P,RP,calibrated,retained_reduced,4,204,0.44665335579556,0.4950980392156863
P,RP,calibrated,retained_reduced,5,192,0.5528384191031664,0.4895833333333333
P,RP,calibrated,retained_reduced,6,142,0.6466530092576165,0.5352112676056338
P,RP,calibrated,retained_reduced,7,110,0.7454120577642784,0.5818181818181818
P,RP,calibrated,retained_reduced,8,34,0.8400991012275023,0.5588235294117647
P,RP,calibrated,retained_reduced,9,1,0.9109148495978505,1.0
P,RP,calibrated,changed,0,1662,0.016097303749222025,0.01865222623345367
P,RP,calibrated,changed,1,89,0.1437596024262793,0.21348314606741572
P,RP,calibrated,changed,2,38,0.24263223644577023,0.2631578947368421
P,RP,calibrated,changed,3,47,0.3399224795177375,0.46808510638297873
P,RP,calibrated,changed,4,23,0.4486570841212125,0.4782608695652174
P,RP,calibrated,changed,5,20,0.5460808046438921,0.45
P,RP,calibrated,changed,6,24,0.6487315237576995,0.5
P,RP,calibrated,changed,7,5,0.7248753820777479,0.6
P,RP,calibrated,changed,8,1,0.8009533667584059,1.0
P,RP,calibrated,retention_unidentifiable,0,1909,0.0,0.0
P,SP,repaired,absent,0,239,0.05435610305320943,0.06694560669456066
P,SP,repaired,absent,1,100,0.145146243181591,0.14
P,SP,repaired,absent,2,67,0.24572094877564288,0.16417910447761194
P,SP,repaired,absent,3,41,0.3549472754592666,0.2682926829268293
P,SP,repaired,absent,4,29,0.44795703603077164,0.4482758620689655
P,SP,repaired,absent,5,17,0.542747130426938,0.4117647058823529
P,SP,repaired,absent,6,21,0.6477767007208542,0.5714285714285714
P,SP,repaired,absent,7,23,0.7469546878411601,0.6956521739130435
P,SP,repaired,absent,8,31,0.8457978382261496,0.8709677419354839
P,SP,repaired,absent,9,40,0.9556451834547828,0.925
P,SP,repaired,retained_high_usage,0,364,0.027022269152316574,0.03571428571428571
P,SP,repaired,retained_high_usage,1,80,0.14725965039836308,0.2
P,SP,repaired,retained_high_usage,2,59,0.24771086461787806,0.2711864406779661
P,SP,repaired,retained_high_usage,3,34,0.34683448355784247,0.2647058823529412
P,SP,repaired,retained_high_usage,4,21,0.451798752638288,0.23809523809523808
P,SP,repaired,retained_high_usage,5,33,0.546807648628425,0.42424242424242425
P,SP,repaired,retained_high_usage,6,8,0.642183711273689,0.375
P,SP,repaired,retained_high_usage,7,8,0.745309192650488,0.625
P,SP,repaired,retained_high_usage,8,1,0.8442982158638241,0.0
P,SP,repaired,retained_reduced,0,84,0.044194545786420306,0.047619047619047616
P,SP,repaired,retained_reduced,1,97,0.1507831200821959,0.1958762886597938
P,SP,repaired,retained_reduced,2,100,0.254533460413453,0.34
P,SP,repaired,retained_reduced,3,102,0.3503926592134373,0.46078431372549017
P,SP,repaired,retained_reduced,4,99,0.4431225493442073,0.3939393939393939
P,SP,repaired,retained_reduced,5,74,0.5470653504282057,0.4189189189189189
P,SP,repaired,retained_reduced,6,37,0.6393254863387196,0.40540540540540543
P,SP,repaired,retained_reduced,7,11,0.7510791196519044,0.45454545454545453
P,SP,repaired,retained_reduced,8,4,0.8315082741068902,0.75
P,SP,repaired,changed,0,209,0.05027072361141276,0.10526315789473684
P,SP,repaired,changed,1,120,0.1492046231946206,0.21666666666666667
P,SP,repaired,changed,2,76,0.2451385493928584,0.23684210526315788
P,SP,repaired,changed,3,71,0.34380359991545845,0.43661971830985913
P,SP,repaired,changed,4,50,0.44649396952743053,0.38
P,SP,repaired,changed,5,30,0.5415205756004959,0.5
P,SP,repaired,changed,6,34,0.637941943710263,0.6176470588235294
P,SP,repaired,changed,7,15,0.7454385837773232,0.7333333333333333
P,SP,repaired,changed,8,3,0.8369145010410318,1.0
P,SP,repaired,retention_unidentifiable,0,608,0.0,0.0
P,SP,calibrated,absent,0,239,0.04643283108797382,0.07112970711297072
P,SP,calibrated,absent,1,93,0.1418606876912536,0.10752688172043011
P,SP,calibrated,absent,2,61,0.2451534353808818,0.21311475409836064
P,SP,calibrated,absent,3,44,0.3493109230115852,0.29545454545454547
P,SP,calibrated,absent,4,30,0.4397741327509586,0.26666666666666666
P,SP,calibrated,absent,5,21,0.541267773974988,0.47619047619047616
P,SP,calibrated,absent,6,24,0.6594573967893725,0.5833333333333334
P,SP,calibrated,absent,7,23,0.7514013383948971,0.5652173913043478
P,SP,calibrated,absent,8,37,0.8525309950518487,0.8648648648648649
P,SP,calibrated,absent,9,36,0.9541162078297302,0.9444444444444444
P,SP,calibrated,retained_high_usage,0,337,0.026964785768448952,0.020771513353115726
P,SP,calibrated,retained_high_usage,1,82,0.1463436196182052,0.1951219512195122
P,SP,calibrated,retained_high_usage,2,66,0.24502867425699293,0.19696969696969696
P,SP,calibrated,retained_high_usage,3,39,0.34468503137679063,0.41025641025641024
P,SP,calibrated,retained_high_usage,4,34,0.44502120716689963,0.2647058823529412
P,SP,calibrated,retained_high_usage,5,31,0.5606340488342955,0.3548387096774194
P,SP,calibrated,retained_high_usage,6,16,0.6349274627351842,0.4375
P,SP,calibrated,retained_high_usage,7,3,0.7526310634711404,0.6666666666666666
P,SP,calibrated,retained_reduced,0,87,0.04748973860785511,0.04597701149425287
P,SP,calibrated,retained_reduced,1,107,0.14509223575643374,0.19626168224299065
P,SP,calibrated,retained_reduced,2,92,0.25251072721285284,0.33695652173913043
P,SP,calibrated,retained_reduced,3,172,0.3523388763793332,0.47674418604651164
P,SP,calibrated,retained_reduced,4,95,0.43943846596570924,0.37894736842105264
P,SP,calibrated,retained_reduced,5,38,0.5412168936768655,0.39473684210526316
P,SP,calibrated,retained_reduced,6,14,0.6360581386911005,0.35714285714285715
P,SP,calibrated,retained_reduced,7,2,0.7185043962546577,1.0
P,SP,calibrated,retained_reduced,8,1,0.8326316608418346,1.0
P,SP,calibrated,changed,0,144,0.05330877328353682,0.04861111111111111
P,SP,calibrated,changed,1,98,0.14891754874430518,0.1836734693877551
P,SP,calibrated,changed,2,145,0.24872911569048803,0.31724137931034485
P,SP,calibrated,changed,3,111,0.34468685051031145,0.36036036036036034
P,SP,calibrated,changed,4,45,0.43282752235514815,0.28888888888888886
P,SP,calibrated,changed,5,24,0.538416652570621,0.5416666666666666
P,SP,calibrated,changed,6,25,0.6413206997647937,0.68
P,SP,calibrated,changed,7,13,0.7445469761921762,0.6923076923076923
P,SP,calibrated,changed,8,3,0.8369145010410318,1.0
P,SP,calibrated,retention_unidentifiable,0,608,0.0,0.0
P,aging33plus,repaired,absent,0,50,0.04845458342762016,0.04
P,aging33plus,repaired,absent,1,35,0.14027845180678164,0.08571428571428572
P,aging33plus,repaired,absent,2,21,0.24526944725312413,0.09523809523809523
P,aging33plus,repaired,absent,3,10,0.3430307411738084,0.3
P,aging33plus,repaired,absent,4,19,0.44281663839531776,0.631578947368421
P,aging33plus,repaired,absent,5,9,0.5276059834254432,0.4444444444444444
P,aging33plus,repaired,absent,6,15,0.6486981502053926,0.5333333333333333
P,aging33plus,repaired,absent,7,35,0.7498923739682617,0.6285714285714286
P,aging33plus,repaired,absent,8,57,0.8473585133743332,0.7719298245614035
P,aging33plus,repaired,absent,9,186,0.9622367043742751,0.9946236559139785
P,aging33plus,repaired,retained_high_usage,0,317,0.013722671578839172,0.022082018927444796
P,aging33plus,repaired,retained_high_usage,1,33,0.14515617771567205,0.24242424242424243
P,aging33plus,repaired,retained_high_usage,2,30,0.24565124725537496,0.3
P,aging33plus,repaired,retained_high_usage,3,24,0.35223632431705904,0.375
P,aging33plus,repaired,retained_high_usage,4,12,0.46878689766360854,0.3333333333333333
P,aging33plus,repaired,retained_high_usage,5,14,0.5514140418790524,0.21428571428571427
P,aging33plus,repaired,retained_high_usage,6,5,0.6588650596486735,0.8
P,aging33plus,repaired,retained_high_usage,7,2,0.7568871185868357,1.0
P,aging33plus,repaired,retained_reduced,0,214,0.03509872129985179,0.014018691588785047
P,aging33plus,repaired,retained_reduced,1,71,0.1496584837481762,0.28169014084507044
P,aging33plus,repaired,retained_reduced,2,36,0.24912013472786723,0.3888888888888889
P,aging33plus,repaired,retained_reduced,3,25,0.35766474370299334,0.56
P,aging33plus,repaired,retained_reduced,4,34,0.455176487726961,0.5882352941176471
P,aging33plus,repaired,retained_reduced,5,37,0.5455905861729802,0.4594594594594595
P,aging33plus,repaired,retained_reduced,6,14,0.6345260321580033,0.42857142857142855
P,aging33plus,repaired,retained_reduced,7,6,0.7347513885885851,0.16666666666666666
P,aging33plus,repaired,changed,0,393,0.015913369857473297,0.01272264631043257
P,aging33plus,repaired,changed,1,26,0.14674989195847155,0.038461538461538464
P,aging33plus,repaired,changed,2,9,0.24178782944452035,0.3333333333333333
P,aging33plus,repaired,changed,3,3,0.33857513377990806,0.3333333333333333
P,aging33plus,repaired,changed,4,3,0.44241158377626166,0.0
P,aging33plus,repaired,changed,6,3,0.6551944668316505,0.3333333333333333
P,aging33plus,repaired,retention_unidentifiable,0,437,0.0,0.0
P,aging33plus,calibrated,absent,0,54,0.04522528160106004,0.05555555555555555
P,aging33plus,calibrated,absent,1,32,0.1375796954171919,0.0625
P,aging33plus,calibrated,absent,2,22,0.24330810726101354,0.18181818181818182
P,aging33plus,calibrated,absent,3,10,0.3537206249371942,0.3
P,aging33plus,calibrated,absent,4,16,0.44062068286351536,0.5625
P,aging33plus,calibrated,absent,5,12,0.5352289323298575,0.5833333333333334
P,aging33plus,calibrated,absent,6,16,0.656765400643789,0.5625
P,aging33plus,calibrated,absent,7,33,0.7540772322285977,0.5757575757575758
P,aging33plus,calibrated,absent,8,57,0.8493262255254127,0.7894736842105263
P,aging33plus,calibrated,absent,9,185,0.9617695497581379,0.9945945945945946
P,aging33plus,calibrated,retained_high_usage,0,318,0.014601802362832123,0.0220125786163522
P,aging33plus,calibrated,retained_high_usage,1,30,0.14556888938735021,0.23333333333333334
P,aging33plus,calibrated,retained_high_usage,2,31,0.24525365423597428,0.2903225806451613
P,aging33plus,calibrated,retained_high_usage,3,22,0.34818788757851443,0.45454545454545453
P,aging33plus,calibrated,retained_high_usage,4,14,0.4533630858134355,0.35714285714285715
P,aging33plus,calibrated,retained_high_usage,5,13,0.5504027569710463,0.07692307692307693
P,aging33plus,calibrated,retained_high_usage,6,7,0.6543529116465986,0.7142857142857143
P,aging33plus,calibrated,retained_high_usage,7,2,0.7568871185868357,1.0
P,aging33plus,calibrated,retained_reduced,0,215,0.03586103492787207,0.018604651162790697
P,aging33plus,calibrated,retained_reduced,1,76,0.14654132135644446,0.2631578947368421
P,aging33plus,calibrated,retained_reduced,2,35,0.24874824282649657,0.4
P,aging33plus,calibrated,retained_reduced,3,29,0.35652156617360115,0.5862068965517241
P,aging33plus,calibrated,retained_reduced,4,34,0.4542220911312513,0.5
P,aging33plus,calibrated,retained_reduced,5,30,0.5471453883676166,0.5666666666666667
P,aging33plus,calibrated,retained_reduced,6,13,0.6385651871973536,0.38461538461538464
P,aging33plus,calibrated,retained_reduced,7,5,0.7344658532798697,0.2
P,aging33plus,calibrated,changed,0,377,0.01497999187326795,0.007957559681697613
P,aging33plus,calibrated,changed,1,26,0.14383967645570614,0.038461538461538464
P,aging33plus,calibrated,changed,2,20,0.24985745774606122,0.25
P,aging33plus,calibrated,changed,3,6,0.3246080145811922,0.16666666666666666
P,aging33plus,calibrated,changed,4,5,0.43380588290529676,0.0
P,aging33plus,calibrated,changed,6,3,0.6551944668316505,0.3333333333333333
P,aging33plus,calibrated,retention_unidentifiable,0,437,0.0,0.0
P,all,repaired,absent,0,552,0.0508292961901899,0.059782608695652176
P,all,repaired,absent,1,273,0.14560776778809853,0.14652014652014653
P,all,repaired,absent,2,208,0.24510099271205912,0.1971153846153846
P,all,repaired,absent,3,153,0.35030212685619927,0.3333333333333333
P,all,repaired,absent,4,142,0.4487527879287127,0.4154929577464789
P,all,repaired,absent,5,143,0.5478774270445944,0.48951048951048953
P,all,repaired,absent,6,143,0.6496662778373015,0.5524475524475524
P,all,repaired,absent,7,196,0.7496056613790428,0.6683673469387755
P,all,repaired,absent,8,275,0.8530179645917,0.8
P,all,repaired,absent,9,432,0.9516377487382834,0.9467592592592593
P,all,repaired,retained_high_usage,0,1798,0.0203797386686513,0.036151279199110126
P,all,repaired,retained_high_usage,1,232,0.14465234468158367,0.21551724137931033
P,all,repaired,retained_high_usage,2,151,0.2446108489720297,0.271523178807947
P,all,repaired,retained_high_usage,3,113,0.3501125474105502,0.34513274336283184
P,all,repaired,retained_high_usage,4,94,0.45433568508295985,0.3723404255319149
P,all,repaired,retained_high_usage,5,68,0.5485342656873199,0.36764705882352944
P,all,repaired,retained_high_usage,6,35,0.6395324454404085,0.37142857142857144
P,all,repaired,retained_high_usage,7,22,0.743799009703205,0.6363636363636364
P,all,repaired,retained_high_usage,8,3,0.8431302803461955,0.6666666666666666
P,all,repaired,retained_high_usage,9,1,0.9066891817201557,1.0
P,all,repaired,retained_reduced,0,566,0.04713218322537742,0.0636042402826855
P,all,repaired,retained_reduced,1,406,0.14882782755892374,0.20935960591133004
P,all,repaired,retained_reduced,2,336,0.24901581414429783,0.35714285714285715
P,all,repaired,retained_reduced,3,301,0.35160656895158837,0.4186046511627907
P,all,repaired,retained_reduced,4,303,0.44549972596492,0.46204620462046203
P,all,repaired,retained_reduced,5,266,0.5512323774417112,0.4699248120300752
P,all,repaired,retained_reduced,6,179,0.6451383816151629,0.5083798882681564
P,all,repaired,retained_reduced,7,121,0.7459272452086081,0.5702479338842975
P,all,repaired,retained_reduced,8,38,0.8391948036358589,0.5789473684210527
P,all,repaired,retained_reduced,9,1,0.9109148495978505,1.0
P,all,repaired,changed,0,1871,0.019914644610364653,0.028327097808658473
P,all,repaired,changed,1,209,0.14688593014015947,0.215311004784689
P,all,repaired,changed,2,114,0.244303111743829,0.24561403508771928
P,all,repaired,changed,3,118,0.3422577299265357,0.4491525423728814
P,all,repaired,changed,4,73,0.4471754987830057,0.410958904109589
P,all,repaired,changed,5,50,0.5433446672178545,0.48
P,all,repaired,changed,6,58,0.6424065975229954,0.5689655172413793
P,all,repaired,changed,7,20,0.7402977833524294,0.7
P,all,repaired,changed,8,4,0.8279242174703754,1.0
P,all,repaired,retention_unidentifiable,0,2517,0.0,0.0
P,all,calibrated,absent,0,552,0.047398749089299835,0.06159420289855073
P,all,calibrated,absent,1,266,0.14447120392209917,0.13533834586466165
P,all,calibrated,absent,2,202,0.24491120036818823,0.21287128712871287
P,all,calibrated,absent,3,156,0.3488017162030661,0.33974358974358976
P,all,calibrated,absent,4,143,0.44703053023436073,0.3776223776223776
P,all,calibrated,absent,5,147,0.547526490500638,0.4965986394557823
P,all,calibrated,absent,6,146,0.6515475653324734,0.5547945205479452
P,all,calibrated,absent,7,196,0.7501274622093285,0.6530612244897959
P,all,calibrated,absent,8,281,0.8537503704435061,0.800711743772242
P,all,calibrated,absent,9,428,0.9514716906509754,0.9485981308411215
P,all,calibrated,retained_high_usage,0,1771,0.020267530750287463,0.033314511575381144
P,all,calibrated,retained_high_usage,1,234,0.14435362710662902,0.21367521367521367
P,all,calibrated,retained_high_usage,2,158,0.24362778280558994,0.24050632911392406
P,all,calibrated,retained_high_usage,3,118,0.34926323423830813,0.3898305084745763
P,all,calibrated,retained_high_usage,4,107,0.45187384706606315,0.3644859813084112
P,all,calibrated,retained_high_usage,5,66,0.5550808056948919,0.3333333333333333
P,all,calibrated,retained_high_usage,6,43,0.6373257047439008,0.3953488372093023
P,all,calibrated,retained_high_usage,7,17,0.7446469330988253,0.6470588235294118
P,all,calibrated,retained_high_usage,8,2,0.8425463125873813,1.0
P,all,calibrated,retained_high_usage,9,1,0.9066891817201557,1.0
P,all,calibrated,retained_reduced,0,569,0.04762052920630528,0.0632688927943761
P,all,calibrated,retained_reduced,1,416,0.14741106867040493,0.2091346153846154
P,all,calibrated,retained_reduced,2,328,0.24831388541073546,0.3567073170731707
P,all,calibrated,retained_reduced,3,371,0.35227981873828246,0.4339622641509434
P,all,calibrated,retained_reduced,4,299,0.4443609994951057,0.45819397993311034
P,all,calibrated,retained_reduced,5,230,0.5509183409892559,0.47391304347826085
P,all,calibrated,retained_reduced,6,156,0.6457021875401086,0.5192307692307693
P,all,calibrated,retained_reduced,7,112,0.7449315638087495,0.5892857142857143
P,all,calibrated,retained_reduced,8,35,0.8398857457879118,0.5714285714285714
P,all,calibrated,retained_reduced,9,1,0.9109148495978505,1.0
P,all,calibrated,changed,0,1806,0.01906433122039663,0.021040974529346623
P,all,calibrated,changed,1,187,0.14646269728813244,0.19786096256684493
P,all,calibrated,changed,2,183,0.24746309704950836,0.30601092896174864
P,all,calibrated,changed,3,158,0.3432696009112547,0.3924050632911392
P,all,calibrated,changed,4,68,0.4381816388348465,0.35294117647058826
P,all,calibrated,changed,5,44,0.5419003580584715,0.5
P,all,calibrated,changed,6,49,0.6449504911082579,0.5918367346938775
P,all,calibrated,changed,7,18,0.739082644493724,0.6666666666666666
P,all,calibrated,changed,8,4,0.8279242174703754,1.0
P,all,calibrated,retention_unidentifiable,0,2517,0.0,0.0
P,demonstrated_reliever,repaired,absent,0,285,0.04679775811626571,0.0456140350877193
P,demonstrated_reliever,repaired,absent,1,148,0.14597022398443835,0.14189189189189189
P,demonstrated_reliever,repaired,absent,2,125,0.24511298576793564,0.232
P,demonstrated_reliever,repaired,absent,3,100,0.3471269424098815,0.36
P,demonstrated_reliever,repaired,absent,4,101,0.4470747392587737,0.37623762376237624
P,demonstrated_reliever,repaired,absent,5,114,0.5496709918329349,0.5175438596491229
P,demonstrated_reliever,repaired,absent,6,114,0.6495368673958318,0.5350877192982456
P,demonstrated_reliever,repaired,absent,7,164,0.7487877666661877,0.6585365853658537
P,demonstrated_reliever,repaired,absent,8,235,0.8534928126536583,0.7829787234042553
P,demonstrated_reliever,repaired,absent,9,381,0.9513772642020963,0.9501312335958005
P,demonstrated_reliever,repaired,retained_high_usage,0,1300,0.018235049918837686,0.03769230769230769
P,demonstrated_reliever,repaired,retained_high_usage,1,146,0.14423481909531086,0.2328767123287671
P,demonstrated_reliever,repaired,retained_high_usage,2,91,0.24299403434778524,0.27472527472527475
P,demonstrated_reliever,repaired,retained_high_usage,3,78,0.3511842748725667,0.38461538461538464
P,demonstrated_reliever,repaired,retained_high_usage,4,73,0.45506548756704346,0.410958904109589
P,demonstrated_reliever,repaired,retained_high_usage,5,35,0.5501622189142776,0.3142857142857143
P,demonstrated_reliever,repaired,retained_high_usage,6,27,0.6387468851935106,0.37037037037037035
P,demonstrated_reliever,repaired,retained_high_usage,7,14,0.7429360480190436,0.6428571428571429
P,demonstrated_reliever,repaired,retained_high_usage,8,2,0.8425463125873813,1.0
P,demonstrated_reliever,repaired,retained_high_usage,9,1,0.9066891817201557,1.0
P,demonstrated_reliever,repaired,retained_reduced,0,450,0.04758444870322115,0.06666666666666667
P,demonstrated_reliever,repaired,retained_reduced,1,269,0.148445271700367,0.22676579925650558
P,demonstrated_reliever,repaired,retained_reduced,2,197,0.24759009203924015,0.39593908629441626
P,demonstrated_reliever,repaired,retained_reduced,3,179,0.3533273844003268,0.4245810055865922
P,demonstrated_reliever,repaired,retained_reduced,4,199,0.4462171807229172,0.5025125628140703
P,demonstrated_reliever,repaired,retained_reduced,5,186,0.5524774303342997,0.5053763440860215
P,demonstrated_reliever,repaired,retained_reduced,6,142,0.6466530092576165,0.5352112676056338
P,demonstrated_reliever,repaired,retained_reduced,7,110,0.7454120577642784,0.5818181818181818
P,demonstrated_reliever,repaired,retained_reduced,8,34,0.8400991012275023,0.5588235294117647
P,demonstrated_reliever,repaired,retained_reduced,9,1,0.9109148495978505,1.0
P,demonstrated_reliever,repaired,changed,0,1638,0.015558771414014388,0.017704517704517704
P,demonstrated_reliever,repaired,changed,1,77,0.14148754703505032,0.2077922077922078
P,demonstrated_reliever,repaired,changed,2,24,0.24206391283664153,0.125
P,demonstrated_reliever,repaired,changed,3,17,0.33814423142156597,0.4117647058823529
P,demonstrated_reliever,repaired,changed,4,5,0.457631559701715,0.2
P,demonstrated_reliever,repaired,changed,5,4,0.5589405564051845,0.0
P,demonstrated_reliever,repaired,changed,6,2,0.6666740923616103,0.0
P,demonstrated_reliever,repaired,retention_unidentifiable,0,1767,0.0,0.0
P,demonstrated_reliever,calibrated,absent,0,285,0.04679775811626571,0.0456140350877193
P,demonstrated_reliever,calibrated,absent,1,148,0.14597022398443835,0.14189189189189189
P,demonstrated_reliever,calibrated,absent,2,125,0.24511298576793564,0.232
P,demonstrated_reliever,calibrated,absent,3,100,0.3471269424098815,0.36
P,demonstrated_reliever,calibrated,absent,4,101,0.4470747392587737,0.37623762376237624
P,demonstrated_reliever,calibrated,absent,5,114,0.5496709918329349,0.5175438596491229
P,demonstrated_reliever,calibrated,absent,6,114,0.6495368673958318,0.5350877192982456
P,demonstrated_reliever,calibrated,absent,7,164,0.7487877666661877,0.6585365853658537
P,demonstrated_reliever,calibrated,absent,8,235,0.8534928126536583,0.7829787234042553
P,demonstrated_reliever,calibrated,absent,9,381,0.9513772642020963,0.9501312335958005
P,demonstrated_reliever,calibrated,retained_high_usage,0,1300,0.018235049918837686,0.03769230769230769
P,demonstrated_reliever,calibrated,retained_high_usage,1,146,0.14423481909531086,0.2328767123287671
P,demonstrated_reliever,calibrated,retained_high_usage,2,91,0.24299403434778524,0.27472527472527475
P,demonstrated_reliever,calibrated,retained_high_usage,3,78,0.3511842748725667,0.38461538461538464
P,demonstrated_reliever,calibrated,retained_high_usage,4,73,0.45506548756704346,0.410958904109589
P,demonstrated_reliever,calibrated,retained_high_usage,5,35,0.5501622189142776,0.3142857142857143
P,demonstrated_reliever,calibrated,retained_high_usage,6,27,0.6387468851935106,0.37037037037037035
P,demonstrated_reliever,calibrated,retained_high_usage,7,14,0.7429360480190436,0.6428571428571429
P,demonstrated_reliever,calibrated,retained_high_usage,8,2,0.8425463125873813,1.0
P,demonstrated_reliever,calibrated,retained_high_usage,9,1,0.9066891817201557,1.0
P,demonstrated_reliever,calibrated,retained_reduced,0,450,0.04758444870322115,0.06666666666666667
P,demonstrated_reliever,calibrated,retained_reduced,1,269,0.148445271700367,0.22676579925650558
P,demonstrated_reliever,calibrated,retained_reduced,2,197,0.24759009203924015,0.39593908629441626
P,demonstrated_reliever,calibrated,retained_reduced,3,179,0.3533273844003268,0.4245810055865922
P,demonstrated_reliever,calibrated,retained_reduced,4,199,0.4462171807229172,0.5025125628140703
P,demonstrated_reliever,calibrated,retained_reduced,5,186,0.5524774303342997,0.5053763440860215
P,demonstrated_reliever,calibrated,retained_reduced,6,142,0.6466530092576165,0.5352112676056338
P,demonstrated_reliever,calibrated,retained_reduced,7,110,0.7454120577642784,0.5818181818181818
P,demonstrated_reliever,calibrated,retained_reduced,8,34,0.8400991012275023,0.5588235294117647
P,demonstrated_reliever,calibrated,retained_reduced,9,1,0.9109148495978505,1.0
P,demonstrated_reliever,calibrated,changed,0,1638,0.015558771414014388,0.017704517704517704
P,demonstrated_reliever,calibrated,changed,1,77,0.14148754703505032,0.2077922077922078
P,demonstrated_reliever,calibrated,changed,2,24,0.24206391283664153,0.125
P,demonstrated_reliever,calibrated,changed,3,17,0.33814423142156597,0.4117647058823529
P,demonstrated_reliever,calibrated,changed,4,5,0.457631559701715,0.2
P,demonstrated_reliever,calibrated,changed,5,4,0.5589405564051845,0.0
P,demonstrated_reliever,calibrated,changed,6,2,0.6666740923616103,0.0
P,demonstrated_reliever,calibrated,retention_unidentifiable,0,1767,0.0,0.0
P,demonstrated_starter,repaired,absent,0,207,0.053708730955916356,0.07246376811594203
P,demonstrated_starter,repaired,absent,1,71,0.14526774037198564,0.11267605633802817
P,demonstrated_starter,repaired,absent,2,50,0.24612060974094085,0.16
P,demonstrated_starter,repaired,absent,3,28,0.35382096072492647,0.32142857142857145
P,demonstrated_starter,repaired,absent,4,23,0.4490053880619135,0.4782608695652174
P,demonstrated_starter,repaired,absent,5,15,0.5462770430011685,0.4
P,demonstrated_starter,repaired,absent,6,16,0.6495912978327889,0.5
P,demonstrated_starter,repaired,absent,7,18,0.7476766759997079,0.6111111111111112
P,demonstrated_starter,repaired,absent,8,22,0.8472581445111387,0.9545454545454546
P,demonstrated_starter,repaired,absent,9,31,0.9547935569001921,0.9354838709677419
P,demonstrated_starter,repaired,retained_high_usage,0,242,0.029604080213705454,0.049586776859504134
P,demonstrated_starter,repaired,retained_high_usage,1,77,0.14850560755306336,0.2077922077922078
P,demonstrated_starter,repaired,retained_high_usage,2,58,0.24794483217294178,0.27586206896551724
P,demonstrated_starter,repaired,retained_high_usage,3,33,0.3465104032552393,0.2727272727272727
P,demonstrated_starter,repaired,retained_high_usage,4,21,0.451798752638288,0.23809523809523808
P,demonstrated_starter,repaired,retained_high_usage,5,33,0.546807648628425,0.42424242424242425
P,demonstrated_starter,repaired,retained_high_usage,6,8,0.642183711273689,0.375
P,demonstrated_starter,repaired,retained_high_usage,7,8,0.745309192650488,0.625
P,demonstrated_starter,repaired,retained_high_usage,8,1,0.8442982158638241,0.0
P,demonstrated_starter,repaired,retained_reduced,0,58,0.042014314092540445,0.034482758620689655
P,demonstrated_starter,repaired,retained_reduced,1,52,0.15519239252098505,0.23076923076923078
P,demonstrated_starter,repaired,retained_reduced,2,68,0.2569928358545006,0.35294117647058826
P,demonstrated_starter,repaired,retained_reduced,3,92,0.35188394101135584,0.4782608695652174
P,demonstrated_starter,repaired,retained_reduced,4,88,0.4449620175172245,0.3977272727272727
P,demonstrated_starter,repaired,retained_reduced,5,71,0.5480899826731573,0.43661971830985913
P,demonstrated_starter,repaired,retained_reduced,6,37,0.6393254863387196,0.40540540540540543
P,demonstrated_starter,repaired,retained_reduced,7,11,0.7510791196519044,0.45454545454545453
P,demonstrated_starter,repaired,retained_reduced,8,4,0.8315082741068902,0.75
P,demonstrated_starter,repaired,changed,0,192,0.05004294473791713,0.09895833333333333
P,demonstrated_starter,repaired,changed,1,113,0.14863849893321351,0.23008849557522124
P,demonstrated_starter,repaired,changed,2,64,0.24358079938123844,0.203125
P,demonstrated_starter,repaired,changed,3,56,0.343687638310397,0.375
P,demonstrated_starter,repaired,changed,4,38,0.44584494616283865,0.42105263157894735
P,demonstrated_starter,repaired,changed,5,7,0.548759045994051,0.42857142857142855
P,demonstrated_starter,repaired,changed,6,9,0.6285565102254557,0.4444444444444444
P,demonstrated_starter,repaired,changed,7,2,0.7512340330807781,1.0
P,demonstrated_starter,repaired,retention_unidentifiable,0,481,0.0,0.0
P,demonstrated_starter,calibrated,absent,0,207,0.044560605353542865,0.07729468599033816
P,demonstrated_starter,calibrated,absent,1,64,0.14050670630528855,0.0625
P,demonstrated_starter,calibrated,absent,2,44,0.24538832902983554,0.22727272727272727
P,demonstrated_starter,calibrated,absent,3,31,0.3459299748057341,0.3548387096774194
P,demonstrated_starter,calibrated,absent,4,24,0.4387330776275162,0.25
P,demonstrated_starter,calibrated,absent,5,19,0.5438988253281227,0.47368421052631576
P,demonstrated_starter,calibrated,absent,6,19,0.6640593459542959,0.5263157894736842
P,demonstrated_starter,calibrated,absent,7,18,0.7533585072628163,0.4444444444444444
P,demonstrated_starter,calibrated,absent,8,28,0.8558426075411719,0.9285714285714286
P,demonstrated_starter,calibrated,absent,9,27,0.9526287558364792,0.9629629629629629
P,demonstrated_starter,calibrated,retained_high_usage,0,215,0.029838205787166436,0.027906976744186046
P,demonstrated_starter,calibrated,retained_high_usage,1,79,0.14752324757480587,0.20253164556962025
P,demonstrated_starter,calibrated,retained_high_usage,2,65,0.2451961808390361,0.2
P,demonstrated_starter,calibrated,retained_high_usage,3,38,0.3443470286881865,0.42105263157894735
P,demonstrated_starter,calibrated,retained_high_usage,4,34,0.44502120716689963,0.2647058823529412
P,demonstrated_starter,calibrated,retained_high_usage,5,31,0.5606340488342955,0.3548387096774194
P,demonstrated_starter,calibrated,retained_high_usage,6,16,0.6349274627351842,0.4375
P,demonstrated_starter,calibrated,retained_high_usage,7,3,0.7526310634711404,0.6666666666666666
P,demonstrated_starter,calibrated,retained_reduced,0,61,0.04682123983920386,0.03278688524590164
P,demonstrated_starter,calibrated,retained_reduced,1,62,0.14465985466220369,0.22580645161290322
P,demonstrated_starter,calibrated,retained_reduced,2,60,0.25421922833905336,0.35
P,demonstrated_starter,calibrated,retained_reduced,3,162,0.3533059140155521,0.4876543209876543
P,demonstrated_starter,calibrated,retained_reduced,4,84,0.44088308837120976,0.38095238095238093
P,demonstrated_starter,calibrated,retained_reduced,5,35,0.5427941370807956,0.42857142857142855
P,demonstrated_starter,calibrated,retained_reduced,6,14,0.6360581386911005,0.35714285714285715
P,demonstrated_starter,calibrated,retained_reduced,7,2,0.7185043962546577,1.0
P,demonstrated_starter,calibrated,retained_reduced,8,1,0.8326316608418346,1.0
P,demonstrated_starter,calibrated,changed,0,127,0.053371082737985236,0.031496062992125984
P,demonstrated_starter,calibrated,changed,1,91,0.14819247662681928,0.1978021978021978
P,demonstrated_starter,calibrated,changed,2,133,0.24830348256889312,0.3082706766917293
P,demonstrated_starter,calibrated,changed,3,96,0.3447572141461381,0.3125
P,demonstrated_starter,calibrated,changed,4,33,0.4271105449635762,0.30303030303030304
P,demonstrated_starter,calibrated,changed,5,1,0.5176957156383817,1.0
P,demonstrated_starter,calibrated,retention_unidentifiable,0,481,0.0,0.0
P,demonstrated_swingman,repaired,absent,0,60,0.06004505209957353,0.08333333333333333
P,demonstrated_swingman,repaired,absent,1,54,0.14506144240820448,0.2037037037037037
P,demonstrated_swingman,repaired,absent,2,33,0.24351069018391822,0.12121212121212122
P,demonstrated_swingman,repaired,absent,3,25,0.3590617707084964,0.24
P,demonstrated_swingman,repaired,absent,4,18,0.45784573862872474,0.5555555555555556
P,demonstrated_swingman,repaired,absent,5,14,0.5349873823860624,0.35714285714285715
P,demonstrated_swingman,repaired,absent,6,13,0.650893390944974,0.7692307692307693
P,demonstrated_swingman,repaired,absent,7,14,0.7616668377887771,0.8571428571428571
P,demonstrated_swingman,repaired,absent,8,18,0.853858339436819,0.8333333333333334
P,demonstrated_swingman,repaired,absent,9,20,0.9517084765016935,0.9
P,demonstrated_swingman,repaired,retained_high_usage,0,256,0.022550850859489553,0.015625
P,demonstrated_swingman,repaired,retained_high_usage,1,9,0.11845873295846027,0.0
P,demonstrated_swingman,repaired,retained_high_usage,2,2,0.2214904015487027,0.0
P,demonstrated_swingman,repaired,retained_high_usage,3,2,0.36775055495453257,0.0
P,demonstrated_swingman,repaired,retained_reduced,0,58,0.04874109606459923,0.06896551724137931
P,demonstrated_swingman,repaired,retained_reduced,1,85,0.14614488812274223,0.1411764705882353
P,demonstrated_swingman,repaired,retained_reduced,2,71,0.24533172651616514,0.2535211267605634
P,demonstrated_swingman,repaired,retained_reduced,3,30,0.34048842912416216,0.2
P,demonstrated_swingman,repaired,retained_reduced,4,16,0.4395337788746547,0.3125
P,demonstrated_swingman,repaired,retained_reduced,5,9,0.5502912875023575,0.0
P,demonstrated_swingman,repaired,changed,0,41,0.0528484658574783,0.12195121951219512
P,demonstrated_swingman,repaired,changed,1,19,0.15834041569164914,0.15789473684210525
P,demonstrated_swingman,repaired,changed,2,26,0.24814806424299413,0.46153846153846156
P,demonstrated_swingman,repaired,changed,3,45,0.3420322767062747,0.5555555555555556
P,demonstrated_swingman,repaired,changed,4,30,0.4471181886154323,0.43333333333333335
P,demonstrated_swingman,repaired,changed,5,39,0.540773277264452,0.5384615384615384
P,demonstrated_swingman,repaired,changed,6,47,0.6440260825442853,0.6170212765957447
P,demonstrated_swingman,repaired,changed,7,18,0.739082644493724,0.6666666666666666
P,demonstrated_swingman,repaired,changed,8,4,0.8279242174703754,1.0
P,demonstrated_swingman,repaired,retention_unidentifiable,0,269,0.0,0.0
P,demonstrated_swingman,calibrated,absent,0,60,0.06004505209957353,0.08333333333333333
P,demonstrated_swingman,calibrated,absent,1,54,0.14506144240820448,0.2037037037037037
P,demonstrated_swingman,calibrated,absent,2,33,0.24351069018391822,0.12121212121212122
P,demonstrated_swingman,calibrated,absent,3,25,0.3590617707084964,0.24
P,demonstrated_swingman,calibrated,absent,4,18,0.45784573862872474,0.5555555555555556
P,demonstrated_swingman,calibrated,absent,5,14,0.5349873823860624,0.35714285714285715
P,demonstrated_swingman,calibrated,absent,6,13,0.650893390944974,0.7692307692307693
P,demonstrated_swingman,calibrated,absent,7,14,0.7616668377887771,0.8571428571428571
P,demonstrated_swingman,calibrated,absent,8,18,0.853858339436819,0.8333333333333334
P,demonstrated_swingman,calibrated,absent,9,20,0.9517084765016935,0.9
P,demonstrated_swingman,calibrated,retained_high_usage,0,256,0.022550850859489553,0.015625
P,demonstrated_swingman,calibrated,retained_high_usage,1,9,0.11845873295846027,0.0
P,demonstrated_swingman,calibrated,retained_high_usage,2,2,0.2214904015487027,0.0
P,demonstrated_swingman,calibrated,retained_high_usage,3,2,0.36775055495453257,0.0
P,demonstrated_swingman,calibrated,retained_reduced,0,58,0.04874109606459923,0.06896551724137931
P,demonstrated_swingman,calibrated,retained_reduced,1,85,0.14614488812274223,0.1411764705882353
P,demonstrated_swingman,calibrated,retained_reduced,2,71,0.24533172651616514,0.2535211267605634
P,demonstrated_swingman,calibrated,retained_reduced,3,30,0.34048842912416216,0.2
P,demonstrated_swingman,calibrated,retained_reduced,4,16,0.4395337788746547,0.3125
P,demonstrated_swingman,calibrated,retained_reduced,5,9,0.5502912875023575,0.0
P,demonstrated_swingman,calibrated,changed,0,41,0.0528484658574783,0.12195121951219512
P,demonstrated_swingman,calibrated,changed,1,19,0.15834041569164914,0.15789473684210525
P,demonstrated_swingman,calibrated,changed,2,26,0.24814806424299413,0.46153846153846156
P,demonstrated_swingman,calibrated,changed,3,45,0.3420322767062747,0.5555555555555556
P,demonstrated_swingman,calibrated,changed,4,30,0.4471181886154323,0.43333333333333335
P,demonstrated_swingman,calibrated,changed,5,39,0.540773277264452,0.5384615384615384
P,demonstrated_swingman,calibrated,changed,6,47,0.6440260825442853,0.6170212765957447
P,demonstrated_swingman,calibrated,changed,7,18,0.739082644493724,0.6666666666666666
P,demonstrated_swingman,calibrated,changed,8,4,0.8279242174703754,1.0
P,demonstrated_swingman,calibrated,retention_unidentifiable,0,269,0.0,0.0
P,established,repaired,absent,0,357,0.04445037863815489,0.0392156862745098
P,established,repaired,absent,1,94,0.1404925135557603,0.0851063829787234
P,established,repaired,absent,2,34,0.23677944409584384,0.08823529411764706
P,established,repaired,absent,3,16,0.3417050282517917,0.375
P,established,repaired,absent,4,9,0.44659857436524447,0.5555555555555556
P,established,repaired,absent,5,2,0.5434079436782637,0.5
P,established,repaired,absent,6,5,0.6499178323334271,0.4
P,established,repaired,absent,7,2,0.7355404318933068,1.0
P,established,repaired,absent,8,1,0.8282259453469217,1.0
P,established,repaired,retained_high_usage,0,63,0.060389481409133826,0.14285714285714285
P,established,repaired,retained_high_usage,1,94,0.15251807401962406,0.2553191489361702
P,established,repaired,retained_high_usage,2,93,0.24338709346829607,0.3225806451612903
P,established,repaired,retained_high_usage,3,85,0.3537480442760688,0.38823529411764707
P,established,repaired,retained_high_usage,4,72,0.4549557801721198,0.4583333333333333
P,established,repaired,retained_high_usage,5,60,0.550615050204588,0.35
P,established,repaired,retained_high_usage,6,30,0.6401707483246549,0.43333333333333335
P,established,repaired,retained_high_usage,7,19,0.7442157397479585,0.6842105263157895
P,established,repaired,retained_high_usage,8,3,0.8431302803461955,0.6666666666666666
P,established,repaired,retained_high_usage,9,1,0.9066891817201557,1.0
P,established,repaired,retained_reduced,0,8,0.08043203447552515,0.375
P,established,repaired,retained_reduced,1,28,0.15719469567260735,0.39285714285714285
P,established,repaired,retained_reduced,2,50,0.2509774017310089,0.34
P,established,repaired,retained_reduced,3,91,0.3496461367889572,0.4725274725274725
P,established,repaired,retained_reduced,4,113,0.4487546801599287,0.4778761061946903
P,established,repaired,retained_reduced,5,112,0.5523106280207796,0.4017857142857143
P,established,repaired,retained_reduced,6,69,0.6464041177182878,0.5797101449275363
P,established,repaired,retained_reduced,7,39,0.741967541528957,0.5384615384615384
P,established,repaired,retained_reduced,8,10,0.8304312715526028,0.4
P,established,repaired,changed,0,380,0.025205866253910483,0.04736842105263158
P,established,repaired,changed,1,59,0.1531538019861005,0.1694915254237288
P,established,repaired,changed,2,30,0.2424461750234935,0.23333333333333334
P,established,repaired,changed,3,27,0.33769283132833683,0.5185185185185185
P,established,repaired,changed,4,4,0.4414027756590596,0.5
P,established,repaired,changed,5,4,0.5184502195441438,0.5
P,established,repaired,changed,6,14,0.6542043384965728,0.42857142857142855
P,established,repaired,changed,7,1,0.7049997983322372,1.0
P,established,repaired,changed,8,1,0.8009533667584059,1.0
P,established,repaired,retention_unidentifiable,0,520,0.0,0.0
P,established,calibrated,absent,0,362,0.04105669682025755,0.04143646408839779
P,established,calibrated,absent,1,91,0.13975412781854019,0.07692307692307693
P,established,calibrated,absent,2,31,0.23456978346221083,0.06451612903225806
P,established,calibrated,absent,3,17,0.3395291586454332,0.4117647058823529
P,established,calibrated,absent,4,9,0.44225706958238475,0.5555555555555556
P,established,calibrated,absent,5,2,0.5434079436782637,0.5
P,established,calibrated,absent,6,5,0.6499178323334271,0.4
P,established,calibrated,absent,7,2,0.7391811600676553,1.0
P,established,calibrated,absent,8,1,0.8282259453469217,1.0
P,established,calibrated,retained_high_usage,0,60,0.059597700872093685,0.11666666666666667
P,established,calibrated,retained_high_usage,1,81,0.15082341242679684,0.25925925925925924
P,established,calibrated,retained_high_usage,2,96,0.24164409077474416,0.3020833333333333
P,established,calibrated,retained_high_usage,3,87,0.35054723139598204,0.42528735632183906
P,established,calibrated,retained_high_usage,4,81,0.45179136651912644,0.43209876543209874
P,established,calibrated,retained_high_usage,5,60,0.5551858886102583,0.31666666666666665
P,established,calibrated,retained_high_usage,6,37,0.6372898408700646,0.4594594594594595
P,established,calibrated,retained_high_usage,7,15,0.7427629890757818,0.7333333333333333
P,established,calibrated,retained_high_usage,8,2,0.8425463125873813,1.0
P,established,calibrated,retained_high_usage,9,1,0.9066891817201557,1.0
P,established,calibrated,retained_reduced,0,7,0.07808126775131792,0.2857142857142857
P,established,calibrated,retained_reduced,1,25,0.1540257541691675,0.4
P,established,calibrated,retained_reduced,2,49,0.25132177310038223,0.32653061224489793
P,established,calibrated,retained_reduced,3,128,0.35439450919612225,0.484375
P,established,calibrated,retained_reduced,4,107,0.44666104554652897,0.4392523364485981
P,established,calibrated,retained_reduced,5,97,0.5502857914054662,0.422680412371134
P,established,calibrated,retained_reduced,6,60,0.6452859207251709,0.6
P,established,calibrated,retained_reduced,7,38,0.7410791825034263,0.5526315789473685
P,established,calibrated,retained_reduced,8,9,0.8312386934827866,0.3333333333333333
P,established,calibrated,changed,0,353,0.024377783725934292,0.0339943342776204
P,established,calibrated,changed,1,58,0.1460259353611344,0.15517241379310345
P,established,calibrated,changed,2,55,0.24285044264624545,0.3090909090909091
P,established,calibrated,changed,3,32,0.33180285131928156,0.375
P,established,calibrated,changed,4,3,0.4367731661714254,0.3333333333333333
P,established,calibrated,changed,5,4,0.5184502195441438,0.5
P,established,calibrated,changed,6,13,0.6540027112979087,0.46153846153846156
P,established,calibrated,changed,7,1,0.7049997983322372,1.0
P,established,calibrated,changed,8,1,0.8009533667584059,1.0
P,established,calibrated,retention_unidentifiable,0,520,0.0,0.0
P,interrupted,repaired,absent,0,29,0.06499384577104189,0.10344827586206896
P,interrupted,repaired,absent,1,19,0.1389117974196654,0.10526315789473684
P,interrupted,repaired,absent,2,23,0.2537812215533162,0.043478260869565216
P,interrupted,repaired,absent,3,20,0.3516559057792756,0.45
P,interrupted,repaired,absent,4,15,0.4403396409212107,0.6
P,interrupted,repaired,absent,5,10,0.54130072719578,0.4
P,interrupted,repaired,absent,6,14,0.651984636104536,0.5714285714285714
P,interrupted,repaired,absent,7,8,0.7467808235559507,0.75
P,interrupted,repaired,absent,8,21,0.8469427404749916,0.8571428571428571
P,interrupted,repaired,absent,9,8,0.9359017196117565,1.0
P,interrupted,repaired,retained_high_usage,0,124,0.029041076482025314,0.04838709677419355
P,interrupted,repaired,retained_high_usage,1,21,0.1307049693247186,0.23809523809523808
P,interrupted,repaired,retained_high_usage,2,10,0.23912379601190867,0.2
P,interrupted,repaired,retained_high_usage,3,6,0.3573137103090335,0.16666666666666666
P,interrupted,repaired,retained_high_usage,4,4,0.4715374371038332,0.25
P,interrupted,repaired,retained_high_usage,5,1,0.5168206823167321,1.0
P,interrupted,repaired,retained_high_usage,6,1,0.6554458604117932,0.0
P,interrupted,repaired,retained_reduced,0,31,0.061779208739156335,0.03225806451612903
P,interrupted,repaired,retained_reduced,1,27,0.15667130683576905,0.1111111111111111
P,interrupted,repaired,retained_reduced,2,25,0.24475441512953783,0.2
P,interrupted,repaired,retained_reduced,3,17,0.35077928533412,0.4117647058823529
P,interrupted,repaired,retained_reduced,4,28,0.44695586867066023,0.35714285714285715
P,interrupted,repaired,retained_reduced,5,26,0.5421311642003922,0.34615384615384615
P,interrupted,repaired,retained_reduced,6,6,0.6341630805646347,0.5
P,interrupted,repaired,retained_reduced,7,6,0.7374777636613805,0.6666666666666666
P,interrupted,repaired,retained_reduced,8,1,0.8269623363981218,1.0
P,interrupted,repaired,changed,0,65,0.05571065576770859,0.12307692307692308
P,interrupted,repaired,changed,1,54,0.14323180901267235,0.2222222222222222
P,interrupted,repaired,changed,2,15,0.24058312960995804,0.26666666666666666
P,interrupted,repaired,changed,3,16,0.34996066645556095,0.4375
P,interrupted,repaired,changed,4,9,0.4323778514449101,0.3333333333333333
P,interrupted,repaired,changed,5,3,0.5348914718206389,1.0
P,interrupted,repaired,changed,6,4,0.6411246081358368,0.75
P,interrupted,repaired,changed,7,1,0.754416662916878,0.0
P,interrupted,repaired,retention_unidentifiable,0,167,0.0,0.0
P,interrupted,calibrated,absent,0,32,0.06539877844689346,0.125
P,interrupted,calibrated,absent,1,20,0.14221519726816445,0.05
P,interrupted,calibrated,absent,2,21,0.2512015167196141,0.19047619047619047
P,interrupted,calibrated,absent,3,18,0.35119322510730316,0.4444444444444444
P,interrupted,calibrated,absent,4,12,0.4264258863174682,0.4166666666666667
P,interrupted,calibrated,absent,5,14,0.5411822457861579,0.5
P,interrupted,calibrated,absent,6,14,0.6644625321052607,0.6428571428571429
P,interrupted,calibrated,absent,7,8,0.7600686337758058,0.625
P,interrupted,calibrated,absent,8,21,0.8516943351723283,0.8571428571428571
P,interrupted,calibrated,absent,9,7,0.936864122678233,1.0
P,interrupted,calibrated,retained_high_usage,0,108,0.028156869578716354,0.018518518518518517
P,interrupted,calibrated,retained_high_usage,1,34,0.1421550444865264,0.2647058823529412
P,interrupted,calibrated,retained_high_usage,2,9,0.2563680926879754,0.0
P,interrupted,calibrated,retained_high_usage,3,11,0.34526383538103805,0.2727272727272727
P,interrupted,calibrated,retained_high_usage,4,3,0.4850990927265381,0.3333333333333333
P,interrupted,calibrated,retained_high_usage,5,1,0.5168206823167321,1.0
P,interrupted,calibrated,retained_high_usage,6,1,0.6554458604117932,0.0
P,interrupted,calibrated,retained_reduced,0,31,0.05997917162153008,0.03225806451612903
P,interrupted,calibrated,retained_reduced,1,43,0.1497401435211388,0.13953488372093023
P,interrupted,calibrated,retained_reduced,2,22,0.24571675372768442,0.13636363636363635
P,interrupted,calibrated,retained_reduced,3,31,0.35022025520087474,0.4838709677419355
P,interrupted,calibrated,retained_reduced,4,29,0.44487614820315613,0.4482758620689655
P,interrupted,calibrated,retained_reduced,5,8,0.536900925563544,0.5
P,interrupted,calibrated,retained_reduced,6,1,0.6154783019611912,0.0
P,interrupted,calibrated,retained_reduced,7,2,0.7287662020479722,0.5
P,interrupted,calibrated,changed,0,41,0.058456090455743966,0.07317073170731707
P,interrupted,calibrated,changed,1,40,0.15599409376029644,0.175
P,interrupted,calibrated,changed,2,38,0.2500416506854983,0.3684210526315789
P,interrupted,calibrated,changed,3,31,0.34153230091053527,0.2903225806451613
P,interrupted,calibrated,changed,4,9,0.4288195620478994,0.1111111111111111
P,interrupted,calibrated,changed,5,3,0.5348914718206389,1.0
P,interrupted,calibrated,changed,6,4,0.6411246081358368,0.75
P,interrupted,calibrated,changed,7,1,0.754416662916878,0.0
P,interrupted,calibrated,retention_unidentifiable,0,167,0.0,0.0
P,reliever,repaired,absent,0,285,0.04679775811626571,0.0456140350877193
P,reliever,repaired,absent,1,148,0.14597022398443835,0.14189189189189189
P,reliever,repaired,absent,2,125,0.24511298576793564,0.232
P,reliever,repaired,absent,3,100,0.3471269424098815,0.36
P,reliever,repaired,absent,4,101,0.4470747392587737,0.37623762376237624
P,reliever,repaired,absent,5,114,0.5496709918329349,0.5175438596491229
P,reliever,repaired,absent,6,114,0.6495368673958318,0.5350877192982456
P,reliever,repaired,absent,7,164,0.7487877666661877,0.6585365853658537
P,reliever,repaired,absent,8,235,0.8534928126536583,0.7829787234042553
P,reliever,repaired,absent,9,381,0.9513772642020963,0.9501312335958005
P,reliever,repaired,retained_high_usage,0,1300,0.018235049918837686,0.03769230769230769
P,reliever,repaired,retained_high_usage,1,146,0.14423481909531086,0.2328767123287671
P,reliever,repaired,retained_high_usage,2,91,0.24299403434778524,0.27472527472527475
P,reliever,repaired,retained_high_usage,3,78,0.3511842748725667,0.38461538461538464
P,reliever,repaired,retained_high_usage,4,73,0.45506548756704346,0.410958904109589
P,reliever,repaired,retained_high_usage,5,35,0.5501622189142776,0.3142857142857143
P,reliever,repaired,retained_high_usage,6,27,0.6387468851935106,0.37037037037037035
P,reliever,repaired,retained_high_usage,7,14,0.7429360480190436,0.6428571428571429
P,reliever,repaired,retained_high_usage,8,2,0.8425463125873813,1.0
P,reliever,repaired,retained_high_usage,9,1,0.9066891817201557,1.0
P,reliever,repaired,retained_reduced,0,450,0.04758444870322115,0.06666666666666667
P,reliever,repaired,retained_reduced,1,269,0.148445271700367,0.22676579925650558
P,reliever,repaired,retained_reduced,2,197,0.24759009203924015,0.39593908629441626
P,reliever,repaired,retained_reduced,3,179,0.3533273844003268,0.4245810055865922
P,reliever,repaired,retained_reduced,4,199,0.4462171807229172,0.5025125628140703
P,reliever,repaired,retained_reduced,5,186,0.5524774303342997,0.5053763440860215
P,reliever,repaired,retained_reduced,6,142,0.6466530092576165,0.5352112676056338
P,reliever,repaired,retained_reduced,7,110,0.7454120577642784,0.5818181818181818
P,reliever,repaired,retained_reduced,8,34,0.8400991012275023,0.5588235294117647
P,reliever,repaired,retained_reduced,9,1,0.9109148495978505,1.0
P,reliever,repaired,changed,0,1638,0.015558771414014388,0.017704517704517704
P,reliever,repaired,changed,1,77,0.14148754703505032,0.2077922077922078
P,reliever,repaired,changed,2,24,0.24206391283664153,0.125
P,reliever,repaired,changed,3,17,0.33814423142156597,0.4117647058823529
P,reliever,repaired,changed,4,5,0.457631559701715,0.2
P,reliever,repaired,changed,5,4,0.5589405564051845,0.0
P,reliever,repaired,changed,6,2,0.6666740923616103,0.0
P,reliever,repaired,retention_unidentifiable,0,1767,0.0,0.0
P,reliever,calibrated,absent,0,285,0.04679775811626571,0.0456140350877193
P,reliever,calibrated,absent,1,148,0.14597022398443835,0.14189189189189189
P,reliever,calibrated,absent,2,125,0.24511298576793564,0.232
P,reliever,calibrated,absent,3,100,0.3471269424098815,0.36
P,reliever,calibrated,absent,4,101,0.4470747392587737,0.37623762376237624
P,reliever,calibrated,absent,5,114,0.5496709918329349,0.5175438596491229
P,reliever,calibrated,absent,6,114,0.6495368673958318,0.5350877192982456
P,reliever,calibrated,absent,7,164,0.7487877666661877,0.6585365853658537
P,reliever,calibrated,absent,8,235,0.8534928126536583,0.7829787234042553
P,reliever,calibrated,absent,9,381,0.9513772642020963,0.9501312335958005
P,reliever,calibrated,retained_high_usage,0,1300,0.018235049918837686,0.03769230769230769
P,reliever,calibrated,retained_high_usage,1,146,0.14423481909531086,0.2328767123287671
P,reliever,calibrated,retained_high_usage,2,91,0.24299403434778524,0.27472527472527475
P,reliever,calibrated,retained_high_usage,3,78,0.3511842748725667,0.38461538461538464
P,reliever,calibrated,retained_high_usage,4,73,0.45506548756704346,0.410958904109589
P,reliever,calibrated,retained_high_usage,5,35,0.5501622189142776,0.3142857142857143
P,reliever,calibrated,retained_high_usage,6,27,0.6387468851935106,0.37037037037037035
P,reliever,calibrated,retained_high_usage,7,14,0.7429360480190436,0.6428571428571429
P,reliever,calibrated,retained_high_usage,8,2,0.8425463125873813,1.0
P,reliever,calibrated,retained_high_usage,9,1,0.9066891817201557,1.0
P,reliever,calibrated,retained_reduced,0,450,0.04758444870322115,0.06666666666666667
P,reliever,calibrated,retained_reduced,1,269,0.148445271700367,0.22676579925650558
P,reliever,calibrated,retained_reduced,2,197,0.24759009203924015,0.39593908629441626
P,reliever,calibrated,retained_reduced,3,179,0.3533273844003268,0.4245810055865922
P,reliever,calibrated,retained_reduced,4,199,0.4462171807229172,0.5025125628140703
P,reliever,calibrated,retained_reduced,5,186,0.5524774303342997,0.5053763440860215
P,reliever,calibrated,retained_reduced,6,142,0.6466530092576165,0.5352112676056338
P,reliever,calibrated,retained_reduced,7,110,0.7454120577642784,0.5818181818181818
P,reliever,calibrated,retained_reduced,8,34,0.8400991012275023,0.5588235294117647
P,reliever,calibrated,retained_reduced,9,1,0.9109148495978505,1.0
P,reliever,calibrated,changed,0,1638,0.015558771414014388,0.017704517704517704
P,reliever,calibrated,changed,1,77,0.14148754703505032,0.2077922077922078
P,reliever,calibrated,changed,2,24,0.24206391283664153,0.125
P,reliever,calibrated,changed,3,17,0.33814423142156597,0.4117647058823529
P,reliever,calibrated,changed,4,5,0.457631559701715,0.2
P,reliever,calibrated,changed,5,4,0.5589405564051845,0.0
P,reliever,calibrated,changed,6,2,0.6666740923616103,0.0
P,reliever,calibrated,retention_unidentifiable,0,1767,0.0,0.0
P,starter,repaired,absent,0,207,0.053708730955916356,0.07246376811594203
P,starter,repaired,absent,1,71,0.14526774037198564,0.11267605633802817
P,starter,repaired,absent,2,50,0.24612060974094085,0.16
P,starter,repaired,absent,3,28,0.35382096072492647,0.32142857142857145
P,starter,repaired,absent,4,23,0.4490053880619135,0.4782608695652174
P,starter,repaired,absent,5,15,0.5462770430011685,0.4
P,starter,repaired,absent,6,16,0.6495912978327889,0.5
P,starter,repaired,absent,7,18,0.7476766759997079,0.6111111111111112
P,starter,repaired,absent,8,22,0.8472581445111387,0.9545454545454546
P,starter,repaired,absent,9,31,0.9547935569001921,0.9354838709677419
P,starter,repaired,retained_high_usage,0,242,0.029604080213705454,0.049586776859504134
P,starter,repaired,retained_high_usage,1,77,0.14850560755306336,0.2077922077922078
P,starter,repaired,retained_high_usage,2,58,0.24794483217294178,0.27586206896551724
P,starter,repaired,retained_high_usage,3,33,0.3465104032552393,0.2727272727272727
P,starter,repaired,retained_high_usage,4,21,0.451798752638288,0.23809523809523808
P,starter,repaired,retained_high_usage,5,33,0.546807648628425,0.42424242424242425
P,starter,repaired,retained_high_usage,6,8,0.642183711273689,0.375
P,starter,repaired,retained_high_usage,7,8,0.745309192650488,0.625
P,starter,repaired,retained_high_usage,8,1,0.8442982158638241,0.0
P,starter,repaired,retained_reduced,0,58,0.042014314092540445,0.034482758620689655
P,starter,repaired,retained_reduced,1,52,0.15519239252098505,0.23076923076923078
P,starter,repaired,retained_reduced,2,68,0.2569928358545006,0.35294117647058826
P,starter,repaired,retained_reduced,3,92,0.35188394101135584,0.4782608695652174
P,starter,repaired,retained_reduced,4,88,0.4449620175172245,0.3977272727272727
P,starter,repaired,retained_reduced,5,71,0.5480899826731573,0.43661971830985913
P,starter,repaired,retained_reduced,6,37,0.6393254863387196,0.40540540540540543
P,starter,repaired,retained_reduced,7,11,0.7510791196519044,0.45454545454545453
P,starter,repaired,retained_reduced,8,4,0.8315082741068902,0.75
P,starter,repaired,changed,0,192,0.05004294473791713,0.09895833333333333
P,starter,repaired,changed,1,113,0.14863849893321351,0.23008849557522124
P,starter,repaired,changed,2,64,0.24358079938123844,0.203125
P,starter,repaired,changed,3,56,0.343687638310397,0.375
P,starter,repaired,changed,4,38,0.44584494616283865,0.42105263157894735
P,starter,repaired,changed,5,7,0.548759045994051,0.42857142857142855
P,starter,repaired,changed,6,9,0.6285565102254557,0.4444444444444444
P,starter,repaired,changed,7,2,0.7512340330807781,1.0
P,starter,repaired,retention_unidentifiable,0,481,0.0,0.0
P,starter,calibrated,absent,0,207,0.044560605353542865,0.07729468599033816
P,starter,calibrated,absent,1,64,0.14050670630528855,0.0625
P,starter,calibrated,absent,2,44,0.24538832902983554,0.22727272727272727
P,starter,calibrated,absent,3,31,0.3459299748057341,0.3548387096774194
P,starter,calibrated,absent,4,24,0.4387330776275162,0.25
P,starter,calibrated,absent,5,19,0.5438988253281227,0.47368421052631576
P,starter,calibrated,absent,6,19,0.6640593459542959,0.5263157894736842
P,starter,calibrated,absent,7,18,0.7533585072628163,0.4444444444444444
P,starter,calibrated,absent,8,28,0.8558426075411719,0.9285714285714286
P,starter,calibrated,absent,9,27,0.9526287558364792,0.9629629629629629
P,starter,calibrated,retained_high_usage,0,215,0.029838205787166436,0.027906976744186046
P,starter,calibrated,retained_high_usage,1,79,0.14752324757480587,0.20253164556962025
P,starter,calibrated,retained_high_usage,2,65,0.2451961808390361,0.2
P,starter,calibrated,retained_high_usage,3,38,0.3443470286881865,0.42105263157894735
P,starter,calibrated,retained_high_usage,4,34,0.44502120716689963,0.2647058823529412
P,starter,calibrated,retained_high_usage,5,31,0.5606340488342955,0.3548387096774194
P,starter,calibrated,retained_high_usage,6,16,0.6349274627351842,0.4375
P,starter,calibrated,retained_high_usage,7,3,0.7526310634711404,0.6666666666666666
P,starter,calibrated,retained_reduced,0,61,0.04682123983920386,0.03278688524590164
P,starter,calibrated,retained_reduced,1,62,0.14465985466220369,0.22580645161290322
P,starter,calibrated,retained_reduced,2,60,0.25421922833905336,0.35
P,starter,calibrated,retained_reduced,3,162,0.3533059140155521,0.4876543209876543
P,starter,calibrated,retained_reduced,4,84,0.44088308837120976,0.38095238095238093
P,starter,calibrated,retained_reduced,5,35,0.5427941370807956,0.42857142857142855
P,starter,calibrated,retained_reduced,6,14,0.6360581386911005,0.35714285714285715
P,starter,calibrated,retained_reduced,7,2,0.7185043962546577,1.0
P,starter,calibrated,retained_reduced,8,1,0.8326316608418346,1.0
P,starter,calibrated,changed,0,127,0.053371082737985236,0.031496062992125984
P,starter,calibrated,changed,1,91,0.14819247662681928,0.1978021978021978
P,starter,calibrated,changed,2,133,0.24830348256889312,0.3082706766917293
P,starter,calibrated,changed,3,96,0.3447572141461381,0.3125
P,starter,calibrated,changed,4,33,0.4271105449635762,0.30303030303030304
P,starter,calibrated,changed,5,1,0.5176957156383817,1.0
P,starter,calibrated,retention_unidentifiable,0,481,0.0,0.0
P,swingman,repaired,absent,0,60,0.06004505209957353,0.08333333333333333
P,swingman,repaired,absent,1,54,0.14506144240820448,0.2037037037037037
P,swingman,repaired,absent,2,33,0.24351069018391822,0.12121212121212122
P,swingman,repaired,absent,3,25,0.3590617707084964,0.24
P,swingman,repaired,absent,4,18,0.45784573862872474,0.5555555555555556
P,swingman,repaired,absent,5,14,0.5349873823860624,0.35714285714285715
P,swingman,repaired,absent,6,13,0.650893390944974,0.7692307692307693
P,swingman,repaired,absent,7,14,0.7616668377887771,0.8571428571428571
P,swingman,repaired,absent,8,18,0.853858339436819,0.8333333333333334
P,swingman,repaired,absent,9,20,0.9517084765016935,0.9
P,swingman,repaired,retained_high_usage,0,256,0.022550850859489553,0.015625
P,swingman,repaired,retained_high_usage,1,9,0.11845873295846027,0.0
P,swingman,repaired,retained_high_usage,2,2,0.2214904015487027,0.0
P,swingman,repaired,retained_high_usage,3,2,0.36775055495453257,0.0
P,swingman,repaired,retained_reduced,0,58,0.04874109606459923,0.06896551724137931
P,swingman,repaired,retained_reduced,1,85,0.14614488812274223,0.1411764705882353
P,swingman,repaired,retained_reduced,2,71,0.24533172651616514,0.2535211267605634
P,swingman,repaired,retained_reduced,3,30,0.34048842912416216,0.2
P,swingman,repaired,retained_reduced,4,16,0.4395337788746547,0.3125
P,swingman,repaired,retained_reduced,5,9,0.5502912875023575,0.0
P,swingman,repaired,changed,0,41,0.0528484658574783,0.12195121951219512
P,swingman,repaired,changed,1,19,0.15834041569164914,0.15789473684210525
P,swingman,repaired,changed,2,26,0.24814806424299413,0.46153846153846156
P,swingman,repaired,changed,3,45,0.3420322767062747,0.5555555555555556
P,swingman,repaired,changed,4,30,0.4471181886154323,0.43333333333333335
P,swingman,repaired,changed,5,39,0.540773277264452,0.5384615384615384
P,swingman,repaired,changed,6,47,0.6440260825442853,0.6170212765957447
P,swingman,repaired,changed,7,18,0.739082644493724,0.6666666666666666
P,swingman,repaired,changed,8,4,0.8279242174703754,1.0
P,swingman,repaired,retention_unidentifiable,0,269,0.0,0.0
P,swingman,calibrated,absent,0,60,0.06004505209957353,0.08333333333333333
P,swingman,calibrated,absent,1,54,0.14506144240820448,0.2037037037037037
P,swingman,calibrated,absent,2,33,0.24351069018391822,0.12121212121212122
P,swingman,calibrated,absent,3,25,0.3590617707084964,0.24
P,swingman,calibrated,absent,4,18,0.45784573862872474,0.5555555555555556
P,swingman,calibrated,absent,5,14,0.5349873823860624,0.35714285714285715
P,swingman,calibrated,absent,6,13,0.650893390944974,0.7692307692307693
P,swingman,calibrated,absent,7,14,0.7616668377887771,0.8571428571428571
P,swingman,calibrated,absent,8,18,0.853858339436819,0.8333333333333334
P,swingman,calibrated,absent,9,20,0.9517084765016935,0.9
P,swingman,calibrated,retained_high_usage,0,256,0.022550850859489553,0.015625
P,swingman,calibrated,retained_high_usage,1,9,0.11845873295846027,0.0
P,swingman,calibrated,retained_high_usage,2,2,0.2214904015487027,0.0
P,swingman,calibrated,retained_high_usage,3,2,0.36775055495453257,0.0
P,swingman,calibrated,retained_reduced,0,58,0.04874109606459923,0.06896551724137931
P,swingman,calibrated,retained_reduced,1,85,0.14614488812274223,0.1411764705882353
P,swingman,calibrated,retained_reduced,2,71,0.24533172651616514,0.2535211267605634
P,swingman,calibrated,retained_reduced,3,30,0.34048842912416216,0.2
P,swingman,calibrated,retained_reduced,4,16,0.4395337788746547,0.3125
P,swingman,calibrated,retained_reduced,5,9,0.5502912875023575,0.0
P,swingman,calibrated,changed,0,41,0.0528484658574783,0.12195121951219512
P,swingman,calibrated,changed,1,19,0.15834041569164914,0.15789473684210525
P,swingman,calibrated,changed,2,26,0.24814806424299413,0.46153846153846156
P,swingman,calibrated,changed,3,45,0.3420322767062747,0.5555555555555556
P,swingman,calibrated,changed,4,30,0.4471181886154323,0.43333333333333335
P,swingman,calibrated,changed,5,39,0.540773277264452,0.5384615384615384
P,swingman,calibrated,changed,6,47,0.6440260825442853,0.6170212765957447
P,swingman,calibrated,changed,7,18,0.739082644493724,0.6666666666666666
P,swingman,calibrated,changed,8,4,0.8279242174703754,1.0
P,swingman,calibrated,retention_unidentifiable,0,269,0.0,0.0
P,uncertain_role,repaired,absent,0,48,0.06647326621257128,0.08333333333333333
P,uncertain_role,repaired,absent,1,64,0.14526581920839773,0.1875
P,uncertain_role,repaired,absent,2,77,0.24480875508478517,0.22077922077922077
P,uncertain_role,repaired,absent,3,66,0.349369836236637,0.3787878787878788
P,uncertain_role,repaired,absent,4,85,0.45131925384819804,0.43529411764705883
P,uncertain_role,repaired,absent,5,91,0.5489259635384153,0.4835164835164835
P,uncertain_role,repaired,absent,6,92,0.6508371611435024,0.5869565217391305
P,uncertain_role,repaired,absent,7,169,0.7499086225866947,0.6686390532544378
P,uncertain_role,repaired,absent,8,247,0.853702893290371,0.8016194331983806
P,uncertain_role,repaired,absent,9,423,0.9520166042632852,0.9479905437352246
P,uncertain_role,repaired,retained_high_usage,0,1244,0.016084073842653375,0.027331189710610933
P,uncertain_role,repaired,retained_high_usage,1,72,0.13607407700613544,0.18055555555555555
P,uncertain_role,repaired,retained_high_usage,2,24,0.24503585433081002,0.16666666666666666
P,uncertain_role,repaired,retained_high_usage,3,13,0.3408662015838942,0.23076923076923078
P,uncertain_role,repaired,retained_high_usage,4,8,0.45471635935251836,0.125
P,uncertain_role,repaired,retained_high_usage,7,1,0.7465512552772338,0.0
P,uncertain_role,repaired,retained_reduced,0,519,0.04527001447992106,0.057803468208092484
P,uncertain_role,repaired,retained_reduced,1,294,0.14583678433895414,0.1870748299319728
P,uncertain_role,repaired,retained_reduced,2,177,0.2472291797916264,0.3785310734463277
P,uncertain_role,repaired,retained_reduced,3,123,0.3550605730031308,0.3821138211382114
P,uncertain_role,repaired,retained_reduced,4,93,0.4441489269624392,0.4838709677419355
P,uncertain_role,repaired,retained_reduced,5,72,0.5532619928423174,0.4722222222222222
P,uncertain_role,repaired,retained_reduced,6,48,0.6473963425019752,0.4791666666666667
P,uncertain_role,repaired,retained_reduced,7,27,0.7494452411066332,0.5555555555555556
P,uncertain_role,repaired,retained_reduced,8,8,0.8509322770884683,0.625
P,uncertain_role,repaired,retained_reduced,9,1,0.9109148495978505,1.0
P,uncertain_role,repaired,changed,0,1175,0.014089615304042662,0.016170212765957447
P,uncertain_role,repaired,changed,1,59,0.1446278180891798,0.1694915254237288
P,uncertain_role,repaired,changed,2,30,0.2409391862908188,0.26666666666666666
P,uncertain_role,repaired,changed,3,34,0.34240867497389804,0.3235294117647059
P,uncertain_role,repaired,changed,4,20,0.43796101740371185,0.4
P,uncertain_role,repaired,changed,5,16,0.5465938545501813,0.4375
P,uncertain_role,repaired,changed,6,19,0.6446101364802184,0.5789473684210527
P,uncertain_role,repaired,changed,7,7,0.7478709265085867,0.5714285714285714
P,uncertain_role,repaired,changed,8,2,0.8447641219336328,1.0
P,uncertain_role,repaired,retention_unidentifiable,0,1362,0.0,0.0
P,uncertain_role,calibrated,absent,0,42,0.061920725397764644,0.09523809523809523
P,uncertain_role,calibrated,absent,1,70,0.14589930041715476,0.17142857142857143
P,uncertain_role,calibrated,absent,2,76,0.24499959409702618,0.2236842105263158
P,uncertain_role,calibrated,absent,3,65,0.3475426393144777,0.38461538461538464
P,uncertain_role,calibrated,absent,4,84,0.4511424436715303,0.4166666666666667
P,uncertain_role,calibrated,absent,5,91,0.549453092887549,0.4835164835164835
P,uncertain_role,calibrated,absent,6,95,0.6520716641082228,0.5894736842105263
P,uncertain_role,calibrated,absent,7,167,0.7505159939759511,0.6586826347305389
P,uncertain_role,calibrated,absent,8,252,0.854115618082534,0.8055555555555556
P,uncertain_role,calibrated,absent,9,420,0.9517965824885596,0.95
P,uncertain_role,calibrated,retained_high_usage,0,1239,0.01588070274560177,0.02744148506860371
P,uncertain_role,calibrated,retained_high_usage,1,75,0.13437709136874254,0.17333333333333334
P,uncertain_role,calibrated,retained_high_usage,2,27,0.24168585835269024,0.14814814814814814
P,uncertain_role,calibrated,retained_high_usage,3,12,0.34214939646104653,0.25
P,uncertain_role,calibrated,retained_high_usage,4,8,0.45471635935251836,0.125
P,uncertain_role,calibrated,retained_high_usage,7,1,0.7465512552772338,0.0
P,uncertain_role,calibrated,retained_reduced,0,525,0.04613587553793385,0.05904761904761905
P,uncertain_role,calibrated,retained_reduced,1,287,0.14548728667096322,0.1916376306620209
P,uncertain_role,calibrated,retained_reduced,2,179,0.24709196549861698,0.3687150837988827
P,uncertain_role,calibrated,retained_reduced,3,126,0.3539290355639282,0.3968253968253968
P,uncertain_role,calibrated,retained_reduced,4,92,0.44303247748166835,0.4673913043478261
P,uncertain_role,calibrated,retained_reduced,5,71,0.5529996198233651,0.4647887323943662
P,uncertain_role,calibrated,retained_reduced,6,47,0.648002123638782,0.48936170212765956
P,uncertain_role,calibrated,retained_reduced,7,26,0.7493040463554863,0.5769230769230769
P,uncertain_role,calibrated,retained_reduced,8,8,0.8509322770884683,0.625
P,uncertain_role,calibrated,retained_reduced,9,1,0.9109148495978505,1.0
P,uncertain_role,calibrated,changed,0,1172,0.014085235263647243,0.015358361774744027
P,uncertain_role,calibrated,changed,1,54,0.14133144763957667,0.16666666666666666
P,uncertain_role,calibrated,changed,2,41,0.24757141775783054,0.24390243902439024
P,uncertain_role,calibrated,changed,3,36,0.34613836116534813,0.3888888888888889
P,uncertain_role,calibrated,changed,4,17,0.4355885975317344,0.35294117647058826
P,uncertain_role,calibrated,changed,5,17,0.5448939640259578,0.47058823529411764
P,uncertain_role,calibrated,changed,6,17,0.6467725073983956,0.5882352941176471
P,uncertain_role,calibrated,changed,7,6,0.7420138781544096,0.5
P,uncertain_role,calibrated,changed,8,2,0.8447641219336328,1.0
P,uncertain_role,calibrated,retention_unidentifiable,0,1362,0.0,0.0
P,unstable,repaired,absent,0,48,0.06647326621257128,0.08333333333333333
P,unstable,repaired,absent,1,64,0.14526581920839773,0.1875
P,unstable,repaired,absent,2,77,0.24480875508478517,0.22077922077922077
P,unstable,repaired,absent,3,66,0.349369836236637,0.3787878787878788
P,unstable,repaired,absent,4,85,0.45131925384819804,0.43529411764705883
P,unstable,repaired,absent,5,91,0.5489259635384153,0.4835164835164835
P,unstable,repaired,absent,6,92,0.6508371611435024,0.5869565217391305
P,unstable,repaired,absent,7,169,0.7499086225866947,0.6686390532544378
P,unstable,repaired,absent,8,247,0.853702893290371,0.8016194331983806
P,unstable,repaired,absent,9,423,0.9520166042632852,0.9479905437352246
P,unstable,repaired,retained_high_usage,0,1244,0.016084073842653375,0.027331189710610933
P,unstable,repaired,retained_high_usage,1,72,0.13607407700613544,0.18055555555555555
P,unstable,repaired,retained_high_usage,2,24,0.24503585433081002,0.16666666666666666
P,unstable,repaired,retained_high_usage,3,13,0.3408662015838942,0.23076923076923078
P,unstable,repaired,retained_high_usage,4,8,0.45471635935251836,0.125
P,unstable,repaired,retained_high_usage,7,1,0.7465512552772338,0.0
P,unstable,repaired,retained_reduced,0,519,0.04527001447992106,0.057803468208092484
P,unstable,repaired,retained_reduced,1,294,0.14583678433895414,0.1870748299319728
P,unstable,repaired,retained_reduced,2,177,0.2472291797916264,0.3785310734463277
P,unstable,repaired,retained_reduced,3,123,0.3550605730031308,0.3821138211382114
P,unstable,repaired,retained_reduced,4,93,0.4441489269624392,0.4838709677419355
P,unstable,repaired,retained_reduced,5,72,0.5532619928423174,0.4722222222222222
P,unstable,repaired,retained_reduced,6,48,0.6473963425019752,0.4791666666666667
P,unstable,repaired,retained_reduced,7,27,0.7494452411066332,0.5555555555555556
P,unstable,repaired,retained_reduced,8,8,0.8509322770884683,0.625
P,unstable,repaired,retained_reduced,9,1,0.9109148495978505,1.0
P,unstable,repaired,changed,0,1175,0.014089615304042662,0.016170212765957447
P,unstable,repaired,changed,1,59,0.1446278180891798,0.1694915254237288
P,unstable,repaired,changed,2,30,0.2409391862908188,0.26666666666666666
P,unstable,repaired,changed,3,34,0.34240867497389804,0.3235294117647059
P,unstable,repaired,changed,4,20,0.43796101740371185,0.4
P,unstable,repaired,changed,5,16,0.5465938545501813,0.4375
P,unstable,repaired,changed,6,19,0.6446101364802184,0.5789473684210527
P,unstable,repaired,changed,7,7,0.7478709265085867,0.5714285714285714
P,unstable,repaired,changed,8,2,0.8447641219336328,1.0
P,unstable,repaired,retention_unidentifiable,0,1362,0.0,0.0
P,unstable,calibrated,absent,0,42,0.061920725397764644,0.09523809523809523
P,unstable,calibrated,absent,1,70,0.14589930041715476,0.17142857142857143
P,unstable,calibrated,absent,2,76,0.24499959409702618,0.2236842105263158
P,unstable,calibrated,absent,3,65,0.3475426393144777,0.38461538461538464
P,unstable,calibrated,absent,4,84,0.4511424436715303,0.4166666666666667
P,unstable,calibrated,absent,5,91,0.549453092887549,0.4835164835164835
P,unstable,calibrated,absent,6,95,0.6520716641082228,0.5894736842105263
P,unstable,calibrated,absent,7,167,0.7505159939759511,0.6586826347305389
P,unstable,calibrated,absent,8,252,0.854115618082534,0.8055555555555556
P,unstable,calibrated,absent,9,420,0.9517965824885596,0.95
P,unstable,calibrated,retained_high_usage,0,1239,0.01588070274560177,0.02744148506860371
P,unstable,calibrated,retained_high_usage,1,75,0.13437709136874254,0.17333333333333334
P,unstable,calibrated,retained_high_usage,2,27,0.24168585835269024,0.14814814814814814
P,unstable,calibrated,retained_high_usage,3,12,0.34214939646104653,0.25
P,unstable,calibrated,retained_high_usage,4,8,0.45471635935251836,0.125
P,unstable,calibrated,retained_high_usage,7,1,0.7465512552772338,0.0
P,unstable,calibrated,retained_reduced,0,525,0.04613587553793385,0.05904761904761905
P,unstable,calibrated,retained_reduced,1,287,0.14548728667096322,0.1916376306620209
P,unstable,calibrated,retained_reduced,2,179,0.24709196549861698,0.3687150837988827
P,unstable,calibrated,retained_reduced,3,126,0.3539290355639282,0.3968253968253968
P,unstable,calibrated,retained_reduced,4,92,0.44303247748166835,0.4673913043478261
P,unstable,calibrated,retained_reduced,5,71,0.5529996198233651,0.4647887323943662
P,unstable,calibrated,retained_reduced,6,47,0.648002123638782,0.48936170212765956
P,unstable,calibrated,retained_reduced,7,26,0.7493040463554863,0.5769230769230769
P,unstable,calibrated,retained_reduced,8,8,0.8509322770884683,0.625
P,unstable,calibrated,retained_reduced,9,1,0.9109148495978505,1.0
P,unstable,calibrated,changed,0,1172,0.014085235263647243,0.015358361774744027
P,unstable,calibrated,changed,1,54,0.14133144763957667,0.16666666666666666
P,unstable,calibrated,changed,2,41,0.24757141775783054,0.24390243902439024
P,unstable,calibrated,changed,3,36,0.34613836116534813,0.3888888888888889
P,unstable,calibrated,changed,4,17,0.4355885975317344,0.35294117647058826
P,unstable,calibrated,changed,5,17,0.5448939640259578,0.47058823529411764
P,unstable,calibrated,changed,6,17,0.6467725073983956,0.5882352941176471
P,unstable,calibrated,changed,7,6,0.7420138781544096,0.5
P,unstable,calibrated,changed,8,2,0.8447641219336328,1.0
P,unstable,calibrated,retention_unidentifiable,0,1362,0.0,0.0
P,young,repaired,absent,0,118,0.0602834577762703,0.1016949152542373
P,young,repaired,absent,1,96,0.15216966407914925,0.1875
P,young,repaired,absent,2,74,0.24653058307560635,0.2702702702702703
P,young,repaired,absent,3,51,0.35367485587777026,0.21568627450980393
P,young,repaired,absent,4,33,0.44655386441439415,0.24242424242424243
P,young,repaired,absent,5,40,0.5473596556516718,0.525
P,young,repaired,absent,6,32,0.6452464012000387,0.46875
P,young,repaired,absent,7,17,0.7495779388768705,0.5882352941176471
P,young,repaired,absent,8,6,0.8502170207790223,0.5
P,young,repaired,absent,9,1,0.9172700946747951,0.0
P,young,repaired,retained_high_usage,0,367,0.025145916766832883,0.043596730245231606
P,young,repaired,retained_high_usage,1,45,0.1484557135115979,0.17777777777777778
P,young,repaired,retained_high_usage,2,24,0.2512141682569344,0.20833333333333334
P,young,repaired,retained_high_usage,3,9,0.32433235683127665,0.2222222222222222
P,young,repaired,retained_high_usage,4,10,0.442685760217011,0.0
P,young,repaired,retained_high_usage,5,7,0.5352294817351044,0.42857142857142855
P,young,repaired,retained_high_usage,6,4,0.6307668200657149,0.0
P,young,repaired,retained_high_usage,7,2,0.7384639514910335,0.5
P,young,repaired,retained_reduced,0,8,0.0778833054708177,0.25
P,young,repaired,retained_reduced,1,57,0.15642994087494302,0.2807017543859649
P,young,repaired,retained_reduced,2,84,0.25288116981639663,0.36904761904761907
P,young,repaired,retained_reduced,3,70,0.3482868639509694,0.4142857142857143
P,young,repaired,retained_reduced,4,69,0.44139889244947084,0.4492753623188406
P,young,repaired,retained_reduced,5,56,0.5506919340591216,0.6607142857142857
P,young,repaired,retained_reduced,6,56,0.6428193439833872,0.44642857142857145
P,young,repaired,retained_reduced,7,49,0.7481749889543851,0.5918367346938775
P,young,repaired,retained_reduced,8,19,0.8395089089226707,0.631578947368421
P,young,repaired,changed,0,251,0.02990271028826733,0.03187250996015936
P,young,repaired,changed,1,37,0.14582503049101314,0.35135135135135137
P,young,repaired,changed,2,39,0.2497499219286606,0.23076923076923078
P,young,repaired,changed,3,41,0.34213268470889285,0.5121951219512195
P,young,repaired,changed,4,40,0.4556894824361188,0.425
P,young,repaired,changed,5,27,0.546046533127827,0.4444444444444444
P,young,repaired,changed,6,21,0.6327919472244866,0.6190476190476191
P,young,repaired,changed,7,11,0.7374038836581243,0.8181818181818182
P,young,repaired,changed,8,1,0.8212152592558296,1.0
P,young,repaired,retention_unidentifiable,0,468,0.0,0.0
P,young,calibrated,absent,0,116,0.05696684371856528,0.09482758620689655
P,young,calibrated,absent,1,85,0.14887599573208354,0.18823529411764706
P,young,calibrated,absent,2,74,0.24736754303458913,0.2702702702702703
P,young,calibrated,absent,3,56,0.3523093289880972,0.23214285714285715
P,young,calibrated,absent,4,38,0.44557832350141985,0.23684210526315788
P,young,calibrated,absent,5,40,0.5455698830616026,0.525
P,young,calibrated,absent,6,32,0.6445959949099741,0.4375
P,young,calibrated,absent,7,19,0.7436789583527753,0.5789473684210527
P,young,calibrated,absent,8,7,0.8504159076944035,0.42857142857142855
P,young,calibrated,absent,9,1,0.9172700946747951,0.0
P,young,calibrated,retained_high_usage,0,364,0.026375830467394293,0.04395604395604396
P,young,calibrated,retained_high_usage,1,44,0.15114770389052404,0.1590909090909091
P,young,calibrated,retained_high_usage,2,26,0.24855869073820594,0.19230769230769232
P,young,calibrated,retained_high_usage,3,8,0.351469695243243,0.375
P,young,calibrated,retained_high_usage,4,15,0.4441581863346505,0.13333333333333333
P,young,calibrated,retained_high_usage,5,5,0.5614718353861282,0.4
P,young,calibrated,retained_high_usage,6,5,0.6339670662767112,0.0
P,young,calibrated,retained_high_usage,7,1,0.7710017712660727,0.0
P,young,calibrated,retained_reduced,0,6,0.07813721107429569,0.3333333333333333
P,young,calibrated,retained_reduced,1,61,0.15210956174891554,0.26229508196721313
P,young,calibrated,retained_reduced,2,78,0.24996098880180787,0.41025641025641024
P,young,calibrated,retained_reduced,3,86,0.3474584788664776,0.3953488372093023
P,young,calibrated,retained_reduced,4,71,0.4424057852021549,0.4788732394366197
P,young,calibrated,retained_reduced,5,54,0.5513947453561361,0.5740740740740741
P,young,calibrated,retained_reduced,6,48,0.6446001645783905,0.4583333333333333
P,young,calibrated,retained_reduced,7,46,0.7463454043937208,0.6304347826086957
P,young,calibrated,retained_reduced,8,18,0.8392997024735602,0.6666666666666666
P,young,calibrated,changed,0,240,0.028834287879589294,0.020833333333333332
P,young,calibrated,changed,1,35,0.14421023482817066,0.34285714285714286
P,young,calibrated,changed,2,49,0.25055023592646003,0.30612244897959184
P,young,calibrated,changed,3,59,0.3486512435861373,0.4576271186440678
P,young,calibrated,changed,4,39,0.4415807621996078,0.41025641025641024
P,young,calibrated,changed,5,20,0.5450971536246485,0.45
P,young,calibrated,changed,6,15,0.6360605172743828,0.6666666666666666
P,young,calibrated,changed,7,10,0.739198787071146,0.8
P,young,calibrated,changed,8,1,0.8212152592558296,1.0
P,young,calibrated,retention_unidentifiable,0,468,0.0,0.0
