id,player,fantasy_organization,age,role,debut_year,debut_MLB_IP,debut_MiLB_IP,debut_professional_IP,recent_MLB_workloads,source_urls,method,baseline_IP,baseline_K,baseline_QA3,candidate_IP,candidate_K,candidate_QA3,baseline_value,candidate_value,reason,validation_support,uncertainty
05jp7,Gavin Williams,TheMissingSox,27.0,SP,2023,82.0,60.333333333333336,142.33333333333334,"[{""year"":2023,""IP"":82.0,""role"":""SP""},{""year"":2024,""IP"":76.0,""role"":""SP""},{""year"":2025,""IP"":167.66666666666666,""role"":""SP""},{""year"":2026,""IP"":184.33333333333334,""role"":""SP""}]",https://statsapi.mlb.com/api/v1/stats?stats=season&group=pitching&season=2023&sportId=12&playerPool=ALL&limit=10000;https://statsapi.mlb.com/api/v1/stats?stats=season&group=pitching&season=2023&sportId=11&playerPool=ALL&limit=10000,debut_raw,141.73822819499082,159.36602428342667,15.135451854449313,144.9826562111613,163.01395752342415,15.481906615873445,36.87658331757927,37.72069870959338,Verified debut-season capacity; original four-year role window retained,FAIL: aggregate and debut/swingman subgroup accuracy deteriorates; not release-ready,"MLB opportunity, future role, availability; other professional assignments unverified"
05jp7,Gavin Williams,TheMissingSox,27.0,SP,2023,82.0,60.333333333333336,142.33333333333334,"[{""year"":2023,""IP"":82.0,""role"":""SP""},{""year"":2024,""IP"":76.0,""role"":""SP""},{""year"":2025,""IP"":167.66666666666666,""role"":""SP""},{""year"":2026,""IP"":184.33333333333334,""role"":""SP""}]",https://statsapi.mlb.com/api/v1/stats?stats=season&group=pitching&season=2023&sportId=12&playerPool=ALL&limit=10000;https://statsapi.mlb.com/api/v1/stats?stats=season&group=pitching&season=2023&sportId=11&playerPool=ALL&limit=10000,debut_opportunity,141.73822819499082,159.36602428342667,15.135451854449313,144.9826562111613,163.01395752342415,15.481906615873445,36.87658331757927,37.72069870959338,Verified debut-season capacity; original four-year role window retained,FAIL: aggregate and debut/swingman subgroup accuracy deteriorates; not release-ready,"MLB opportunity, future role, availability; other professional assignments unverified"
05wru,Paul Skenes,EpSkenes Island,24.0,SP,2024,133.0,27.333333333333332,160.33333333333334,"[{""year"":2024,""IP"":133.0,""role"":""SP""},{""year"":2025,""IP"":187.66666666666666,""role"":""SP""},{""year"":2026,""IP"":174.33333333333334,""role"":""SP""}]",https://statsapi.mlb.com/api/v1/stats?stats=season&group=pitching&season=2024&sportId=11&playerPool=ALL&limit=10000,debut_raw,165.31663391067949,182.9642190295954,19.409455184247133,168.70877475091433,186.71847161138518,19.807718831768323,94.90674535679459,96.90289390765611,Verified debut-season capacity; original four-year role window retained,FAIL: aggregate and debut/swingman subgroup accuracy deteriorates; not release-ready,"MLB opportunity, future role, availability; other professional assignments unverified"
05wru,Paul Skenes,EpSkenes Island,24.0,SP,2024,133.0,27.333333333333332,160.33333333333334,"[{""year"":2024,""IP"":133.0,""role"":""SP""},{""year"":2025,""IP"":187.66666666666666,""role"":""SP""},{""year"":2026,""IP"":174.33333333333334,""role"":""SP""}]",https://statsapi.mlb.com/api/v1/stats?stats=season&group=pitching&season=2024&sportId=11&playerPool=ALL&limit=10000,debut_opportunity,165.31663391067949,182.9642190295954,19.409455184247133,168.70877475091433,186.71847161138518,19.807718831768323,94.90674535679459,96.90289390765611,Verified debut-season capacity; original four-year role window retained,FAIL: aggregate and debut/swingman subgroup accuracy deteriorates; not release-ready,"MLB opportunity, future role, availability; other professional assignments unverified"
05y62,Bryan Woo,Miller & Miller LLP,26.0,SP,2023,87.66666666666667,44.0,131.66666666666669,"[{""year"":2023,""IP"":87.66666666666667,""role"":""SP""},{""year"":2024,""IP"":121.33333333333333,""role"":""SP""},{""year"":2025,""IP"":186.66666666666666,""role"":""SP""},{""year"":2026,""IP"":173.0,""role"":""SP""}]",https://statsapi.mlb.com/api/v1/stats?stats=season&group=pitching&season=2023&sportId=12&playerPool=ALL&limit=10000,debut_raw,149.9027025173924,146.71847083726618,16.100115093377447,152.29229083300334,149.05729954221468,16.356765882596285,67.49055066587349,68.57064900574623,Verified debut-season capacity; original four-year role window retained,FAIL: aggregate and debut/swingman subgroup accuracy deteriorates; not release-ready,"MLB opportunity, future role, availability; other professional assignments unverified"
05y62,Bryan Woo,Miller & Miller LLP,26.0,SP,2023,87.66666666666667,44.0,131.66666666666669,"[{""year"":2023,""IP"":87.66666666666667,""role"":""SP""},{""year"":2024,""IP"":121.33333333333333,""role"":""SP""},{""year"":2025,""IP"":186.66666666666666,""role"":""SP""},{""year"":2026,""IP"":173.0,""role"":""SP""}]",https://statsapi.mlb.com/api/v1/stats?stats=season&group=pitching&season=2023&sportId=12&playerPool=ALL&limit=10000,debut_opportunity,149.9027025173924,146.71847083726618,16.100115093377447,152.29229083300334,149.05729954221468,16.356765882596285,67.49055066587349,68.57064900574623,Verified debut-season capacity; original four-year role window retained,FAIL: aggregate and debut/swingman subgroup accuracy deteriorates; not release-ready,"MLB opportunity, future role, availability; other professional assignments unverified"
04pr8,Taj Bradley,TheMissingSox,25.0,SP,2023,104.66666666666667,37.666666666666664,142.33333333333334,"[{""year"":2023,""IP"":104.66666666666667,""role"":""SP""},{""year"":2024,""IP"":138.0,""role"":""SP""},{""year"":2025,""IP"":142.66666666666666,""role"":""SP""},{""year"":2026,""IP"":178.33333333333334,""role"":""SP""}]",https://statsapi.mlb.com/api/v1/stats?stats=season&group=pitching&season=2023&sportId=11&playerPool=ALL&limit=10000,debut_raw,139.60650681548793,147.25769683916877,14.876425315479457,141.615873172659,149.3771873171749,15.09054276047362,29.144374874719237,29.563851929978853,Verified debut-season capacity; original four-year role window retained,FAIL: aggregate and debut/swingman subgroup accuracy deteriorates; not release-ready,"MLB opportunity, future role, availability; other professional assignments unverified"
04pr8,Taj Bradley,TheMissingSox,25.0,SP,2023,104.66666666666667,37.666666666666664,142.33333333333334,"[{""year"":2023,""IP"":104.66666666666667,""role"":""SP""},{""year"":2024,""IP"":138.0,""role"":""SP""},{""year"":2025,""IP"":142.66666666666666,""role"":""SP""},{""year"":2026,""IP"":178.33333333333334,""role"":""SP""}]",https://statsapi.mlb.com/api/v1/stats?stats=season&group=pitching&season=2023&sportId=11&playerPool=ALL&limit=10000,debut_opportunity,139.60650681548793,147.25769683916877,14.876425315479457,141.615873172659,149.3771873171749,15.09054276047362,29.144374874719237,29.563851929978853,Verified debut-season capacity; original four-year role window retained,FAIL: aggregate and debut/swingman subgroup accuracy deteriorates; not release-ready,"MLB opportunity, future role, availability; other professional assignments unverified"
05u6q,Cam Schlittler,Yoho and a Bottle of Rum,25.0,SP,2025,73.0,76.66666666666667,149.66666666666669,"[{""year"":2025,""IP"":73.0,""role"":""SP""},{""year"":2026,""IP"":193.66666666666666,""role"":""SP""}]",https://statsapi.mlb.com/api/v1/stats?stats=season&group=pitching&season=2025&sportId=12&playerPool=ALL&limit=10000;https://statsapi.mlb.com/api/v1/stats?stats=season&group=pitching&season=2025&sportId=11&playerPool=ALL&limit=10000,debut_raw,134.0777527597879,153.19632533929877,16.83192964950745,159.47730874155425,182.2176846741893,20.020553642779205,79.48814759042055,94.84563753107628,Verified debut-season capacity; original four-year role window retained,FAIL: aggregate and debut/swingman subgroup accuracy deteriorates; not release-ready,"MLB opportunity, future role, availability; other professional assignments unverified"
05u6q,Cam Schlittler,Yoho and a Bottle of Rum,25.0,SP,2025,73.0,76.66666666666667,149.66666666666669,"[{""year"":2025,""IP"":73.0,""role"":""SP""},{""year"":2026,""IP"":193.66666666666666,""role"":""SP""}]",https://statsapi.mlb.com/api/v1/stats?stats=season&group=pitching&season=2025&sportId=12&playerPool=ALL&limit=10000;https://statsapi.mlb.com/api/v1/stats?stats=season&group=pitching&season=2025&sportId=11&playerPool=ALL&limit=10000,debut_opportunity,134.0777527597879,153.19632533929877,16.83192964950745,159.47730874155425,182.2176846741893,20.020553642779205,79.48814759042055,94.84563753107628,Verified debut-season capacity; original four-year role window retained,FAIL: aggregate and debut/swingman subgroup accuracy deteriorates; not release-ready,"MLB opportunity, future role, availability; other professional assignments unverified"
061yu,Jacob Misiorowski,Shea Stadiums,24.0,SP,2025,66.0,63.333333333333336,129.33333333333334,"[{""year"":2025,""IP"":66.0,""role"":""SP""},{""year"":2026,""IP"":174.66666666666666,""role"":""SP""}]",https://statsapi.mlb.com/api/v1/stats?stats=season&group=pitching&season=2025&sportId=11&playerPool=ALL&limit=10000,debut_raw,129.0654038970866,166.21059057244688,16.010747162511446,150.8932983352251,194.3205806702497,18.718528553856974,93.40712846448892,109.77009599922883,Verified debut-season capacity; original four-year role window retained,FAIL: aggregate and debut/swingman subgroup accuracy deteriorates; not release-ready,"MLB opportunity, future role, availability; other professional assignments unverified"
061yu,Jacob Misiorowski,Shea Stadiums,24.0,SP,2025,66.0,63.333333333333336,129.33333333333334,"[{""year"":2025,""IP"":66.0,""role"":""SP""},{""year"":2026,""IP"":174.66666666666666,""role"":""SP""}]",https://statsapi.mlb.com/api/v1/stats?stats=season&group=pitching&season=2025&sportId=11&playerPool=ALL&limit=10000,debut_opportunity,129.0654038970866,166.21059057244688,16.010747162511446,150.8932983352251,194.3205806702497,18.718528553856974,93.40712846448892,109.77009599922883,Verified debut-season capacity; original four-year role window retained,FAIL: aggregate and debut/swingman subgroup accuracy deteriorates; not release-ready,"MLB opportunity, future role, availability; other professional assignments unverified"
05tzn,Parker Messick,Young Guns,25.0,SP,2025,39.666666666666664,98.66666666666667,138.33333333333334,"[{""year"":2025,""IP"":39.666666666666664,""role"":""SP""},{""year"":2026,""IP"":186.33333333333334,""role"":""SP""}]",https://statsapi.mlb.com/api/v1/stats?stats=season&group=pitching&season=2025&sportId=11&playerPool=ALL&limit=10000,debut_raw,120.0650508606685,117.5888378867858,14.813178313103254,152.75317508068085,149.60280458381155,18.8461172018214,54.16314843118789,68.92933413268713,Verified debut-season capacity; original four-year role window retained,FAIL: aggregate and debut/swingman subgroup accuracy deteriorates; not release-ready,"MLB opportunity, future role, availability; other professional assignments unverified"
05tzn,Parker Messick,Young Guns,25.0,SP,2025,39.666666666666664,98.66666666666667,138.33333333333334,"[{""year"":2025,""IP"":39.666666666666664,""role"":""SP""},{""year"":2026,""IP"":186.33333333333334,""role"":""SP""}]",https://statsapi.mlb.com/api/v1/stats?stats=season&group=pitching&season=2025&sportId=11&playerPool=ALL&limit=10000,debut_opportunity,120.0650508606685,117.5888378867858,14.813178313103254,152.75317508068085,149.60280458381155,18.8461172018214,54.16314843118789,68.92933413268713,Verified debut-season capacity; original four-year role window retained,FAIL: aggregate and debut/swingman subgroup accuracy deteriorates; not release-ready,"MLB opportunity, future role, availability; other professional assignments unverified"
05y7s,Nolan McLean,TheMissingSox,25.0,SP,2025,48.0,113.66666666666667,161.66666666666669,"[{""year"":2025,""IP"":48.0,""role"":""SP""},{""year"":2026,""IP"":179.66666666666666,""role"":""SP""}]",https://statsapi.mlb.com/api/v1/stats?stats=season&group=pitching&season=2025&sportId=12&playerPool=ALL&limit=10000;https://statsapi.mlb.com/api/v1/stats?stats=season&group=pitching&season=2025&sportId=11&playerPool=ALL&limit=10000,debut_raw,120.12640244516551,124.68689119529931,15.0625582054342,157.78400500943647,163.77413012056726,19.78441633949728,42.900822540382514,56.349507359221526,Verified debut-season capacity; original four-year role window retained,FAIL: aggregate and debut/swingman subgroup accuracy deteriorates; not release-ready,"MLB opportunity, future role, availability; other professional assignments unverified"
05y7s,Nolan McLean,TheMissingSox,25.0,SP,2025,48.0,113.66666666666667,161.66666666666669,"[{""year"":2025,""IP"":48.0,""role"":""SP""},{""year"":2026,""IP"":179.66666666666666,""role"":""SP""}]",https://statsapi.mlb.com/api/v1/stats?stats=season&group=pitching&season=2025&sportId=12&playerPool=ALL&limit=10000;https://statsapi.mlb.com/api/v1/stats?stats=season&group=pitching&season=2025&sportId=11&playerPool=ALL&limit=10000,debut_opportunity,120.12640244516551,124.68689119529931,15.0625582054342,157.78400500943647,163.77413012056726,19.78441633949728,42.900822540382514,56.349507359221526,Verified debut-season capacity; original four-year role window retained,FAIL: aggregate and debut/swingman subgroup accuracy deteriorates; not release-ready,"MLB opportunity, future role, availability; other professional assignments unverified"
05y2k,Mason Montgomery,TheMissingSox,26.0,RP,2024,9.666666666666666,87.66666666666667,97.33333333333334,"[{""year"":2024,""IP"":9.666666666666666,""role"":""RP""},{""year"":2025,""IP"":46.0,""role"":""RP""},{""year"":2026,""IP"":68.66666666666667,""role"":""RP""}]",https://statsapi.mlb.com/api/v1/stats?stats=season&group=pitching&season=2024&sportId=11&playerPool=ALL&limit=10000,debut_raw,50.58727458762651,64.03261014458161,0.1724850384613462,67.95931136035638,86.02187260541461,0.23171765091817825,16.140753814593708,21.68360566997487,Verified debut-season capacity; original four-year role window retained,FAIL: aggregate and debut/swingman subgroup accuracy deteriorates; not release-ready,"MLB opportunity, future role, availability; other professional assignments unverified"
05y2k,Mason Montgomery,TheMissingSox,26.0,RP,2024,9.666666666666666,87.66666666666667,97.33333333333334,"[{""year"":2024,""IP"":9.666666666666666,""role"":""RP""},{""year"":2025,""IP"":46.0,""role"":""RP""},{""year"":2026,""IP"":68.66666666666667,""role"":""RP""}]",https://statsapi.mlb.com/api/v1/stats?stats=season&group=pitching&season=2024&sportId=11&playerPool=ALL&limit=10000,debut_opportunity,50.58727458762651,64.03261014458161,0.1724850384613462,61.53603057740267,77.89138054833391,0.20981649411684328,16.140753814593708,19.634145709049722,Verified debut-season capacity; original four-year role window retained,FAIL: aggregate and debut/swingman subgroup accuracy deteriorates; not release-ready,"MLB opportunity, future role, availability; other professional assignments unverified"
05ycf,Noah Cameron,Cafécitos de Spokane,27.0,SP,2025,138.33333333333334,32.666666666666664,171.0,"[{""year"":2025,""IP"":138.33333333333334,""role"":""SP""},{""year"":2026,""IP"":177.33333333333334,""role"":""SP""}]",https://statsapi.mlb.com/api/v1/stats?stats=season&group=pitching&season=2025&sportId=11&playerPool=ALL&limit=10000,debut_raw,141.84020974801717,122.71183508605769,13.980451904127513,152.135063681341,131.6183392455296,14.995162122975477,29.89341901309515,32.06310265114238,Verified debut-season capacity; original four-year role window retained,FAIL: aggregate and debut/swingman subgroup accuracy deteriorates; not release-ready,"MLB opportunity, future role, availability; other professional assignments unverified"
05ycf,Noah Cameron,Cafécitos de Spokane,27.0,SP,2025,138.33333333333334,32.666666666666664,171.0,"[{""year"":2025,""IP"":138.33333333333334,""role"":""SP""},{""year"":2026,""IP"":177.33333333333334,""role"":""SP""}]",https://statsapi.mlb.com/api/v1/stats?stats=season&group=pitching&season=2025&sportId=11&playerPool=ALL&limit=10000,debut_opportunity,141.84020974801717,122.71183508605769,13.980451904127513,152.135063681341,131.6183392455296,14.995162122975477,29.89341901309515,32.06310265114238,Verified debut-season capacity; original four-year role window retained,FAIL: aggregate and debut/swingman subgroup accuracy deteriorates; not release-ready,"MLB opportunity, future role, availability; other professional assignments unverified"
05xod,Sean Burke,EpSkenes Island,26.0,SP,2024,19.0,71.66666666666667,90.66666666666667,"[{""year"":2024,""IP"":19.0,""role"":""SP""},{""year"":2025,""IP"":134.33333333333334,""role"":""SP""},{""year"":2026,""IP"":172.33333333333334,""role"":""SP""}]",https://statsapi.mlb.com/api/v1/stats?stats=season&group=pitching&season=2024&sportId=16&playerPool=ALL&limit=10000;https://statsapi.mlb.com/api/v1/stats?stats=season&group=pitching&season=2024&sportId=11&playerPool=ALL&limit=10000,debut_raw,123.03485035904608,125.56717121382661,12.607901199846355,131.19362411553368,133.8938700165324,13.443965234821077,25.85283492691378,27.567206347019322,Verified debut-season capacity; original four-year role window retained,FAIL: aggregate and debut/swingman subgroup accuracy deteriorates; not release-ready,"MLB opportunity, future role, availability; other professional assignments unverified"
05xod,Sean Burke,EpSkenes Island,26.0,SP,2024,19.0,71.66666666666667,90.66666666666667,"[{""year"":2024,""IP"":19.0,""role"":""SP""},{""year"":2025,""IP"":134.33333333333334,""role"":""SP""},{""year"":2026,""IP"":172.33333333333334,""role"":""SP""}]",https://statsapi.mlb.com/api/v1/stats?stats=season&group=pitching&season=2024&sportId=16&playerPool=ALL&limit=10000;https://statsapi.mlb.com/api/v1/stats?stats=season&group=pitching&season=2024&sportId=11&playerPool=ALL&limit=10000,debut_opportunity,123.03485035904608,125.56717121382661,12.607901199846355,131.19362411553368,133.8938700165324,13.443965234821077,25.85283492691378,27.567206347019322,Verified debut-season capacity; original four-year role window retained,FAIL: aggregate and debut/swingman subgroup accuracy deteriorates; not release-ready,"MLB opportunity, future role, availability; other professional assignments unverified"
05aoc,Eury Perez,Shea Stadiums,23.0,SP,2023,91.33333333333333,36.666666666666664,128.0,"[{""year"":2023,""IP"":91.33333333333333,""role"":""SP""},{""year"":2025,""IP"":95.33333333333333,""role"":""SP""},{""year"":2026,""IP"":159.0,""role"":""SP""}]",https://statsapi.mlb.com/api/v1/stats?stats=season&group=pitching&season=2023&sportId=12&playerPool=ALL&limit=10000,debut_raw,118.08879151291512,125.18766474883897,11.352126952030785,124.03540129151293,131.49175323867547,11.923787211027058,32.7334053547117,34.38176491428807,Verified debut-season capacity; original four-year role window retained,FAIL: aggregate and debut/swingman subgroup accuracy deteriorates; not release-ready,"MLB opportunity, future role, availability; other professional assignments unverified"
05aoc,Eury Perez,Shea Stadiums,23.0,SP,2023,91.33333333333333,36.666666666666664,128.0,"[{""year"":2023,""IP"":91.33333333333333,""role"":""SP""},{""year"":2025,""IP"":95.33333333333333,""role"":""SP""},{""year"":2026,""IP"":159.0,""role"":""SP""}]",https://statsapi.mlb.com/api/v1/stats?stats=season&group=pitching&season=2023&sportId=12&playerPool=ALL&limit=10000,debut_opportunity,118.08879151291512,125.18766474883897,11.352126952030785,124.03540129151293,131.49175323867547,11.923787211027058,32.7334053547117,34.38176491428807,Verified debut-season capacity; original four-year role window retained,FAIL: aggregate and debut/swingman subgroup accuracy deteriorates; not release-ready,"MLB opportunity, future role, availability; other professional assignments unverified"
05rb3,Chase Burns,How Lowe Can You Go?,23.0,SP,2025,43.333333333333336,66.0,109.33333333333334,"[{""year"":2025,""IP"":43.333333333333336,""role"":""SP""},{""year"":2026,""IP"":154.33333333333334,""role"":""SP""}]",https://statsapi.mlb.com/api/v1/stats?stats=season&group=pitching&season=2025&sportId=12&playerPool=ALL&limit=10000;https://statsapi.mlb.com/api/v1/stats?stats=season&group=pitching&season=2025&sportId=13&playerPool=ALL&limit=10000;https://statsapi.mlb.com/api/v1/stats?stats=season&group=pitching&season=2025&sportId=11&playerPool=ALL&limit=10000,debut_raw,120.1374792925901,136.43182378936413,13.764577391156548,144.3881576001791,163.9716414142675,16.54306367469087,49.28607919864499,59.234855040510126,Verified debut-season capacity; original four-year role window retained,FAIL: aggregate and debut/swingman subgroup accuracy deteriorates; not release-ready,"MLB opportunity, future role, availability; other professional assignments unverified"
05rb3,Chase Burns,How Lowe Can You Go?,23.0,SP,2025,43.333333333333336,66.0,109.33333333333334,"[{""year"":2025,""IP"":43.333333333333336,""role"":""SP""},{""year"":2026,""IP"":154.33333333333334,""role"":""SP""}]",https://statsapi.mlb.com/api/v1/stats?stats=season&group=pitching&season=2025&sportId=12&playerPool=ALL&limit=10000;https://statsapi.mlb.com/api/v1/stats?stats=season&group=pitching&season=2025&sportId=13&playerPool=ALL&limit=10000;https://statsapi.mlb.com/api/v1/stats?stats=season&group=pitching&season=2025&sportId=11&playerPool=ALL&limit=10000,debut_opportunity,120.1374792925901,136.43182378936413,13.764577391156548,144.3881576001791,163.9716414142675,16.54306367469087,49.28607919864499,59.234855040510126,Verified debut-season capacity; original four-year role window retained,FAIL: aggregate and debut/swingman subgroup accuracy deteriorates; not release-ready,"MLB opportunity, future role, availability; other professional assignments unverified"
066er,Grant Taylor,How Lowe Can You Go?,24.0,RP,2025,36.666666666666664,26.666666666666668,63.33333333333333,"[{""year"":2025,""IP"":36.666666666666664,""role"":""RP""},{""year"":2026,""IP"":84.0,""role"":""RP""}]",https://statsapi.mlb.com/api/v1/stats?stats=season&group=pitching&season=2025&sportId=12&playerPool=ALL&limit=10000,debut_raw,68.48557895213513,81.30333369149925,0.08884398762592015,79.17716976860027,93.99596167456068,0.1027138209066362,23.34873273122466,26.993808092560688,Verified debut-season capacity; original four-year role window retained,FAIL: aggregate and debut/swingman subgroup accuracy deteriorates; not release-ready,"MLB opportunity, future role, availability; other professional assignments unverified"
066er,Grant Taylor,How Lowe Can You Go?,24.0,RP,2025,36.666666666666664,26.666666666666668,63.33333333333333,"[{""year"":2025,""IP"":36.666666666666664,""role"":""RP""},{""year"":2026,""IP"":84.0,""role"":""RP""}]",https://statsapi.mlb.com/api/v1/stats?stats=season&group=pitching&season=2025&sportId=12&playerPool=ALL&limit=10000,debut_opportunity,68.48557895213513,81.30333369149925,0.08884398762592015,79.17716976860027,93.99596167456068,0.1027138209066362,23.34873273122466,26.993808092560688,Verified debut-season capacity; original four-year role window retained,FAIL: aggregate and debut/swingman subgroup accuracy deteriorates; not release-ready,"MLB opportunity, future role, availability; other professional assignments unverified"
05yaz,Will Warren,Flying Squirrels,27.0,SP,2024,22.666666666666668,109.66666666666667,132.33333333333334,"[{""year"":2024,""IP"":22.666666666666668,""role"":""SP""},{""year"":2025,""IP"":162.33333333333334,""role"":""SP""},{""year"":2026,""IP"":156.0,""role"":""SP""}]",https://statsapi.mlb.com/api/v1/stats?stats=season&group=pitching&season=2024&sportId=11&playerPool=ALL&limit=10000,debut_raw,125.39341973696988,126.08069639957012,12.851863952523752,137.8383306131587,138.5938173686911,14.127371884419688,17.714032643529926,19.472095849470488,Verified debut-season capacity; original four-year role window retained,FAIL: aggregate and debut/swingman subgroup accuracy deteriorates; not release-ready,"MLB opportunity, future role, availability; other professional assignments unverified"
05yaz,Will Warren,Flying Squirrels,27.0,SP,2024,22.666666666666668,109.66666666666667,132.33333333333334,"[{""year"":2024,""IP"":22.666666666666668,""role"":""SP""},{""year"":2025,""IP"":162.33333333333334,""role"":""SP""},{""year"":2026,""IP"":156.0,""role"":""SP""}]",https://statsapi.mlb.com/api/v1/stats?stats=season&group=pitching&season=2024&sportId=11&playerPool=ALL&limit=10000,debut_opportunity,125.39341973696988,126.08069639957012,12.851863952523752,137.8383306131587,138.5938173686911,14.127371884419688,17.714032643529926,19.472095849470488,Verified debut-season capacity; original four-year role window retained,FAIL: aggregate and debut/swingman subgroup accuracy deteriorates; not release-ready,"MLB opportunity, future role, availability; other professional assignments unverified"
05a1v,Keider Montero,The Sandlot Sluggers,26.0,SP,2024,98.33333333333333,48.333333333333336,146.66666666666666,"[{""year"":2024,""IP"":98.33333333333333,""role"":""SP""},{""year"":2025,""IP"":90.66666666666667,""role"":""SP""},{""year"":2026,""IP"":155.0,""role"":""SP""}]",https://statsapi.mlb.com/api/v1/stats?stats=season&group=pitching&season=2024&sportId=11&playerPool=ALL&limit=10000,debut_raw,114.80831270092654,87.3621967875441,8.544784086677828,125.61665501122363,95.58669295550924,9.349211477026957,17.779889510360835,19.45373287192858,Verified debut-season capacity; original four-year role window retained,FAIL: aggregate and debut/swingman subgroup accuracy deteriorates; not release-ready,"MLB opportunity, future role, availability; other professional assignments unverified"
05a1v,Keider Montero,The Sandlot Sluggers,26.0,SP,2024,98.33333333333333,48.333333333333336,146.66666666666666,"[{""year"":2024,""IP"":98.33333333333333,""role"":""SP""},{""year"":2025,""IP"":90.66666666666667,""role"":""SP""},{""year"":2026,""IP"":155.0,""role"":""SP""}]",https://statsapi.mlb.com/api/v1/stats?stats=season&group=pitching&season=2024&sportId=11&playerPool=ALL&limit=10000,debut_opportunity,114.80831270092654,87.3621967875441,8.544784086677828,125.61665501122363,95.58669295550924,9.349211477026957,17.779889510360835,19.45373287192858,Verified debut-season capacity; original four-year role window retained,FAIL: aggregate and debut/swingman subgroup accuracy deteriorates; not release-ready,"MLB opportunity, future role, availability; other professional assignments unverified"
0510l,Emerson Hancock,Cafécitos de Spokane,27.0,SP,2023,12.0,98.0,110.0,"[{""year"":2023,""IP"":12.0,""role"":""SP""},{""year"":2024,""IP"":60.666666666666664,""role"":""SP""},{""year"":2025,""IP"":90.0,""role"":""SP""},{""year"":2026,""IP"":138.66666666666666,""role"":""SP""}]",https://statsapi.mlb.com/api/v1/stats?stats=season&group=pitching&season=2023&sportId=12&playerPool=ALL&limit=10000,debut_raw,97.44094254966706,79.63201038422493,9.9484430632086,104.83943087201202,85.67830348747809,10.703807675893312,17.499203887976947,18.82788208245911,Verified debut-season capacity; original four-year role window retained,FAIL: aggregate and debut/swingman subgroup accuracy deteriorates; not release-ready,"MLB opportunity, future role, availability; other professional assignments unverified"
0510l,Emerson Hancock,Cafécitos de Spokane,27.0,SP,2023,12.0,98.0,110.0,"[{""year"":2023,""IP"":12.0,""role"":""SP""},{""year"":2024,""IP"":60.666666666666664,""role"":""SP""},{""year"":2025,""IP"":90.0,""role"":""SP""},{""year"":2026,""IP"":138.66666666666666,""role"":""SP""}]",https://statsapi.mlb.com/api/v1/stats?stats=season&group=pitching&season=2023&sportId=12&playerPool=ALL&limit=10000,debut_opportunity,97.44094254966706,79.63201038422493,9.9484430632086,104.83943087201202,85.67830348747809,10.703807675893312,17.499203887976947,18.82788208245911,Verified debut-season capacity; original four-year role window retained,FAIL: aggregate and debut/swingman subgroup accuracy deteriorates; not release-ready,"MLB opportunity, future role, availability; other professional assignments unverified"
0629b,Walbert Urena,Cafécitos de Spokane,22.0,SP,2026,148.33333333333334,8.333333333333334,156.66666666666669,"[{""year"":2026,""IP"":148.33333333333334,""role"":""SP""}]",https://statsapi.mlb.com/api/v1/stats?stats=season&group=pitching&season=2026&sportId=11&playerPool=ALL&limit=10000,debut_raw,146.36153292761176,139.11761060495792,17.929271722649354,152.30153020551808,144.7636175288604,18.656920737367265,28.573602399820697,29.733245354358875,Verified debut-season capacity; original four-year role window retained,FAIL: aggregate and debut/swingman subgroup accuracy deteriorates; not release-ready,"MLB opportunity, future role, availability; other professional assignments unverified"
0629b,Walbert Urena,Cafécitos de Spokane,22.0,SP,2026,148.33333333333334,8.333333333333334,156.66666666666669,"[{""year"":2026,""IP"":148.33333333333334,""role"":""SP""}]",https://statsapi.mlb.com/api/v1/stats?stats=season&group=pitching&season=2026&sportId=11&playerPool=ALL&limit=10000,debut_opportunity,146.36153292761176,139.11761060495792,17.929271722649354,151.9855729035018,144.4632980116316,18.618216002541846,28.573602399820697,29.671562218479195,Verified debut-season capacity; original four-year role window retained,FAIL: aggregate and debut/swingman subgroup accuracy deteriorates; not release-ready,"MLB opportunity, future role, availability; other professional assignments unverified"
0516x,Brent Headrick,Miller & Miller LLP,28.0,RP,2023,25.666666666666668,75.0,100.66666666666667,"[{""year"":2023,""IP"":25.666666666666668,""role"":""RP""},{""year"":2024,""IP"":3.0,""role"":""RP""},{""year"":2025,""IP"":23.0,""role"":""RP""},{""year"":2026,""IP"":78.33333333333333,""role"":""RP""}]",https://statsapi.mlb.com/api/v1/stats?stats=season&group=pitching&season=2023&sportId=11&playerPool=ALL&limit=10000,debut_raw,41.11339563862928,45.87998539491665,0.7643704881270679,53.670137961726745,59.892526695449604,0.9978224594299137,11.853510631500235,15.473777853699625,Verified debut-season capacity; original four-year role window retained,FAIL: aggregate and debut/swingman subgroup accuracy deteriorates; not release-ready,"MLB opportunity, future role, availability; other professional assignments unverified"
0516x,Brent Headrick,Miller & Miller LLP,28.0,RP,2023,25.666666666666668,75.0,100.66666666666667,"[{""year"":2023,""IP"":25.666666666666668,""role"":""RP""},{""year"":2024,""IP"":3.0,""role"":""RP""},{""year"":2025,""IP"":23.0,""role"":""RP""},{""year"":2026,""IP"":78.33333333333333,""role"":""RP""}]",https://statsapi.mlb.com/api/v1/stats?stats=season&group=pitching&season=2023&sportId=11&playerPool=ALL&limit=10000,debut_opportunity,41.11339563862928,45.87998539491665,0.7643704881270679,50.88437062514552,56.78378408903997,0.946030134670673,11.853510631500235,14.67060598652294,Verified debut-season capacity; original four-year role window retained,FAIL: aggregate and debut/swingman subgroup accuracy deteriorates; not release-ready,"MLB opportunity, future role, availability; other professional assignments unverified"
05y9r,Justin Wrobleski,Shea Stadiums,26.0,SP,2024,36.333333333333336,95.66666666666667,132.0,"[{""year"":2024,""IP"":36.333333333333336,""role"":""SP""},{""year"":2025,""IP"":66.66666666666667,""role"":""RP""},{""year"":2026,""IP"":140.0,""role"":""SP""}]",https://statsapi.mlb.com/api/v1/stats?stats=season&group=pitching&season=2024&sportId=12&playerPool=ALL&limit=10000;https://statsapi.mlb.com/api/v1/stats?stats=season&group=pitching&season=2024&sportId=11&playerPool=ALL&limit=10000,debut_raw,100.47619329464636,84.20074353800513,8.741051956187524,126.24122133978507,105.7922713172908,10.98251275809856,23.429147539757835,29.437064675564745,Verified debut-season capacity; original four-year role window retained,FAIL: aggregate and debut/swingman subgroup accuracy deteriorates; not release-ready,"MLB opportunity, future role, availability; other professional assignments unverified"
05y9r,Justin Wrobleski,Shea Stadiums,26.0,SP,2024,36.333333333333336,95.66666666666667,132.0,"[{""year"":2024,""IP"":36.333333333333336,""role"":""SP""},{""year"":2025,""IP"":66.66666666666667,""role"":""RP""},{""year"":2026,""IP"":140.0,""role"":""SP""}]",https://statsapi.mlb.com/api/v1/stats?stats=season&group=pitching&season=2024&sportId=12&playerPool=ALL&limit=10000;https://statsapi.mlb.com/api/v1/stats?stats=season&group=pitching&season=2024&sportId=11&playerPool=ALL&limit=10000,debut_opportunity,100.47619329464636,84.20074353800513,8.741051956187524,126.24122133978507,105.7922713172908,10.98251275809856,23.429147539757835,29.437064675564745,Verified debut-season capacity; original four-year role window retained,FAIL: aggregate and debut/swingman subgroup accuracy deteriorates; not release-ready,"MLB opportunity, future role, availability; other professional assignments unverified"
04eos,Joey Cantillo,Flying Squirrels,26.0,SP,2024,38.666666666666664,39.666666666666664,78.33333333333333,"[{""year"":2024,""IP"":38.666666666666664,""role"":""SP""},{""year"":2025,""IP"":95.33333333333333,""role"":""RP""},{""year"":2026,""IP"":159.0,""role"":""SP""}]",https://statsapi.mlb.com/api/v1/stats?stats=season&group=pitching&season=2024&sportId=16&playerPool=ALL&limit=10000;https://statsapi.mlb.com/api/v1/stats?stats=season&group=pitching&season=2024&sportId=11&playerPool=ALL&limit=10000,debut_raw,111.36223159640095,116.0909559832396,11.31512471208012,122.24322645143985,127.43398563218032,12.420704332848482,12.565041835964427,13.792748515424472,Verified debut-season capacity; original four-year role window retained,FAIL: aggregate and debut/swingman subgroup accuracy deteriorates; not release-ready,"MLB opportunity, future role, availability; other professional assignments unverified"
04eos,Joey Cantillo,Flying Squirrels,26.0,SP,2024,38.666666666666664,39.666666666666664,78.33333333333333,"[{""year"":2024,""IP"":38.666666666666664,""role"":""SP""},{""year"":2025,""IP"":95.33333333333333,""role"":""RP""},{""year"":2026,""IP"":159.0,""role"":""SP""}]",https://statsapi.mlb.com/api/v1/stats?stats=season&group=pitching&season=2024&sportId=16&playerPool=ALL&limit=10000;https://statsapi.mlb.com/api/v1/stats?stats=season&group=pitching&season=2024&sportId=11&playerPool=ALL&limit=10000,debut_opportunity,111.36223159640095,116.0909559832396,11.31512471208012,122.24322645143985,127.43398563218032,12.420704332848482,12.565041835964427,13.792748515424472,Verified debut-season capacity; original four-year role window retained,FAIL: aggregate and debut/swingman subgroup accuracy deteriorates; not release-ready,"MLB opportunity, future role, availability; other professional assignments unverified"
05rik,Bubba Chandler,TheMissingSox,24.0,SP,2025,31.333333333333332,100.0,131.33333333333334,"[{""year"":2025,""IP"":31.333333333333332,""role"":""SP""},{""year"":2026,""IP"":154.0,""role"":""SP""}]",https://statsapi.mlb.com/api/v1/stats?stats=season&group=pitching&season=2025&sportId=11&playerPool=ALL&limit=10000,debut_raw,105.38955790305066,95.33755554200388,9.785747176068885,138.89383275742918,125.64620972349577,12.896722964999295,9.762171336778616,12.865652157372322,Verified debut-season capacity; original four-year role window retained,FAIL: aggregate and debut/swingman subgroup accuracy deteriorates; not release-ready,"MLB opportunity, future role, availability; other professional assignments unverified"
05rik,Bubba Chandler,TheMissingSox,24.0,SP,2025,31.333333333333332,100.0,131.33333333333334,"[{""year"":2025,""IP"":31.333333333333332,""role"":""SP""},{""year"":2026,""IP"":154.0,""role"":""SP""}]",https://statsapi.mlb.com/api/v1/stats?stats=season&group=pitching&season=2025&sportId=11&playerPool=ALL&limit=10000,debut_opportunity,105.38955790305066,95.33755554200388,9.785747176068885,138.89383275742918,125.64620972349577,12.896722964999295,9.762171336778616,12.865652157372322,Verified debut-season capacity; original four-year role window retained,FAIL: aggregate and debut/swingman subgroup accuracy deteriorates; not release-ready,"MLB opportunity, future role, availability; other professional assignments unverified"
05vy6,Bryce Miller,Miller & Miller LLP,28.0,SP,2023,131.33333333333334,19.666666666666668,151.0,"[{""year"":2023,""IP"":131.33333333333334,""role"":""SP""},{""year"":2024,""IP"":180.33333333333334,""role"":""SP""},{""year"":2025,""IP"":90.33333333333333,""role"":""SP""},{""year"":2026,""IP"":118.66666666666667,""role"":""SP""}]",https://statsapi.mlb.com/api/v1/stats?stats=season&group=pitching&season=2023&sportId=12&playerPool=ALL&limit=10000,debut_raw,111.30421567589318,101.6236074584266,10.516938097757604,114.27898963189759,104.33965247924442,10.798019217283393,24.652090165964438,25.31095466037251,Verified debut-season capacity; original four-year role window retained,FAIL: aggregate and debut/swingman subgroup accuracy deteriorates; not release-ready,"MLB opportunity, future role, availability; other professional assignments unverified"
05vy6,Bryce Miller,Miller & Miller LLP,28.0,SP,2023,131.33333333333334,19.666666666666668,151.0,"[{""year"":2023,""IP"":131.33333333333334,""role"":""SP""},{""year"":2024,""IP"":180.33333333333334,""role"":""SP""},{""year"":2025,""IP"":90.33333333333333,""role"":""SP""},{""year"":2026,""IP"":118.66666666666667,""role"":""SP""}]",https://statsapi.mlb.com/api/v1/stats?stats=season&group=pitching&season=2023&sportId=12&playerPool=ALL&limit=10000,debut_opportunity,111.30421567589318,101.6236074584266,10.516938097757604,114.27898963189759,104.33965247924442,10.798019217283393,24.652090165964438,25.31095466037251,Verified debut-season capacity; original four-year role window retained,FAIL: aggregate and debut/swingman subgroup accuracy deteriorates; not release-ready,"MLB opportunity, future role, availability; other professional assignments unverified"
04eud,Shane Drohan,Cafécitos de Spokane,27.0,SP,2026,124.66666666666667,13.666666666666666,138.33333333333334,"[{""year"":2026,""IP"":124.66666666666667,""role"":""SP""}]",https://statsapi.mlb.com/api/v1/stats?stats=season&group=pitching&season=2026&sportId=11&playerPool=ALL&limit=10000,debut_raw,119.27498711015062,116.09811828151398,9.07034245743854,128.24796779183166,124.83210516140768,9.752698495521072,19.93805816338358,21.437985474757387,Verified debut-season capacity; original four-year role window retained,FAIL: aggregate and debut/swingman subgroup accuracy deteriorates; not release-ready,"MLB opportunity, future role, availability; other professional assignments unverified"
04eud,Shane Drohan,Cafécitos de Spokane,27.0,SP,2026,124.66666666666667,13.666666666666666,138.33333333333334,"[{""year"":2026,""IP"":124.66666666666667,""role"":""SP""}]",https://statsapi.mlb.com/api/v1/stats?stats=season&group=pitching&season=2026&sportId=11&playerPool=ALL&limit=10000,debut_opportunity,119.27498711015062,116.09811828151398,9.07034245743854,127.36148054376199,123.96922934917724,9.685285007421353,19.93805816338358,21.28979988495902,Verified debut-season capacity; original four-year role window retained,FAIL: aggregate and debut/swingman subgroup accuracy deteriorates; not release-ready,"MLB opportunity, future role, availability; other professional assignments unverified"
05sr2,Michael McGreevy,Miller & Miller LLP,26.0,SP,2024,23.0,150.0,173.0,"[{""year"":2024,""IP"":23.0,""role"":""SP""},{""year"":2025,""IP"":95.66666666666667,""role"":""SP""},{""year"":2026,""IP"":168.66666666666666,""role"":""SP""}]",https://statsapi.mlb.com/api/v1/stats?stats=season&group=pitching&season=2024&sportId=11&playerPool=ALL&limit=10000,debut_raw,113.46931175646641,79.76950069025733,10.801745368293918,139.5089596558105,98.07550500919523,13.28059750668027,14.495443337298816,17.821948405543786,Verified debut-season capacity; original four-year role window retained,FAIL: aggregate and debut/swingman subgroup accuracy deteriorates; not release-ready,"MLB opportunity, future role, availability; other professional assignments unverified"
05sr2,Michael McGreevy,Miller & Miller LLP,26.0,SP,2024,23.0,150.0,173.0,"[{""year"":2024,""IP"":23.0,""role"":""SP""},{""year"":2025,""IP"":95.66666666666667,""role"":""SP""},{""year"":2026,""IP"":168.66666666666666,""role"":""SP""}]",https://statsapi.mlb.com/api/v1/stats?stats=season&group=pitching&season=2024&sportId=11&playerPool=ALL&limit=10000,debut_opportunity,113.46931175646641,79.76950069025733,10.801745368293918,138.65319860218275,97.47390065554794,13.199133074982395,14.495443337298816,17.712626901155435,Verified debut-season capacity; original four-year role window retained,FAIL: aggregate and debut/swingman subgroup accuracy deteriorates; not release-ready,"MLB opportunity, future role, availability; other professional assignments unverified"
05h2u,Jared Jones,TheMissingSox,25.0,SP,2024,121.66666666666667,11.0,132.66666666666669,"[{""year"":2024,""IP"":121.66666666666667,""role"":""SP""},{""year"":2026,""IP"":101.66666666666667,""role"":""SP""}]",https://statsapi.mlb.com/api/v1/stats?stats=season&group=pitching&season=2024&sportId=11&playerPool=ALL&limit=10000,debut_raw,111.96664170706183,121.19713140477414,10.770687713081983,115.07103188261105,124.55744639057225,11.069316095702229,41.331078678746756,42.477025298552014,Verified debut-season capacity; original four-year role window retained,FAIL: aggregate and debut/swingman subgroup accuracy deteriorates; not release-ready,"MLB opportunity, future role, availability; other professional assignments unverified"
05h2u,Jared Jones,TheMissingSox,25.0,SP,2024,121.66666666666667,11.0,132.66666666666669,"[{""year"":2024,""IP"":121.66666666666667,""role"":""SP""},{""year"":2026,""IP"":101.66666666666667,""role"":""SP""}]",https://statsapi.mlb.com/api/v1/stats?stats=season&group=pitching&season=2024&sportId=11&playerPool=ALL&limit=10000,debut_opportunity,111.96664170706183,121.19713140477414,10.770687713081983,114.81363269720119,124.27882730883522,11.044555450912108,41.331078678746756,42.38200962404554,Verified debut-season capacity; original four-year role window retained,FAIL: aggregate and debut/swingman subgroup accuracy deteriorates; not release-ready,"MLB opportunity, future role, availability; other professional assignments unverified"
04azu,Kumar Rocker,Free agent,26.0,SP,2024,11.666666666666666,36.666666666666664,48.33333333333333,"[{""year"":2024,""IP"":11.666666666666666,""role"":""SP""},{""year"":2025,""IP"":64.33333333333333,""role"":""SP""},{""year"":2026,""IP"":148.0,""role"":""SP""}]",https://statsapi.mlb.com/api/v1/stats?stats=season&group=pitching&season=2024&sportId=16&playerPool=ALL&limit=10000;https://statsapi.mlb.com/api/v1/stats?stats=season&group=pitching&season=2024&sportId=12&playerPool=ALL&limit=10000;https://statsapi.mlb.com/api/v1/stats?stats=season&group=pitching&season=2024&sportId=11&playerPool=ALL&limit=10000,debut_raw,96.09850338256132,87.14949335870926,8.940706729532934,100.3500998377129,91.00516711001748,9.336262078470138,6.268893206259282,6.546242001456985,Verified debut-season capacity; original four-year role window retained,FAIL: aggregate and debut/swingman subgroup accuracy deteriorates; not release-ready,"MLB opportunity, future role, availability; other professional assignments unverified"
04azu,Kumar Rocker,Free agent,26.0,SP,2024,11.666666666666666,36.666666666666664,48.33333333333333,"[{""year"":2024,""IP"":11.666666666666666,""role"":""SP""},{""year"":2025,""IP"":64.33333333333333,""role"":""SP""},{""year"":2026,""IP"":148.0,""role"":""SP""}]",https://statsapi.mlb.com/api/v1/stats?stats=season&group=pitching&season=2024&sportId=16&playerPool=ALL&limit=10000;https://statsapi.mlb.com/api/v1/stats?stats=season&group=pitching&season=2024&sportId=12&playerPool=ALL&limit=10000;https://statsapi.mlb.com/api/v1/stats?stats=season&group=pitching&season=2024&sportId=11&playerPool=ALL&limit=10000,debut_opportunity,96.09850338256132,87.14949335870926,8.940706729532934,100.3500998377129,91.00516711001748,9.336262078470138,6.268893206259282,6.546242001456985,Verified debut-season capacity; original four-year role window retained,FAIL: aggregate and debut/swingman subgroup accuracy deteriorates; not release-ready,"MLB opportunity, future role, availability; other professional assignments unverified"
05xz4,Michael Petersen,The Sandlot Sluggers,32.0,RP,2024,19.666666666666668,33.0,52.66666666666667,"[{""year"":2024,""IP"":19.666666666666668,""role"":""RP""},{""year"":2025,""IP"":18.0,""role"":""RP""},{""year"":2026,""IP"":65.66666666666667,""role"":""RP""}]",https://statsapi.mlb.com/api/v1/stats?stats=season&group=pitching&season=2024&sportId=11&playerPool=ALL&limit=10000,debut_raw,36.96557971014493,37.19100718091452,0.047217835831501596,44.15817481884058,44.427464946068866,0.05640526851098009,5.197799061018736,6.209163265108466,Verified debut-season capacity; original four-year role window retained,FAIL: aggregate and debut/swingman subgroup accuracy deteriorates; not release-ready,"MLB opportunity, future role, availability; other professional assignments unverified"
05xz4,Michael Petersen,The Sandlot Sluggers,32.0,RP,2024,19.666666666666668,33.0,52.66666666666667,"[{""year"":2024,""IP"":19.666666666666668,""role"":""RP""},{""year"":2025,""IP"":18.0,""role"":""RP""},{""year"":2026,""IP"":65.66666666666667,""role"":""RP""}]",https://statsapi.mlb.com/api/v1/stats?stats=season&group=pitching&season=2024&sportId=11&playerPool=ALL&limit=10000,debut_opportunity,36.96557971014493,37.19100718091452,0.047217835831501596,44.15817481884058,44.427464946068866,0.05640526851098009,5.197799061018736,6.209163265108466,Verified debut-season capacity; original four-year role window retained,FAIL: aggregate and debut/swingman subgroup accuracy deteriorates; not release-ready,"MLB opportunity, future role, availability; other professional assignments unverified"
04pkt,J.T. Ginn,Sodo Mojo,27.0,SP,2024,34.0,102.66666666666667,136.66666666666669,"[{""year"":2024,""IP"":34.0,""role"":""SP""},{""year"":2025,""IP"":90.33333333333333,""role"":""SP""},{""year"":2026,""IP"":138.33333333333334,""role"":""SP""}]",https://statsapi.mlb.com/api/v1/stats?stats=season&group=pitching&season=2024&sportId=12&playerPool=ALL&limit=10000;https://statsapi.mlb.com/api/v1/stats?stats=season&group=pitching&season=2024&sportId=11&playerPool=ALL&limit=10000,debut_raw,94.14128994733754,86.57818339782627,7.270549910339408,109.78810127137199,100.96796391986118,8.47895615517304,10.392062963215553,12.119282215722931,Verified debut-season capacity; original four-year role window retained,FAIL: aggregate and debut/swingman subgroup accuracy deteriorates; not release-ready,"MLB opportunity, future role, availability; other professional assignments unverified"
04pkt,J.T. Ginn,Sodo Mojo,27.0,SP,2024,34.0,102.66666666666667,136.66666666666669,"[{""year"":2024,""IP"":34.0,""role"":""SP""},{""year"":2025,""IP"":90.33333333333333,""role"":""SP""},{""year"":2026,""IP"":138.33333333333334,""role"":""SP""}]",https://statsapi.mlb.com/api/v1/stats?stats=season&group=pitching&season=2024&sportId=12&playerPool=ALL&limit=10000;https://statsapi.mlb.com/api/v1/stats?stats=season&group=pitching&season=2024&sportId=11&playerPool=ALL&limit=10000,debut_opportunity,94.14128994733754,86.57818339782627,7.270549910339408,109.78810127137199,100.96796391986118,8.47895615517304,10.392062963215553,12.119282215722931,Verified debut-season capacity; original four-year role window retained,FAIL: aggregate and debut/swingman subgroup accuracy deteriorates; not release-ready,"MLB opportunity, future role, availability; other professional assignments unverified"
05r3a,Brandon Young,Free agent,28.0,SP,2025,57.666666666666664,33.333333333333336,91.0,"[{""year"":2025,""IP"":57.666666666666664,""role"":""SP""},{""year"":2026,""IP"":156.66666666666666,""role"":""SP""}]",https://statsapi.mlb.com/api/v1/stats?stats=season&group=pitching&season=2025&sportId=13&playerPool=ALL&limit=10000;https://statsapi.mlb.com/api/v1/stats?stats=season&group=pitching&season=2025&sportId=11&playerPool=ALL&limit=10000,debut_raw,102.93614704692126,86.94389154096773,10.72714775069934,112.90628612809097,95.36506054515098,11.766152590952178,5.566930608107396,6.106129655384264,Verified debut-season capacity; original four-year role window retained,FAIL: aggregate and debut/swingman subgroup accuracy deteriorates; not release-ready,"MLB opportunity, future role, availability; other professional assignments unverified"
05r3a,Brandon Young,Free agent,28.0,SP,2025,57.666666666666664,33.333333333333336,91.0,"[{""year"":2025,""IP"":57.666666666666664,""role"":""SP""},{""year"":2026,""IP"":156.66666666666666,""role"":""SP""}]",https://statsapi.mlb.com/api/v1/stats?stats=season&group=pitching&season=2025&sportId=13&playerPool=ALL&limit=10000;https://statsapi.mlb.com/api/v1/stats?stats=season&group=pitching&season=2025&sportId=11&playerPool=ALL&limit=10000,debut_opportunity,102.93614704692126,86.94389154096773,10.72714775069934,112.90628612809097,95.36506054515098,11.766152590952178,5.566930608107396,6.106129655384264,Verified debut-season capacity; original four-year role window retained,FAIL: aggregate and debut/swingman subgroup accuracy deteriorates; not release-ready,"MLB opportunity, future role, availability; other professional assignments unverified"
04y9f,Ryan Zeferjahn,Free agent,28.0,RP,2024,17.0,46.0,63.0,"[{""year"":2024,""IP"":17.0,""role"":""RP""},{""year"":2025,""IP"":57.0,""role"":""RP""},{""year"":2026,""IP"":69.66666666666667,""role"":""RP""}]",https://statsapi.mlb.com/api/v1/stats?stats=season&group=pitching&season=2024&sportId=12&playerPool=ALL&limit=10000;https://statsapi.mlb.com/api/v1/stats?stats=season&group=pitching&season=2024&sportId=11&playerPool=ALL&limit=10000,debut_raw,50.275902849890386,58.596742669868306,0.2665716118451221,56.23601015345564,65.54326882166225,0.29817314101954523,7.734278480258743,8.651161659773798,Verified debut-season capacity; original four-year role window retained,FAIL: aggregate and debut/swingman subgroup accuracy deteriorates; not release-ready,"MLB opportunity, future role, availability; other professional assignments unverified"
04y9f,Ryan Zeferjahn,Free agent,28.0,RP,2024,17.0,46.0,63.0,"[{""year"":2024,""IP"":17.0,""role"":""RP""},{""year"":2025,""IP"":57.0,""role"":""RP""},{""year"":2026,""IP"":69.66666666666667,""role"":""RP""}]",https://statsapi.mlb.com/api/v1/stats?stats=season&group=pitching&season=2024&sportId=12&playerPool=ALL&limit=10000;https://statsapi.mlb.com/api/v1/stats?stats=season&group=pitching&season=2024&sportId=11&playerPool=ALL&limit=10000,debut_opportunity,50.275902849890386,58.596742669868306,0.2665716118451221,56.23601015345564,65.54326882166225,0.29817314101954523,7.734278480258743,8.651161659773798,Verified debut-season capacity; original four-year role window retained,FAIL: aggregate and debut/swingman subgroup accuracy deteriorates; not release-ready,"MLB opportunity, future role, availability; other professional assignments unverified"
05js3,Kyle Harrison,TheMissingSox,25.0,SP,2023,34.666666666666664,67.66666666666667,102.33333333333334,"[{""year"":2023,""IP"":34.666666666666664,""role"":""SP""},{""year"":2024,""IP"":124.33333333333333,""role"":""SP""},{""year"":2025,""IP"":35.666666666666664,""role"":""SP""},{""year"":2026,""IP"":115.66666666666667,""role"":""SP""}]",https://statsapi.mlb.com/api/v1/stats?stats=season&group=pitching&season=2023&sportId=11&playerPool=ALL&limit=10000;https://statsapi.mlb.com/api/v1/stats?stats=season&group=pitching&season=2023&sportId=16&playerPool=ALL&limit=10000,debut_raw,94.65868339730204,99.65109363832032,9.713185480331466,98.26843003894567,103.45122256138215,10.083591421011258,21.027243848205707,21.829103964361156,Verified debut-season capacity; original four-year role window retained,FAIL: aggregate and debut/swingman subgroup accuracy deteriorates; not release-ready,"MLB opportunity, future role, availability; other professional assignments unverified"
05js3,Kyle Harrison,TheMissingSox,25.0,SP,2023,34.666666666666664,67.66666666666667,102.33333333333334,"[{""year"":2023,""IP"":34.666666666666664,""role"":""SP""},{""year"":2024,""IP"":124.33333333333333,""role"":""SP""},{""year"":2025,""IP"":35.666666666666664,""role"":""SP""},{""year"":2026,""IP"":115.66666666666667,""role"":""SP""}]",https://statsapi.mlb.com/api/v1/stats?stats=season&group=pitching&season=2023&sportId=11&playerPool=ALL&limit=10000;https://statsapi.mlb.com/api/v1/stats?stats=season&group=pitching&season=2023&sportId=16&playerPool=ALL&limit=10000,debut_opportunity,94.65868339730204,99.65109363832032,9.713185480331466,98.26843003894567,103.45122256138215,10.083591421011258,21.027243848205707,21.829103964361156,Verified debut-season capacity; original four-year role window retained,FAIL: aggregate and debut/swingman subgroup accuracy deteriorates; not release-ready,"MLB opportunity, future role, availability; other professional assignments unverified"
05gdz,Roki Sasaki,TheMissingSox,24.0,SP,2025,36.333333333333336,20.666666666666668,57.0,"[{""year"":2025,""IP"":36.333333333333336,""role"":""SP""},{""year"":2026,""IP"":122.33333333333333,""role"":""SP""}]",https://statsapi.mlb.com/api/v1/stats?stats=season&group=pitching&season=2025&sportId=11&playerPool=ALL&limit=10000,debut_raw,94.09737637805641,87.73412540910998,8.66775746209906,101.02159318129463,94.19009824021686,9.30558004733594,12.700579543247686,13.635159971196018,Verified debut-season capacity; original four-year role window retained,FAIL: aggregate and debut/swingman subgroup accuracy deteriorates; not release-ready,"MLB opportunity, future role, availability; other professional assignments unverified"
05gdz,Roki Sasaki,TheMissingSox,24.0,SP,2025,36.333333333333336,20.666666666666668,57.0,"[{""year"":2025,""IP"":36.333333333333336,""role"":""SP""},{""year"":2026,""IP"":122.33333333333333,""role"":""SP""}]",https://statsapi.mlb.com/api/v1/stats?stats=season&group=pitching&season=2025&sportId=11&playerPool=ALL&limit=10000,debut_opportunity,94.09737637805641,87.73412540910998,8.66775746209906,101.02159318129463,94.19009824021686,9.30558004733594,12.700579543247686,13.635159971196018,Verified debut-season capacity; original four-year role window retained,FAIL: aggregate and debut/swingman subgroup accuracy deteriorates; not release-ready,"MLB opportunity, future role, availability; other professional assignments unverified"
05xpq,Christian Scott,TheMissingSox,27.0,SP,2024,47.333333333333336,42.333333333333336,89.66666666666667,"[{""year"":2024,""IP"":47.333333333333336,""role"":""SP""},{""year"":2026,""IP"":110.0,""role"":""SP""}]",https://statsapi.mlb.com/api/v1/stats?stats=season&group=pitching&season=2024&sportId=11&playerPool=ALL&limit=10000,debut_raw,90.15195029820346,96.51943979791625,7.90939008424331,101.5167531475001,108.6869458895702,8.90646955582739,19.23723766626068,21.66233676527011,Verified debut-season capacity; original four-year role window retained,FAIL: aggregate and debut/swingman subgroup accuracy deteriorates; not release-ready,"MLB opportunity, future role, availability; other professional assignments unverified"
05xpq,Christian Scott,TheMissingSox,27.0,SP,2024,47.333333333333336,42.333333333333336,89.66666666666667,"[{""year"":2024,""IP"":47.333333333333336,""role"":""SP""},{""year"":2026,""IP"":110.0,""role"":""SP""}]",https://statsapi.mlb.com/api/v1/stats?stats=season&group=pitching&season=2024&sportId=11&playerPool=ALL&limit=10000,debut_opportunity,90.15195029820346,96.51943979791625,7.90939008424331,101.5167531475001,108.6869458895702,8.90646955582739,19.23723766626068,21.66233676527011,Verified debut-season capacity; original four-year role window retained,FAIL: aggregate and debut/swingman subgroup accuracy deteriorates; not release-ready,"MLB opportunity, future role, availability; other professional assignments unverified"
0649e,A.J. Blubaugh,Free agent,26.0,RP,2025,32.0,99.0,131.0,"[{""year"":2025,""IP"":32.0,""role"":""RP""},{""year"":2026,""IP"":96.0,""role"":""RP""}]",https://statsapi.mlb.com/api/v1/stats?stats=season&group=pitching&season=2025&sportId=11&playerPool=ALL&limit=10000,debut_raw,60.91298955087854,59.65644338118288,1.0715054819527254,71.74307454271847,70.26311950876722,1.2620148548193715,11.023779728606373,12.983763506654366,Verified debut-season capacity; original four-year role window retained,FAIL: aggregate and debut/swingman subgroup accuracy deteriorates; not release-ready,"MLB opportunity, future role, availability; other professional assignments unverified"
0649e,A.J. Blubaugh,Free agent,26.0,RP,2025,32.0,99.0,131.0,"[{""year"":2025,""IP"":32.0,""role"":""RP""},{""year"":2026,""IP"":96.0,""role"":""RP""}]",https://statsapi.mlb.com/api/v1/stats?stats=season&group=pitching&season=2025&sportId=11&playerPool=ALL&limit=10000,debut_opportunity,60.91298955087854,59.65644338118288,1.0715054819527254,71.74307454271847,70.26311950876722,1.2620148548193715,11.023779728606373,12.983763506654366,Verified debut-season capacity; original four-year role window retained,FAIL: aggregate and debut/swingman subgroup accuracy deteriorates; not release-ready,"MLB opportunity, future role, availability; other professional assignments unverified"
05uo2,Logan Henderson,Yoho and a Bottle of Rum,24.0,SP,2025,25.333333333333332,77.66666666666667,103.0,"[{""year"":2025,""IP"":25.333333333333332,""role"":""SP""},{""year"":2026,""IP"":98.33333333333333,""role"":""SP""}]",https://statsapi.mlb.com/api/v1/stats?stats=season&group=pitching&season=2025&sportId=11&playerPool=ALL&limit=10000,debut_raw,82.89493946273173,85.22191001718049,11.11572876439887,109.66283106318576,112.74121172737877,14.705147184316402,50.468500603955675,66.77439795502407,Verified debut-season capacity; original four-year role window retained,FAIL: aggregate and debut/swingman subgroup accuracy deteriorates; not release-ready,"MLB opportunity, future role, availability; other professional assignments unverified"
05uo2,Logan Henderson,Yoho and a Bottle of Rum,24.0,SP,2025,25.333333333333332,77.66666666666667,103.0,"[{""year"":2025,""IP"":25.333333333333332,""role"":""SP""},{""year"":2026,""IP"":98.33333333333333,""role"":""SP""}]",https://statsapi.mlb.com/api/v1/stats?stats=season&group=pitching&season=2025&sportId=11&playerPool=ALL&limit=10000,debut_opportunity,82.89493946273173,85.22191001718049,11.11572876439887,108.45004633047908,111.49438252368044,14.5425198125402,50.468500603955675,66.03407096455668,Verified debut-season capacity; original four-year role window retained,FAIL: aggregate and debut/swingman subgroup accuracy deteriorates; not release-ready,"MLB opportunity, future role, availability; other professional assignments unverified"
05y5d,Bradgley Rodriguez,Flying Squirrels,22.0,RP,2025,7.666666666666667,36.666666666666664,44.33333333333333,"[{""year"":2025,""IP"":7.666666666666667,""role"":""RP""},{""year"":2026,""IP"":74.0,""role"":""RP""}]",https://statsapi.mlb.com/api/v1/stats?stats=season&group=pitching&season=2025&sportId=12&playerPool=ALL&limit=10000;https://statsapi.mlb.com/api/v1/stats?stats=season&group=pitching&season=2025&sportId=11&playerPool=ALL&limit=10000,debut_raw,51.95816148168275,53.38652554138136,0.08358548257165499,66.65909885432234,68.49160135903426,0.1072349903584336,16.179449775672815,20.757230649612815,Verified debut-season capacity; original four-year role window retained,FAIL: aggregate and debut/swingman subgroup accuracy deteriorates; not release-ready,"MLB opportunity, future role, availability; other professional assignments unverified"
05y5d,Bradgley Rodriguez,Flying Squirrels,22.0,RP,2025,7.666666666666667,36.666666666666664,44.33333333333333,"[{""year"":2025,""IP"":7.666666666666667,""role"":""RP""},{""year"":2026,""IP"":74.0,""role"":""RP""}]",https://statsapi.mlb.com/api/v1/stats?stats=season&group=pitching&season=2025&sportId=12&playerPool=ALL&limit=10000;https://statsapi.mlb.com/api/v1/stats?stats=season&group=pitching&season=2025&sportId=11&playerPool=ALL&limit=10000,debut_opportunity,51.95816148168275,53.38652554138136,0.08358548257165499,66.65909885432234,68.49160135903426,0.1072349903584336,16.179449775672815,20.757230649612815,Verified debut-season capacity; original four-year role window retained,FAIL: aggregate and debut/swingman subgroup accuracy deteriorates; not release-ready,"MLB opportunity, future role, availability; other professional assignments unverified"
04pxo,Erik Sabrowski,How Lowe Can You Go?,28.0,RP,2024,12.666666666666666,48.666666666666664,61.33333333333333,"[{""year"":2024,""IP"":12.666666666666666,""role"":""RP""},{""year"":2025,""IP"":29.333333333333332,""role"":""RP""},{""year"":2026,""IP"":48.333333333333336,""role"":""RP""}]",https://statsapi.mlb.com/api/v1/stats?stats=season&group=pitching&season=2024&sportId=12&playerPool=ALL&limit=10000;https://statsapi.mlb.com/api/v1/stats?stats=season&group=pitching&season=2024&sportId=11&playerPool=ALL&limit=10000,debut_raw,34.65220087688935,42.98277484756594,0.2401260639566948,43.80473347178955,54.335625109783344,0.30354949945670356,10.812442763685725,13.668285461144132,Verified debut-season capacity; original four-year role window retained,FAIL: aggregate and debut/swingman subgroup accuracy deteriorates; not release-ready,"MLB opportunity, future role, availability; other professional assignments unverified"
04pxo,Erik Sabrowski,How Lowe Can You Go?,28.0,RP,2024,12.666666666666666,48.666666666666664,61.33333333333333,"[{""year"":2024,""IP"":12.666666666666666,""role"":""RP""},{""year"":2025,""IP"":29.333333333333332,""role"":""RP""},{""year"":2026,""IP"":48.333333333333336,""role"":""RP""}]",https://statsapi.mlb.com/api/v1/stats?stats=season&group=pitching&season=2024&sportId=12&playerPool=ALL&limit=10000;https://statsapi.mlb.com/api/v1/stats?stats=season&group=pitching&season=2024&sportId=11&playerPool=ALL&limit=10000,debut_opportunity,34.65220087688935,42.98277484756594,0.2401260639566948,41.47274096272217,51.44300915965754,0.2873897125396102,10.812442763685725,12.940639456227562,Verified debut-season capacity; original four-year role window retained,FAIL: aggregate and debut/swingman subgroup accuracy deteriorates; not release-ready,"MLB opportunity, future role, availability; other professional assignments unverified"
05lg3,Brandon Pfaadt,Free agent,27.0,SP,2023,96.0,60.666666666666664,156.66666666666666,"[{""year"":2023,""IP"":96.0,""role"":""SP""},{""year"":2024,""IP"":181.66666666666666,""role"":""SP""},{""year"":2025,""IP"":176.66666666666666,""role"":""SP""},{""year"":2026,""IP"":136.0,""role"":""SP""}]",https://statsapi.mlb.com/api/v1/stats?stats=season&group=pitching&season=2023&sportId=11&playerPool=ALL&limit=10000,debut_raw,142.2545717827484,119.25787857731805,13.324501772057184,145.441074190682,121.92925505744999,13.622970611751267,26.934096669667973,27.537420435068537,Verified debut-season capacity; original four-year role window retained,FAIL: aggregate and debut/swingman subgroup accuracy deteriorates; not release-ready,"MLB opportunity, future role, availability; other professional assignments unverified"
05lg3,Brandon Pfaadt,Free agent,27.0,SP,2023,96.0,60.666666666666664,156.66666666666666,"[{""year"":2023,""IP"":96.0,""role"":""SP""},{""year"":2024,""IP"":181.66666666666666,""role"":""SP""},{""year"":2025,""IP"":176.66666666666666,""role"":""SP""},{""year"":2026,""IP"":136.0,""role"":""SP""}]",https://statsapi.mlb.com/api/v1/stats?stats=season&group=pitching&season=2023&sportId=11&playerPool=ALL&limit=10000,debut_opportunity,142.2545717827484,119.25787857731805,13.324501772057184,145.441074190682,121.92925505744999,13.622970611751267,26.934096669667973,27.537420435068537,Verified debut-season capacity; original four-year role window retained,FAIL: aggregate and debut/swingman subgroup accuracy deteriorates; not release-ready,"MLB opportunity, future role, availability; other professional assignments unverified"
05ydo,Juan Morillo,Sodo Mojo,27.0,RP,2025,34.333333333333336,21.0,55.333333333333336,"[{""year"":2025,""IP"":34.333333333333336,""role"":""RP""},{""year"":2026,""IP"":64.33333333333333,""role"":""RP""}]",https://statsapi.mlb.com/api/v1/stats?stats=season&group=pitching&season=2025&sportId=11&playerPool=ALL&limit=10000,debut_raw,47.858604651162786,49.90713185788682,0.25310061064320527,54.81650948121646,57.16286102799498,0.28989754557517894,10.020624109081972,11.47746869109466,Verified debut-season capacity; original four-year role window retained,FAIL: aggregate and debut/swingman subgroup accuracy deteriorates; not release-ready,"MLB opportunity, future role, availability; other professional assignments unverified"
05ydo,Juan Morillo,Sodo Mojo,27.0,RP,2025,34.333333333333336,21.0,55.333333333333336,"[{""year"":2025,""IP"":34.333333333333336,""role"":""RP""},{""year"":2026,""IP"":64.33333333333333,""role"":""RP""}]",https://statsapi.mlb.com/api/v1/stats?stats=season&group=pitching&season=2025&sportId=11&playerPool=ALL&limit=10000,debut_opportunity,47.858604651162786,49.90713185788682,0.25310061064320527,54.81650948121646,57.16286102799498,0.28989754557517894,10.020624109081972,11.47746869109466,Verified debut-season capacity; original four-year role window retained,FAIL: aggregate and debut/swingman subgroup accuracy deteriorates; not release-ready,"MLB opportunity, future role, availability; other professional assignments unverified"
04pps,Hogan Harris,Ohtani and the Bums,29.0,RP,2023,63.0,57.0,120.0,"[{""year"":2023,""IP"":63.0,""role"":""RP""},{""year"":2024,""IP"":72.33333333333333,""role"":""RP""},{""year"":2025,""IP"":64.66666666666667,""role"":""RP""},{""year"":2026,""IP"":70.33333333333333,""role"":""RP""}]",https://statsapi.mlb.com/api/v1/stats?stats=season&group=pitching&season=2023&sportId=11&playerPool=ALL&limit=10000,debut_raw,52.77101553933722,53.90680220701228,3.297289460030795,60.0102664385236,61.30186296832119,3.749619312781351,9.10825445606908,10.357746029941959,Verified debut-season capacity; original four-year role window retained,FAIL: aggregate and debut/swingman subgroup accuracy deteriorates; not release-ready,"MLB opportunity, future role, availability; other professional assignments unverified"
04pps,Hogan Harris,Ohtani and the Bums,29.0,RP,2023,63.0,57.0,120.0,"[{""year"":2023,""IP"":63.0,""role"":""RP""},{""year"":2024,""IP"":72.33333333333333,""role"":""RP""},{""year"":2025,""IP"":64.66666666666667,""role"":""RP""},{""year"":2026,""IP"":70.33333333333333,""role"":""RP""}]",https://statsapi.mlb.com/api/v1/stats?stats=season&group=pitching&season=2023&sportId=11&playerPool=ALL&limit=10000,debut_opportunity,52.77101553933722,53.90680220701228,3.297289460030795,57.1043904249747,58.33344400007692,3.5680515666672226,9.10825445606908,9.856193086935559,Verified debut-season capacity; original four-year role window retained,FAIL: aggregate and debut/swingman subgroup accuracy deteriorates; not release-ready,"MLB opportunity, future role, availability; other professional assignments unverified"
05nso,Abner Uribe,Flying Squirrels,26.0,RP,2023,30.666666666666668,23.0,53.66666666666667,"[{""year"":2023,""IP"":30.666666666666668,""role"":""RP""},{""year"":2024,""IP"":14.333333333333334,""role"":""RP""},{""year"":2025,""IP"":75.33333333333333,""role"":""RP""},{""year"":2026,""IP"":59.333333333333336,""role"":""RP""}]",https://statsapi.mlb.com/api/v1/stats?stats=season&group=pitching&season=2023&sportId=12&playerPool=ALL&limit=10000;https://statsapi.mlb.com/api/v1/stats?stats=season&group=pitching&season=2023&sportId=11&playerPool=ALL&limit=10000,debut_raw,52.29687384495672,54.47058177759592,0.2811725551675055,53.56814901274195,55.794697215049545,0.288007527527553,19.59575436580947,20.07210398458644,Verified debut-season capacity; original four-year role window retained,FAIL: aggregate and debut/swingman subgroup accuracy deteriorates; not release-ready,"MLB opportunity, future role, availability; other professional assignments unverified"
05nso,Abner Uribe,Flying Squirrels,26.0,RP,2023,30.666666666666668,23.0,53.66666666666667,"[{""year"":2023,""IP"":30.666666666666668,""role"":""RP""},{""year"":2024,""IP"":14.333333333333334,""role"":""RP""},{""year"":2025,""IP"":75.33333333333333,""role"":""RP""},{""year"":2026,""IP"":59.333333333333336,""role"":""RP""}]",https://statsapi.mlb.com/api/v1/stats?stats=season&group=pitching&season=2023&sportId=12&playerPool=ALL&limit=10000;https://statsapi.mlb.com/api/v1/stats?stats=season&group=pitching&season=2023&sportId=11&playerPool=ALL&limit=10000,debut_opportunity,52.29687384495672,54.47058177759592,0.2811725551675055,53.56814901274195,55.794697215049545,0.288007527527553,19.59575436580947,20.07210398458644,Verified debut-season capacity; original four-year role window retained,FAIL: aggregate and debut/swingman subgroup accuracy deteriorates; not release-ready,"MLB opportunity, future role, availability; other professional assignments unverified"
060u3,Andrew Alvarez,Free agent,27.0,SP,2025,23.333333333333332,123.0,146.33333333333334,"[{""year"":2025,""IP"":23.333333333333332,""role"":""SP""},{""year"":2026,""IP"":112.66666666666667,""role"":""SP""}]",https://statsapi.mlb.com/api/v1/stats?stats=season&group=pitching&season=2025&sportId=11&playerPool=ALL&limit=10000,debut_raw,75.50761523321911,71.52371483419682,5.306910129611735,111.78141679397717,105.88365363997833,7.856345763987628,9.087393617949688,13.45297067642081,Verified debut-season capacity; original four-year role window retained,FAIL: aggregate and debut/swingman subgroup accuracy deteriorates; not release-ready,"MLB opportunity, future role, availability; other professional assignments unverified"
060u3,Andrew Alvarez,Free agent,27.0,SP,2025,23.333333333333332,123.0,146.33333333333334,"[{""year"":2025,""IP"":23.333333333333332,""role"":""SP""},{""year"":2026,""IP"":112.66666666666667,""role"":""SP""}]",https://statsapi.mlb.com/api/v1/stats?stats=season&group=pitching&season=2025&sportId=11&playerPool=ALL&limit=10000,debut_opportunity,75.50761523321911,71.52371483419682,5.306910129611735,103.43596358751577,97.97851965504913,7.269801346967208,9.087393617949688,12.448589621966185,Verified debut-season capacity; original four-year role window retained,FAIL: aggregate and debut/swingman subgroup accuracy deteriorates; not release-ready,"MLB opportunity, future role, availability; other professional assignments unverified"
05u6r,Robert Gasser,Young Guns,27.0,SP,2024,28.0,12.0,40.0,"[{""year"":2024,""IP"":28.0,""role"":""SP""},{""year"":2025,""IP"":5.666666666666667,""role"":""SP""},{""year"":2026,""IP"":109.33333333333333,""role"":""SP""}]",https://statsapi.mlb.com/api/v1/stats?stats=season&group=pitching&season=2024&sportId=11&playerPool=ALL&limit=10000,debut_raw,68.93335023538958,59.9331665824465,7.004785763622,71.6082225253216,62.2587980219723,7.27659769894853,14.617833860109931,15.185060588503644,Verified debut-season capacity; original four-year role window retained,FAIL: aggregate and debut/swingman subgroup accuracy deteriorates; not release-ready,"MLB opportunity, future role, availability; other professional assignments unverified"
05u6r,Robert Gasser,Young Guns,27.0,SP,2024,28.0,12.0,40.0,"[{""year"":2024,""IP"":28.0,""role"":""SP""},{""year"":2025,""IP"":5.666666666666667,""role"":""SP""},{""year"":2026,""IP"":109.33333333333333,""role"":""SP""}]",https://statsapi.mlb.com/api/v1/stats?stats=season&group=pitching&season=2024&sportId=11&playerPool=ALL&limit=10000,debut_opportunity,68.93335023538958,59.9331665824465,7.004785763622,71.6082225253216,62.2587980219723,7.27659769894853,14.617833860109931,15.185060588503644,Verified debut-season capacity; original four-year role window retained,FAIL: aggregate and debut/swingman subgroup accuracy deteriorates; not release-ready,"MLB opportunity, future role, availability; other professional assignments unverified"
06guh,Brandyn Garcia,Cafécitos de Spokane,26.0,RP,2025,14.333333333333334,44.333333333333336,58.66666666666667,"[{""year"":2025,""IP"":14.333333333333334,""role"":""RP""},{""year"":2026,""IP"":51.333333333333336,""role"":""RP""}]",https://statsapi.mlb.com/api/v1/stats?stats=season&group=pitching&season=2025&sportId=12&playerPool=ALL&limit=10000;https://statsapi.mlb.com/api/v1/stats?stats=season&group=pitching&season=2025&sportId=11&playerPool=ALL&limit=10000,debut_raw,36.00103880945434,37.12656195168082,0.24319392863211936,50.70361248905749,52.28879144883604,0.3425126364358201,14.141365467625771,19.91660069954254,Verified debut-season capacity; original four-year role window retained,FAIL: aggregate and debut/swingman subgroup accuracy deteriorates; not release-ready,"MLB opportunity, future role, availability; other professional assignments unverified"
06guh,Brandyn Garcia,Cafécitos de Spokane,26.0,RP,2025,14.333333333333334,44.333333333333336,58.66666666666667,"[{""year"":2025,""IP"":14.333333333333334,""role"":""RP""},{""year"":2026,""IP"":51.333333333333336,""role"":""RP""}]",https://statsapi.mlb.com/api/v1/stats?stats=season&group=pitching&season=2025&sportId=12&playerPool=ALL&limit=10000;https://statsapi.mlb.com/api/v1/stats?stats=season&group=pitching&season=2025&sportId=11&playerPool=ALL&limit=10000,debut_opportunity,36.00103880945434,37.12656195168082,0.24319392863211936,48.8657907791071,50.39351276169163,0.33009779796035754,14.141365467625771,19.19469629555294,Verified debut-season capacity; original four-year role window retained,FAIL: aggregate and debut/swingman subgroup accuracy deteriorates; not release-ready,"MLB opportunity, future role, availability; other professional assignments unverified"
0648r,Andrew Morris,How Lowe Can You Go?,25.0,RP,2026,73.66666666666667,7.333333333333333,81.0,"[{""year"":2026,""IP"":73.66666666666667,""role"":""RP""}]",https://statsapi.mlb.com/api/v1/stats?stats=season&group=pitching&season=2026&sportId=11&playerPool=ALL&limit=10000,debut_raw,71.69234245337277,67.04339897761987,0.1703939353938904,77.37264809793771,72.3553609614409,0.18389453531705574,8.876182925953565,9.57945792368818,Verified debut-season capacity; original four-year role window retained,FAIL: aggregate and debut/swingman subgroup accuracy deteriorates; not release-ready,"MLB opportunity, future role, availability; other professional assignments unverified"
0648r,Andrew Morris,How Lowe Can You Go?,25.0,RP,2026,73.66666666666667,7.333333333333333,81.0,"[{""year"":2026,""IP"":73.66666666666667,""role"":""RP""}]",https://statsapi.mlb.com/api/v1/stats?stats=season&group=pitching&season=2026&sportId=11&playerPool=ALL&limit=10000,debut_opportunity,71.69234245337277,67.04339897761987,0.1703939353938904,76.85838174328575,71.87444259253529,0.18267225878080212,8.876182925953565,9.515786936238952,Verified debut-season capacity; original four-year role window retained,FAIL: aggregate and debut/swingman subgroup accuracy deteriorates; not release-ready,"MLB opportunity, future role, availability; other professional assignments unverified"
060i2,Jake Bennett,Cafécitos de Spokane,25.0,SP,2026,113.33333333333333,39.333333333333336,152.66666666666666,"[{""year"":2026,""IP"":113.33333333333333,""role"":""SP""}]",https://statsapi.mlb.com/api/v1/stats?stats=season&group=pitching&season=2026&sportId=11&playerPool=ALL&limit=10000,debut_raw,117.56497379241492,94.00976944640473,11.18178043899944,144.71304993234634,115.71848333031033,13.76387455211477,36.42149980060523,44.83194398156691,Verified debut-season capacity; original four-year role window retained,FAIL: aggregate and debut/swingman subgroup accuracy deteriorates; not release-ready,"MLB opportunity, future role, availability; other professional assignments unverified"
060i2,Jake Bennett,Cafécitos de Spokane,25.0,SP,2026,113.33333333333333,39.333333333333336,152.66666666666666,"[{""year"":2026,""IP"":113.33333333333333,""role"":""SP""}]",https://statsapi.mlb.com/api/v1/stats?stats=season&group=pitching&season=2026&sportId=11&playerPool=ALL&limit=10000,debut_opportunity,117.56497379241492,94.00976944640473,11.18178043899944,137.71856743341203,110.12540857419492,13.098618863582873,36.42149980060523,42.665060982978524,Verified debut-season capacity; original four-year role window retained,FAIL: aggregate and debut/swingman subgroup accuracy deteriorates; not release-ready,"MLB opportunity, future role, availability; other professional assignments unverified"
041s4,Lake Bachar,Free agent,31.0,RP,2024,9.333333333333334,72.66666666666667,82.0,"[{""year"":2024,""IP"":9.333333333333334,""role"":""RP""},{""year"":2025,""IP"":71.0,""role"":""RP""},{""year"":2026,""IP"":86.66666666666667,""role"":""RP""}]",https://statsapi.mlb.com/api/v1/stats?stats=season&group=pitching&season=2024&sportId=11&playerPool=ALL&limit=10000,debut_raw,53.97601789499939,54.688675526282836,0.13839551674654796,62.099732961801934,62.91964984937198,0.15922487371687785,7.274302700099042,8.36912897202289,Verified debut-season capacity; original four-year role window retained,FAIL: aggregate and debut/swingman subgroup accuracy deteriorates; not release-ready,"MLB opportunity, future role, availability; other professional assignments unverified"
041s4,Lake Bachar,Free agent,31.0,RP,2024,9.333333333333334,72.66666666666667,82.0,"[{""year"":2024,""IP"":9.333333333333334,""role"":""RP""},{""year"":2025,""IP"":71.0,""role"":""RP""},{""year"":2026,""IP"":86.66666666666667,""role"":""RP""}]",https://statsapi.mlb.com/api/v1/stats?stats=season&group=pitching&season=2024&sportId=11&playerPool=ALL&limit=10000,debut_opportunity,53.97601789499939,54.688675526282836,0.13839551674654796,62.099732961801934,62.91964984937198,0.15922487371687785,7.274302700099042,8.36912897202289,Verified debut-season capacity; original four-year role window retained,FAIL: aggregate and debut/swingman subgroup accuracy deteriorates; not release-ready,"MLB opportunity, future role, availability; other professional assignments unverified"
06apx,Trey Yesavage,Miller & Miller LLP,23.0,SP,2025,14.0,98.0,112.0,"[{""year"":2025,""IP"":14.0,""role"":""SP""},{""year"":2026,""IP"":97.66666666666667,""role"":""SP""}]",https://statsapi.mlb.com/api/v1/stats?stats=season&group=pitching&season=2025&sportId=12&playerPool=ALL&limit=10000;https://statsapi.mlb.com/api/v1/stats?stats=season&group=pitching&season=2025&sportId=13&playerPool=ALL&limit=10000;https://statsapi.mlb.com/api/v1/stats?stats=season&group=pitching&season=2025&sportId=14&playerPool=ALL&limit=10000;https://statsapi.mlb.com/api/v1/stats?stats=season&group=pitching&season=2025&sportId=11&playerPool=ALL&limit=10000,debut_raw,72.3538007380074,69.47155727337915,7.376146637564544,103.4028044280443,99.28371110817663,10.541453806392925,12.915775830137939,18.458290077063825,Verified debut-season capacity; original four-year role window retained,FAIL: aggregate and debut/swingman subgroup accuracy deteriorates; not release-ready,"MLB opportunity, future role, availability; other professional assignments unverified"
06apx,Trey Yesavage,Miller & Miller LLP,23.0,SP,2025,14.0,98.0,112.0,"[{""year"":2025,""IP"":14.0,""role"":""SP""},{""year"":2026,""IP"":97.66666666666667,""role"":""SP""}]",https://statsapi.mlb.com/api/v1/stats?stats=season&group=pitching&season=2025&sportId=12&playerPool=ALL&limit=10000;https://statsapi.mlb.com/api/v1/stats?stats=season&group=pitching&season=2025&sportId=13&playerPool=ALL&limit=10000;https://statsapi.mlb.com/api/v1/stats?stats=season&group=pitching&season=2025&sportId=14&playerPool=ALL&limit=10000;https://statsapi.mlb.com/api/v1/stats?stats=season&group=pitching&season=2025&sportId=11&playerPool=ALL&limit=10000,debut_opportunity,72.3538007380074,69.47155727337915,7.376146637564544,99.42927121771218,95.4684652305091,10.13636985323929,12.915775830137939,17.748980218082234,Verified debut-season capacity; original four-year role window retained,FAIL: aggregate and debut/swingman subgroup accuracy deteriorates; not release-ready,"MLB opportunity, future role, availability; other professional assignments unverified"
04xne,Yoendrys Gomez,Shea Stadiums,26.0,RP,2023,2.0,65.33333333333333,67.33333333333333,"[{""year"":2023,""IP"":2.0,""role"":""RP""},{""year"":2024,""IP"":11.333333333333334,""role"":""RP""},{""year"":2025,""IP"":62.666666666666664,""role"":""RP""},{""year"":2026,""IP"":67.0,""role"":""RP""}]",https://statsapi.mlb.com/api/v1/stats?stats=season&group=pitching&season=2023&sportId=12&playerPool=ALL&limit=10000,debut_raw,50.16400542591298,47.24858633311252,2.2111716426767214,54.393727559822814,51.23248653630245,2.3976129278072795,6.0057757785853765,6.512170005408021,Verified debut-season capacity; original four-year role window retained,FAIL: aggregate and debut/swingman subgroup accuracy deteriorates; not release-ready,"MLB opportunity, future role, availability; other professional assignments unverified"
04xne,Yoendrys Gomez,Shea Stadiums,26.0,RP,2023,2.0,65.33333333333333,67.33333333333333,"[{""year"":2023,""IP"":2.0,""role"":""RP""},{""year"":2024,""IP"":11.333333333333334,""role"":""RP""},{""year"":2025,""IP"":62.666666666666664,""role"":""RP""},{""year"":2026,""IP"":67.0,""role"":""RP""}]",https://statsapi.mlb.com/api/v1/stats?stats=season&group=pitching&season=2023&sportId=12&playerPool=ALL&limit=10000,debut_opportunity,50.16400542591298,47.24858633311252,2.2111716426767214,54.33665429174062,51.17873023810818,2.3950972038162077,6.0057757785853765,6.505337033277055,Verified debut-season capacity; original four-year role window retained,FAIL: aggregate and debut/swingman subgroup accuracy deteriorates; not release-ready,"MLB opportunity, future role, availability; other professional assignments unverified"
05w7z,Edgardo Henriquez,TheMissingSox,24.0,RP,2024,3.3333333333333335,53.0,56.333333333333336,"[{""year"":2024,""IP"":3.3333333333333335,""role"":""RP""},{""year"":2025,""IP"":19.0,""role"":""RP""},{""year"":2026,""IP"":60.0,""role"":""RP""}]",https://statsapi.mlb.com/api/v1/stats?stats=season&group=pitching&season=2024&sportId=14&playerPool=ALL&limit=10000;https://statsapi.mlb.com/api/v1/stats?stats=season&group=pitching&season=2024&sportId=12&playerPool=ALL&limit=10000;https://statsapi.mlb.com/api/v1/stats?stats=season&group=pitching&season=2024&sportId=11&playerPool=ALL&limit=10000;https://statsapi.mlb.com/api/v1/stats?stats=season&group=pitching&season=2024&sportId=13&playerPool=ALL&limit=10000,debut_raw,43.436306376113016,45.08580486112978,0.08284579930368227,56.28518962969671,58.42262586147822,0.10735239510134491,10.826101629467962,14.028568126595426,Verified debut-season capacity; original four-year role window retained,FAIL: aggregate and debut/swingman subgroup accuracy deteriorates; not release-ready,"MLB opportunity, future role, availability; other professional assignments unverified"
05w7z,Edgardo Henriquez,TheMissingSox,24.0,RP,2024,3.3333333333333335,53.0,56.333333333333336,"[{""year"":2024,""IP"":3.3333333333333335,""role"":""RP""},{""year"":2025,""IP"":19.0,""role"":""RP""},{""year"":2026,""IP"":60.0,""role"":""RP""}]",https://statsapi.mlb.com/api/v1/stats?stats=season&group=pitching&season=2024&sportId=14&playerPool=ALL&limit=10000;https://statsapi.mlb.com/api/v1/stats?stats=season&group=pitching&season=2024&sportId=12&playerPool=ALL&limit=10000;https://statsapi.mlb.com/api/v1/stats?stats=season&group=pitching&season=2024&sportId=11&playerPool=ALL&limit=10000;https://statsapi.mlb.com/api/v1/stats?stats=season&group=pitching&season=2024&sportId=13&playerPool=ALL&limit=10000,debut_opportunity,43.436306376113016,45.08580486112978,0.08284579930368227,56.28518962969671,58.42262586147822,0.10735239510134491,10.826101629467962,14.028568126595426,Verified debut-season capacity; original four-year role window retained,FAIL: aggregate and debut/swingman subgroup accuracy deteriorates; not release-ready,"MLB opportunity, future role, availability; other professional assignments unverified"
05y2l,Emmet Sheehan,The Sandlot Sluggers,26.0,SP,2023,60.333333333333336,63.0,123.33333333333334,"[{""year"":2023,""IP"":60.333333333333336,""role"":""SP""},{""year"":2025,""IP"":73.33333333333333,""role"":""SP""},{""year"":2026,""IP"":112.33333333333333,""role"":""SP""}]",https://statsapi.mlb.com/api/v1/stats?stats=season&group=pitching&season=2023&sportId=12&playerPool=ALL&limit=10000;https://statsapi.mlb.com/api/v1/stats?stats=season&group=pitching&season=2023&sportId=11&playerPool=ALL&limit=10000,debut_raw,94.9618725749468,103.50324356696832,9.219277597972468,104.77706132396412,114.20126208954458,10.172175295753966,32.39077616378987,35.73866277505963,Verified debut-season capacity; original four-year role window retained,FAIL: aggregate and debut/swingman subgroup accuracy deteriorates; not release-ready,"MLB opportunity, future role, availability; other professional assignments unverified"
05y2l,Emmet Sheehan,The Sandlot Sluggers,26.0,SP,2023,60.333333333333336,63.0,123.33333333333334,"[{""year"":2023,""IP"":60.333333333333336,""role"":""SP""},{""year"":2025,""IP"":73.33333333333333,""role"":""SP""},{""year"":2026,""IP"":112.33333333333333,""role"":""SP""}]",https://statsapi.mlb.com/api/v1/stats?stats=season&group=pitching&season=2023&sportId=12&playerPool=ALL&limit=10000;https://statsapi.mlb.com/api/v1/stats?stats=season&group=pitching&season=2023&sportId=11&playerPool=ALL&limit=10000,debut_opportunity,94.9618725749468,103.50324356696832,9.219277597972468,103.77046742834679,113.10412983713582,10.074451142886227,32.39077616378987,35.39532121410793,Verified debut-season capacity; original four-year role window retained,FAIL: aggregate and debut/swingman subgroup accuracy deteriorates; not release-ready,"MLB opportunity, future role, availability; other professional assignments unverified"
03qt6,Tyler Phillips,Free agent,28.0,SP,2024,36.666666666666664,118.66666666666667,155.33333333333334,"[{""year"":2024,""IP"":36.666666666666664,""role"":""SP""},{""year"":2025,""IP"":77.66666666666667,""role"":""RP""},{""year"":2026,""IP"":126.66666666666667,""role"":""SP""}]",https://statsapi.mlb.com/api/v1/stats?stats=season&group=pitching&season=2024&sportId=11&playerPool=ALL&limit=10000,debut_raw,89.67586206896551,72.17718880751826,5.62937487108958,119.91123199363876,96.51265604885899,7.527390989865841,2.4271181741793475,3.245452273836775,Verified debut-season capacity; original four-year role window retained,FAIL: aggregate and debut/swingman subgroup accuracy deteriorates; not release-ready,"MLB opportunity, future role, availability; other professional assignments unverified"
03qt6,Tyler Phillips,Free agent,28.0,SP,2024,36.666666666666664,118.66666666666667,155.33333333333334,"[{""year"":2024,""IP"":36.666666666666664,""role"":""SP""},{""year"":2025,""IP"":77.66666666666667,""role"":""RP""},{""year"":2026,""IP"":126.66666666666667,""role"":""SP""}]",https://statsapi.mlb.com/api/v1/stats?stats=season&group=pitching&season=2024&sportId=11&playerPool=ALL&limit=10000,debut_opportunity,89.67586206896551,72.17718880751826,5.62937487108958,114.33131393887074,92.02156123607936,7.177113337044471,2.4271181741793475,3.0944292425695217,Verified debut-season capacity; original four-year role window retained,FAIL: aggregate and debut/swingman subgroup accuracy deteriorates; not release-ready,"MLB opportunity, future role, availability; other professional assignments unverified"
05joq,Connor Prielipp,EpSkenes Island,25.0,SP,2026,125.66666666666667,18.666666666666668,144.33333333333334,"[{""year"":2026,""IP"":125.66666666666667,""role"":""SP""}]",https://statsapi.mlb.com/api/v1/stats?stats=season&group=pitching&season=2026&sportId=11&playerPool=ALL&limit=10000,debut_raw,121.80672165152114,121.59491724505905,10.116677546000608,134.25412386408536,134.0206752117074,11.150498609095562,18.54697758305825,20.442289160889015,Verified debut-season capacity; original four-year role window retained,FAIL: aggregate and debut/swingman subgroup accuracy deteriorates; not release-ready,"MLB opportunity, future role, availability; other professional assignments unverified"
05joq,Connor Prielipp,EpSkenes Island,25.0,SP,2026,125.66666666666667,18.666666666666668,144.33333333333334,"[{""year"":2026,""IP"":125.66666666666667,""role"":""SP""}]",https://statsapi.mlb.com/api/v1/stats?stats=season&group=pitching&season=2026&sportId=11&playerPool=ALL&limit=10000,debut_opportunity,121.80672165152114,121.59491724505905,10.116677546000608,132.64429817377683,132.41364877722174,11.016794268371966,18.54697758305825,20.19716803304024,Verified debut-season capacity; original four-year role window retained,FAIL: aggregate and debut/swingman subgroup accuracy deteriorates; not release-ready,"MLB opportunity, future role, availability; other professional assignments unverified"
066cf,Zebby Matthews,TheMissingSox,26.0,SP,2024,37.666666666666664,97.0,134.66666666666666,"[{""year"":2024,""IP"":37.666666666666664,""role"":""SP""},{""year"":2025,""IP"":79.33333333333333,""role"":""SP""},{""year"":2026,""IP"":130.33333333333334,""role"":""SP""}]",https://statsapi.mlb.com/api/v1/stats?stats=season&group=pitching&season=2024&sportId=12&playerPool=ALL&limit=10000;https://statsapi.mlb.com/api/v1/stats?stats=season&group=pitching&season=2024&sportId=11&playerPool=ALL&limit=10000;https://statsapi.mlb.com/api/v1/stats?stats=season&group=pitching&season=2024&sportId=13&playerPool=ALL&limit=10000,debut_raw,97.327049111485,92.10195941902047,8.412579607716756,114.76135535452546,108.60028933608159,9.91953466814285,13.156022350555464,15.512675764932983,Verified debut-season capacity; original four-year role window retained,FAIL: aggregate and debut/swingman subgroup accuracy deteriorates; not release-ready,"MLB opportunity, future role, availability; other professional assignments unverified"
066cf,Zebby Matthews,TheMissingSox,26.0,SP,2024,37.666666666666664,97.0,134.66666666666666,"[{""year"":2024,""IP"":37.666666666666664,""role"":""SP""},{""year"":2025,""IP"":79.33333333333333,""role"":""SP""},{""year"":2026,""IP"":130.33333333333334,""role"":""SP""}]",https://statsapi.mlb.com/api/v1/stats?stats=season&group=pitching&season=2024&sportId=12&playerPool=ALL&limit=10000;https://statsapi.mlb.com/api/v1/stats?stats=season&group=pitching&season=2024&sportId=11&playerPool=ALL&limit=10000;https://statsapi.mlb.com/api/v1/stats?stats=season&group=pitching&season=2024&sportId=13&playerPool=ALL&limit=10000,debut_opportunity,97.327049111485,92.10195941902047,8.412579607716756,114.05043821388551,107.92753841806592,9.858085696919305,13.156022350555464,15.416578720205584,Verified debut-season capacity; original four-year role window retained,FAIL: aggregate and debut/swingman subgroup accuracy deteriorates; not release-ready,"MLB opportunity, future role, availability; other professional assignments unverified"
04z9e,George Soriano,Free agent,27.0,RP,2023,52.0,25.333333333333332,77.33333333333333,"[{""year"":2023,""IP"":52.0,""role"":""RP""},{""year"":2024,""IP"":29.333333333333332,""role"":""RP""},{""year"":2025,""IP"":36.666666666666664,""role"":""RP""},{""year"":2026,""IP"":66.0,""role"":""RP""}]",https://statsapi.mlb.com/api/v1/stats?stats=season&group=pitching&season=2023&sportId=11&playerPool=ALL&limit=10000,debut_raw,45.827364651281776,44.31477364439748,0.07875826757556081,50.00955774295686,48.358928083672225,0.08594572609675673,2.5702772242764103,2.8048400391547035,Verified debut-season capacity; original four-year role window retained,FAIL: aggregate and debut/swingman subgroup accuracy deteriorates; not release-ready,"MLB opportunity, future role, availability; other professional assignments unverified"
04z9e,George Soriano,Free agent,27.0,RP,2023,52.0,25.333333333333332,77.33333333333333,"[{""year"":2023,""IP"":52.0,""role"":""RP""},{""year"":2024,""IP"":29.333333333333332,""role"":""RP""},{""year"":2025,""IP"":36.666666666666664,""role"":""RP""},{""year"":2026,""IP"":66.0,""role"":""RP""}]",https://statsapi.mlb.com/api/v1/stats?stats=season&group=pitching&season=2023&sportId=11&playerPool=ALL&limit=10000,debut_opportunity,45.827364651281776,44.31477364439748,0.07875826757556081,49.396650134694134,47.76625027791645,0.0848923916583056,2.5702772242764103,2.770464454215643,Verified debut-season capacity; original four-year role window retained,FAIL: aggregate and debut/swingman subgroup accuracy deteriorates; not release-ready,"MLB opportunity, future role, availability; other professional assignments unverified"
0648y,Mason Fluharty,Free agent,25.0,RP,2025,52.666666666666664,11.0,63.666666666666664,"[{""year"":2025,""IP"":52.666666666666664,""role"":""RP""},{""year"":2026,""IP"":62.666666666666664,""role"":""RP""}]",https://statsapi.mlb.com/api/v1/stats?stats=season&group=pitching&season=2025&sportId=11&playerPool=ALL&limit=10000,debut_raw,59.76370059978638,60.21284811621739,0.1666093236442695,63.85352066387315,64.33340477301844,0.17801092943282895,7.9338985270973,8.476840430910183,Verified debut-season capacity; original four-year role window retained,FAIL: aggregate and debut/swingman subgroup accuracy deteriorates; not release-ready,"MLB opportunity, future role, availability; other professional assignments unverified"
0648y,Mason Fluharty,Free agent,25.0,RP,2025,52.666666666666664,11.0,63.666666666666664,"[{""year"":2025,""IP"":52.666666666666664,""role"":""RP""},{""year"":2026,""IP"":62.666666666666664,""role"":""RP""}]",https://statsapi.mlb.com/api/v1/stats?stats=season&group=pitching&season=2025&sportId=11&playerPool=ALL&limit=10000,debut_opportunity,59.76370059978638,60.21284811621739,0.1666093236442695,63.78928265239535,64.26868398783309,0.17783184661939608,7.9338985270973,8.468312547604222,Verified debut-season capacity; original four-year role window retained,FAIL: aggregate and debut/swingman subgroup accuracy deteriorates; not release-ready,"MLB opportunity, future role, availability; other professional assignments unverified"
05jq2,Andrew Abbott,EpSkenes Island,27.0,SP,2023,109.33333333333333,54.0,163.33333333333331,"[{""year"":2023,""IP"":109.33333333333333,""role"":""SP""},{""year"":2024,""IP"":138.0,""role"":""SP""},{""year"":2025,""IP"":166.33333333333334,""role"":""SP""},{""year"":2026,""IP"":166.0,""role"":""SP""}]",https://statsapi.mlb.com/api/v1/stats?stats=season&group=pitching&season=2023&sportId=12&playerPool=ALL&limit=10000;https://statsapi.mlb.com/api/v1/stats?stats=season&group=pitching&season=2023&sportId=11&playerPool=ALL&limit=10000,debut_raw,131.11745795803768,112.24257021519915,13.758206166276393,133.77163856004435,114.51467079756321,14.036710375354533,13.424001860474124,13.695740848510138,Verified debut-season capacity; original four-year role window retained,FAIL: aggregate and debut/swingman subgroup accuracy deteriorates; not release-ready,"MLB opportunity, future role, availability; other professional assignments unverified"
05jq2,Andrew Abbott,EpSkenes Island,27.0,SP,2023,109.33333333333333,54.0,163.33333333333331,"[{""year"":2023,""IP"":109.33333333333333,""role"":""SP""},{""year"":2024,""IP"":138.0,""role"":""SP""},{""year"":2025,""IP"":166.33333333333334,""role"":""SP""},{""year"":2026,""IP"":166.0,""role"":""SP""}]",https://statsapi.mlb.com/api/v1/stats?stats=season&group=pitching&season=2023&sportId=12&playerPool=ALL&limit=10000;https://statsapi.mlb.com/api/v1/stats?stats=season&group=pitching&season=2023&sportId=11&playerPool=ALL&limit=10000,debut_opportunity,131.11745795803768,112.24257021519915,13.758206166276393,133.77163856004435,114.51467079756321,14.036710375354533,13.424001860474124,13.695740848510138,Verified debut-season capacity; original four-year role window retained,FAIL: aggregate and debut/swingman subgroup accuracy deteriorates; not release-ready,"MLB opportunity, future role, availability; other professional assignments unverified"
06f1r,Connelly Early,TheMissingSox,24.0,SP,2025,19.333333333333332,100.33333333333333,119.66666666666666,"[{""year"":2025,""IP"":19.333333333333332,""role"":""SP""},{""year"":2026,""IP"":94.66666666666667,""role"":""SP""}]",https://statsapi.mlb.com/api/v1/stats?stats=season&group=pitching&season=2025&sportId=12&playerPool=ALL&limit=10000;https://statsapi.mlb.com/api/v1/stats?stats=season&group=pitching&season=2025&sportId=11&playerPool=ALL&limit=10000,debut_raw,78.70575593189581,78.10838074038111,7.955400040663605,113.03418820037203,112.17626086044108,11.42524043837053,20.823447457974286,29.90583663260838,Verified debut-season capacity; original four-year role window retained,FAIL: aggregate and debut/swingman subgroup accuracy deteriorates; not release-ready,"MLB opportunity, future role, availability; other professional assignments unverified"
06f1r,Connelly Early,TheMissingSox,24.0,SP,2025,19.333333333333332,100.33333333333333,119.66666666666666,"[{""year"":2025,""IP"":19.333333333333332,""role"":""SP""},{""year"":2026,""IP"":94.66666666666667,""role"":""SP""}]",https://statsapi.mlb.com/api/v1/stats?stats=season&group=pitching&season=2025&sportId=12&playerPool=ALL&limit=10000;https://statsapi.mlb.com/api/v1/stats?stats=season&group=pitching&season=2025&sportId=11&playerPool=ALL&limit=10000,debut_opportunity,78.70575593189581,78.10838074038111,7.955400040663605,105.86251014985471,105.05901571001071,10.700343419350979,20.823447457974286,28.00840156826978,Verified debut-season capacity; original four-year role window retained,FAIL: aggregate and debut/swingman subgroup accuracy deteriorates; not release-ready,"MLB opportunity, future role, availability; other professional assignments unverified"
04pqo,Braydon Fisher,Free agent,26.0,RP,2025,50.0,16.666666666666668,66.66666666666667,"[{""year"":2025,""IP"":50.0,""role"":""RP""},{""year"":2026,""IP"":75.66666666666667,""role"":""RP""}]",https://statsapi.mlb.com/api/v1/stats?stats=season&group=pitching&season=2025&sportId=11&playerPool=ALL&limit=10000,debut_raw,58.60473410906935,59.85203753925942,0.11266823557054151,64.21940950806471,65.58621188302496,0.12346250978956294,9.518908767037482,10.43087575557631,Verified debut-season capacity; original four-year role window retained,FAIL: aggregate and debut/swingman subgroup accuracy deteriorates; not release-ready,"MLB opportunity, future role, availability; other professional assignments unverified"
04pqo,Braydon Fisher,Free agent,26.0,RP,2025,50.0,16.666666666666668,66.66666666666667,"[{""year"":2025,""IP"":50.0,""role"":""RP""},{""year"":2026,""IP"":75.66666666666667,""role"":""RP""}]",https://statsapi.mlb.com/api/v1/stats?stats=season&group=pitching&season=2025&sportId=11&playerPool=ALL&limit=10000,debut_opportunity,58.60473410906935,59.85203753925942,0.11266823557054151,64.21940950806471,65.58621188302496,0.12346250978956294,9.518908767037482,10.43087575557631,Verified debut-season capacity; original four-year role window retained,FAIL: aggregate and debut/swingman subgroup accuracy deteriorates; not release-ready,"MLB opportunity, future role, availability; other professional assignments unverified"
05tjx,Steven Cruz,Free agent,27.0,RP,2023,12.666666666666666,49.666666666666664,62.33333333333333,"[{""year"":2023,""IP"":12.666666666666666,""role"":""RP""},{""year"":2024,""IP"":5.666666666666667,""role"":""RP""},{""year"":2025,""IP"":45.666666666666664,""role"":""RP""},{""year"":2026,""IP"":58.666666666666664,""role"":""RP""}]",https://statsapi.mlb.com/api/v1/stats?stats=season&group=pitching&season=2023&sportId=12&playerPool=ALL&limit=10000;https://statsapi.mlb.com/api/v1/stats?stats=season&group=pitching&season=2023&sportId=11&playerPool=ALL&limit=10000,debut_raw,41.6457513587188,40.101645894696944,0.25794872346789127,46.36061279495697,44.64169374087421,0.2871520022928994,6.431742263271329,7.159902341443924,Verified debut-season capacity; original four-year role window retained,FAIL: aggregate and debut/swingman subgroup accuracy deteriorates; not release-ready,"MLB opportunity, future role, availability; other professional assignments unverified"
05tjx,Steven Cruz,Free agent,27.0,RP,2023,12.666666666666666,49.666666666666664,62.33333333333333,"[{""year"":2023,""IP"":12.666666666666666,""role"":""RP""},{""year"":2024,""IP"":5.666666666666667,""role"":""RP""},{""year"":2025,""IP"":45.666666666666664,""role"":""RP""},{""year"":2026,""IP"":58.666666666666664,""role"":""RP""}]",https://statsapi.mlb.com/api/v1/stats?stats=season&group=pitching&season=2023&sportId=12&playerPool=ALL&limit=10000;https://statsapi.mlb.com/api/v1/stats?stats=season&group=pitching&season=2023&sportId=11&playerPool=ALL&limit=10000,debut_opportunity,41.6457513587188,40.101645894696944,0.25794872346789127,45.85356526410205,44.153446083652696,0.28401141149901543,6.431742263271329,7.08159425653038,Verified debut-season capacity; original four-year role window retained,FAIL: aggregate and debut/swingman subgroup accuracy deteriorates; not release-ready,"MLB opportunity, future role, availability; other professional assignments unverified"
041g5,Elvis Alvarado,Free agent,27.0,RP,2025,42.333333333333336,29.333333333333332,71.66666666666667,"[{""year"":2025,""IP"":42.333333333333336,""role"":""RP""},{""year"":2026,""IP"":55.333333333333336,""role"":""RP""}]",https://statsapi.mlb.com/api/v1/stats?stats=season&group=pitching&season=2025&sportId=11&playerPool=ALL&limit=10000,debut_raw,46.86461824686941,50.423511308702594,0.25317070004307574,56.583596422182474,60.8805474324241,0.3056742859121818,6.85180211865053,8.272757153468866,Verified debut-season capacity; original four-year role window retained,FAIL: aggregate and debut/swingman subgroup accuracy deteriorates; not release-ready,"MLB opportunity, future role, availability; other professional assignments unverified"
041g5,Elvis Alvarado,Free agent,27.0,RP,2025,42.333333333333336,29.333333333333332,71.66666666666667,"[{""year"":2025,""IP"":42.333333333333336,""role"":""RP""},{""year"":2026,""IP"":55.333333333333336,""role"":""RP""}]",https://statsapi.mlb.com/api/v1/stats?stats=season&group=pitching&season=2025&sportId=11&playerPool=ALL&limit=10000,debut_opportunity,46.86461824686941,50.423511308702594,0.25317070004307574,54.368573489204145,58.49731594376199,0.29370835238852505,6.85180211865053,7.9489115873939875,Verified debut-season capacity; original four-year role window retained,FAIL: aggregate and debut/swingman subgroup accuracy deteriorates; not release-ready,"MLB opportunity, future role, availability; other professional assignments unverified"
03svw,Bryan Hudson,Free agent,29.0,RP,2023,8.666666666666666,55.666666666666664,64.33333333333333,"[{""year"":2023,""IP"":8.666666666666666,""role"":""RP""},{""year"":2024,""IP"":62.333333333333336,""role"":""RP""},{""year"":2025,""IP"":15.0,""role"":""RP""},{""year"":2026,""IP"":67.33333333333333,""role"":""RP""}]",https://statsapi.mlb.com/api/v1/stats?stats=season&group=pitching&season=2023&sportId=11&playerPool=ALL&limit=10000,debut_raw,45.67037818259295,42.267650069919554,0.17700782474061094,48.85251031061195,45.21269350103832,0.1893410330132882,8.536563408822063,9.131357535060273,Verified debut-season capacity; original four-year role window retained,FAIL: aggregate and debut/swingman subgroup accuracy deteriorates; not release-ready,"MLB opportunity, future role, availability; other professional assignments unverified"
03svw,Bryan Hudson,Free agent,29.0,RP,2023,8.666666666666666,55.666666666666664,64.33333333333333,"[{""year"":2023,""IP"":8.666666666666666,""role"":""RP""},{""year"":2024,""IP"":62.333333333333336,""role"":""RP""},{""year"":2025,""IP"":15.0,""role"":""RP""},{""year"":2026,""IP"":67.33333333333333,""role"":""RP""}]",https://statsapi.mlb.com/api/v1/stats?stats=season&group=pitching&season=2023&sportId=11&playerPool=ALL&limit=10000,debut_opportunity,45.67037818259295,42.267650069919554,0.17700782474061094,48.85251031061195,45.21269350103832,0.1893410330132882,8.536563408822063,9.131357535060273,Verified debut-season capacity; original four-year role window retained,FAIL: aggregate and debut/swingman subgroup accuracy deteriorates; not release-ready,"MLB opportunity, future role, availability; other professional assignments unverified"
057n0,Anthony Nunez,Free agent,25.0,RP,2026,59.666666666666664,13.0,72.66666666666666,"[{""year"":2026,""IP"":59.666666666666664,""role"":""RP""}]",https://statsapi.mlb.com/api/v1/stats?stats=season&group=pitching&season=2026&sportId=11&playerPool=ALL&limit=10000,debut_raw,56.61041333806734,59.045645722525876,0.09795994608438592,65.97875613941653,68.816990205603,0.11417113942508343,10.954435995300047,12.767263451382236,Verified debut-season capacity; original four-year role window retained,FAIL: aggregate and debut/swingman subgroup accuracy deteriorates; not release-ready,"MLB opportunity, future role, availability; other professional assignments unverified"
057n0,Anthony Nunez,Free agent,25.0,RP,2026,59.666666666666664,13.0,72.66666666666666,"[{""year"":2026,""IP"":59.666666666666664,""role"":""RP""}]",https://statsapi.mlb.com/api/v1/stats?stats=season&group=pitching&season=2026&sportId=11&playerPool=ALL&limit=10000,debut_opportunity,56.61041333806734,59.045645722525876,0.09795994608438592,64.30276820706509,67.06890564211675,0.11127097180908711,10.954435995300047,12.442950282633594,Verified debut-season capacity; original four-year role window retained,FAIL: aggregate and debut/swingman subgroup accuracy deteriorates; not release-ready,"MLB opportunity, future role, availability; other professional assignments unverified"
05r3i,Andrew Painter,TheMissingSox,23.0,SP,2026,126.66666666666667,23.666666666666668,150.33333333333334,"[{""year"":2026,""IP"":126.66666666666667,""role"":""SP""}]",https://statsapi.mlb.com/api/v1/stats?stats=season&group=pitching&season=2026&sportId=11&playerPool=ALL&limit=10000,debut_raw,140.41624807447593,125.99600687819316,13.579782795957309,158.50981180095104,142.23142700224346,15.329627766035294,11.917201979623993,13.452812398051034,Verified debut-season capacity; original four-year role window retained,FAIL: aggregate and debut/swingman subgroup accuracy deteriorates; not release-ready,"MLB opportunity, future role, availability; other professional assignments unverified"
05r3i,Andrew Painter,TheMissingSox,23.0,SP,2026,126.66666666666667,23.666666666666668,150.33333333333334,"[{""year"":2026,""IP"":126.66666666666667,""role"":""SP""}]",https://statsapi.mlb.com/api/v1/stats?stats=season&group=pitching&season=2026&sportId=11&playerPool=ALL&limit=10000,debut_opportunity,140.41624807447593,125.99600687819316,13.579782795957309,155.66137937394498,139.6755182909185,15.054153280723682,11.917201979623993,13.21106441643614,Verified debut-season capacity; original four-year role window retained,FAIL: aggregate and debut/swingman subgroup accuracy deteriorates; not release-ready,"MLB opportunity, future role, availability; other professional assignments unverified"
03qub,Grant Wolfram,Free agent,29.0,RP,2025,26.666666666666668,32.333333333333336,59.0,"[{""year"":2025,""IP"":26.666666666666668,""role"":""RP""},{""year"":2026,""IP"":52.333333333333336,""role"":""RP""}]",https://statsapi.mlb.com/api/v1/stats?stats=season&group=pitching&season=2025&sportId=11&playerPool=ALL&limit=10000,debut_raw,34.409364947445624,36.63143595180417,0.07635173657022085,43.52048887802494,46.33093355141746,0.09656862041183525,5.4824870337663025,6.9341737733713895,Verified debut-season capacity; original four-year role window retained,FAIL: aggregate and debut/swingman subgroup accuracy deteriorates; not release-ready,"MLB opportunity, future role, availability; other professional assignments unverified"
03qub,Grant Wolfram,Free agent,29.0,RP,2025,26.666666666666668,32.333333333333336,59.0,"[{""year"":2025,""IP"":26.666666666666668,""role"":""RP""},{""year"":2026,""IP"":52.333333333333336,""role"":""RP""}]",https://statsapi.mlb.com/api/v1/stats?stats=season&group=pitching&season=2025&sportId=11&playerPool=ALL&limit=10000,debut_opportunity,34.409364947445624,36.63143595180417,0.07635173657022085,42.49098334914592,45.23494512208263,0.09428422675741556,5.4824870337663025,6.7701413734160125,Verified debut-season capacity; original four-year role window retained,FAIL: aggregate and debut/swingman subgroup accuracy deteriorates; not release-ready,"MLB opportunity, future role, availability; other professional assignments unverified"
04ppz,Jake Irvin,Free agent,29.0,SP,2023,121.0,22.333333333333332,143.33333333333334,"[{""year"":2023,""IP"":121.0,""role"":""SP""},{""year"":2024,""IP"":187.66666666666666,""role"":""SP""},{""year"":2025,""IP"":180.0,""role"":""SP""},{""year"":2026,""IP"":106.66666666666667,""role"":""SP""}]",https://statsapi.mlb.com/api/v1/stats?stats=season&group=pitching&season=2023&sportId=11&playerPool=ALL&limit=10000,debut_raw,129.63127710675624,107.59606846380841,10.321415531071219,130.72047895854362,108.5001237167649,10.408139238192083,2.1719988965773003,2.1902486991946364,Verified debut-season capacity; original four-year role window retained,FAIL: aggregate and debut/swingman subgroup accuracy deteriorates; not release-ready,"MLB opportunity, future role, availability; other professional assignments unverified"
04ppz,Jake Irvin,Free agent,29.0,SP,2023,121.0,22.333333333333332,143.33333333333334,"[{""year"":2023,""IP"":121.0,""role"":""SP""},{""year"":2024,""IP"":187.66666666666666,""role"":""SP""},{""year"":2025,""IP"":180.0,""role"":""SP""},{""year"":2026,""IP"":106.66666666666667,""role"":""SP""}]",https://statsapi.mlb.com/api/v1/stats?stats=season&group=pitching&season=2023&sportId=11&playerPool=ALL&limit=10000,debut_opportunity,129.63127710675624,107.59606846380841,10.321415531071219,130.72047895854362,108.5001237167649,10.408139238192083,2.1719988965773003,2.1902486991946364,Verified debut-season capacity; original four-year role window retained,FAIL: aggregate and debut/swingman subgroup accuracy deteriorates; not release-ready,"MLB opportunity, future role, availability; other professional assignments unverified"
066b2,Drew Sommers,Yoho and a Bottle of Rum,26.0,RP,2025,3.0,63.333333333333336,66.33333333333334,"[{""year"":2025,""IP"":3.0,""role"":""RP""},{""year"":2026,""IP"":39.666666666666664,""role"":""RP""}]",https://statsapi.mlb.com/api/v1/stats?stats=season&group=pitching&season=2025&sportId=12&playerPool=ALL&limit=10000;https://statsapi.mlb.com/api/v1/stats?stats=season&group=pitching&season=2025&sportId=11&playerPool=ALL&limit=10000,debut_raw,29.179955813635207,34.64171831381594,0.14383969884789774,51.455725653508516,61.086958633737936,0.25364589752196254,6.745036815472727,11.894149741570212,Verified debut-season capacity; original four-year role window retained,FAIL: aggregate and debut/swingman subgroup accuracy deteriorates; not release-ready,"MLB opportunity, future role, availability; other professional assignments unverified"
066b2,Drew Sommers,Yoho and a Bottle of Rum,26.0,RP,2025,3.0,63.333333333333336,66.33333333333334,"[{""year"":2025,""IP"":3.0,""role"":""RP""},{""year"":2026,""IP"":39.666666666666664,""role"":""RP""}]",https://statsapi.mlb.com/api/v1/stats?stats=season&group=pitching&season=2025&sportId=12&playerPool=ALL&limit=10000;https://statsapi.mlb.com/api/v1/stats?stats=season&group=pitching&season=2025&sportId=11&playerPool=ALL&limit=10000,debut_opportunity,29.179955813635207,34.64171831381594,0.14383969884789774,42.500642300795626,50.45570624381954,0.20950270207510227,6.745036815472727,9.824154595400367,Verified debut-season capacity; original four-year role window retained,FAIL: aggregate and debut/swingman subgroup accuracy deteriorates; not release-ready,"MLB opportunity, future role, availability; other professional assignments unverified"
06ekq,Zac Thornton,The Sandlot Sluggers,24.0,SP,2026,84.33333333333333,62.666666666666664,147.0,"[{""year"":2026,""IP"":84.33333333333333,""role"":""SP""}]",https://statsapi.mlb.com/api/v1/stats?stats=season&group=pitching&season=2026&sportId=11&playerPool=ALL&limit=10000;https://statsapi.mlb.com/api/v1/stats?stats=season&group=pitching&season=2026&sportId=12&playerPool=ALL&limit=10000,debut_raw,100.74235383329119,77.94048403322016,12.235418762739696,145.41113336314675,112.4990005385159,17.660557270746924,27.61162358087653,39.85451328183122,Verified debut-season capacity; original four-year role window retained,FAIL: aggregate and debut/swingman subgroup accuracy deteriorates; not release-ready,"MLB opportunity, future role, availability; other professional assignments unverified"
06ekq,Zac Thornton,The Sandlot Sluggers,24.0,SP,2026,84.33333333333333,62.666666666666664,147.0,"[{""year"":2026,""IP"":84.33333333333333,""role"":""SP""}]",https://statsapi.mlb.com/api/v1/stats?stats=season&group=pitching&season=2026&sportId=11&playerPool=ALL&limit=10000;https://statsapi.mlb.com/api/v1/stats?stats=season&group=pitching&season=2026&sportId=12&playerPool=ALL&limit=10000,debut_opportunity,100.74235383329119,77.94048403322016,12.235418762739696,126.36866045699519,97.76657173353723,15.347799811551099,27.61162358087653,34.63532220750134,Verified debut-season capacity; original four-year role window retained,FAIL: aggregate and debut/swingman subgroup accuracy deteriorates; not release-ready,"MLB opportunity, future role, availability; other professional assignments unverified"
061bo,Rhett Lowder,Flying Squirrels,24.0,SP,2024,30.666666666666668,108.66666666666667,139.33333333333334,"[{""year"":2024,""IP"":30.666666666666668,""role"":""SP""},{""year"":2026,""IP"":133.33333333333334,""role"":""SP""}]",https://statsapi.mlb.com/api/v1/stats?stats=season&group=pitching&season=2024&sportId=12&playerPool=ALL&limit=10000;https://statsapi.mlb.com/api/v1/stats?stats=season&group=pitching&season=2024&sportId=11&playerPool=ALL&limit=10000;https://statsapi.mlb.com/api/v1/stats?stats=season&group=pitching&season=2024&sportId=13&playerPool=ALL&limit=10000,debut_raw,90.66230055625968,75.81840017574467,8.053110869807323,118.2835239754964,98.91727322103878,10.50657579613357,5.888399997319445,7.682362988660766,Verified debut-season capacity; original four-year role window retained,FAIL: aggregate and debut/swingman subgroup accuracy deteriorates; not release-ready,"MLB opportunity, future role, availability; other professional assignments unverified"
061bo,Rhett Lowder,Flying Squirrels,24.0,SP,2024,30.666666666666668,108.66666666666667,139.33333333333334,"[{""year"":2024,""IP"":30.666666666666668,""role"":""SP""},{""year"":2026,""IP"":133.33333333333334,""role"":""SP""}]",https://statsapi.mlb.com/api/v1/stats?stats=season&group=pitching&season=2024&sportId=12&playerPool=ALL&limit=10000;https://statsapi.mlb.com/api/v1/stats?stats=season&group=pitching&season=2024&sportId=11&playerPool=ALL&limit=10000;https://statsapi.mlb.com/api/v1/stats?stats=season&group=pitching&season=2024&sportId=13&playerPool=ALL&limit=10000,debut_opportunity,90.66230055625968,75.81840017574467,8.053110869807323,117.09409330194073,97.92258490808352,10.40092419643531,5.888399997319445,7.605110993818323,Verified debut-season capacity; original four-year role window retained,FAIL: aggregate and debut/swingman subgroup accuracy deteriorates; not release-ready,"MLB opportunity, future role, availability; other professional assignments unverified"
03mjl,Cam Booser,Free agent,34.0,RP,2024,42.666666666666664,11.666666666666666,54.33333333333333,"[{""year"":2024,""IP"":42.666666666666664,""role"":""RP""},{""year"":2025,""IP"":31.0,""role"":""RP""},{""year"":2026,""IP"":41.0,""role"":""RP""}]",https://statsapi.mlb.com/api/v1/stats?stats=season&group=pitching&season=2024&sportId=12&playerPool=ALL&limit=10000;https://statsapi.mlb.com/api/v1/stats?stats=season&group=pitching&season=2024&sportId=11&playerPool=ALL&limit=10000,debut_raw,31.93130978827258,31.428098826039975,0.011793785526872354,34.184940268288145,33.64621395858358,0.012626160857366552,5.660309060126241,6.059799250437624,Verified debut-season capacity; original four-year role window retained,FAIL: aggregate and debut/swingman subgroup accuracy deteriorates; not release-ready,"MLB opportunity, future role, availability; other professional assignments unverified"
03mjl,Cam Booser,Free agent,34.0,RP,2024,42.666666666666664,11.666666666666666,54.33333333333333,"[{""year"":2024,""IP"":42.666666666666664,""role"":""RP""},{""year"":2025,""IP"":31.0,""role"":""RP""},{""year"":2026,""IP"":41.0,""role"":""RP""}]",https://statsapi.mlb.com/api/v1/stats?stats=season&group=pitching&season=2024&sportId=12&playerPool=ALL&limit=10000;https://statsapi.mlb.com/api/v1/stats?stats=season&group=pitching&season=2024&sportId=11&playerPool=ALL&limit=10000,debut_opportunity,31.93130978827258,31.428098826039975,0.011793785526872354,33.70103188300873,33.16993156816011,0.01244742995818068,5.660309060126241,5.974019148223524,Verified debut-season capacity; original four-year role window retained,FAIL: aggregate and debut/swingman subgroup accuracy deteriorates; not release-ready,"MLB opportunity, future role, availability; other professional assignments unverified"
05jnq,Clayton Beeter,Miller & Miller LLP,27.0,RP,2024,3.6666666666666665,39.0,42.666666666666664,"[{""year"":2024,""IP"":3.6666666666666665,""role"":""RP""},{""year"":2025,""IP"":25.333333333333332,""role"":""RP""},{""year"":2026,""IP"":48.0,""role"":""RP""}]",https://statsapi.mlb.com/api/v1/stats?stats=season&group=pitching&season=2024&sportId=12&playerPool=ALL&limit=10000;https://statsapi.mlb.com/api/v1/stats?stats=season&group=pitching&season=2024&sportId=11&playerPool=ALL&limit=10000,debut_raw,31.916427948348865,31.934509706266457,0.0710315381743626,38.239187971980456,38.260851791659576,0.08510314326477986,5.470475882036811,6.55419697617549,Verified debut-season capacity; original four-year role window retained,FAIL: aggregate and debut/swingman subgroup accuracy deteriorates; not release-ready,"MLB opportunity, future role, availability; other professional assignments unverified"
05jnq,Clayton Beeter,Miller & Miller LLP,27.0,RP,2024,3.6666666666666665,39.0,42.666666666666664,"[{""year"":2024,""IP"":3.6666666666666665,""role"":""RP""},{""year"":2025,""IP"":25.333333333333332,""role"":""RP""},{""year"":2026,""IP"":48.0,""role"":""RP""}]",https://statsapi.mlb.com/api/v1/stats?stats=season&group=pitching&season=2024&sportId=12&playerPool=ALL&limit=10000;https://statsapi.mlb.com/api/v1/stats?stats=season&group=pitching&season=2024&sportId=11&playerPool=ALL&limit=10000,debut_opportunity,31.916427948348865,31.934509706266457,0.0710315381743626,38.239187971980456,38.260851791659576,0.08510314326477986,5.470475882036811,6.55419697617549,Verified debut-season capacity; original four-year role window retained,FAIL: aggregate and debut/swingman subgroup accuracy deteriorates; not release-ready,"MLB opportunity, future role, availability; other professional assignments unverified"
05y0j,Spencer Arrighetti,The Sandlot Sluggers,26.0,SP,2024,145.0,8.333333333333334,153.33333333333334,"[{""year"":2024,""IP"":145.0,""role"":""SP""},{""year"":2025,""IP"":35.333333333333336,""role"":""SP""},{""year"":2026,""IP"":110.66666666666667,""role"":""SP""}]",https://statsapi.mlb.com/api/v1/stats?stats=season&group=pitching&season=2024&sportId=11&playerPool=ALL&limit=10000,debut_raw,102.70228177264094,101.09792881464068,10.100984019292667,104.60031590440504,102.96631300463987,10.287659642288693,4.735527948497846,4.823044929844656,Verified debut-season capacity; original four-year role window retained,FAIL: aggregate and debut/swingman subgroup accuracy deteriorates; not release-ready,"MLB opportunity, future role, availability; other professional assignments unverified"
05y0j,Spencer Arrighetti,The Sandlot Sluggers,26.0,SP,2024,145.0,8.333333333333334,153.33333333333334,"[{""year"":2024,""IP"":145.0,""role"":""SP""},{""year"":2025,""IP"":35.333333333333336,""role"":""SP""},{""year"":2026,""IP"":110.66666666666667,""role"":""SP""}]",https://statsapi.mlb.com/api/v1/stats?stats=season&group=pitching&season=2024&sportId=11&playerPool=ALL&limit=10000,debut_opportunity,102.70228177264094,101.09792881464068,10.100984019292667,104.49716187550482,102.86477038561819,10.27751422799543,4.735527948497846,4.818288572162768,Verified debut-season capacity; original four-year role window retained,FAIL: aggregate and debut/swingman subgroup accuracy deteriorates; not release-ready,"MLB opportunity, future role, availability; other professional assignments unverified"
061jc,Tim Herrin,Free agent,29.0,RP,2023,27.666666666666668,37.333333333333336,65.0,"[{""year"":2023,""IP"":27.666666666666668,""role"":""RP""},{""year"":2024,""IP"":65.66666666666667,""role"":""RP""},{""year"":2025,""IP"":42.666666666666664,""role"":""RP""},{""year"":2026,""IP"":56.666666666666664,""role"":""RP""}]",https://statsapi.mlb.com/api/v1/stats?stats=season&group=pitching&season=2023&sportId=11&playerPool=ALL&limit=10000,debut_raw,42.772037853127074,41.90397113185909,0.0832047649822824,45.36403408178232,44.443362299341565,0.08824699462260929,6.741671395228447,7.1502183737771325,Verified debut-season capacity; original four-year role window retained,FAIL: aggregate and debut/swingman subgroup accuracy deteriorates; not release-ready,"MLB opportunity, future role, availability; other professional assignments unverified"
061jc,Tim Herrin,Free agent,29.0,RP,2023,27.666666666666668,37.333333333333336,65.0,"[{""year"":2023,""IP"":27.666666666666668,""role"":""RP""},{""year"":2024,""IP"":65.66666666666667,""role"":""RP""},{""year"":2025,""IP"":42.666666666666664,""role"":""RP""},{""year"":2026,""IP"":56.666666666666664,""role"":""RP""}]",https://statsapi.mlb.com/api/v1/stats?stats=season&group=pitching&season=2023&sportId=11&playerPool=ALL&limit=10000,debut_opportunity,42.772037853127074,41.90397113185909,0.0832047649822824,45.36403408178232,44.443362299341565,0.08824699462260929,6.741671395228447,7.1502183737771325,Verified debut-season capacity; original four-year role window retained,FAIL: aggregate and debut/swingman subgroup accuracy deteriorates; not release-ready,"MLB opportunity, future role, availability; other professional assignments unverified"
04tk1,Slade Cecconi,Free agent,27.0,SP,2023,27.0,116.33333333333333,143.33333333333331,"[{""year"":2023,""IP"":27.0,""role"":""SP""},{""year"":2024,""IP"":77.0,""role"":""SP""},{""year"":2025,""IP"":132.0,""role"":""SP""},{""year"":2026,""IP"":121.0,""role"":""SP""}]",https://statsapi.mlb.com/api/v1/stats?stats=season&group=pitching&season=2023&sportId=11&playerPool=ALL&limit=10000,debut_raw,98.80854346941304,81.69507120153018,7.945596215251348,106.87875044976495,88.36753201029643,8.594554329477864,8.548085394421662,9.2462519293839,Verified debut-season capacity; original four-year role window retained,FAIL: aggregate and debut/swingman subgroup accuracy deteriorates; not release-ready,"MLB opportunity, future role, availability; other professional assignments unverified"
04tk1,Slade Cecconi,Free agent,27.0,SP,2023,27.0,116.33333333333333,143.33333333333331,"[{""year"":2023,""IP"":27.0,""role"":""SP""},{""year"":2024,""IP"":77.0,""role"":""SP""},{""year"":2025,""IP"":132.0,""role"":""SP""},{""year"":2026,""IP"":121.0,""role"":""SP""}]",https://statsapi.mlb.com/api/v1/stats?stats=season&group=pitching&season=2023&sportId=11&playerPool=ALL&limit=10000,debut_opportunity,98.80854346941304,81.69507120153018,7.945596215251348,105.45780964644463,87.1926957458964,8.48029070942508,8.548085394421662,9.123324064032255,Verified debut-season capacity; original four-year role window retained,FAIL: aggregate and debut/swingman subgroup accuracy deteriorates; not release-ready,"MLB opportunity, future role, availability; other professional assignments unverified"
04q3y,Grant Anderson,Free agent,29.0,RP,2023,35.666666666666664,40.666666666666664,76.33333333333333,"[{""year"":2023,""IP"":35.666666666666664,""role"":""RP""},{""year"":2024,""IP"":26.666666666666668,""role"":""RP""},{""year"":2025,""IP"":69.66666666666667,""role"":""RP""},{""year"":2026,""IP"":59.0,""role"":""RP""}]",https://statsapi.mlb.com/api/v1/stats?stats=season&group=pitching&season=2023&sportId=12&playerPool=ALL&limit=10000;https://statsapi.mlb.com/api/v1/stats?stats=season&group=pitching&season=2023&sportId=11&playerPool=ALL&limit=10000,debut_raw,44.3643599539058,42.350849548257045,0.08419822770910479,48.01864971889515,45.839286577520994,0.09113363085855418,5.792329945742184,6.26944382855621,Verified debut-season capacity; original four-year role window retained,FAIL: aggregate and debut/swingman subgroup accuracy deteriorates; not release-ready,"MLB opportunity, future role, availability; other professional assignments unverified"
04q3y,Grant Anderson,Free agent,29.0,RP,2023,35.666666666666664,40.666666666666664,76.33333333333333,"[{""year"":2023,""IP"":35.666666666666664,""role"":""RP""},{""year"":2024,""IP"":26.666666666666668,""role"":""RP""},{""year"":2025,""IP"":69.66666666666667,""role"":""RP""},{""year"":2026,""IP"":59.0,""role"":""RP""}]",https://statsapi.mlb.com/api/v1/stats?stats=season&group=pitching&season=2023&sportId=12&playerPool=ALL&limit=10000;https://statsapi.mlb.com/api/v1/stats?stats=season&group=pitching&season=2023&sportId=11&playerPool=ALL&limit=10000,debut_opportunity,44.3643599539058,42.350849548257045,0.08419822770910479,47.494412375476024,45.33884214686114,0.09013869133365897,5.792329945742184,6.200997993518403,Verified debut-season capacity; original four-year role window retained,FAIL: aggregate and debut/swingman subgroup accuracy deteriorates; not release-ready,"MLB opportunity, future role, availability; other professional assignments unverified"
04mlh,Ryan Rolison,Free agent,29.0,RP,2025,42.333333333333336,29.666666666666668,72.0,"[{""year"":2025,""IP"":42.333333333333336,""role"":""RP""},{""year"":2026,""IP"":63.0,""role"":""RP""}]",https://statsapi.mlb.com/api/v1/stats?stats=season&group=pitching&season=2025&sportId=11&playerPool=ALL&limit=10000,debut_raw,38.97709230631759,33.98071748937334,0.08106015681643754,46.64424626932357,40.665038390401826,0.09700543815483792,2.3743091678598405,2.8413577050542735,Verified debut-season capacity; original four-year role window retained,FAIL: aggregate and debut/swingman subgroup accuracy deteriorates; not release-ready,"MLB opportunity, future role, availability; other professional assignments unverified"
04mlh,Ryan Rolison,Free agent,29.0,RP,2025,42.333333333333336,29.666666666666668,72.0,"[{""year"":2025,""IP"":42.333333333333336,""role"":""RP""},{""year"":2026,""IP"":63.0,""role"":""RP""}]",https://statsapi.mlb.com/api/v1/stats?stats=season&group=pitching&season=2025&sportId=11&playerPool=ALL&limit=10000,debut_opportunity,38.97709230631759,33.98071748937334,0.08106015681643754,45.685852023947824,39.829498277773276,0.09501227798753788,2.3743091678598405,2.7829766379049694,Verified debut-season capacity; original four-year role window retained,FAIL: aggregate and debut/swingman subgroup accuracy deteriorates; not release-ready,"MLB opportunity, future role, availability; other professional assignments unverified"
05oyx,Peyton Gray,Free agent,31.0,RP,2026,56.0,12.666666666666666,68.66666666666667,"[{""year"":2026,""IP"":56.0,""role"":""RP""}]",https://statsapi.mlb.com/api/v1/stats?stats=season&group=pitching&season=2026&sportId=11&playerPool=ALL&limit=10000,debut_raw,45.49480436549402,45.9127868652997,0.12785230247199383,53.189771275978174,53.67845111254625,0.14947717262304325,6.5657848923723225,7.6763182421207565,Verified debut-season capacity; original four-year role window retained,FAIL: aggregate and debut/swingman subgroup accuracy deteriorates; not release-ready,"MLB opportunity, future role, availability; other professional assignments unverified"
05oyx,Peyton Gray,Free agent,31.0,RP,2026,56.0,12.666666666666666,68.66666666666667,"[{""year"":2026,""IP"":56.0,""role"":""RP""}]",https://statsapi.mlb.com/api/v1/stats?stats=season&group=pitching&season=2026&sportId=11&playerPool=ALL&limit=10000,debut_opportunity,45.49480436549402,45.9127868652997,0.12785230247199383,51.77031136045197,52.24594994072407,0.1454881189058594,6.5657848923723225,7.471462575662308,Verified debut-season capacity; original four-year role window retained,FAIL: aggregate and debut/swingman subgroup accuracy deteriorates; not release-ready,"MLB opportunity, future role, availability; other professional assignments unverified"
0518s,Ryan Gusto,Free agent,27.0,SP,2025,101.66666666666667,4.333333333333333,106.0,"[{""year"":2025,""IP"":101.66666666666667,""role"":""SP""},{""year"":2026,""IP"":88.0,""role"":""SP""}]",https://statsapi.mlb.com/api/v1/stats?stats=season&group=pitching&season=2025&sportId=11&playerPool=ALL&limit=10000,debut_raw,89.71785788017672,79.11510094522703,5.605584882148398,90.99579668855031,80.24201436263529,5.685430685802081,2.574764611155385,2.611439490569213,Verified debut-season capacity; original four-year role window retained,FAIL: aggregate and debut/swingman subgroup accuracy deteriorates; not release-ready,"MLB opportunity, future role, availability; other professional assignments unverified"
0518s,Ryan Gusto,Free agent,27.0,SP,2025,101.66666666666667,4.333333333333333,106.0,"[{""year"":2025,""IP"":101.66666666666667,""role"":""SP""},{""year"":2026,""IP"":88.0,""role"":""SP""}]",https://statsapi.mlb.com/api/v1/stats?stats=season&group=pitching&season=2025&sportId=11&playerPool=ALL&limit=10000,debut_opportunity,89.71785788017672,79.11510094522703,5.605584882148398,90.94355390707592,80.19594557513119,5.68216654917473,2.574764611155385,2.6099402030460084,Verified debut-season capacity; original four-year role window retained,FAIL: aggregate and debut/swingman subgroup accuracy deteriorates; not release-ready,"MLB opportunity, future role, availability; other professional assignments unverified"
0427a,Casey Legumina,Free agent,29.0,RP,2023,12.666666666666666,32.666666666666664,45.33333333333333,"[{""year"":2023,""IP"":12.666666666666666,""role"":""RP""},{""year"":2024,""IP"":9.333333333333334,""role"":""RP""},{""year"":2025,""IP"":49.666666666666664,""role"":""RP""},{""year"":2026,""IP"":71.66666666666667,""role"":""RP""}]",https://statsapi.mlb.com/api/v1/stats?stats=season&group=pitching&season=2023&sportId=11&playerPool=ALL&limit=10000;https://statsapi.mlb.com/api/v1/stats?stats=season&group=pitching&season=2023&sportId=16&playerPool=ALL&limit=10000,debut_raw,40.47972022209031,36.290410138741734,0.0835366237532884,42.013895729301254,37.66581140327702,0.08670264964018305,3.2934900207153843,3.41831281334595,Verified debut-season capacity; original four-year role window retained,FAIL: aggregate and debut/swingman subgroup accuracy deteriorates; not release-ready,"MLB opportunity, future role, availability; other professional assignments unverified"
0427a,Casey Legumina,Free agent,29.0,RP,2023,12.666666666666666,32.666666666666664,45.33333333333333,"[{""year"":2023,""IP"":12.666666666666666,""role"":""RP""},{""year"":2024,""IP"":9.333333333333334,""role"":""RP""},{""year"":2025,""IP"":49.666666666666664,""role"":""RP""},{""year"":2026,""IP"":71.66666666666667,""role"":""RP""}]",https://statsapi.mlb.com/api/v1/stats?stats=season&group=pitching&season=2023&sportId=11&playerPool=ALL&limit=10000;https://statsapi.mlb.com/api/v1/stats?stats=season&group=pitching&season=2023&sportId=16&playerPool=ALL&limit=10000,debut_opportunity,40.47972022209031,36.290410138741734,0.0835366237532884,42.013895729301254,37.66581140327702,0.08670264964018305,3.2934900207153843,3.41831281334595,Verified debut-season capacity; original four-year role window retained,FAIL: aggregate and debut/swingman subgroup accuracy deteriorates; not release-ready,"MLB opportunity, future role, availability; other professional assignments unverified"
0519c,Orlando Ribalta,Free agent,28.0,RP,2024,3.3333333333333335,54.333333333333336,57.66666666666667,"[{""year"":2024,""IP"":3.3333333333333335,""role"":""RP""},{""year"":2025,""IP"":24.333333333333332,""role"":""RP""},{""year"":2026,""IP"":43.0,""role"":""RP""}]",https://statsapi.mlb.com/api/v1/stats?stats=season&group=pitching&season=2024&sportId=12&playerPool=ALL&limit=10000;https://statsapi.mlb.com/api/v1/stats?stats=season&group=pitching&season=2024&sportId=11&playerPool=ALL&limit=10000,debut_raw,28.69007893218921,27.389399218343044,0.08842089316894473,38.10141985358654,36.37407208331974,0.11742601274893096,2.6842324832858937,3.564753832571873,Verified debut-season capacity; original four-year role window retained,FAIL: aggregate and debut/swingman subgroup accuracy deteriorates; not release-ready,"MLB opportunity, future role, availability; other professional assignments unverified"
0519c,Orlando Ribalta,Free agent,28.0,RP,2024,3.3333333333333335,54.333333333333336,57.66666666666667,"[{""year"":2024,""IP"":3.3333333333333335,""role"":""RP""},{""year"":2025,""IP"":24.333333333333332,""role"":""RP""},{""year"":2026,""IP"":43.0,""role"":""RP""}]",https://statsapi.mlb.com/api/v1/stats?stats=season&group=pitching&season=2024&sportId=12&playerPool=ALL&limit=10000;https://statsapi.mlb.com/api/v1/stats?stats=season&group=pitching&season=2024&sportId=11&playerPool=ALL&limit=10000,debut_opportunity,28.69007893218921,27.389399218343044,0.08842089316894473,35.147269892535135,33.55385005376969,0.10832152130683517,2.6842324832858937,3.2883647259160824,Verified debut-season capacity; original four-year role window retained,FAIL: aggregate and debut/swingman subgroup accuracy deteriorates; not release-ready,"MLB opportunity, future role, availability; other professional assignments unverified"
062ob,Jose Ferrer,Sodo Mojo,26.0,RP,2023,34.0,40.0,74.0,"[{""year"":2023,""IP"":34.0,""role"":""RP""},{""year"":2024,""IP"":32.0,""role"":""RP""},{""year"":2025,""IP"":76.33333333333333,""role"":""RP""},{""year"":2026,""IP"":64.66666666666667,""role"":""RP""}]",https://statsapi.mlb.com/api/v1/stats?stats=season&group=pitching&season=2023&sportId=11&playerPool=ALL&limit=10000,debut_raw,59.95289901097397,52.6084945742983,0.18002989940377764,63.47012582779606,55.6948508800291,0.190591623698325,8.779903797343197,9.294990033281197,Verified debut-season capacity; original four-year role window retained,FAIL: aggregate and debut/swingman subgroup accuracy deteriorates; not release-ready,"MLB opportunity, future role, availability; other professional assignments unverified"
062ob,Jose Ferrer,Sodo Mojo,26.0,RP,2023,34.0,40.0,74.0,"[{""year"":2023,""IP"":34.0,""role"":""RP""},{""year"":2024,""IP"":32.0,""role"":""RP""},{""year"":2025,""IP"":76.33333333333333,""role"":""RP""},{""year"":2026,""IP"":64.66666666666667,""role"":""RP""}]",https://statsapi.mlb.com/api/v1/stats?stats=season&group=pitching&season=2023&sportId=11&playerPool=ALL&limit=10000,debut_opportunity,59.95289901097397,52.6084945742983,0.18002989940377764,63.47012582779606,55.6948508800291,0.190591623698325,8.779903797343197,9.294990033281197,Verified debut-season capacity; original four-year role window retained,FAIL: aggregate and debut/swingman subgroup accuracy deteriorates; not release-ready,"MLB opportunity, future role, availability; other professional assignments unverified"
066dd,Samy Natera Jr.,Free agent,26.0,RP,2026,31.666666666666668,32.0,63.66666666666667,"[{""year"":2026,""IP"":31.666666666666668,""role"":""RP""}]",https://statsapi.mlb.com/api/v1/stats?stats=season&group=pitching&season=2026&sportId=14&playerPool=ALL&limit=10000;https://statsapi.mlb.com/api/v1/stats?stats=season&group=pitching&season=2026&sportId=11&playerPool=ALL&limit=10000,debut_raw,37.04486577902907,45.247062422253954,0.15976524224260116,60.49304455784308,73.88696127414217,0.2608913735961597,11.915739809339442,19.45801028206419,Verified debut-season capacity; original four-year role window retained,FAIL: aggregate and debut/swingman subgroup accuracy deteriorates; not release-ready,"MLB opportunity, future role, availability; other professional assignments unverified"
066dd,Samy Natera Jr.,Free agent,26.0,RP,2026,31.666666666666668,32.0,63.66666666666667,"[{""year"":2026,""IP"":31.666666666666668,""role"":""RP""}]",https://statsapi.mlb.com/api/v1/stats?stats=season&group=pitching&season=2026&sportId=14&playerPool=ALL&limit=10000;https://statsapi.mlb.com/api/v1/stats?stats=season&group=pitching&season=2026&sportId=11&playerPool=ALL&limit=10000,debut_opportunity,37.04486577902907,45.247062422253954,0.15976524224260116,48.70757250147583,59.49203829099417,0.21006357982683185,11.915739809339442,15.667130882160649,Verified debut-season capacity; original four-year role window retained,FAIL: aggregate and debut/swingman subgroup accuracy deteriorates; not release-ready,"MLB opportunity, future role, availability; other professional assignments unverified"
04pw2,Chase Shugart,Free agent,29.0,RP,2024,8.666666666666666,70.66666666666667,79.33333333333334,"[{""year"":2024,""IP"":8.666666666666666,""role"":""RP""},{""year"":2025,""IP"":45.0,""role"":""RP""},{""year"":2026,""IP"":53.666666666666664,""role"":""RP""}]",https://statsapi.mlb.com/api/v1/stats?stats=season&group=pitching&season=2024&sportId=11&playerPool=ALL&limit=10000,debut_raw,35.66552187729162,33.29954876975936,0.07976023791953975,46.19510103479183,43.130618559977904,0.10330795836743747,5.358721168650415,6.940783501073561,Verified debut-season capacity; original four-year role window retained,FAIL: aggregate and debut/swingman subgroup accuracy deteriorates; not release-ready,"MLB opportunity, future role, availability; other professional assignments unverified"
04pw2,Chase Shugart,Free agent,29.0,RP,2024,8.666666666666666,70.66666666666667,79.33333333333334,"[{""year"":2024,""IP"":8.666666666666666,""role"":""RP""},{""year"":2025,""IP"":45.0,""role"":""RP""},{""year"":2026,""IP"":53.666666666666664,""role"":""RP""}]",https://statsapi.mlb.com/api/v1/stats?stats=season&group=pitching&season=2024&sportId=11&playerPool=ALL&limit=10000,debut_opportunity,35.66552187729162,33.29954876975936,0.07976023791953975,41.63833965999013,38.876142818548274,0.09311749003089642,5.358721168650415,6.256133106116468,Verified debut-season capacity; original four-year role window retained,FAIL: aggregate and debut/swingman subgroup accuracy deteriorates; not release-ready,"MLB opportunity, future role, availability; other professional assignments unverified"
0515o,Brandon Sproat,TheMissingSox,26.0,SP,2025,20.666666666666668,121.0,141.66666666666666,"[{""year"":2025,""IP"":20.666666666666668,""role"":""SP""},{""year"":2026,""IP"":97.0,""role"":""SP""}]",https://statsapi.mlb.com/api/v1/stats?stats=season&group=pitching&season=2025&sportId=11&playerPool=ALL&limit=10000,debut_raw,61.76610619046863,64.19442834013344,4.040053296426587,93.67468761429232,97.35748928055344,6.1271586284040795,6.20018421042513,9.403220550630525,Verified debut-season capacity; original four-year role window retained,FAIL: aggregate and debut/swingman subgroup accuracy deteriorates; not release-ready,"MLB opportunity, future role, availability; other professional assignments unverified"
0515o,Brandon Sproat,TheMissingSox,26.0,SP,2025,20.666666666666668,121.0,141.66666666666666,"[{""year"":2025,""IP"":20.666666666666668,""role"":""SP""},{""year"":2026,""IP"":97.0,""role"":""SP""}]",https://statsapi.mlb.com/api/v1/stats?stats=season&group=pitching&season=2025&sportId=11&playerPool=ALL&limit=10000,debut_opportunity,61.76610619046863,64.19442834013344,4.040053296426587,83.6140995888985,86.90137124286807,5.469106594321764,6.20018421042513,8.393322033953995,Verified debut-season capacity; original four-year role window retained,FAIL: aggregate and debut/swingman subgroup accuracy deteriorates; not release-ready,"MLB opportunity, future role, availability; other professional assignments unverified"
05jq7,Kyle Hurt,Free agent,28.0,RP,2023,2.0,92.0,94.0,"[{""year"":2023,""IP"":2.0,""role"":""RP""},{""year"":2024,""IP"":6.666666666666667,""role"":""RP""},{""year"":2026,""IP"":45.666666666666664,""role"":""RP""}]",https://statsapi.mlb.com/api/v1/stats?stats=season&group=pitching&season=2023&sportId=12&playerPool=ALL&limit=10000;https://statsapi.mlb.com/api/v1/stats?stats=season&group=pitching&season=2023&sportId=11&playerPool=ALL&limit=10000,debut_raw,27.273972705993273,29.071221415103267,0.08359109430021919,42.87575786230751,45.70110352429872,0.13140848813249506,4.906050118427702,7.712503756074673,Verified debut-season capacity; original four-year role window retained,FAIL: aggregate and debut/swingman subgroup accuracy deteriorates; not release-ready,"MLB opportunity, future role, availability; other professional assignments unverified"
05jq7,Kyle Hurt,Free agent,28.0,RP,2023,2.0,92.0,94.0,"[{""year"":2023,""IP"":2.0,""role"":""RP""},{""year"":2024,""IP"":6.666666666666667,""role"":""RP""},{""year"":2026,""IP"":45.666666666666664,""role"":""RP""}]",https://statsapi.mlb.com/api/v1/stats?stats=season&group=pitching&season=2023&sportId=12&playerPool=ALL&limit=10000;https://statsapi.mlb.com/api/v1/stats?stats=season&group=pitching&season=2023&sportId=11&playerPool=ALL&limit=10000,debut_opportunity,27.273972705993273,29.071221415103267,0.08359109430021919,34.6017456026141,36.88186604152564,0.10604974239725354,4.906050118427702,6.224172031755644,Verified debut-season capacity; original four-year role window retained,FAIL: aggregate and debut/swingman subgroup accuracy deteriorates; not release-ready,"MLB opportunity, future role, availability; other professional assignments unverified"
05t9g,Gage Jump,TheMissingSox,23.0,SP,2026,98.66666666666667,38.0,136.66666666666669,"[{""year"":2026,""IP"":98.66666666666667,""role"":""SP""}]",https://statsapi.mlb.com/api/v1/stats?stats=season&group=pitching&season=2026&sportId=11&playerPool=ALL&limit=10000,debut_raw,93.48166638461105,101.48849994906645,7.697913395207081,116.30160207592937,126.26299458331393,9.577061418876475,14.92871046316706,18.572978113704625,Verified debut-season capacity; original four-year role window retained,FAIL: aggregate and debut/swingman subgroup accuracy deteriorates; not release-ready,"MLB opportunity, future role, availability; other professional assignments unverified"
05t9g,Gage Jump,TheMissingSox,23.0,SP,2026,98.66666666666667,38.0,136.66666666666669,"[{""year"":2026,""IP"":98.66666666666667,""role"":""SP""}]",https://statsapi.mlb.com/api/v1/stats?stats=season&group=pitching&season=2026&sportId=11&playerPool=ALL&limit=10000,debut_opportunity,93.48166638461105,101.48849994906645,7.697913395207081,109.95654678614817,119.37447656305974,9.054566602539131,14.92871046316706,17.559693937701503,Verified debut-season capacity; original four-year role window retained,FAIL: aggregate and debut/swingman subgroup accuracy deteriorates; not release-ready,"MLB opportunity, future role, availability; other professional assignments unverified"
041vj,Julian Garcia,Free agent,31.0,RP,2026,46.0,35.666666666666664,81.66666666666666,"[{""year"":2026,""IP"":46.0,""role"":""RP""}]",https://statsapi.mlb.com/api/v1/stats?stats=season&group=pitching&season=2026&sportId=11&playerPool=ALL&limit=10000,debut_raw,39.419830488795995,35.233498451368334,0.12535635716370092,61.087237315685584,54.59985633302799,0.1942594233444338,5.6036709540276,8.683770913347567,Verified debut-season capacity; original four-year role window retained,FAIL: aggregate and debut/swingman subgroup accuracy deteriorates; not release-ready,"MLB opportunity, future role, availability; other professional assignments unverified"
041vj,Julian Garcia,Free agent,31.0,RP,2026,46.0,35.666666666666664,81.66666666666666,"[{""year"":2026,""IP"":46.0,""role"":""RP""}]",https://statsapi.mlb.com/api/v1/stats?stats=season&group=pitching&season=2026&sportId=11&playerPool=ALL&limit=10000,debut_opportunity,39.419830488795995,35.233498451368334,0.12535635716370092,51.6243290280236,46.14189595205826,0.1641670638287668,5.6036709540276,7.338584400501707,Verified debut-season capacity; original four-year role window retained,FAIL: aggregate and debut/swingman subgroup accuracy deteriorates; not release-ready,"MLB opportunity, future role, availability; other professional assignments unverified"
04pyp,Kody Funderburk,Free agent,29.0,RP,2023,12.0,61.0,73.0,"[{""year"":2023,""IP"":12.0,""role"":""RP""},{""year"":2024,""IP"":34.666666666666664,""role"":""RP""},{""year"":2025,""IP"":41.0,""role"":""RP""},{""year"":2026,""IP"":51.0,""role"":""RP""}]",https://statsapi.mlb.com/api/v1/stats?stats=season&group=pitching&season=2023&sportId=12&playerPool=ALL&limit=10000;https://statsapi.mlb.com/api/v1/stats?stats=season&group=pitching&season=2023&sportId=11&playerPool=ALL&limit=10000,debut_raw,34.772408422669976,33.21305103787345,0.07770194192286252,40.85767308028076,39.02542397435455,0.09129998998624182,3.881437176969278,4.560699084474911,Verified debut-season capacity; original four-year role window retained,FAIL: aggregate and debut/swingman subgroup accuracy deteriorates; not release-ready,"MLB opportunity, future role, availability; other professional assignments unverified"
04pyp,Kody Funderburk,Free agent,29.0,RP,2023,12.0,61.0,73.0,"[{""year"":2023,""IP"":12.0,""role"":""RP""},{""year"":2024,""IP"":34.666666666666664,""role"":""RP""},{""year"":2025,""IP"":41.0,""role"":""RP""},{""year"":2026,""IP"":51.0,""role"":""RP""}]",https://statsapi.mlb.com/api/v1/stats?stats=season&group=pitching&season=2023&sportId=12&playerPool=ALL&limit=10000;https://statsapi.mlb.com/api/v1/stats?stats=season&group=pitching&season=2023&sportId=11&playerPool=ALL&limit=10000,debut_opportunity,34.772408422669976,33.21305103787345,0.07770194192286252,38.144206228076435,36.4336416636106,0.08523651456639905,3.881437176969278,4.2578109154819,Verified debut-season capacity; original four-year role window retained,FAIL: aggregate and debut/swingman subgroup accuracy deteriorates; not release-ready,"MLB opportunity, future role, availability; other professional assignments unverified"
05xtu,Will Dion,Free agent,26.0,RP,2026,49.666666666666664,37.333333333333336,87.0,"[{""year"":2026,""IP"":49.666666666666664,""role"":""RP""}]",https://statsapi.mlb.com/api/v1/stats?stats=season&group=pitching&season=2026&sportId=11&playerPool=ALL&limit=10000,debut_raw,48.11464890527967,49.987340711231234,0.10991742694390332,71.74307454271847,74.53541888870785,0.16389632542688987,9.511833364468636,14.182960608283866,Verified debut-season capacity; original four-year role window retained,FAIL: aggregate and debut/swingman subgroup accuracy deteriorates; not release-ready,"MLB opportunity, future role, availability; other professional assignments unverified"
05xtu,Will Dion,Free agent,26.0,RP,2026,49.666666666666664,37.333333333333336,87.0,"[{""year"":2026,""IP"":49.666666666666664,""role"":""RP""}]",https://statsapi.mlb.com/api/v1/stats?stats=season&group=pitching&season=2026&sportId=11&playerPool=ALL&limit=10000,debut_opportunity,48.11464890527967,49.987340711231234,0.10991742694390332,63.07277519174752,65.52765893230517,0.14408911458413243,9.511833364468636,12.468920403836965,Verified debut-season capacity; original four-year role window retained,FAIL: aggregate and debut/swingman subgroup accuracy deteriorates; not release-ready,"MLB opportunity, future role, availability; other professional assignments unverified"
05oqe,Ty Madden,Free agent,26.0,RP,2024,23.0,96.66666666666667,119.66666666666667,"[{""year"":2024,""IP"":23.0,""role"":""RP""},{""year"":2026,""IP"":47.0,""role"":""RP""}]",https://statsapi.mlb.com/api/v1/stats?stats=season&group=pitching&season=2024&sportId=12&playerPool=ALL&limit=10000;https://statsapi.mlb.com/api/v1/stats?stats=season&group=pitching&season=2024&sportId=11&playerPool=ALL&limit=10000,debut_raw,40.61745635130115,37.48021127848499,6.386533293746592,69.58029939846587,64.20599802506345,10.940539822428418,12.016063186178968,20.584284423276863,Verified debut-season capacity; original four-year role window retained,FAIL: aggregate and debut/swingman subgroup accuracy deteriorates; not release-ready,"MLB opportunity, future role, availability; other professional assignments unverified"
05oqe,Ty Madden,Free agent,26.0,RP,2024,23.0,96.66666666666667,119.66666666666667,"[{""year"":2024,""IP"":23.0,""role"":""RP""},{""year"":2026,""IP"":47.0,""role"":""RP""}]",https://statsapi.mlb.com/api/v1/stats?stats=season&group=pitching&season=2024&sportId=12&playerPool=ALL&limit=10000;https://statsapi.mlb.com/api/v1/stats?stats=season&group=pitching&season=2024&sportId=11&playerPool=ALL&limit=10000,debut_opportunity,40.61745635130115,37.48021127848499,6.386533293746592,51.99283481829341,47.976968747196864,8.175154242337504,12.016063186178968,15.38129771105586,Verified debut-season capacity; original four-year role window retained,FAIL: aggregate and debut/swingman subgroup accuracy deteriorates; not release-ready,"MLB opportunity, future role, availability; other professional assignments unverified"
05u2q,Blade Tidwell,Free agent,25.0,SP,2025,15.0,97.0,112.0,"[{""year"":2025,""IP"":15.0,""role"":""SP""},{""year"":2026,""IP"":56.666666666666664,""role"":""SP""}]",https://statsapi.mlb.com/api/v1/stats?stats=season&group=pitching&season=2025&sportId=11&playerPool=ALL&limit=10000,debut_raw,59.069179950300025,47.506554335165454,4.8305440768024335,91.03244075398509,73.21309685661137,7.444427328278791,3.779742956053134,5.8250212209091545,Verified debut-season capacity; original four-year role window retained,FAIL: aggregate and debut/swingman subgroup accuracy deteriorates; not release-ready,"MLB opportunity, future role, availability; other professional assignments unverified"
05u2q,Blade Tidwell,Free agent,25.0,SP,2025,15.0,97.0,112.0,"[{""year"":2025,""IP"":15.0,""role"":""SP""},{""year"":2026,""IP"":56.666666666666664,""role"":""SP""}]",https://statsapi.mlb.com/api/v1/stats?stats=season&group=pitching&season=2025&sportId=11&playerPool=ALL&limit=10000,debut_opportunity,59.069179950300025,47.506554335165454,4.8305440768024335,75.2410678569264,60.51284072994464,6.153044531418448,3.779742956053134,4.814556363867194,Verified debut-season capacity; original four-year role window retained,FAIL: aggregate and debut/swingman subgroup accuracy deteriorates; not release-ready,"MLB opportunity, future role, availability; other professional assignments unverified"
05152,Tanner Gordon,Free agent,28.0,SP,2024,34.333333333333336,61.333333333333336,95.66666666666667,"[{""year"":2024,""IP"":34.333333333333336,""role"":""SP""},{""year"":2025,""IP"":75.33333333333333,""role"":""SP""},{""year"":2026,""IP"":103.66666666666667,""role"":""SP""}]",https://statsapi.mlb.com/api/v1/stats?stats=season&group=pitching&season=2024&sportId=16&playerPool=ALL&limit=10000;https://statsapi.mlb.com/api/v1/stats?stats=season&group=pitching&season=2024&sportId=11&playerPool=ALL&limit=10000,debut_raw,63.8397111575935,55.55438568030446,4.436772215346538,70.75579006516817,61.57287335920932,4.9174301973434025,2.163903024107078,2.398329587004891,Verified debut-season capacity; original four-year role window retained,FAIL: aggregate and debut/swingman subgroup accuracy deteriorates; not release-ready,"MLB opportunity, future role, availability; other professional assignments unverified"
05152,Tanner Gordon,Free agent,28.0,SP,2024,34.333333333333336,61.333333333333336,95.66666666666667,"[{""year"":2024,""IP"":34.333333333333336,""role"":""SP""},{""year"":2025,""IP"":75.33333333333333,""role"":""SP""},{""year"":2026,""IP"":103.66666666666667,""role"":""SP""}]",https://statsapi.mlb.com/api/v1/stats?stats=season&group=pitching&season=2024&sportId=16&playerPool=ALL&limit=10000;https://statsapi.mlb.com/api/v1/stats?stats=season&group=pitching&season=2024&sportId=11&playerPool=ALL&limit=10000,debut_opportunity,63.8397111575935,55.55438568030446,4.436772215346538,70.75579006516817,61.57287335920932,4.9174301973434025,2.163903024107078,2.398329587004891,Verified debut-season capacity; original four-year role window retained,FAIL: aggregate and debut/swingman subgroup accuracy deteriorates; not release-ready,"MLB opportunity, future role, availability; other professional assignments unverified"
05ydc,Nate Lavender,Free agent,26.0,RP,2026,21.666666666666668,43.0,64.66666666666667,"[{""year"":2026,""IP"":21.666666666666668,""role"":""RP""}]",https://statsapi.mlb.com/api/v1/stats?stats=season&group=pitching&season=2026&sportId=13&playerPool=ALL&limit=10000;https://statsapi.mlb.com/api/v1/stats?stats=season&group=pitching&season=2026&sportId=14&playerPool=ALL&limit=10000;https://statsapi.mlb.com/api/v1/stats?stats=season&group=pitching&season=2026&sportId=11&playerPool=ALL&limit=10000,debut_raw,28.02025581169147,28.894040794875377,0.23987376505290828,57.72940375449859,59.52964021300352,0.4942056748487316,13.006855327243077,26.797685496128206,Verified debut-season capacity; original four-year role window retained,FAIL: aggregate and debut/swingman subgroup accuracy deteriorates; not release-ready,"MLB opportunity, future role, availability; other professional assignments unverified"
05ydc,Nate Lavender,Free agent,26.0,RP,2026,21.666666666666668,43.0,64.66666666666667,"[{""year"":2026,""IP"":21.666666666666668,""role"":""RP""}]",https://statsapi.mlb.com/api/v1/stats?stats=season&group=pitching&season=2026&sportId=13&playerPool=ALL&limit=10000;https://statsapi.mlb.com/api/v1/stats?stats=season&group=pitching&season=2026&sportId=14&playerPool=ALL&limit=10000;https://statsapi.mlb.com/api/v1/stats?stats=season&group=pitching&season=2026&sportId=11&playerPool=ALL&limit=10000,debut_opportunity,28.02025581169147,28.894040794875377,0.23987376505290828,37.97435177191036,39.158545754557494,0.3250880647267666,13.006855327243077,17.627494301354076,Verified debut-season capacity; original four-year role window retained,FAIL: aggregate and debut/swingman subgroup accuracy deteriorates; not release-ready,"MLB opportunity, future role, availability; other professional assignments unverified"
06ktn,Tatsuya Imai,Young Guns,28.0,SP,2026,76.66666666666667,5.0,81.66666666666667,"[{""year"":2026,""IP"":76.66666666666667,""role"":""SP""}]",https://statsapi.mlb.com/api/v1/stats?stats=season&group=pitching&season=2026&sportId=11&playerPool=ALL&limit=10000;https://statsapi.mlb.com/api/v1/stats?stats=season&group=pitching&season=2026&sportId=12&playerPool=ALL&limit=10000,debut_raw,83.29220357393879,95.81519563074228,7.45735891262163,86.40787203680432,99.3993051929895,7.736312487906728,1.9707605688023366,2.044479792074237,Verified debut-season capacity; original four-year role window retained,FAIL: aggregate and debut/swingman subgroup accuracy deteriorates; not release-ready,"MLB opportunity, future role, availability; other professional assignments unverified"
06ktn,Tatsuya Imai,Young Guns,28.0,SP,2026,76.66666666666667,5.0,81.66666666666667,"[{""year"":2026,""IP"":76.66666666666667,""role"":""SP""}]",https://statsapi.mlb.com/api/v1/stats?stats=season&group=pitching&season=2026&sportId=11&playerPool=ALL&limit=10000;https://statsapi.mlb.com/api/v1/stats?stats=season&group=pitching&season=2026&sportId=12&playerPool=ALL&limit=10000,debut_opportunity,83.29220357393879,95.81519563074228,7.45735891262163,86.21711682479214,99.17986991366824,7.7192336975831495,1.9707605688023366,2.0399663702412694,Verified debut-season capacity; original four-year role window retained,FAIL: aggregate and debut/swingman subgroup accuracy deteriorates; not release-ready,"MLB opportunity, future role, availability; other professional assignments unverified"
04pko,Grayson Rodriguez,Young Guns,26.0,SP,2023,122.0,41.333333333333336,163.33333333333334,"[{""year"":2023,""IP"":122.0,""role"":""SP""},{""year"":2024,""IP"":116.66666666666667,""role"":""SP""},{""year"":2026,""IP"":98.66666666666667,""role"":""SP""}]",https://statsapi.mlb.com/api/v1/stats?stats=season&group=pitching&season=2023&sportId=11&playerPool=ALL&limit=10000,debut_raw,108.08441637609421,102.57314573000724,10.868799217730421,115.78698397990783,109.8829561153641,11.643357322902016,9.331352166149154,9.99634507913909,Verified debut-season capacity; original four-year role window retained,FAIL: aggregate and debut/swingman subgroup accuracy deteriorates; not release-ready,"MLB opportunity, future role, availability; other professional assignments unverified"
04pko,Grayson Rodriguez,Young Guns,26.0,SP,2023,122.0,41.333333333333336,163.33333333333334,"[{""year"":2023,""IP"":122.0,""role"":""SP""},{""year"":2024,""IP"":116.66666666666667,""role"":""SP""},{""year"":2026,""IP"":98.66666666666667,""role"":""SP""}]",https://statsapi.mlb.com/api/v1/stats?stats=season&group=pitching&season=2023&sportId=11&playerPool=ALL&limit=10000,debut_opportunity,108.08441637609421,102.57314573000724,10.868799217730421,113.83776279037131,108.03312654845747,11.447346700368795,9.331352166149154,9.828061158300825,Verified debut-season capacity; original four-year role window retained,FAIL: aggregate and debut/swingman subgroup accuracy deteriorates; not release-ready,"MLB opportunity, future role, availability; other professional assignments unverified"
06491,Orion Kerkering,Free agent,25.0,RP,2023,3.0,53.666666666666664,56.666666666666664,"[{""year"":2023,""IP"":3.0,""role"":""RP""},{""year"":2024,""IP"":63.0,""role"":""RP""},{""year"":2025,""IP"":60.0,""role"":""RP""},{""year"":2026,""IP"":58.0,""role"":""RP""}]",https://statsapi.mlb.com/api/v1/stats?stats=season&group=pitching&season=2023&sportId=12&playerPool=ALL&limit=10000;https://statsapi.mlb.com/api/v1/stats?stats=season&group=pitching&season=2023&sportId=13&playerPool=ALL&limit=10000;https://statsapi.mlb.com/api/v1/stats?stats=season&group=pitching&season=2023&sportId=14&playerPool=ALL&limit=10000;https://statsapi.mlb.com/api/v1/stats?stats=season&group=pitching&season=2023&sportId=11&playerPool=ALL&limit=10000,debut_raw,58.21747714121389,60.91495830608892,0.17056027306629692,61.54303790039556,64.39460745849966,0.18030319871401523,7.372511917256257,7.793652398303828,Verified debut-season capacity; original four-year role window retained,FAIL: aggregate and debut/swingman subgroup accuracy deteriorates; not release-ready,"MLB opportunity, future role, availability; other professional assignments unverified"
06491,Orion Kerkering,Free agent,25.0,RP,2023,3.0,53.666666666666664,56.666666666666664,"[{""year"":2023,""IP"":3.0,""role"":""RP""},{""year"":2024,""IP"":63.0,""role"":""RP""},{""year"":2025,""IP"":60.0,""role"":""RP""},{""year"":2026,""IP"":58.0,""role"":""RP""}]",https://statsapi.mlb.com/api/v1/stats?stats=season&group=pitching&season=2023&sportId=12&playerPool=ALL&limit=10000;https://statsapi.mlb.com/api/v1/stats?stats=season&group=pitching&season=2023&sportId=13&playerPool=ALL&limit=10000;https://statsapi.mlb.com/api/v1/stats?stats=season&group=pitching&season=2023&sportId=14&playerPool=ALL&limit=10000;https://statsapi.mlb.com/api/v1/stats?stats=season&group=pitching&season=2023&sportId=11&playerPool=ALL&limit=10000,debut_opportunity,58.21747714121389,60.91495830608892,0.17056027306629692,61.54303790039556,64.39460745849966,0.18030319871401523,7.372511917256257,7.793652398303828,Verified debut-season capacity; original four-year role window retained,FAIL: aggregate and debut/swingman subgroup accuracy deteriorates; not release-ready,"MLB opportunity, future role, availability; other professional assignments unverified"
05zd4,Hagen Smith,Young Guns,23.0,RP,2026,28.0,58.333333333333336,86.33333333333334,"[{""year"":2026,""IP"":28.0,""role"":""RP""}]",https://statsapi.mlb.com/api/v1/stats?stats=season&group=pitching&season=2026&sportId=11&playerPool=ALL&limit=10000,debut_raw,43.60127713920817,51.86534939890384,0.07089738029030483,95.05491698595146,113.07137783647285,0.15456300916369775,12.348359021457405,26.920593127347903,Verified debut-season capacity; original four-year role window retained,FAIL: aggregate and debut/swingman subgroup accuracy deteriorates; not release-ready,"MLB opportunity, future role, availability; other professional assignments unverified"
05zd4,Hagen Smith,Young Guns,23.0,RP,2026,28.0,58.333333333333336,86.33333333333334,"[{""year"":2026,""IP"":28.0,""role"":""RP""}]",https://statsapi.mlb.com/api/v1/stats?stats=season&group=pitching&season=2026&sportId=11&playerPool=ALL&limit=10000,debut_opportunity,43.60127713920817,51.86534939890384,0.07089738029030483,61.19369714542128,72.79219077286915,0.09950334262083645,12.348359021457405,17.33072496453296,Verified debut-season capacity; original four-year role window retained,FAIL: aggregate and debut/swingman subgroup accuracy deteriorates; not release-ready,"MLB opportunity, future role, availability; other professional assignments unverified"
04y9o,Jack Leiter,The Sandlot Sluggers,26.0,SP,2024,35.666666666666664,77.0,112.66666666666666,"[{""year"":2024,""IP"":35.666666666666664,""role"":""SP""},{""year"":2025,""IP"":151.66666666666666,""role"":""SP""},{""year"":2026,""IP"":80.0,""role"":""SP""}]",https://statsapi.mlb.com/api/v1/stats?stats=season&group=pitching&season=2024&sportId=11&playerPool=ALL&limit=10000,debut_raw,100.46329169138903,96.28345185208042,7.895767550242193,113.04415211095126,108.34087748557168,8.88454213429676,6.758353716927927,7.604691750922361,Verified debut-season capacity; original four-year role window retained,FAIL: aggregate and debut/swingman subgroup accuracy deteriorates; not release-ready,"MLB opportunity, future role, availability; other professional assignments unverified"
04y9o,Jack Leiter,The Sandlot Sluggers,26.0,SP,2024,35.666666666666664,77.0,112.66666666666666,"[{""year"":2024,""IP"":35.666666666666664,""role"":""SP""},{""year"":2025,""IP"":151.66666666666666,""role"":""SP""},{""year"":2026,""IP"":80.0,""role"":""SP""}]",https://statsapi.mlb.com/api/v1/stats?stats=season&group=pitching&season=2024&sportId=11&playerPool=ALL&limit=10000,debut_opportunity,100.46329169138903,96.28345185208042,7.895767550242193,113.04415211095126,108.34087748557168,8.88454213429676,6.758353716927927,7.604691750922361,Verified debut-season capacity; original four-year role window retained,FAIL: aggregate and debut/swingman subgroup accuracy deteriorates; not release-ready,"MLB opportunity, future role, availability; other professional assignments unverified"
04q0r,Dylan Smith,Free agent,26.0,RP,2025,13.0,39.666666666666664,52.666666666666664,"[{""year"":2025,""IP"":13.0,""role"":""RP""},{""year"":2026,""IP"":39.666666666666664,""role"":""RP""}]",https://statsapi.mlb.com/api/v1/stats?stats=season&group=pitching&season=2025&sportId=12&playerPool=ALL&limit=10000;https://statsapi.mlb.com/api/v1/stats?stats=season&group=pitching&season=2025&sportId=13&playerPool=ALL&limit=10000;https://statsapi.mlb.com/api/v1/stats?stats=season&group=pitching&season=2025&sportId=14&playerPool=ALL&limit=10000;https://statsapi.mlb.com/api/v1/stats?stats=season&group=pitching&season=2025&sportId=11&playerPool=ALL&limit=10000,debut_raw,31.317411669951895,29.620601668843857,0.09786887079133402,44.68033911956085,42.259511783318665,0.13962885510110246,4.5519261558575765,6.4942022167832585,Verified debut-season capacity; original four-year role window retained,FAIL: aggregate and debut/swingman subgroup accuracy deteriorates; not release-ready,"MLB opportunity, future role, availability; other professional assignments unverified"
04q0r,Dylan Smith,Free agent,26.0,RP,2025,13.0,39.666666666666664,52.666666666666664,"[{""year"":2025,""IP"":13.0,""role"":""RP""},{""year"":2026,""IP"":39.666666666666664,""role"":""RP""}]",https://statsapi.mlb.com/api/v1/stats?stats=season&group=pitching&season=2025&sportId=12&playerPool=ALL&limit=10000;https://statsapi.mlb.com/api/v1/stats?stats=season&group=pitching&season=2025&sportId=13&playerPool=ALL&limit=10000;https://statsapi.mlb.com/api/v1/stats?stats=season&group=pitching&season=2025&sportId=14&playerPool=ALL&limit=10000;https://statsapi.mlb.com/api/v1/stats?stats=season&group=pitching&season=2025&sportId=11&playerPool=ALL&limit=10000,debut_opportunity,31.317411669951895,29.620601668843857,0.09786887079133402,41.38189500225231,39.13978080569513,0.12932101087274187,4.5519261558575765,6.0147796447826165,Verified debut-season capacity; original four-year role window retained,FAIL: aggregate and debut/swingman subgroup accuracy deteriorates; not release-ready,"MLB opportunity, future role, availability; other professional assignments unverified"
05y6w,Hunter Dobbins,Free agent,27.0,SP,2025,61.0,17.666666666666668,78.66666666666667,"[{""year"":2025,""IP"":61.0,""role"":""SP""},{""year"":2026,""IP"":54.0,""role"":""SP""}]",https://statsapi.mlb.com/api/v1/stats?stats=season&group=pitching&season=2025&sportId=12&playerPool=ALL&limit=10000;https://statsapi.mlb.com/api/v1/stats?stats=season&group=pitching&season=2025&sportId=11&playerPool=ALL&limit=10000,debut_raw,65.46978818283168,55.43402947617402,5.6216345010692095,70.67984640158555,59.84544623628995,6.069001811214356,6.264011116010187,6.762498487104087,Verified debut-season capacity; original four-year role window retained,FAIL: aggregate and debut/swingman subgroup accuracy deteriorates; not release-ready,"MLB opportunity, future role, availability; other professional assignments unverified"
05y6w,Hunter Dobbins,Free agent,27.0,SP,2025,61.0,17.666666666666668,78.66666666666667,"[{""year"":2025,""IP"":61.0,""role"":""SP""},{""year"":2026,""IP"":54.0,""role"":""SP""}]",https://statsapi.mlb.com/api/v1/stats?stats=season&group=pitching&season=2025&sportId=12&playerPool=ALL&limit=10000;https://statsapi.mlb.com/api/v1/stats?stats=season&group=pitching&season=2025&sportId=11&playerPool=ALL&limit=10000,debut_opportunity,65.46978818283168,55.43402947617402,5.6216345010692095,69.50979095415352,58.85474670965374,5.96853372885125,6.264011116010187,6.650550052070288,Verified debut-season capacity; original four-year role window retained,FAIL: aggregate and debut/swingman subgroup accuracy deteriorates; not release-ready,"MLB opportunity, future role, availability; other professional assignments unverified"
06qgo,Luis Gastelum,Free agent,25.0,RP,2026,36.666666666666664,43.666666666666664,80.33333333333333,"[{""year"":2026,""IP"":36.666666666666664,""role"":""RP""}]",https://statsapi.mlb.com/api/v1/stats?stats=season&group=pitching&season=2026&sportId=11&playerPool=ALL&limit=10000,debut_raw,40.03565299721877,42.939128687251866,0.09317972240700075,71.50367625303272,76.68928383543185,0.16641898421890336,7.839692370593979,14.00169057388085,Verified debut-season capacity; original four-year role window retained,FAIL: aggregate and debut/swingman subgroup accuracy deteriorates; not release-ready,"MLB opportunity, future role, availability; other professional assignments unverified"
06qgo,Luis Gastelum,Free agent,25.0,RP,2026,36.666666666666664,43.666666666666664,80.33333333333333,"[{""year"":2026,""IP"":36.666666666666664,""role"":""RP""}]",https://statsapi.mlb.com/api/v1/stats?stats=season&group=pitching&season=2026&sportId=11&playerPool=ALL&limit=10000,debut_opportunity,40.03565299721877,42.939128687251866,0.09317972240700075,54.398651163772854,58.34376381712654,0.12660843111782763,7.839692370593979,10.652222670849396,Verified debut-season capacity; original four-year role window retained,FAIL: aggregate and debut/swingman subgroup accuracy deteriorates; not release-ready,"MLB opportunity, future role, availability; other professional assignments unverified"
05uc7,Noah Schultz,TheMissingSox,23.0,SP,2026,74.33333333333333,44.666666666666664,119.0,"[{""year"":2026,""IP"":74.33333333333333,""role"":""SP""}]",https://statsapi.mlb.com/api/v1/stats?stats=season&group=pitching&season=2026&sportId=11&playerPool=ALL&limit=10000,debut_raw,100.40653673565065,88.30401705737405,7.756726792946942,134.55495278280088,118.33634773170941,10.394801387502502,7.637548537724739,10.235090426189505,Verified debut-season capacity; original four-year role window retained,FAIL: aggregate and debut/swingman subgroup accuracy deteriorates; not release-ready,"MLB opportunity, future role, availability; other professional assignments unverified"
05uc7,Noah Schultz,TheMissingSox,23.0,SP,2026,74.33333333333333,44.666666666666664,119.0,"[{""year"":2026,""IP"":74.33333333333333,""role"":""SP""}]",https://statsapi.mlb.com/api/v1/stats?stats=season&group=pitching&season=2026&sportId=11&playerPool=ALL&limit=10000,debut_opportunity,100.40653673565065,88.30401705737405,7.756726792946942,121.73734003681172,107.06370820688886,9.404599718957838,7.637548537724739,9.260102714552861,Verified debut-season capacity; original four-year role window retained,FAIL: aggregate and debut/swingman subgroup accuracy deteriorates; not release-ready,"MLB opportunity, future role, availability; other professional assignments unverified"
04pzi,Evan Sisk,Free agent,29.0,RP,2025,17.666666666666668,37.0,54.66666666666667,"[{""year"":2025,""IP"":17.666666666666668,""role"":""RP""},{""year"":2026,""IP"":44.666666666666664,""role"":""RP""}]",https://statsapi.mlb.com/api/v1/stats?stats=season&group=pitching&season=2025&sportId=11&playerPool=ALL&limit=10000,debut_raw,29.232827181618195,31.06027996886279,0.07333461494932877,39.65895868980691,42.138187747832426,0.09949001671097799,3.9309968705615446,5.333019674449795,Verified debut-season capacity; original four-year role window retained,FAIL: aggregate and debut/swingman subgroup accuracy deteriorates; not release-ready,"MLB opportunity, future role, availability; other professional assignments unverified"
04pzi,Evan Sisk,Free agent,29.0,RP,2025,17.666666666666668,37.0,54.66666666666667,"[{""year"":2025,""IP"":17.666666666666668,""role"":""RP""},{""year"":2026,""IP"":44.666666666666664,""role"":""RP""}]",https://statsapi.mlb.com/api/v1/stats?stats=season&group=pitching&season=2025&sportId=11&playerPool=ALL&limit=10000,debut_opportunity,29.232827181618195,31.06027996886279,0.07333461494932877,37.7517395114797,40.111741202898955,0.09470549199848118,3.9309968705615446,5.076552088372674,Verified debut-season capacity; original four-year role window retained,FAIL: aggregate and debut/swingman subgroup accuracy deteriorates; not release-ready,"MLB opportunity, future role, availability; other professional assignments unverified"
05jrv,Will Klein,Yoho and a Bottle of Rum,26.0,RP,2024,7.333333333333333,43.0,50.333333333333336,"[{""year"":2024,""IP"":7.333333333333333,""role"":""RP""},{""year"":2025,""IP"":15.333333333333334,""role"":""RP""},{""year"":2026,""IP"":41.666666666666664,""role"":""RP""}]",https://statsapi.mlb.com/api/v1/stats?stats=season&group=pitching&season=2024&sportId=11&playerPool=ALL&limit=10000,debut_raw,29.29364466785516,30.746224065970168,0.09647931889728141,38.603781575602866,40.51802128328885,0.12714247733606737,3.57533153433199,4.711647156803681,Verified debut-season capacity; original four-year role window retained,FAIL: aggregate and debut/swingman subgroup accuracy deteriorates; not release-ready,"MLB opportunity, future role, availability; other professional assignments unverified"
05jrv,Will Klein,Yoho and a Bottle of Rum,26.0,RP,2024,7.333333333333333,43.0,50.333333333333336,"[{""year"":2024,""IP"":7.333333333333333,""role"":""RP""},{""year"":2025,""IP"":15.333333333333334,""role"":""RP""},{""year"":2026,""IP"":41.666666666666664,""role"":""RP""}]",https://statsapi.mlb.com/api/v1/stats?stats=season&group=pitching&season=2024&sportId=11&playerPool=ALL&limit=10000,debut_opportunity,29.29364466785516,30.746224065970168,0.09647931889728141,36.839584094385955,38.66634281619673,0.12133205076340936,3.57533153433199,4.496324312586032,Verified debut-season capacity; original four-year role window retained,FAIL: aggregate and debut/swingman subgroup accuracy deteriorates; not release-ready,"MLB opportunity, future role, availability; other professional assignments unverified"
04zay,Kai-Wei Teng,Free agent,27.0,RP,2024,11.0,79.0,90.0,"[{""year"":2024,""IP"":11.0,""role"":""RP""},{""year"":2025,""IP"":29.666666666666668,""role"":""SP""},{""year"":2026,""IP"":73.66666666666667,""role"":""RP""}]",https://statsapi.mlb.com/api/v1/stats?stats=season&group=pitching&season=2024&sportId=16&playerPool=ALL&limit=10000;https://statsapi.mlb.com/api/v1/stats?stats=season&group=pitching&season=2024&sportId=11&playerPool=ALL&limit=10000,debut_raw,43.97014143826824,43.494063174564786,3.049805406607248,64.83739208949582,64.13537767609293,4.497175184721134,6.544521314420626,9.65040549384835,Verified debut-season capacity; original four-year role window retained,FAIL: aggregate and debut/swingman subgroup accuracy deteriorates; not release-ready,"MLB opportunity, future role, availability; other professional assignments unverified"
04zay,Kai-Wei Teng,Free agent,27.0,RP,2024,11.0,79.0,90.0,"[{""year"":2024,""IP"":11.0,""role"":""RP""},{""year"":2025,""IP"":29.666666666666668,""role"":""SP""},{""year"":2026,""IP"":73.66666666666667,""role"":""RP""}]",https://statsapi.mlb.com/api/v1/stats?stats=season&group=pitching&season=2024&sportId=16&playerPool=ALL&limit=10000;https://statsapi.mlb.com/api/v1/stats?stats=season&group=pitching&season=2024&sportId=11&playerPool=ALL&limit=10000,debut_opportunity,43.97014143826824,43.494063174564786,3.049805406607248,61.05037252686563,60.38936134063043,4.234504373137503,6.544521314420626,9.086745031655914,Verified debut-season capacity; original four-year role window retained,FAIL: aggregate and debut/swingman subgroup accuracy deteriorates; not release-ready,"MLB opportunity, future role, availability; other professional assignments unverified"
060o9,Juan Mejia,Free agent,26.0,RP,2025,61.333333333333336,13.333333333333334,74.66666666666667,"[{""year"":2025,""IP"":61.333333333333336,""role"":""RP""},{""year"":2026,""IP"":70.0,""role"":""RP""}]",https://statsapi.mlb.com/api/v1/stats?stats=season&group=pitching&season=2025&sportId=11&playerPool=ALL&limit=10000,debut_raw,54.60797901769903,55.22465168854859,0.08706384975188608,58.68997080473635,59.35274026991851,0.09357194483300715,7.005457097384849,7.52912083390033,Verified debut-season capacity; original four-year role window retained,FAIL: aggregate and debut/swingman subgroup accuracy deteriorates; not release-ready,"MLB opportunity, future role, availability; other professional assignments unverified"
060o9,Juan Mejia,Free agent,26.0,RP,2025,61.333333333333336,13.333333333333334,74.66666666666667,"[{""year"":2025,""IP"":61.333333333333336,""role"":""RP""},{""year"":2026,""IP"":70.0,""role"":""RP""}]",https://statsapi.mlb.com/api/v1/stats?stats=season&group=pitching&season=2025&sportId=11&playerPool=ALL&limit=10000,debut_opportunity,54.60797901769903,55.22465168854859,0.08706384975188608,58.4348463180465,59.09473473358289,0.09316518889043708,7.005457097384849,7.496391850368113,Verified debut-season capacity; original four-year role window retained,FAIL: aggregate and debut/swingman subgroup accuracy deteriorates; not release-ready,"MLB opportunity, future role, availability; other professional assignments unverified"
064nv,Alex Hoppe,Free agent,27.0,RP,2026,42.666666666666664,17.0,59.666666666666664,"[{""year"":2026,""IP"":42.666666666666664,""role"":""RP""}]",https://statsapi.mlb.com/api/v1/stats?stats=season&group=pitching&season=2026&sportId=11&playerPool=ALL&limit=10000,debut_raw,40.417027535675786,41.5328551657289,0.07500420397594172,51.57913080816386,53.00312022052406,0.09571836139168015,4.267688092635689,5.4463095333816405,Verified debut-season capacity; original four-year role window retained,FAIL: aggregate and debut/swingman subgroup accuracy deteriorates; not release-ready,"MLB opportunity, future role, availability; other professional assignments unverified"
064nv,Alex Hoppe,Free agent,27.0,RP,2026,42.666666666666664,17.0,59.666666666666664,"[{""year"":2026,""IP"":42.666666666666664,""role"":""RP""}]",https://statsapi.mlb.com/api/v1/stats?stats=season&group=pitching&season=2026&sportId=11&playerPool=ALL&limit=10000,debut_opportunity,40.417027535675786,41.5328551657289,0.07500420397594172,48.39886674728737,49.73505587530308,0.08981656235144182,4.267688092635689,5.110501189928884,Verified debut-season capacity; original four-year role window retained,FAIL: aggregate and debut/swingman subgroup accuracy deteriorates; not release-ready,"MLB opportunity, future role, availability; other professional assignments unverified"
05u4l,Daniel Palencia,Flying Squirrels,26.0,RP,2023,28.333333333333332,29.0,57.33333333333333,"[{""year"":2023,""IP"":28.333333333333332,""role"":""RP""},{""year"":2024,""IP"":14.666666666666666,""role"":""RP""},{""year"":2025,""IP"":52.666666666666664,""role"":""RP""},{""year"":2026,""IP"":29.666666666666668,""role"":""RP""}]",https://statsapi.mlb.com/api/v1/stats?stats=season&group=pitching&season=2023&sportId=12&playerPool=ALL&limit=10000;https://statsapi.mlb.com/api/v1/stats?stats=season&group=pitching&season=2023&sportId=11&playerPool=ALL&limit=10000,debut_raw,37.85019906208714,38.2697835269919,0.15869212827532342,43.02554709255396,43.502502342497316,0.180390481622768,9.138990683980518,10.388586686347882,Verified debut-season capacity; original four-year role window retained,FAIL: aggregate and debut/swingman subgroup accuracy deteriorates; not release-ready,"MLB opportunity, future role, availability; other professional assignments unverified"
05u4l,Daniel Palencia,Flying Squirrels,26.0,RP,2023,28.333333333333332,29.0,57.33333333333333,"[{""year"":2023,""IP"":28.333333333333332,""role"":""RP""},{""year"":2024,""IP"":14.666666666666666,""role"":""RP""},{""year"":2025,""IP"":52.666666666666664,""role"":""RP""},{""year"":2026,""IP"":29.666666666666668,""role"":""RP""}]",https://statsapi.mlb.com/api/v1/stats?stats=season&group=pitching&season=2023&sportId=12&playerPool=ALL&limit=10000;https://statsapi.mlb.com/api/v1/stats?stats=season&group=pitching&season=2023&sportId=11&playerPool=ALL&limit=10000,debut_opportunity,37.85019906208714,38.2697835269919,0.15869212827532342,42.590665172179435,43.06279958359674,0.17856717978545164,9.138990683980518,10.283583755916396,Verified debut-season capacity; original four-year role window retained,FAIL: aggregate and debut/swingman subgroup accuracy deteriorates; not release-ready,"MLB opportunity, future role, availability; other professional assignments unverified"
05jrb,Victor Mederos,Free agent,25.0,RP,2023,3.0,92.0,95.0,"[{""year"":2023,""IP"":3.0,""role"":""RP""},{""year"":2024,""IP"":5.333333333333333,""role"":""RP""},{""year"":2025,""IP"":17.0,""role"":""SP""},{""year"":2026,""IP"":34.333333333333336,""role"":""RP""}]",https://statsapi.mlb.com/api/v1/stats?stats=season&group=pitching&season=2023&sportId=12&playerPool=ALL&limit=10000,debut_raw,25.929757924532023,24.518232742943553,0.07801399842767728,44.06590873227212,41.66711503715883,0.13257963088429767,3.0947907762033737,5.259392250655452,Verified debut-season capacity; original four-year role window retained,FAIL: aggregate and debut/swingman subgroup accuracy deteriorates; not release-ready,"MLB opportunity, future role, availability; other professional assignments unverified"
05jrb,Victor Mederos,Free agent,25.0,RP,2023,3.0,92.0,95.0,"[{""year"":2023,""IP"":3.0,""role"":""RP""},{""year"":2024,""IP"":5.333333333333333,""role"":""RP""},{""year"":2025,""IP"":17.0,""role"":""SP""},{""year"":2026,""IP"":34.333333333333336,""role"":""RP""}]",https://statsapi.mlb.com/api/v1/stats?stats=season&group=pitching&season=2023&sportId=12&playerPool=ALL&limit=10000,debut_opportunity,25.929757924532023,24.518232742943553,0.07801399842767728,32.30526006936982,30.546674886338156,0.09719575923511087,3.0947907762033737,3.8557251932902994,Verified debut-season capacity; original four-year role window retained,FAIL: aggregate and debut/swingman subgroup accuracy deteriorates; not release-ready,"MLB opportunity, future role, availability; other professional assignments unverified"
05r0r,Enmanuel De Jesus,Free agent,29.0,RP,2023,6.333333333333333,92.0,98.33333333333333,"[{""year"":2023,""IP"":6.333333333333333,""role"":""RP""},{""year"":2026,""IP"":42.333333333333336,""role"":""RP""}]",https://statsapi.mlb.com/api/v1/stats?stats=season&group=pitching&season=2023&sportId=14&playerPool=ALL&limit=10000;https://statsapi.mlb.com/api/v1/stats?stats=season&group=pitching&season=2023&sportId=11&playerPool=ALL&limit=10000,debut_raw,28.842499535565878,26.533613777073647,0.07009134116478975,45.54935771205085,41.90306266053706,0.11069136249081213,3.34464747536509,5.282016008642131,Verified debut-season capacity; original four-year role window retained,FAIL: aggregate and debut/swingman subgroup accuracy deteriorates; not release-ready,"MLB opportunity, future role, availability; other professional assignments unverified"
05r0r,Enmanuel De Jesus,Free agent,29.0,RP,2023,6.333333333333333,92.0,98.33333333333333,"[{""year"":2023,""IP"":6.333333333333333,""role"":""RP""},{""year"":2026,""IP"":42.333333333333336,""role"":""RP""}]",https://statsapi.mlb.com/api/v1/stats?stats=season&group=pitching&season=2023&sportId=14&playerPool=ALL&limit=10000;https://statsapi.mlb.com/api/v1/stats?stats=season&group=pitching&season=2023&sportId=11&playerPool=ALL&limit=10000,debut_opportunity,28.842499535565878,26.533613777073647,0.07009134116478975,36.034943564086525,33.15029177097145,0.08756999441361973,3.34464747536509,4.178701047318255,Verified debut-season capacity; original four-year role window retained,FAIL: aggregate and debut/swingman subgroup accuracy deteriorates; not release-ready,"MLB opportunity, future role, availability; other professional assignments unverified"
06mi0,Bryan King,Free agent,29.0,RP,2024,26.333333333333332,36.666666666666664,63.0,"[{""year"":2024,""IP"":26.333333333333332,""role"":""RP""},{""year"":2025,""IP"":68.0,""role"":""RP""},{""year"":2026,""IP"":60.666666666666664,""role"":""RP""}]",https://statsapi.mlb.com/api/v1/stats?stats=season&group=pitching&season=2024&sportId=11&playerPool=ALL&limit=10000,debut_raw,51.212843609562476,47.617197612291356,0.1736091962846371,55.67557181129143,51.76659834254088,0.18873764066951954,9.910042236025525,10.773611252114648,Verified debut-season capacity; original four-year role window retained,FAIL: aggregate and debut/swingman subgroup accuracy deteriorates; not release-ready,"MLB opportunity, future role, availability; other professional assignments unverified"
06mi0,Bryan King,Free agent,29.0,RP,2024,26.333333333333332,36.666666666666664,63.0,"[{""year"":2024,""IP"":26.333333333333332,""role"":""RP""},{""year"":2025,""IP"":68.0,""role"":""RP""},{""year"":2026,""IP"":60.666666666666664,""role"":""RP""}]",https://statsapi.mlb.com/api/v1/stats?stats=season&group=pitching&season=2024&sportId=11&playerPool=ALL&limit=10000,debut_opportunity,51.212843609562476,47.617197612291356,0.1736091962846371,55.67557181129143,51.76659834254088,0.18873764066951954,9.910042236025525,10.773611252114648,Verified debut-season capacity; original four-year role window retained,FAIL: aggregate and debut/swingman subgroup accuracy deteriorates; not release-ready,"MLB opportunity, future role, availability; other professional assignments unverified"
06hu8,Trent Harris,Cafécitos de Spokane,27.0,RP,2026,23.333333333333332,40.333333333333336,63.66666666666667,"[{""year"":2026,""IP"":23.333333333333332,""role"":""RP""}]",https://statsapi.mlb.com/api/v1/stats?stats=season&group=pitching&season=2026&sportId=11&playerPool=ALL&limit=10000,debut_raw,29.144663088849132,29.680606040989574,0.2354638207245868,56.98548598688133,58.03339549593488,0.4603937336799158,7.865101329157782,15.378342862011136,Verified debut-season capacity; original four-year role window retained,FAIL: aggregate and debut/swingman subgroup accuracy deteriorates; not release-ready,"MLB opportunity, future role, availability; other professional assignments unverified"
06hu8,Trent Harris,Cafécitos de Spokane,27.0,RP,2026,23.333333333333332,40.333333333333336,63.66666666666667,"[{""year"":2026,""IP"":23.333333333333332,""role"":""RP""}]",https://statsapi.mlb.com/api/v1/stats?stats=season&group=pitching&season=2026&sportId=11&playerPool=ALL&limit=10000,debut_opportunity,29.144663088849132,29.680606040989574,0.2354638207245868,39.34810603577193,40.071680710341255,0.3178988673574299,7.865101329157782,10.618645346433881,Verified debut-season capacity; original four-year role window retained,FAIL: aggregate and debut/swingman subgroup accuracy deteriorates; not release-ready,"MLB opportunity, future role, availability; other professional assignments unverified"
05ybe,Travis Adams,Free agent,26.0,RP,2025,33.666666666666664,68.66666666666667,102.33333333333334,"[{""year"":2025,""IP"":33.666666666666664,""role"":""RP""},{""year"":2026,""IP"":59.0,""role"":""RP""}]",https://statsapi.mlb.com/api/v1/stats?stats=season&group=pitching&season=2025&sportId=11&playerPool=ALL&limit=10000,debut_raw,46.23997117483734,45.241718120099165,1.026038841380751,69.37243381869823,67.8747848752702,1.5393351209058217,2.0416890154772447,3.0630844376830755,Verified debut-season capacity; original four-year role window retained,FAIL: aggregate and debut/swingman subgroup accuracy deteriorates; not release-ready,"MLB opportunity, future role, availability; other professional assignments unverified"
05ybe,Travis Adams,Free agent,26.0,RP,2025,33.666666666666664,68.66666666666667,102.33333333333334,"[{""year"":2025,""IP"":33.666666666666664,""role"":""RP""},{""year"":2026,""IP"":59.0,""role"":""RP""}]",https://statsapi.mlb.com/api/v1/stats?stats=season&group=pitching&season=2025&sportId=11&playerPool=ALL&limit=10000,debut_opportunity,46.23997117483734,45.241718120099165,1.026038841380751,59.576928464620316,58.29075009295021,1.3219783901623063,2.0416890154772447,2.630571718182236,Verified debut-season capacity; original four-year role window retained,FAIL: aggregate and debut/swingman subgroup accuracy deteriorates; not release-ready,"MLB opportunity, future role, availability; other professional assignments unverified"
060eu,Ben Joyce,TheMissingSox,26.0,RP,2023,10.0,17.666666666666668,27.666666666666668,"[{""year"":2023,""IP"":10.0,""role"":""RP""},{""year"":2024,""IP"":34.666666666666664,""role"":""RP""},{""year"":2025,""IP"":4.333333333333333,""role"":""RP""},{""year"":2026,""IP"":15.333333333333334,""role"":""RP""}]",https://statsapi.mlb.com/api/v1/stats?stats=season&group=pitching&season=2023&sportId=12&playerPool=ALL&limit=10000;https://statsapi.mlb.com/api/v1/stats?stats=season&group=pitching&season=2023&sportId=14&playerPool=ALL&limit=10000,debut_raw,23.197878775183014,21.715500245017015,0.13599287476630165,25.782761340561798,24.135205017415128,0.15114622626045698,4.192606299889343,4.659778106118239,Verified debut-season capacity; original four-year role window retained,FAIL: aggregate and debut/swingman subgroup accuracy deteriorates; not release-ready,"MLB opportunity, future role, availability; other professional assignments unverified"
060eu,Ben Joyce,TheMissingSox,26.0,RP,2023,10.0,17.666666666666668,27.666666666666668,"[{""year"":2023,""IP"":10.0,""role"":""RP""},{""year"":2024,""IP"":34.666666666666664,""role"":""RP""},{""year"":2025,""IP"":4.333333333333333,""role"":""RP""},{""year"":2026,""IP"":15.333333333333334,""role"":""RP""}]",https://statsapi.mlb.com/api/v1/stats?stats=season&group=pitching&season=2023&sportId=12&playerPool=ALL&limit=10000;https://statsapi.mlb.com/api/v1/stats?stats=season&group=pitching&season=2023&sportId=14&playerPool=ALL&limit=10000,debut_opportunity,23.197878775183014,21.715500245017015,0.13599287476630165,25.782761340561798,24.135205017415128,0.15114622626045698,4.192606299889343,4.659778106118239,Verified debut-season capacity; original four-year role window retained,FAIL: aggregate and debut/swingman subgroup accuracy deteriorates; not release-ready,"MLB opportunity, future role, availability; other professional assignments unverified"
064ny,Zach Agnos,Free agent,26.0,RP,2025,31.333333333333332,12.0,43.33333333333333,"[{""year"":2025,""IP"":31.333333333333332,""role"":""RP""},{""year"":2026,""IP"":91.0,""role"":""RP""}]",https://statsapi.mlb.com/api/v1/stats?stats=season&group=pitching&season=2025&sportId=11&playerPool=ALL&limit=10000,debut_raw,53.28133168691191,39.62203623143329,1.0602307932026187,56.95512429524548,42.354008936047975,1.133334597628592,0.629903817121353,0.6733362148117794,Verified debut-season capacity; original four-year role window retained,FAIL: aggregate and debut/swingman subgroup accuracy deteriorates; not release-ready,"MLB opportunity, future role, availability; other professional assignments unverified"
064ny,Zach Agnos,Free agent,26.0,RP,2025,31.333333333333332,12.0,43.33333333333333,"[{""year"":2025,""IP"":31.333333333333332,""role"":""RP""},{""year"":2026,""IP"":91.0,""role"":""RP""}]",https://statsapi.mlb.com/api/v1/stats?stats=season&group=pitching&season=2025&sportId=11&playerPool=ALL&limit=10000,debut_opportunity,53.28133168691191,39.62203623143329,1.0602307932026187,56.95512429524548,42.354008936047975,1.133334597628592,0.629903817121353,0.6733362148117794,Verified debut-season capacity; original four-year role window retained,FAIL: aggregate and debut/swingman subgroup accuracy deteriorates; not release-ready,"MLB opportunity, future role, availability; other professional assignments unverified"
0421m,Raymond Burgos,Free agent,27.0,RP,2024,1.0,32.666666666666664,33.666666666666664,"[{""year"":2024,""IP"":1.0,""role"":""RP""},{""year"":2026,""IP"":21.333333333333332,""role"":""RP""}]",https://statsapi.mlb.com/api/v1/stats?stats=season&group=pitching&season=2024&sportId=16&playerPool=ALL&limit=10000;https://statsapi.mlb.com/api/v1/stats?stats=season&group=pitching&season=2024&sportId=14&playerPool=ALL&limit=10000;https://statsapi.mlb.com/api/v1/stats?stats=season&group=pitching&season=2024&sportId=11&playerPool=ALL&limit=10000,debut_raw,20.39921892267939,17.55706609989939,0.19727658940287418,29.619158656330747,25.492423426783933,0.2864407026000024,4.348178845318162,6.31344756746517,Verified debut-season capacity; original four-year role window retained,FAIL: aggregate and debut/swingman subgroup accuracy deteriorates; not release-ready,"MLB opportunity, future role, availability; other professional assignments unverified"
0421m,Raymond Burgos,Free agent,27.0,RP,2024,1.0,32.666666666666664,33.666666666666664,"[{""year"":2024,""IP"":1.0,""role"":""RP""},{""year"":2026,""IP"":21.333333333333332,""role"":""RP""}]",https://statsapi.mlb.com/api/v1/stats?stats=season&group=pitching&season=2024&sportId=16&playerPool=ALL&limit=10000;https://statsapi.mlb.com/api/v1/stats?stats=season&group=pitching&season=2024&sportId=14&playerPool=ALL&limit=10000;https://statsapi.mlb.com/api/v1/stats?stats=season&group=pitching&season=2024&sportId=11&playerPool=ALL&limit=10000,debut_opportunity,20.39921892267939,17.55706609989939,0.19727658940287418,26.241556971725792,22.58541133673712,0.25377662152778707,4.348178845318162,5.59349763954993,Verified debut-season capacity; original four-year role window retained,FAIL: aggregate and debut/swingman subgroup accuracy deteriorates; not release-ready,"MLB opportunity, future role, availability; other professional assignments unverified"
05t5k,Wilber Dotel,Free agent,24.0,RP,2026,42.333333333333336,39.0,81.33333333333334,"[{""year"":2026,""IP"":42.333333333333336,""role"":""RP""}]",https://statsapi.mlb.com/api/v1/stats?stats=season&group=pitching&season=2026&sportId=11&playerPool=ALL&limit=10000;https://statsapi.mlb.com/api/v1/stats?stats=season&group=pitching&season=2026&sportId=12&playerPool=ALL&limit=10000,debut_raw,45.53189916203084,43.15627257540431,0.12129667470309555,74.53679318357862,70.64783641200489,0.19856551829798946,4.171879345561443,6.8294649177793465,Verified debut-season capacity; original four-year role window retained,FAIL: aggregate and debut/swingman subgroup accuracy deteriorates; not release-ready,"MLB opportunity, future role, availability; other professional assignments unverified"
05t5k,Wilber Dotel,Free agent,24.0,RP,2026,42.333333333333336,39.0,81.33333333333334,"[{""year"":2026,""IP"":42.333333333333336,""role"":""RP""}]",https://statsapi.mlb.com/api/v1/stats?stats=season&group=pitching&season=2026&sportId=11&playerPool=ALL&limit=10000;https://statsapi.mlb.com/api/v1/stats?stats=season&group=pitching&season=2026&sportId=12&playerPool=ALL&limit=10000,debut_opportunity,45.53189916203084,43.15627257540431,0.12129667470309555,60.628708755213495,57.46540621166772,0.1615144744430608,4.171879345561443,5.555130852412566,Verified debut-season capacity; original four-year role window retained,FAIL: aggregate and debut/swingman subgroup accuracy deteriorates; not release-ready,"MLB opportunity, future role, availability; other professional assignments unverified"
060gd,Quinn Mathews,Young Guns,26.0,SP,2026,49.333333333333336,99.0,148.33333333333334,"[{""year"":2026,""IP"":49.333333333333336,""role"":""SP""}]",https://statsapi.mlb.com/api/v1/stats?stats=season&group=pitching&season=2026&sportId=11&playerPool=ALL&limit=10000,debut_raw,71.33571480822218,63.60231741932615,7.7983117314816495,137.75172514691178,122.81826812007806,15.058808860792153,8.772774915227716,16.94053087078455,Verified debut-season capacity; original four-year role window retained,FAIL: aggregate and debut/swingman subgroup accuracy deteriorates; not release-ready,"MLB opportunity, future role, availability; other professional assignments unverified"
060gd,Quinn Mathews,Young Guns,26.0,SP,2026,49.333333333333336,99.0,148.33333333333334,"[{""year"":2026,""IP"":49.333333333333336,""role"":""SP""}]",https://statsapi.mlb.com/api/v1/stats?stats=season&group=pitching&season=2026&sportId=11&playerPool=ALL&limit=10000,debut_opportunity,71.33571480822218,63.60231741932615,7.7983117314816495,93.42463510064029,83.29661113553126,10.213038866623119,8.772774915227716,11.489242064491561,Verified debut-season capacity; original four-year role window retained,FAIL: aggregate and debut/swingman subgroup accuracy deteriorates; not release-ready,"MLB opportunity, future role, availability; other professional assignments unverified"
05u2x,Josh Walker,Free agent,31.0,RP,2023,10.0,29.333333333333332,39.33333333333333,"[{""year"":2023,""IP"":10.0,""role"":""RP""},{""year"":2024,""IP"":12.333333333333334,""role"":""RP""},{""year"":2025,""IP"":5.0,""role"":""RP""},{""year"":2026,""IP"":30.333333333333332,""role"":""RP""}]",https://statsapi.mlb.com/api/v1/stats?stats=season&group=pitching&season=2023&sportId=11&playerPool=ALL&limit=10000,debut_raw,19.311088387984938,18.2456101915381,0.099090278150248,23.54852730921696,22.249250857144247,0.12083369275813807,2.375086424129722,2.896252474053604,Verified debut-season capacity; original four-year role window retained,FAIL: aggregate and debut/swingman subgroup accuracy deteriorates; not release-ready,"MLB opportunity, future role, availability; other professional assignments unverified"
05u2x,Josh Walker,Free agent,31.0,RP,2023,10.0,29.333333333333332,39.33333333333333,"[{""year"":2023,""IP"":10.0,""role"":""RP""},{""year"":2024,""IP"":12.333333333333334,""role"":""RP""},{""year"":2025,""IP"":5.0,""role"":""RP""},{""year"":2026,""IP"":30.333333333333332,""role"":""RP""}]",https://statsapi.mlb.com/api/v1/stats?stats=season&group=pitching&season=2023&sportId=11&playerPool=ALL&limit=10000,debut_opportunity,19.311088387984938,18.2456101915381,0.099090278150248,22.52334237141952,21.280629908729633,0.11557319896302921,2.375086424129722,2.7701641470228027,Verified debut-season capacity; original four-year role window retained,FAIL: aggregate and debut/swingman subgroup accuracy deteriorates; not release-ready,"MLB opportunity, future role, availability; other professional assignments unverified"
05tzo,J.R. Ritchie,Ohtani and the Bums,23.0,SP,2026,73.33333333333333,82.33333333333333,155.66666666666666,"[{""year"":2026,""IP"":73.33333333333333,""role"":""SP""}]",https://statsapi.mlb.com/api/v1/stats?stats=season&group=pitching&season=2026&sportId=11&playerPool=ALL&limit=10000,debut_raw,78.26837592373215,73.55069837575749,5.0953425154617,127.71156992158853,120.01367151849944,8.314139449781495,4.865459033216752,7.939035455734758,Verified debut-season capacity; original four-year role window retained,FAIL: aggregate and debut/swingman subgroup accuracy deteriorates; not release-ready,"MLB opportunity, future role, availability; other professional assignments unverified"
05tzo,J.R. Ritchie,Ohtani and the Bums,23.0,SP,2026,73.33333333333333,82.33333333333333,155.66666666666666,"[{""year"":2026,""IP"":73.33333333333333,""role"":""SP""}]",https://statsapi.mlb.com/api/v1/stats?stats=season&group=pitching&season=2026&sportId=11&playerPool=ALL&limit=10000,debut_opportunity,78.26837592373215,73.55069837575749,5.0953425154617,101.56067288203708,95.4390369012462,6.6116922489742365,4.865459033216752,6.313396534188837,Verified debut-season capacity; original four-year role window retained,FAIL: aggregate and debut/swingman subgroup accuracy deteriorates; not release-ready,"MLB opportunity, future role, availability; other professional assignments unverified"
05rb4,Sam Bachman,Free agent,27.0,RP,2023,17.0,26.333333333333332,43.33333333333333,"[{""year"":2023,""IP"":17.0,""role"":""RP""},{""year"":2025,""IP"":20.333333333333332,""role"":""RP""},{""year"":2026,""IP"":48.666666666666664,""role"":""RP""}]",https://statsapi.mlb.com/api/v1/stats?stats=season&group=pitching&season=2023&sportId=12&playerPool=ALL&limit=10000,debut_raw,33.22488800879485,31.43286304589025,0.0699157316617747,37.42283588986948,35.40438947465279,0.07874954917549024,2.3012722909544365,2.592036886911263,Verified debut-season capacity; original four-year role window retained,FAIL: aggregate and debut/swingman subgroup accuracy deteriorates; not release-ready,"MLB opportunity, future role, availability; other professional assignments unverified"
05rb4,Sam Bachman,Free agent,27.0,RP,2023,17.0,26.333333333333332,43.33333333333333,"[{""year"":2023,""IP"":17.0,""role"":""RP""},{""year"":2025,""IP"":20.333333333333332,""role"":""RP""},{""year"":2026,""IP"":48.666666666666664,""role"":""RP""}]",https://statsapi.mlb.com/api/v1/stats?stats=season&group=pitching&season=2023&sportId=12&playerPool=ALL&limit=10000,debut_opportunity,33.22488800879485,31.43286304589025,0.0699157316617747,37.42283588986948,35.40438947465279,0.07874954917549024,2.3012722909544365,2.592036886911263,Verified debut-season capacity; original four-year role window retained,FAIL: aggregate and debut/swingman subgroup accuracy deteriorates; not release-ready,"MLB opportunity, future role, availability; other professional assignments unverified"
06qxg,Tyler Davis,Free agent,28.0,RP,2026,32.0,25.0,57.0,"[{""year"":2026,""IP"":32.0,""role"":""RP""}]",https://statsapi.mlb.com/api/v1/stats?stats=season&group=pitching&season=2026&sportId=11&playerPool=ALL&limit=10000,debut_raw,32.043128258259735,28.25253657090572,0.09232449712833377,47.784839738845854,42.13205781207119,0.13768041820666369,2.8692328730144334,4.278790507137243,Verified debut-season capacity; original four-year role window retained,FAIL: aggregate and debut/swingman subgroup accuracy deteriorates; not release-ready,"MLB opportunity, future role, availability; other professional assignments unverified"
06qxg,Tyler Davis,Free agent,28.0,RP,2026,32.0,25.0,57.0,"[{""year"":2026,""IP"":32.0,""role"":""RP""}]",https://statsapi.mlb.com/api/v1/stats?stats=season&group=pitching&season=2026&sportId=11&playerPool=ALL&limit=10000,debut_opportunity,32.043128258259735,28.25253657090572,0.09232449712833377,40.88058031753615,36.04454849577054,0.11778747036529093,2.8692328730144334,3.6605634746272386,Verified debut-season capacity; original four-year role window retained,FAIL: aggregate and debut/swingman subgroup accuracy deteriorates; not release-ready,"MLB opportunity, future role, availability; other professional assignments unverified"
04pvq,PJ Poulin,Free agent,30.0,RP,2025,24.666666666666668,42.666666666666664,67.33333333333333,"[{""year"":2025,""IP"":24.666666666666668,""role"":""RP""},{""year"":2026,""IP"":36.666666666666664,""role"":""RP""}]",https://statsapi.mlb.com/api/v1/stats?stats=season&group=pitching&season=2025&sportId=11&playerPool=ALL&limit=10000,debut_raw,28.985722089686416,25.144454473594347,0.06332064666084061,41.23500743353041,35.77043083220795,0.09007977540379306,2.814461234648576,4.0038447057839965,Verified debut-season capacity; original four-year role window retained,FAIL: aggregate and debut/swingman subgroup accuracy deteriorates; not release-ready,"MLB opportunity, future role, availability; other professional assignments unverified"
04pvq,PJ Poulin,Free agent,30.0,RP,2025,24.666666666666668,42.666666666666664,67.33333333333333,"[{""year"":2025,""IP"":24.666666666666668,""role"":""RP""},{""year"":2026,""IP"":36.666666666666664,""role"":""RP""}]",https://statsapi.mlb.com/api/v1/stats?stats=season&group=pitching&season=2025&sportId=11&playerPool=ALL&limit=10000,debut_opportunity,28.985722089686416,25.144454473594347,0.06332064666084061,35.65612499970047,30.930877243136404,0.07789244944165628,2.814461234648576,3.462145303088655,Verified debut-season capacity; original four-year role window retained,FAIL: aggregate and debut/swingman subgroup accuracy deteriorates; not release-ready,"MLB opportunity, future role, availability; other professional assignments unverified"
05u6p,Brant Hurter,Free agent,28.0,RP,2024,45.333333333333336,71.33333333333333,116.66666666666666,"[{""year"":2024,""IP"":45.333333333333336,""role"":""RP""},{""year"":2025,""IP"":63.0,""role"":""RP""},{""year"":2026,""IP"":35.333333333333336,""role"":""RP""}]",https://statsapi.mlb.com/api/v1/stats?stats=season&group=pitching&season=2024&sportId=11&playerPool=ALL&limit=10000,debut_raw,42.20722097967522,38.21062922199014,2.269256729309404,57.4565990970825,52.01604733731149,3.08913430256574,8.072146078242985,10.98859508646719,Verified debut-season capacity; original four-year role window retained,FAIL: aggregate and debut/swingman subgroup accuracy deteriorates; not release-ready,"MLB opportunity, future role, availability; other professional assignments unverified"
05u6p,Brant Hurter,Free agent,28.0,RP,2024,45.333333333333336,71.33333333333333,116.66666666666666,"[{""year"":2024,""IP"":45.333333333333336,""role"":""RP""},{""year"":2025,""IP"":63.0,""role"":""RP""},{""year"":2026,""IP"":35.333333333333336,""role"":""RP""}]",https://statsapi.mlb.com/api/v1/stats?stats=season&group=pitching&season=2024&sportId=11&playerPool=ALL&limit=10000,debut_opportunity,42.20722097967522,38.21062922199014,2.269256729309404,50.44188516307515,45.66555500426366,2.711990618867825,8.072146078242985,9.647028542684057,Verified debut-season capacity; original four-year role window retained,FAIL: aggregate and debut/swingman subgroup accuracy deteriorates; not release-ready,"MLB opportunity, future role, availability; other professional assignments unverified"
050vo,Dedniel Nunez,Free agent,30.0,RP,2024,35.0,14.0,49.0,"[{""year"":2024,""IP"":35.0,""role"":""RP""},{""year"":2025,""IP"":9.666666666666666,""role"":""RP""},{""year"":2026,""IP"":19.0,""role"":""RP""}]",https://statsapi.mlb.com/api/v1/stats?stats=season&group=pitching&season=2024&sportId=11&playerPool=ALL&limit=10000,debut_raw,24.917798509856766,25.191583947155404,0.1701659635331617,28.143539070144207,28.45276747763786,0.19219484583318433,6.650972431343447,7.51197592363236,Verified debut-season capacity; original four-year role window retained,FAIL: aggregate and debut/swingman subgroup accuracy deteriorates; not release-ready,"MLB opportunity, future role, availability; other professional assignments unverified"
050vo,Dedniel Nunez,Free agent,30.0,RP,2024,35.0,14.0,49.0,"[{""year"":2024,""IP"":35.0,""role"":""RP""},{""year"":2025,""IP"":9.666666666666666,""role"":""RP""},{""year"":2026,""IP"":19.0,""role"":""RP""}]",https://statsapi.mlb.com/api/v1/stats?stats=season&group=pitching&season=2024&sportId=11&playerPool=ALL&limit=10000,debut_opportunity,24.917798509856766,25.191583947155404,0.1701659635331617,27.22189891006208,27.52100075464287,0.1859008794617493,6.650972431343447,7.265974925835527,Verified debut-season capacity; original four-year role window retained,FAIL: aggregate and debut/swingman subgroup accuracy deteriorates; not release-ready,"MLB opportunity, future role, availability; other professional assignments unverified"
041uv,Jesse Scholtens,Free agent,32.0,RP,2023,85.0,46.666666666666664,131.66666666666666,"[{""year"":2023,""IP"":85.0,""role"":""RP""},{""year"":2025,""IP"":8.333333333333334,""role"":""RP""},{""year"":2026,""IP"":47.666666666666664,""role"":""RP""}]",https://statsapi.mlb.com/api/v1/stats?stats=season&group=pitching&season=2023&sportId=11&playerPool=ALL&limit=10000,debut_raw,37.23371077453461,31.450692715802703,4.134041212595897,44.405446521114044,37.5085379456387,4.93031562429069,3.5105592198818,4.186742241234845,Verified debut-season capacity; original four-year role window retained,FAIL: aggregate and debut/swingman subgroup accuracy deteriorates; not release-ready,"MLB opportunity, future role, availability; other professional assignments unverified"
041uv,Jesse Scholtens,Free agent,32.0,RP,2023,85.0,46.666666666666664,131.66666666666666,"[{""year"":2023,""IP"":85.0,""role"":""RP""},{""year"":2025,""IP"":8.333333333333334,""role"":""RP""},{""year"":2026,""IP"":47.666666666666664,""role"":""RP""}]",https://statsapi.mlb.com/api/v1/stats?stats=season&group=pitching&season=2023&sportId=11&playerPool=ALL&limit=10000,debut_opportunity,37.23371077453461,31.450692715802703,4.134041212595897,41.86356549700994,35.36145356038037,4.648091782171015,3.5105592198818,3.947082436198322,Verified debut-season capacity; original four-year role window retained,FAIL: aggregate and debut/swingman subgroup accuracy deteriorates; not release-ready,"MLB opportunity, future role, availability; other professional assignments unverified"
05ydp,Kade Anderson,Sodo Mojo,22.0,SP,2026,35.666666666666664,93.33333333333333,129.0,"[{""year"":2026,""IP"":35.666666666666664,""role"":""SP""}]",https://statsapi.mlb.com/api/v1/stats?stats=season&group=pitching&season=2026&sportId=12&playerPool=ALL&limit=10000,debut_raw,66.05276973031829,56.9832863127155,4.960371087955196,132.5807392428691,114.37652432552248,9.956428298845323,11.445362313007532,22.973065362079872,Verified debut-season capacity; original four-year role window retained,FAIL: aggregate and debut/swingman subgroup accuracy deteriorates; not release-ready,"MLB opportunity, future role, availability; other professional assignments unverified"
05ydp,Kade Anderson,Sodo Mojo,22.0,SP,2026,35.666666666666664,93.33333333333333,129.0,"[{""year"":2026,""IP"":35.666666666666664,""role"":""SP""}]",https://statsapi.mlb.com/api/v1/stats?stats=season&group=pitching&season=2026&sportId=12&playerPool=ALL&limit=10000,debut_opportunity,66.05276973031829,56.9832863127155,4.960371087955196,84.44680781259979,72.85170095708332,6.341709903369262,11.445362313007532,14.632608375670946,Verified debut-season capacity; original four-year role window retained,FAIL: aggregate and debut/swingman subgroup accuracy deteriorates; not release-ready,"MLB opportunity, future role, availability; other professional assignments unverified"
0658b,Jonah Tong,TheMissingSox,23.0,SP,2025,18.666666666666668,113.66666666666667,132.33333333333334,"[{""year"":2025,""IP"":18.666666666666668,""role"":""SP""},{""year"":2026,""IP"":30.666666666666668,""role"":""SP""}]",https://statsapi.mlb.com/api/v1/stats?stats=season&group=pitching&season=2025&sportId=12&playerPool=ALL&limit=10000;https://statsapi.mlb.com/api/v1/stats?stats=season&group=pitching&season=2025&sportId=11&playerPool=ALL&limit=10000,debut_raw,55.46654164713237,52.9083502704754,5.015780981040806,97.17857700980065,92.69657055474127,8.787756435785777,7.884059422533492,13.81304211495086,Verified debut-season capacity; original four-year role window retained,FAIL: aggregate and debut/swingman subgroup accuracy deteriorates; not release-ready,"MLB opportunity, future role, availability; other professional assignments unverified"
0658b,Jonah Tong,TheMissingSox,23.0,SP,2025,18.666666666666668,113.66666666666667,132.33333333333334,"[{""year"":2025,""IP"":18.666666666666668,""role"":""SP""},{""year"":2026,""IP"":30.666666666666668,""role"":""SP""}]",https://statsapi.mlb.com/api/v1/stats?stats=season&group=pitching&season=2025&sportId=12&playerPool=ALL&limit=10000;https://statsapi.mlb.com/api/v1/stats?stats=season&group=pitching&season=2025&sportId=11&playerPool=ALL&limit=10000,debut_opportunity,55.46654164713237,52.9083502704754,5.015780981040806,65.13280676895978,62.12879426582165,5.889891161989263,7.884059422533492,9.258030222791422,Verified debut-season capacity; original four-year role window retained,FAIL: aggregate and debut/swingman subgroup accuracy deteriorates; not release-ready,"MLB opportunity, future role, availability; other professional assignments unverified"
06f14,Ethan Pecko,Young Guns,24.0,SP,2026,34.333333333333336,82.66666666666667,117.0,"[{""year"":2026,""IP"":34.333333333333336,""role"":""SP""}]",https://statsapi.mlb.com/api/v1/stats?stats=season&group=pitching&season=2026&sportId=14&playerPool=ALL&limit=10000;https://statsapi.mlb.com/api/v1/stats?stats=season&group=pitching&season=2026&sportId=11&playerPool=ALL&limit=10000,debut_raw,63.751189653470234,46.73792996795741,5.883867934786684,121.45299634712212,89.04087388056121,11.209412634885581,8.594805687356853,16.374045871533866,Verified debut-season capacity; original four-year role window retained,FAIL: aggregate and debut/swingman subgroup accuracy deteriorates; not release-ready,"MLB opportunity, future role, availability; other professional assignments unverified"
06f14,Ethan Pecko,Young Guns,24.0,SP,2026,34.333333333333336,82.66666666666667,117.0,"[{""year"":2026,""IP"":34.333333333333336,""role"":""SP""}]",https://statsapi.mlb.com/api/v1/stats?stats=season&group=pitching&season=2026&sportId=14&playerPool=ALL&limit=10000;https://statsapi.mlb.com/api/v1/stats?stats=season&group=pitching&season=2026&sportId=11&playerPool=ALL&limit=10000,debut_opportunity,63.751189653470234,46.73792996795741,5.883867934786684,80.6836286547413,59.15161436396365,7.446634613163284,8.594805687356853,10.877602664480026,Verified debut-season capacity; original four-year role window retained,FAIL: aggregate and debut/swingman subgroup accuracy deteriorates; not release-ready,"MLB opportunity, future role, availability; other professional assignments unverified"
05142,Garrett Stallings,Free agent,29.0,RP,2026,14.0,82.0,96.0,"[{""year"":2026,""IP"":14.0,""role"":""RP""}]",https://statsapi.mlb.com/api/v1/stats?stats=season&group=pitching&season=2026&sportId=11&playerPool=ALL&limit=10000,debut_raw,21.820816022158304,21.83381188813445,0.1437090727430038,67.82145520400555,67.8618477604179,0.4466633342012281,6.466546369874589,20.098725203664266,Verified debut-season capacity; original four-year role window retained,FAIL: aggregate and debut/swingman subgroup accuracy deteriorates; not release-ready,"MLB opportunity, future role, availability; other professional assignments unverified"
05142,Garrett Stallings,Free agent,29.0,RP,2026,14.0,82.0,96.0,"[{""year"":2026,""IP"":14.0,""role"":""RP""}]",https://statsapi.mlb.com/api/v1/stats?stats=season&group=pitching&season=2026&sportId=11&playerPool=ALL&limit=10000,debut_opportunity,21.820816022158304,21.83381188813445,0.1437090727430038,29.754820496431233,29.772541632933336,0.1959614002901855,6.466546369874589,8.817769522096727,Verified debut-season capacity; original four-year role window retained,FAIL: aggregate and debut/swingman subgroup accuracy deteriorates; not release-ready,"MLB opportunity, future role, availability; other professional assignments unverified"
061xq,Miguel Ullola,Free agent,24.0,RP,2026,16.666666666666668,66.33333333333333,83.0,"[{""year"":2026,""IP"":16.666666666666668,""role"":""RP""}]",https://statsapi.mlb.com/api/v1/stats?stats=season&group=pitching&season=2026&sportId=11&playerPool=ALL&limit=10000,debut_raw,29.69886337906987,27.66578469824006,0.0773691380284842,85.1058053706471,79.2797642758942,0.22171093616287507,6.904439821499381,19.78553536348417,Verified debut-season capacity; original four-year role window retained,FAIL: aggregate and debut/swingman subgroup accuracy deteriorates; not release-ready,"MLB opportunity, future role, availability; other professional assignments unverified"
061xq,Miguel Ullola,Free agent,24.0,RP,2026,16.666666666666668,66.33333333333333,83.0,"[{""year"":2026,""IP"":16.666666666666668,""role"":""RP""}]",https://statsapi.mlb.com/api/v1/stats?stats=season&group=pitching&season=2026&sportId=11&playerPool=ALL&limit=10000,debut_opportunity,29.69886337906987,27.66578469824006,0.0773691380284842,40.82475534525004,38.03003762547985,0.10635343484261892,6.904439821499381,9.49100519137585,Verified debut-season capacity; original four-year role window retained,FAIL: aggregate and debut/swingman subgroup accuracy deteriorates; not release-ready,"MLB opportunity, future role, availability; other professional assignments unverified"
05173,Alec Gamboa,Free agent,29.0,RP,2026,33.0,51.333333333333336,84.33333333333334,"[{""year"":2026,""IP"":33.0,""role"":""RP""}]",https://statsapi.mlb.com/api/v1/stats?stats=season&group=pitching&season=2026&sportId=11&playerPool=ALL&limit=10000,debut_raw,30.46173307259839,24.50210166155305,0.07653301792469193,60.0102664385236,48.269664943530636,0.15077168413429676,4.9292711695213445,9.710769755802223,Verified debut-season capacity; original four-year role window retained,FAIL: aggregate and debut/swingman subgroup accuracy deteriorates; not release-ready,"MLB opportunity, future role, availability; other professional assignments unverified"
05173,Alec Gamboa,Free agent,29.0,RP,2026,33.0,51.333333333333336,84.33333333333334,"[{""year"":2026,""IP"":33.0,""role"":""RP""}]",https://statsapi.mlb.com/api/v1/stats?stats=season&group=pitching&season=2026&sportId=11&playerPool=ALL&limit=10000,debut_opportunity,30.46173307259839,24.50210166155305,0.07653301792469193,42.2539205892043,33.98722769346233,0.10616008137603435,4.9292711695213445,6.837464961800441,Verified debut-season capacity; original four-year role window retained,FAIL: aggregate and debut/swingman subgroup accuracy deteriorates; not release-ready,"MLB opportunity, future role, availability; other professional assignments unverified"
06rjn,Jack Sinclair,Free agent,27.0,RP,2026,11.0,60.333333333333336,71.33333333333334,"[{""year"":2026,""IP"":11.0,""role"":""RP""}]",https://statsapi.mlb.com/api/v1/stats?stats=season&group=pitching&season=2026&sportId=11&playerPool=ALL&limit=10000,debut_raw,20.631353607632676,17.79031683013852,0.21682419435143807,62.277543231961836,53.701625524433,0.6545027725404005,4.723578691721644,14.258534935605855,Verified debut-season capacity; original four-year role window retained,FAIL: aggregate and debut/swingman subgroup accuracy deteriorates; not release-ready,"MLB opportunity, future role, availability; other professional assignments unverified"
06rjn,Jack Sinclair,Free agent,27.0,RP,2026,11.0,60.333333333333336,71.33333333333334,"[{""year"":2026,""IP"":11.0,""role"":""RP""}]",https://statsapi.mlb.com/api/v1/stats?stats=season&group=pitching&season=2026&sportId=11&playerPool=ALL&limit=10000,debut_opportunity,20.631353607632676,17.79031683013852,0.21682419435143807,27.05342957773951,23.32804200262318,0.2843166853805772,4.723578691721644,6.193922411572947,Verified debut-season capacity; original four-year role window retained,FAIL: aggregate and debut/swingman subgroup accuracy deteriorates; not release-ready,"MLB opportunity, future role, availability; other professional assignments unverified"
051jg,Alex McFarlane,Cafécitos de Spokane,25.0,RP,2026,19.0,39.333333333333336,58.333333333333336,"[{""year"":2026,""IP"":19.0,""role"":""RP""}]",https://statsapi.mlb.com/api/v1/stats?stats=season&group=pitching&season=2026&sportId=11&playerPool=ALL&limit=10000;https://statsapi.mlb.com/api/v1/stats?stats=season&group=pitching&season=2026&sportId=12&playerPool=ALL&limit=10000,debut_raw,29.34824583025224,28.55903197790738,0.1475728841941468,59.8153397420097,58.206824705705664,0.3007717141200353,5.3398188535940605,10.883208513923375,Verified debut-season capacity; original four-year role window retained,FAIL: aggregate and debut/swingman subgroup accuracy deteriorates; not release-ready,"MLB opportunity, future role, availability; other professional assignments unverified"
051jg,Alex McFarlane,Cafécitos de Spokane,25.0,RP,2026,19.0,39.333333333333336,58.333333333333336,"[{""year"":2026,""IP"":19.0,""role"":""RP""}]",https://statsapi.mlb.com/api/v1/stats?stats=season&group=pitching&season=2026&sportId=11&playerPool=ALL&limit=10000;https://statsapi.mlb.com/api/v1/stats?stats=season&group=pitching&season=2026&sportId=12&playerPool=ALL&limit=10000,debut_opportunity,29.34824583025224,28.55903197790738,0.1475728841941468,39.271813561510385,38.215741609247395,0.1974719316557219,5.3398188535940605,7.145380057244181,Verified debut-season capacity; original four-year role window retained,FAIL: aggregate and debut/swingman subgroup accuracy deteriorates; not release-ready,"MLB opportunity, future role, availability; other professional assignments unverified"
05ubl,Gabriel Hughes,Free agent,25.0,SP,2026,64.0,46.666666666666664,110.66666666666666,"[{""year"":2026,""IP"":64.0,""role"":""SP""}]",https://statsapi.mlb.com/api/v1/stats?stats=season&group=pitching&season=2026&sportId=13&playerPool=ALL&limit=10000;https://statsapi.mlb.com/api/v1/stats?stats=season&group=pitching&season=2026&sportId=11&playerPool=ALL&limit=10000,debut_raw,70.00579157070088,64.95026789100785,4.808495179317474,97.00527041339542,89.99995798671337,6.663011226437161,9.417488140972878,13.049577231155261,Verified debut-season capacity; original four-year role window retained,FAIL: aggregate and debut/swingman subgroup accuracy deteriorates; not release-ready,"MLB opportunity, future role, availability; other professional assignments unverified"
05ubl,Gabriel Hughes,Free agent,25.0,SP,2026,64.0,46.666666666666664,110.66666666666666,"[{""year"":2026,""IP"":64.0,""role"":""SP""}]",https://statsapi.mlb.com/api/v1/stats?stats=season&group=pitching&season=2026&sportId=13&playerPool=ALL&limit=10000;https://statsapi.mlb.com/api/v1/stats?stats=season&group=pitching&season=2026&sportId=11&playerPool=ALL&limit=10000,debut_opportunity,70.00579157070088,64.95026789100785,4.808495179317474,85.61994800984952,79.436835657199,5.880986387290305,9.417488140972878,11.517973397945818,Verified debut-season capacity; original four-year role window retained,FAIL: aggregate and debut/swingman subgroup accuracy deteriorates; not release-ready,"MLB opportunity, future role, availability; other professional assignments unverified"
066n1,Justin Sterner,Free agent,30.0,RP,2024,4.0,46.666666666666664,50.666666666666664,"[{""year"":2024,""IP"":4.0,""role"":""RP""},{""year"":2025,""IP"":65.0,""role"":""RP""},{""year"":2026,""IP"":42.666666666666664,""role"":""RP""}]",https://statsapi.mlb.com/api/v1/stats?stats=season&group=pitching&season=2024&sportId=11&playerPool=ALL&limit=10000,debut_raw,42.639821648648066,40.851856197505775,0.20131558566578103,49.01868869600437,46.96324572133766,0.23143215993535002,6.514522080804325,7.489086903634329,Verified debut-season capacity; original four-year role window retained,FAIL: aggregate and debut/swingman subgroup accuracy deteriorates; not release-ready,"MLB opportunity, future role, availability; other professional assignments unverified"
066n1,Justin Sterner,Free agent,30.0,RP,2024,4.0,46.666666666666664,50.666666666666664,"[{""year"":2024,""IP"":4.0,""role"":""RP""},{""year"":2025,""IP"":65.0,""role"":""RP""},{""year"":2026,""IP"":42.666666666666664,""role"":""RP""}]",https://statsapi.mlb.com/api/v1/stats?stats=season&group=pitching&season=2024&sportId=11&playerPool=ALL&limit=10000,debut_opportunity,42.639821648648066,40.851856197505775,0.20131558566578103,49.01868869600437,46.96324572133766,0.23143215993535002,6.514522080804325,7.489086903634329,Verified debut-season capacity; original four-year role window retained,FAIL: aggregate and debut/swingman subgroup accuracy deteriorates; not release-ready,"MLB opportunity, future role, availability; other professional assignments unverified"
06308,William Kempner,Free agent,25.0,RP,2026,12.333333333333334,31.666666666666668,44.0,"[{""year"":2026,""IP"":12.333333333333334,""role"":""RP""}]",https://statsapi.mlb.com/api/v1/stats?stats=season&group=pitching&season=2026&sportId=11&playerPool=ALL&limit=10000,debut_raw,24.184331607920466,23.794093052570997,0.14075768645733072,48.712924163996384,47.926892056068276,0.2835190410492853,4.364137727914372,8.790398412809733,Verified debut-season capacity; original four-year role window retained,FAIL: aggregate and debut/swingman subgroup accuracy deteriorates; not release-ready,"MLB opportunity, future role, availability; other professional assignments unverified"
06308,William Kempner,Free agent,25.0,RP,2026,12.333333333333334,31.666666666666668,44.0,"[{""year"":2026,""IP"":12.333333333333334,""role"":""RP""}]",https://statsapi.mlb.com/api/v1/stats?stats=season&group=pitching&season=2026&sportId=11&playerPool=ALL&limit=10000,debut_opportunity,24.184331607920466,23.794093052570997,0.14075768645733072,31.059770430456897,30.558589742945237,0.180774126759621,4.364137727914372,5.60483201080171,Verified debut-season capacity; original four-year role window retained,FAIL: aggregate and debut/swingman subgroup accuracy deteriorates; not release-ready,"MLB opportunity, future role, availability; other professional assignments unverified"
05xud,Brett Kerry,Free agent,27.0,RP,2026,13.666666666666666,119.0,132.66666666666666,"[{""year"":2026,""IP"":13.666666666666666,""role"":""RP""}]",https://statsapi.mlb.com/api/v1/stats?stats=season&group=pitching&season=2026&sportId=11&playerPool=ALL&limit=10000,debut_raw,22.472069171138934,20.24836909020184,0.22174656318940597,70.56076326774001,63.57849680199896,0.6962690721305581,4.179433759254165,13.12313671847725,Verified debut-season capacity; original four-year role window retained,FAIL: aggregate and debut/swingman subgroup accuracy deteriorates; not release-ready,"MLB opportunity, future role, availability; other professional assignments unverified"
05xud,Brett Kerry,Free agent,27.0,RP,2026,13.666666666666666,119.0,132.66666666666666,"[{""year"":2026,""IP"":13.666666666666666,""role"":""RP""}]",https://statsapi.mlb.com/api/v1/stats?stats=season&group=pitching&season=2026&sportId=11&playerPool=ALL&limit=10000,debut_opportunity,22.472069171138934,20.24836909020184,0.22174656318940597,30.933926489933267,27.87289217593643,0.3052452283257533,4.179433759254165,5.753199480373496,Verified debut-season capacity; original four-year role window retained,FAIL: aggregate and debut/swingman subgroup accuracy deteriorates; not release-ready,"MLB opportunity, future role, availability; other professional assignments unverified"
04paj,Cole Winn,Free agent,26.0,RP,2024,17.333333333333332,15.666666666666666,33.0,"[{""year"":2024,""IP"":17.333333333333332,""role"":""RP""},{""year"":2025,""IP"":41.666666666666664,""role"":""RP""},{""year"":2026,""IP"":48.0,""role"":""RP""}]",https://statsapi.mlb.com/api/v1/stats?stats=season&group=pitching&season=2024&sportId=11&playerPool=ALL&limit=10000,debut_raw,40.655853011295356,37.81482310771194,0.10712081892689823,42.55629355272485,39.582460915751895,0.11212813600528411,6.078457559082111,6.36259247002418,Verified debut-season capacity; original four-year role window retained,FAIL: aggregate and debut/swingman subgroup accuracy deteriorates; not release-ready,"MLB opportunity, future role, availability; other professional assignments unverified"
04paj,Cole Winn,Free agent,26.0,RP,2024,17.333333333333332,15.666666666666666,33.0,"[{""year"":2024,""IP"":17.333333333333332,""role"":""RP""},{""year"":2025,""IP"":41.666666666666664,""role"":""RP""},{""year"":2026,""IP"":48.0,""role"":""RP""}]",https://statsapi.mlb.com/api/v1/stats?stats=season&group=pitching&season=2024&sportId=11&playerPool=ALL&limit=10000,debut_opportunity,40.655853011295356,37.81482310771194,0.10712081892689823,42.55629355272485,39.582460915751895,0.11212813600528411,6.078457559082111,6.36259247002418,Verified debut-season capacity; original four-year role window retained,FAIL: aggregate and debut/swingman subgroup accuracy deteriorates; not release-ready,"MLB opportunity, future role, availability; other professional assignments unverified"
05191,Brendan Cellucci,Free agent,28.0,RP,2026,8.666666666666666,53.0,61.666666666666664,"[{""year"":2026,""IP"":8.666666666666666,""role"":""RP""}]",https://statsapi.mlb.com/api/v1/stats?stats=season&group=pitching&season=2026&sportId=11&playerPool=ALL&limit=10000;https://statsapi.mlb.com/api/v1/stats?stats=season&group=pitching&season=2026&sportId=12&playerPool=ALL&limit=10000,debut_raw,18.34890965732087,18.247269164952407,0.21069990785869105,53.640965732087224,53.34383122818748,0.6159573919256089,4.823174706354986,14.100006702045826,Verified debut-season capacity; original four-year role window retained,FAIL: aggregate and debut/swingman subgroup accuracy deteriorates; not release-ready,"MLB opportunity, future role, availability; other professional assignments unverified"
05191,Brendan Cellucci,Free agent,28.0,RP,2026,8.666666666666666,53.0,61.666666666666664,"[{""year"":2026,""IP"":8.666666666666666,""role"":""RP""}]",https://statsapi.mlb.com/api/v1/stats?stats=season&group=pitching&season=2026&sportId=11&playerPool=ALL&limit=10000;https://statsapi.mlb.com/api/v1/stats?stats=season&group=pitching&season=2026&sportId=12&playerPool=ALL&limit=10000,debut_opportunity,18.34890965732087,18.247269164952407,0.21069990785869105,23.3088742948556,23.179758968434093,0.2676550137275552,4.823174706354986,6.126945689533157,Verified debut-season capacity; original four-year role window retained,FAIL: aggregate and debut/swingman subgroup accuracy deteriorates; not release-ready,"MLB opportunity, future role, availability; other professional assignments unverified"
051dw,Brandon Eisert,Free agent,28.0,RP,2024,6.666666666666667,53.666666666666664,60.33333333333333,"[{""year"":2024,""IP"":6.666666666666667,""role"":""RP""},{""year"":2025,""IP"":69.66666666666667,""role"":""RP""},{""year"":2026,""IP"":44.0,""role"":""RP""}]",https://statsapi.mlb.com/api/v1/stats?stats=season&group=pitching&season=2024&sportId=11&playerPool=ALL&limit=10000,debut_raw,41.533501640588405,41.747046682687255,0.09991292351842324,49.08822753715611,49.340615301296275,0.1180865597612384,5.068942177790521,5.990956147865592,Verified debut-season capacity; original four-year role window retained,FAIL: aggregate and debut/swingman subgroup accuracy deteriorates; not release-ready,"MLB opportunity, future role, availability; other professional assignments unverified"
051dw,Brandon Eisert,Free agent,28.0,RP,2024,6.666666666666667,53.666666666666664,60.33333333333333,"[{""year"":2024,""IP"":6.666666666666667,""role"":""RP""},{""year"":2025,""IP"":69.66666666666667,""role"":""RP""},{""year"":2026,""IP"":44.0,""role"":""RP""}]",https://statsapi.mlb.com/api/v1/stats?stats=season&group=pitching&season=2024&sportId=11&playerPool=ALL&limit=10000,debut_opportunity,41.533501640588405,41.747046682687255,0.09991292351842324,49.08822753715611,49.340615301296275,0.1180865597612384,5.068942177790521,5.990956147865592,Verified debut-season capacity; original four-year role window retained,FAIL: aggregate and debut/swingman subgroup accuracy deteriorates; not release-ready,"MLB opportunity, future role, availability; other professional assignments unverified"
05acp,Justin Martinez,TheMissingSox,25.0,RP,2023,10.0,49.333333333333336,59.333333333333336,"[{""year"":2023,""IP"":10.0,""role"":""RP""},{""year"":2024,""IP"":72.66666666666667,""role"":""RP""},{""year"":2025,""IP"":15.333333333333334,""role"":""RP""},{""year"":2026,""IP"":13.333333333333334,""role"":""RP""}]",https://statsapi.mlb.com/api/v1/stats?stats=season&group=pitching&season=2023&sportId=11&playerPool=ALL&limit=10000,debut_raw,35.82674507318333,39.50026087312378,0.15914602048787457,44.726382384356256,49.31242758682967,0.19867910837976696,5.288370454392367,6.6020420959293205,Verified debut-season capacity; original four-year role window retained,FAIL: aggregate and debut/swingman subgroup accuracy deteriorates; not release-ready,"MLB opportunity, future role, availability; other professional assignments unverified"
05acp,Justin Martinez,TheMissingSox,25.0,RP,2023,10.0,49.333333333333336,59.333333333333336,"[{""year"":2023,""IP"":10.0,""role"":""RP""},{""year"":2024,""IP"":72.66666666666667,""role"":""RP""},{""year"":2025,""IP"":15.333333333333334,""role"":""RP""},{""year"":2026,""IP"":13.333333333333334,""role"":""RP""}]",https://statsapi.mlb.com/api/v1/stats?stats=season&group=pitching&season=2023&sportId=11&playerPool=ALL&limit=10000,debut_opportunity,35.82674507318333,39.50026087312378,0.15914602048787457,44.726382384356256,49.31242758682967,0.19867910837976696,5.288370454392367,6.6020420959293205,Verified debut-season capacity; original four-year role window retained,FAIL: aggregate and debut/swingman subgroup accuracy deteriorates; not release-ready,"MLB opportunity, future role, availability; other professional assignments unverified"
05yam,Riley Martin,Free agent,28.0,RP,2026,8.333333333333334,4.0,12.333333333333334,"[{""year"":2026,""IP"":8.333333333333334,""role"":""RP""}]",https://statsapi.mlb.com/api/v1/stats?stats=season&group=pitching&season=2026&sportId=11&playerPool=ALL&limit=10000,debut_raw,18.12694704049844,17.710119374459836,0.20996112837812056,20.7904984423676,20.312422629482505,0.24081255948674238,4.071087181681063,4.669287747152566,Verified debut-season capacity; original four-year role window retained,FAIL: aggregate and debut/swingman subgroup accuracy deteriorates; not release-ready,"MLB opportunity, future role, availability; other professional assignments unverified"
05yam,Riley Martin,Free agent,28.0,RP,2026,8.333333333333334,4.0,12.333333333333334,"[{""year"":2026,""IP"":8.333333333333334,""role"":""RP""}]",https://statsapi.mlb.com/api/v1/stats?stats=season&group=pitching&season=2026&sportId=11&playerPool=ALL&limit=10000,debut_opportunity,18.12694704049844,17.710119374459836,0.20996112837812056,19.92664393365328,19.468432384610292,0.2308066899380002,4.071087181681063,4.475276752945594,Verified debut-season capacity; original four-year role window retained,FAIL: aggregate and debut/swingman subgroup accuracy deteriorates; not release-ready,"MLB opportunity, future role, availability; other professional assignments unverified"
06fzq,Craig Yoho,Yoho and a Bottle of Rum,26.0,RP,2025,8.666666666666666,47.666666666666664,56.33333333333333,"[{""year"":2025,""IP"":8.666666666666666,""role"":""RP""},{""year"":2026,""IP"":38.333333333333336,""role"":""RP""}]",https://statsapi.mlb.com/api/v1/stats?stats=season&group=pitching&season=2025&sportId=11&playerPool=ALL&limit=10000,debut_raw,29.30860558275578,28.496855085992024,0.095904169100603,45.3665772238825,44.110074539236685,0.14844936519786822,2.1164653738900325,3.2760613450251834,Verified debut-season capacity; original four-year role window retained,FAIL: aggregate and debut/swingman subgroup accuracy deteriorates; not release-ready,"MLB opportunity, future role, availability; other professional assignments unverified"
06fzq,Craig Yoho,Yoho and a Bottle of Rum,26.0,RP,2025,8.666666666666666,47.666666666666664,56.33333333333333,"[{""year"":2025,""IP"":8.666666666666666,""role"":""RP""},{""year"":2026,""IP"":38.333333333333336,""role"":""RP""}]",https://statsapi.mlb.com/api/v1/stats?stats=season&group=pitching&season=2025&sportId=11&playerPool=ALL&limit=10000,debut_opportunity,29.30860558275578,28.496855085992024,0.095904169100603,40.23562770541598,39.12123518731236,0.13165977591235153,2.1164653738900325,2.905539555431704,Verified debut-season capacity; original four-year role window retained,FAIL: aggregate and debut/swingman subgroup accuracy deteriorates; not release-ready,"MLB opportunity, future role, availability; other professional assignments unverified"
04ya2,Daniel Espino,Free agent,25.0,RP,2026,15.333333333333334,36.666666666666664,52.0,"[{""year"":2026,""IP"":15.333333333333334,""role"":""RP""}]",https://statsapi.mlb.com/api/v1/stats?stats=season&group=pitching&season=2026&sportId=11&playerPool=ALL&limit=10000,debut_raw,26.508093007969762,30.820955101398795,0.14407257859181882,54.909621230794514,63.84340699575465,0.29843605565448184,4.792765227574558,9.927870828547297,Verified debut-season capacity; original four-year role window retained,FAIL: aggregate and debut/swingman subgroup accuracy deteriorates; not release-ready,"MLB opportunity, future role, availability; other professional assignments unverified"
04ya2,Daniel Espino,Free agent,25.0,RP,2026,15.333333333333334,36.666666666666664,52.0,"[{""year"":2026,""IP"":15.333333333333334,""role"":""RP""}]",https://statsapi.mlb.com/api/v1/stats?stats=season&group=pitching&season=2026&sportId=11&playerPool=ALL&limit=10000,debut_opportunity,26.508093007969762,30.820955101398795,0.14407257859181882,34.882902612136036,40.558344762555,0.1895900141359374,4.792765227574558,6.3069630329895965,Verified debut-season capacity; original four-year role window retained,FAIL: aggregate and debut/swingman subgroup accuracy deteriorates; not release-ready,"MLB opportunity, future role, availability; other professional assignments unverified"
061bn,Austin Peterson,Free agent,27.0,RP,2026,7.0,102.0,109.0,"[{""year"":2026,""IP"":7.0,""role"":""RP""}]",https://statsapi.mlb.com/api/v1/stats?stats=season&group=pitching&season=2026&sportId=11&playerPool=ALL&limit=10000,debut_raw,17.87028026237328,17.075343783614308,3.5740560524746563,70.56076326774001,67.42195828723247,14.112152653548003,5.5201568437040125,21.79632745153517,Verified debut-season capacity; original four-year role window retained,FAIL: aggregate and debut/swingman subgroup accuracy deteriorates; not release-ready,"MLB opportunity, future role, availability; other professional assignments unverified"
061bn,Austin Peterson,Free agent,27.0,RP,2026,7.0,102.0,109.0,"[{""year"":2026,""IP"":7.0,""role"":""RP""}]",https://statsapi.mlb.com/api/v1/stats?stats=season&group=pitching&season=2026&sportId=11&playerPool=ALL&limit=10000,debut_opportunity,17.87028026237328,17.075343783614308,3.5740560524746563,22.39185450208706,21.395781597273622,4.478370900417412,5.5201568437040125,6.916878026428038,Verified debut-season capacity; original four-year role window retained,FAIL: aggregate and debut/swingman subgroup accuracy deteriorates; not release-ready,"MLB opportunity, future role, availability; other professional assignments unverified"
06ckl,Luis De Leon,Ohtani and the Bums,23.0,RP,2026,9.333333333333334,99.0,108.33333333333333,"[{""year"":2026,""IP"":9.333333333333334,""role"":""RP""}]",https://statsapi.mlb.com/api/v1/stats?stats=season&group=pitching&season=2026&sportId=11&playerPool=ALL&limit=10000;https://statsapi.mlb.com/api/v1/stats?stats=season&group=pitching&season=2026&sportId=12&playerPool=ALL&limit=10000,debut_raw,26.2434227330779,22.487810914912238,0.06292434370853707,95.05491698595146,81.45191355007583,0.22791494571596108,6.038571325012179,21.871990626028364,Verified debut-season capacity; original four-year role window retained,FAIL: aggregate and debut/swingman subgroup accuracy deteriorates; not release-ready,"MLB opportunity, future role, availability; other professional assignments unverified"
06ckl,Luis De Leon,Ohtani and the Bums,23.0,RP,2026,9.333333333333334,99.0,108.33333333333333,"[{""year"":2026,""IP"":9.333333333333334,""role"":""RP""}]",https://statsapi.mlb.com/api/v1/stats?stats=season&group=pitching&season=2026&sportId=11&playerPool=ALL&limit=10000;https://statsapi.mlb.com/api/v1/stats?stats=season&group=pitching&season=2026&sportId=12&playerPool=ALL&limit=10000,debut_opportunity,26.2434227330779,22.487810914912238,0.06292434370853707,34.17462697710974,29.284006029451675,0.08194113991496449,6.038571325012179,7.863529258584607,Verified debut-season capacity; original four-year role window retained,FAIL: aggregate and debut/swingman subgroup accuracy deteriorates; not release-ready,"MLB opportunity, future role, availability; other professional assignments unverified"
05gwu,Dax Fulton,Free agent,24.0,RP,2026,28.666666666666668,58.666666666666664,87.33333333333333,"[{""year"":2026,""IP"":28.666666666666668,""role"":""RP""}]",https://statsapi.mlb.com/api/v1/stats?stats=season&group=pitching&season=2026&sportId=11&playerPool=ALL&limit=10000,debut_raw,35.36779100063376,34.083560261596034,0.11616843301151525,76.0242236462221,73.26372766511298,0.24970784666026646,2.7459545730812223,5.902519175782068,Verified debut-season capacity; original four-year role window retained,FAIL: aggregate and debut/swingman subgroup accuracy deteriorates; not release-ready,"MLB opportunity, future role, availability; other professional assignments unverified"
05gwu,Dax Fulton,Free agent,24.0,RP,2026,28.666666666666668,58.666666666666664,87.33333333333333,"[{""year"":2026,""IP"":28.666666666666668,""role"":""RP""}]",https://statsapi.mlb.com/api/v1/stats?stats=season&group=pitching&season=2026&sportId=11&playerPool=ALL&limit=10000,debut_opportunity,35.36779100063376,34.083560261596034,0.11616843301151525,49.68951331779129,47.8852502127139,0.16320931378296138,2.7459545730812223,3.857892802146574,Verified debut-season capacity; original four-year role window retained,FAIL: aggregate and debut/swingman subgroup accuracy deteriorates; not release-ready,"MLB opportunity, future role, availability; other professional assignments unverified"
060pi,Alimber Santa,Free agent,23.0,RP,2026,15.333333333333334,45.666666666666664,61.0,"[{""year"":2026,""IP"":15.333333333333334,""role"":""RP""}]",https://statsapi.mlb.com/api/v1/stats?stats=season&group=pitching&season=2026&sportId=11&playerPool=ALL&limit=10000,debut_raw,26.721809476638594,21.66079803659927,0.14153104925671486,62.379808486049185,50.56530450751583,0.3303922870635649,5.14530319323786,12.01127596083773,Verified debut-season capacity; original four-year role window retained,FAIL: aggregate and debut/swingman subgroup accuracy deteriorates; not release-ready,"MLB opportunity, future role, availability; other professional assignments unverified"
060pi,Alimber Santa,Free agent,23.0,RP,2026,15.333333333333334,45.666666666666664,61.0,"[{""year"":2026,""IP"":15.333333333333334,""role"":""RP""}]",https://statsapi.mlb.com/api/v1/stats?stats=season&group=pitching&season=2026&sportId=11&playerPool=ALL&limit=10000,debut_opportunity,26.721809476638594,21.66079803659927,0.14153104925671486,35.68502234239208,28.926411685026387,0.18900436586390124,5.14530319323786,6.87117612935586,Verified debut-season capacity; original four-year role window retained,FAIL: aggregate and debut/swingman subgroup accuracy deteriorates; not release-ready,"MLB opportunity, future role, availability; other professional assignments unverified"
05a1s,Eddy Yean,Free agent,25.0,RP,2026,11.0,61.666666666666664,72.66666666666666,"[{""year"":2026,""IP"":11.0,""role"":""RP""}]",https://statsapi.mlb.com/api/v1/stats?stats=season&group=pitching&season=2026&sportId=11&playerPool=ALL&limit=10000,debut_raw,23.151548763454112,19.544884029871692,0.13912868797389663,70.917755320023,59.86983063425381,0.4261785832360254,3.944942421243005,12.08413589258081,Verified debut-season capacity; original four-year role window retained,FAIL: aggregate and debut/swingman subgroup accuracy deteriorates; not release-ready,"MLB opportunity, future role, availability; other professional assignments unverified"
05a1s,Eddy Yean,Free agent,25.0,RP,2026,11.0,61.666666666666664,72.66666666666666,"[{""year"":2026,""IP"":11.0,""role"":""RP""}]",https://statsapi.mlb.com/api/v1/stats?stats=season&group=pitching&season=2026&sportId=11&playerPool=ALL&limit=10000,debut_opportunity,23.151548763454112,19.544884029871692,0.13912868797389663,30.382213058714544,25.64911906631486,0.18258119505486112,3.944942421243005,5.1770221669042344,Verified debut-season capacity; original four-year role window retained,FAIL: aggregate and debut/swingman subgroup accuracy deteriorates; not release-ready,"MLB opportunity, future role, availability; other professional assignments unverified"
06l4y,Logan VanWey,Free agent,27.0,RP,2025,10.666666666666666,23.0,33.666666666666664,"[{""year"":2025,""IP"":10.666666666666666,""role"":""RP""},{""year"":2026,""IP"":12.666666666666666,""role"":""RP""}]",https://statsapi.mlb.com/api/v1/stats?stats=season&group=pitching&season=2025&sportId=11&playerPool=ALL&limit=10000,debut_raw,18.162857717115244,15.503659455753827,0.058582167267550535,25.411658901131034,21.691173930061748,0.08196232528371306,3.322524529985799,4.6485449240225485,Verified debut-season capacity; original four-year role window retained,FAIL: aggregate and debut/swingman subgroup accuracy deteriorates; not release-ready,"MLB opportunity, future role, availability; other professional assignments unverified"
06l4y,Logan VanWey,Free agent,27.0,RP,2025,10.666666666666666,23.0,33.666666666666664,"[{""year"":2025,""IP"":10.666666666666666,""role"":""RP""},{""year"":2026,""IP"":12.666666666666666,""role"":""RP""}]",https://statsapi.mlb.com/api/v1/stats?stats=season&group=pitching&season=2025&sportId=11&playerPool=ALL&limit=10000,debut_opportunity,18.162857717115244,15.503659455753827,0.058582167267550535,20.890129449715243,17.831635198562743,0.06737866236274039,3.322524529985799,3.8214232920986335,Verified debut-season capacity; original four-year role window retained,FAIL: aggregate and debut/swingman subgroup accuracy deteriorates; not release-ready,"MLB opportunity, future role, availability; other professional assignments unverified"
062pn,David Sandlin,How Lowe Can You Go?,25.0,SP,2026,40.333333333333336,69.33333333333333,109.66666666666666,"[{""year"":2026,""IP"":40.333333333333336,""role"":""SP""}]",https://statsapi.mlb.com/api/v1/stats?stats=season&group=pitching&season=2026&sportId=13&playerPool=ALL&limit=10000;https://statsapi.mlb.com/api/v1/stats?stats=season&group=pitching&season=2026&sportId=11&playerPool=ALL&limit=10000,debut_raw,64.90431153694192,59.94902115809937,6.405787848451189,111.13751975503753,102.65243348989617,10.968814808991763,10.690787983764682,18.306143807816238,Verified debut-season capacity; original four-year role window retained,FAIL: aggregate and debut/swingman subgroup accuracy deteriorates; not release-ready,"MLB opportunity, future role, availability; other professional assignments unverified"
062pn,David Sandlin,How Lowe Can You Go?,25.0,SP,2026,40.333333333333336,69.33333333333333,109.66666666666666,"[{""year"":2026,""IP"":40.333333333333336,""role"":""SP""}]",https://statsapi.mlb.com/api/v1/stats?stats=season&group=pitching&season=2026&sportId=13&playerPool=ALL&limit=10000;https://statsapi.mlb.com/api/v1/stats?stats=season&group=pitching&season=2026&sportId=11&playerPool=ALL&limit=10000,debut_opportunity,64.90431153694192,59.94902115809937,6.405787848451189,81.90801425545125,75.65453146857783,8.083983174364288,10.690787983764682,13.491572344586075,Verified debut-season capacity; original four-year role window retained,FAIL: aggregate and debut/swingman subgroup accuracy deteriorates; not release-ready,"MLB opportunity, future role, availability; other professional assignments unverified"
04enz,Robert Garcia,Free agent,30.0,RP,2023,32.0,41.0,73.0,"[{""year"":2023,""IP"":32.0,""role"":""RP""},{""year"":2024,""IP"":59.666666666666664,""role"":""RP""},{""year"":2025,""IP"":64.0,""role"":""RP""},{""year"":2026,""IP"":18.666666666666668,""role"":""RP""}]",https://statsapi.mlb.com/api/v1/stats?stats=season&group=pitching&season=2023&sportId=11&playerPool=ALL&limit=10000,debut_raw,44.4073519251789,43.04990522252611,0.20883869037859237,48.184592381777314,46.7116827573188,0.22660227942416614,8.038877113178682,8.72265514859684,Verified debut-season capacity; original four-year role window retained,FAIL: aggregate and debut/swingman subgroup accuracy deteriorates; not release-ready,"MLB opportunity, future role, availability; other professional assignments unverified"
04enz,Robert Garcia,Free agent,30.0,RP,2023,32.0,41.0,73.0,"[{""year"":2023,""IP"":32.0,""role"":""RP""},{""year"":2024,""IP"":59.666666666666664,""role"":""RP""},{""year"":2025,""IP"":64.0,""role"":""RP""},{""year"":2026,""IP"":18.666666666666668,""role"":""RP""}]",https://statsapi.mlb.com/api/v1/stats?stats=season&group=pitching&season=2023&sportId=11&playerPool=ALL&limit=10000,debut_opportunity,44.4073519251789,43.04990522252611,0.20883869037859237,47.322067051219356,45.87552315484778,0.22254599926687188,8.038877113178682,8.566515796918273,Verified debut-season capacity; original four-year role window retained,FAIL: aggregate and debut/swingman subgroup accuracy deteriorates; not release-ready,"MLB opportunity, future role, availability; other professional assignments unverified"
04yij,Riley Cornelio,Free agent,26.0,RP,2026,36.666666666666664,66.0,102.66666666666666,"[{""year"":2026,""IP"":36.666666666666664,""role"":""RP""}]",https://statsapi.mlb.com/api/v1/stats?stats=season&group=pitching&season=2026&sportId=11&playerPool=ALL&limit=10000,debut_raw,35.43395648469881,37.01246329817688,0.08159330514649536,65.19847993184582,68.10293246864546,0.1501316814695515,2.279829308997593,4.19488592855557,Verified debut-season capacity; original four-year role window retained,FAIL: aggregate and debut/swingman subgroup accuracy deteriorates; not release-ready,"MLB opportunity, future role, availability; other professional assignments unverified"
04yij,Riley Cornelio,Free agent,26.0,RP,2026,36.666666666666664,66.0,102.66666666666666,"[{""year"":2026,""IP"":36.666666666666664,""role"":""RP""}]",https://statsapi.mlb.com/api/v1/stats?stats=season&group=pitching&season=2026&sportId=11&playerPool=ALL&limit=10000,debut_opportunity,35.43395648469881,37.01246329817688,0.08159330514649536,50.46807802177817,52.71632272611764,0.1162121789015084,2.279829308997593,3.2471283158151407,Verified debut-season capacity; original four-year role window retained,FAIL: aggregate and debut/swingman subgroup accuracy deteriorates; not release-ready,"MLB opportunity, future role, availability; other professional assignments unverified"
051fp,Jack Weisenburger,Free agent,28.0,RP,2026,12.666666666666666,62.0,74.66666666666667,"[{""year"":2026,""IP"":12.666666666666666,""role"":""RP""}]",https://statsapi.mlb.com/api/v1/stats?stats=season&group=pitching&season=2026&sportId=11&playerPool=ALL&limit=10000,debut_raw,21.012461059190027,20.415412017828054,0.21866487413359115,62.297507788161994,60.52738351764514,0.6482951550017034,3.8424548067441595,11.392066715769657,Verified debut-season capacity; original four-year role window retained,FAIL: aggregate and debut/swingman subgroup accuracy deteriorates; not release-ready,"MLB opportunity, future role, availability; other professional assignments unverified"
051fp,Jack Weisenburger,Free agent,28.0,RP,2026,12.666666666666666,62.0,74.66666666666667,"[{""year"":2026,""IP"":12.666666666666666,""role"":""RP""}]",https://statsapi.mlb.com/api/v1/stats?stats=season&group=pitching&season=2026&sportId=11&playerPool=ALL&limit=10000,debut_opportunity,21.012461059190027,20.415412017828054,0.21866487413359115,28.016174343569197,27.22012146868988,0.29154858249514587,3.8424548067441595,5.123192541310984,Verified debut-season capacity; original four-year role window retained,FAIL: aggregate and debut/swingman subgroup accuracy deteriorates; not release-ready,"MLB opportunity, future role, availability; other professional assignments unverified"
05gww,Cade Horton,Young Guns,25.0,SP,2025,118.0,29.0,147.0,"[{""year"":2025,""IP"":118.0,""role"":""SP""},{""year"":2026,""IP"":7.333333333333333,""role"":""SP""}]",https://statsapi.mlb.com/api/v1/stats?stats=season&group=pitching&season=2025&sportId=11&playerPool=ALL&limit=10000,debut_raw,73.53600917812838,58.393399289847075,8.437377956760917,83.14366731036175,66.0226386764565,9.539741871351907,21.303060139002447,24.086356666424255,Verified debut-season capacity; original four-year role window retained,FAIL: aggregate and debut/swingman subgroup accuracy deteriorates; not release-ready,"MLB opportunity, future role, availability; other professional assignments unverified"
05gww,Cade Horton,Young Guns,25.0,SP,2025,118.0,29.0,147.0,"[{""year"":2025,""IP"":118.0,""role"":""SP""},{""year"":2026,""IP"":7.333333333333333,""role"":""SP""}]",https://statsapi.mlb.com/api/v1/stats?stats=season&group=pitching&season=2025&sportId=11&playerPool=ALL&limit=10000,debut_opportunity,73.53600917812838,58.393399289847075,8.437377956760917,81.24827897134972,64.5175506342002,9.322268718133275,21.303060139002447,23.53727095693288,Verified debut-season capacity; original four-year role window retained,FAIL: aggregate and debut/swingman subgroup accuracy deteriorates; not release-ready,"MLB opportunity, future role, availability; other professional assignments unverified"
041am,Lucas Erceg,EpSkenes Island,31.0,RP,2023,55.0,15.333333333333334,70.33333333333333,"[{""year"":2023,""IP"":55.0,""role"":""RP""},{""year"":2024,""IP"":61.666666666666664,""role"":""RP""},{""year"":2025,""IP"":61.333333333333336,""role"":""RP""},{""year"":2026,""IP"":48.333333333333336,""role"":""RP""}]",https://statsapi.mlb.com/api/v1/stats?stats=season&group=pitching&season=2023&sportId=11&playerPool=ALL&limit=10000,debut_raw,46.371914879501084,41.224763709895505,0.13097717499285005,48.05439335887612,42.7204918448982,0.1357293246245277,5.813224574889745,6.024141576450741,Verified debut-season capacity; original four-year role window retained,FAIL: aggregate and debut/swingman subgroup accuracy deteriorates; not release-ready,"MLB opportunity, future role, availability; other professional assignments unverified"
041am,Lucas Erceg,EpSkenes Island,31.0,RP,2023,55.0,15.333333333333334,70.33333333333333,"[{""year"":2023,""IP"":55.0,""role"":""RP""},{""year"":2024,""IP"":61.666666666666664,""role"":""RP""},{""year"":2025,""IP"":61.333333333333336,""role"":""RP""},{""year"":2026,""IP"":48.333333333333336,""role"":""RP""}]",https://statsapi.mlb.com/api/v1/stats?stats=season&group=pitching&season=2023&sportId=11&playerPool=ALL&limit=10000,debut_opportunity,46.371914879501084,41.224763709895505,0.13097717499285005,47.76579988084646,42.46393142527988,0.13491419420405856,5.813224574889745,5.987963240857001,Verified debut-season capacity; original four-year role window retained,FAIL: aggregate and debut/swingman subgroup accuracy deteriorates; not release-ready,"MLB opportunity, future role, availability; other professional assignments unverified"
065uw,Tyler Schweitzer,Free agent,26.0,RP,2026,37.333333333333336,52.0,89.33333333333334,"[{""year"":2026,""IP"":37.333333333333336,""role"":""RP""}]",https://statsapi.mlb.com/api/v1/stats?stats=season&group=pitching&season=2026&sportId=11&playerPool=ALL&limit=10000,debut_raw,39.45869099849516,26.731534181093444,0.10665431671962707,71.74307454271847,48.602789420169906,0.19391693949023103,1.601820661186078,2.912401202156506,Verified debut-season capacity; original four-year role window retained,FAIL: aggregate and debut/swingman subgroup accuracy deteriorates; not release-ready,"MLB opportunity, future role, availability; other professional assignments unverified"
065uw,Tyler Schweitzer,Free agent,26.0,RP,2026,37.333333333333336,52.0,89.33333333333334,"[{""year"":2026,""IP"":37.333333333333336,""role"":""RP""}]",https://statsapi.mlb.com/api/v1/stats?stats=season&group=pitching&season=2026&sportId=11&playerPool=ALL&limit=10000,debut_opportunity,39.45869099849516,26.731534181093444,0.10665431671962707,54.71049581367658,37.06396365159808,0.1478789691381862,1.601820661186078,2.2209657837211,Verified debut-season capacity; original four-year role window retained,FAIL: aggregate and debut/swingman subgroup accuracy deteriorates; not release-ready,"MLB opportunity, future role, availability; other professional assignments unverified"
04pxp,Victor Vodnik,Free agent,26.0,RP,2023,8.666666666666666,53.666666666666664,62.33333333333333,"[{""year"":2023,""IP"":8.666666666666666,""role"":""RP""},{""year"":2024,""IP"":73.66666666666667,""role"":""RP""},{""year"":2025,""IP"":50.666666666666664,""role"":""RP""},{""year"":2026,""IP"":58.666666666666664,""role"":""RP""}]",https://statsapi.mlb.com/api/v1/stats?stats=season&group=pitching&season=2023&sportId=12&playerPool=ALL&limit=10000;https://statsapi.mlb.com/api/v1/stats?stats=season&group=pitching&season=2023&sportId=11&playerPool=ALL&limit=10000,debut_raw,49.043025531839255,44.43516439394217,0.08934393140209283,52.18227159663223,47.27946107934042,0.09506284009554339,6.066911667551178,6.455254930864778,Verified debut-season capacity; original four-year role window retained,FAIL: aggregate and debut/swingman subgroup accuracy deteriorates; not release-ready,"MLB opportunity, future role, availability; other professional assignments unverified"
04pxp,Victor Vodnik,Free agent,26.0,RP,2023,8.666666666666666,53.666666666666664,62.33333333333333,"[{""year"":2023,""IP"":8.666666666666666,""role"":""RP""},{""year"":2024,""IP"":73.66666666666667,""role"":""RP""},{""year"":2025,""IP"":50.666666666666664,""role"":""RP""},{""year"":2026,""IP"":58.666666666666664,""role"":""RP""}]",https://statsapi.mlb.com/api/v1/stats?stats=season&group=pitching&season=2023&sportId=12&playerPool=ALL&limit=10000;https://statsapi.mlb.com/api/v1/stats?stats=season&group=pitching&season=2023&sportId=11&playerPool=ALL&limit=10000,debut_opportunity,49.043025531839255,44.43516439394217,0.08934393140209283,52.18227159663223,47.27946107934042,0.09506284009554339,6.066911667551178,6.455254930864778,Verified debut-season capacity; original four-year role window retained,FAIL: aggregate and debut/swingman subgroup accuracy deteriorates; not release-ready,"MLB opportunity, future role, availability; other professional assignments unverified"
04w53,Jaden Hill,Free agent,26.0,RP,2024,10.666666666666666,45.333333333333336,56.0,"[{""year"":2024,""IP"":10.666666666666666,""role"":""RP""},{""year"":2025,""IP"":29.333333333333332,""role"":""RP""},{""year"":2026,""IP"":39.666666666666664,""role"":""RP""}]",https://statsapi.mlb.com/api/v1/stats?stats=season&group=pitching&season=2024&sportId=12&playerPool=ALL&limit=10000;https://statsapi.mlb.com/api/v1/stats?stats=season&group=pitching&season=2024&sportId=11&playerPool=ALL&limit=10000,debut_raw,33.163842730948666,31.68205101500804,0.10096967522733795,41.78225394010615,39.91538349737548,0.127209040424671,3.7976641623587817,4.784577278882066,Verified debut-season capacity; original four-year role window retained,FAIL: aggregate and debut/swingman subgroup accuracy deteriorates; not release-ready,"MLB opportunity, future role, availability; other professional assignments unverified"
04w53,Jaden Hill,Free agent,26.0,RP,2024,10.666666666666666,45.333333333333336,56.0,"[{""year"":2024,""IP"":10.666666666666666,""role"":""RP""},{""year"":2025,""IP"":29.333333333333332,""role"":""RP""},{""year"":2026,""IP"":39.666666666666664,""role"":""RP""}]",https://statsapi.mlb.com/api/v1/stats?stats=season&group=pitching&season=2024&sportId=12&playerPool=ALL&limit=10000;https://statsapi.mlb.com/api/v1/stats?stats=season&group=pitching&season=2024&sportId=11&playerPool=ALL&limit=10000,debut_opportunity,33.163842730948666,31.68205101500804,0.10096967522733795,38.631700914863984,36.90560014744837,0.11761695791704449,3.7976641623587817,4.423800561520308,Verified debut-season capacity; original four-year role window retained,FAIL: aggregate and debut/swingman subgroup accuracy deteriorates; not release-ready,"MLB opportunity, future role, availability; other professional assignments unverified"
05xy1,Wyatt Olds,Free agent,27.0,RP,2026,15.666666666666666,50.666666666666664,66.33333333333333,"[{""year"":2026,""IP"":15.666666666666666,""role"":""RP""}]",https://statsapi.mlb.com/api/v1/stats?stats=season&group=pitching&season=2026&sportId=11&playerPool=ALL&limit=10000,debut_raw,23.852605843768632,24.720785231383793,0.22506107797263616,58.826201550387594,60.96733849669251,0.5550541697910353,4.012365827430985,9.895448841284779,Verified debut-season capacity; original four-year role window retained,FAIL: aggregate and debut/swingman subgroup accuracy deteriorates; not release-ready,"MLB opportunity, future role, availability; other professional assignments unverified"
05xy1,Wyatt Olds,Free agent,27.0,RP,2026,15.666666666666666,50.666666666666664,66.33333333333333,"[{""year"":2026,""IP"":15.666666666666666,""role"":""RP""}]",https://statsapi.mlb.com/api/v1/stats?stats=season&group=pitching&season=2026&sportId=11&playerPool=ALL&limit=10000,debut_opportunity,23.852605843768632,24.720785231383793,0.22506107797263616,32.11270131216608,33.28152896741148,0.3029991448845194,4.012365827430985,5.401837695024596,Verified debut-season capacity; original four-year role window retained,FAIL: aggregate and debut/swingman subgroup accuracy deteriorates; not release-ready,"MLB opportunity, future role, availability; other professional assignments unverified"
066d2,Cade Gibson,Free agent,28.0,RP,2025,54.666666666666664,20.0,74.66666666666666,"[{""year"":2025,""IP"":54.666666666666664,""role"":""RP""},{""year"":2026,""IP"":50.333333333333336,""role"":""RP""}]",https://statsapi.mlb.com/api/v1/stats?stats=season&group=pitching&season=2025&sportId=11&playerPool=ALL&limit=10000,debut_raw,44.63090038975776,38.722153787717154,0.09700360711966849,50.67571759830283,43.96668928943956,0.1101417931855378,2.8772996289158774,3.2670016102588852,Verified debut-season capacity; original four-year role window retained,FAIL: aggregate and debut/swingman subgroup accuracy deteriorates; not release-ready,"MLB opportunity, future role, availability; other professional assignments unverified"
066d2,Cade Gibson,Free agent,28.0,RP,2025,54.666666666666664,20.0,74.66666666666666,"[{""year"":2025,""IP"":54.666666666666664,""role"":""RP""},{""year"":2026,""IP"":50.333333333333336,""role"":""RP""}]",https://statsapi.mlb.com/api/v1/stats?stats=season&group=pitching&season=2025&sportId=11&playerPool=ALL&limit=10000,debut_opportunity,44.63090038975776,38.722153787717154,0.09700360711966849,49.05657013172826,42.56190299433534,0.10662263620360853,2.8772996289158774,3.162617150970579,Verified debut-season capacity; original four-year role window retained,FAIL: aggregate and debut/swingman subgroup accuracy deteriorates; not release-ready,"MLB opportunity, future role, availability; other professional assignments unverified"
05yj3,Josh Ekness,Free agent,24.0,RP,2026,30.666666666666668,21.0,51.66666666666667,"[{""year"":2026,""IP"":30.666666666666668,""role"":""RP""}]",https://statsapi.mlb.com/api/v1/stats?stats=season&group=pitching&season=2026&sportId=11&playerPool=ALL&limit=10000,debut_raw,26.399565870763066,23.01927996940342,0.03119904924832272,37.586825847386876,32.7740869519533,0.04442017101498862,3.0646766140755064,4.363384865331719,Verified debut-season capacity; original four-year role window retained,FAIL: aggregate and debut/swingman subgroup accuracy deteriorates; not release-ready,"MLB opportunity, future role, availability; other professional assignments unverified"
05yj3,Josh Ekness,Free agent,24.0,RP,2026,30.666666666666668,21.0,51.66666666666667,"[{""year"":2026,""IP"":30.666666666666668,""role"":""RP""}]",https://statsapi.mlb.com/api/v1/stats?stats=season&group=pitching&season=2026&sportId=11&playerPool=ALL&limit=10000,debut_opportunity,26.399565870763066,23.01927996940342,0.03119904924832272,33.039745985920426,28.809229920336257,0.039046424748537326,3.0646766140755064,3.835522801917903,Verified debut-season capacity; original four-year role window retained,FAIL: aggregate and debut/swingman subgroup accuracy deteriorates; not release-ready,"MLB opportunity, future role, availability; other professional assignments unverified"
06ak0,Blas Castano,Free agent,28.0,RP,2025,3.0,126.66666666666667,129.66666666666669,"[{""year"":2025,""IP"":3.0,""role"":""RP""},{""year"":2026,""IP"":27.333333333333332,""role"":""RP""}]",https://statsapi.mlb.com/api/v1/stats?stats=season&group=pitching&season=2025&sportId=11&playerPool=ALL&limit=10000,debut_raw,20.518796191227985,17.511721651503798,0.07814634568787854,58.80263851201343,50.18498299800844,0.2239513114557698,1.9065659043087497,5.463824711038658,Verified debut-season capacity; original four-year role window retained,FAIL: aggregate and debut/swingman subgroup accuracy deteriorates; not release-ready,"MLB opportunity, future role, availability; other professional assignments unverified"
06ak0,Blas Castano,Free agent,28.0,RP,2025,3.0,126.66666666666667,129.66666666666669,"[{""year"":2025,""IP"":3.0,""role"":""RP""},{""year"":2026,""IP"":27.333333333333332,""role"":""RP""}]",https://statsapi.mlb.com/api/v1/stats?stats=season&group=pitching&season=2025&sportId=11&playerPool=ALL&limit=10000,debut_opportunity,20.518796191227985,17.511721651503798,0.07814634568787854,28.588912053193035,24.399144351795258,0.10888158268779388,1.9065659043087497,2.6564250872183948,Verified debut-season capacity; original four-year role window retained,FAIL: aggregate and debut/swingman subgroup accuracy deteriorates; not release-ready,"MLB opportunity, future role, availability; other professional assignments unverified"
05j8o,Angel Chivilli,Free agent,24.0,RP,2024,31.666666666666668,28.666666666666668,60.333333333333336,"[{""year"":2024,""IP"":31.666666666666668,""role"":""RP""},{""year"":2025,""IP"":58.666666666666664,""role"":""RP""},{""year"":2026,""IP"":16.666666666666668,""role"":""RP""}]",https://statsapi.mlb.com/api/v1/stats?stats=season&group=pitching&season=2024&sportId=12&playerPool=ALL&limit=10000;https://statsapi.mlb.com/api/v1/stats?stats=season&group=pitching&season=2024&sportId=11&playerPool=ALL&limit=10000,debut_raw,28.816566482996606,25.516250622322584,0.03228174233832334,34.0013342362232,30.107215111028342,0.03808997548755949,3.2749139502084224,3.864146822683064,Verified debut-season capacity; original four-year role window retained,FAIL: aggregate and debut/swingman subgroup accuracy deteriorates; not release-ready,"MLB opportunity, future role, availability; other professional assignments unverified"
05j8o,Angel Chivilli,Free agent,24.0,RP,2024,31.666666666666668,28.666666666666668,60.333333333333336,"[{""year"":2024,""IP"":31.666666666666668,""role"":""RP""},{""year"":2025,""IP"":58.666666666666664,""role"":""RP""},{""year"":2026,""IP"":16.666666666666668,""role"":""RP""}]",https://statsapi.mlb.com/api/v1/stats?stats=season&group=pitching&season=2024&sportId=12&playerPool=ALL&limit=10000;https://statsapi.mlb.com/api/v1/stats?stats=season&group=pitching&season=2024&sportId=11&playerPool=ALL&limit=10000,debut_opportunity,28.816566482996606,25.516250622322584,0.03228174233832334,33.858108607681025,29.980392887583434,0.037929527058022584,3.2749139502084224,3.8478696715097316,Verified debut-season capacity; original four-year role window retained,FAIL: aggregate and debut/swingman subgroup accuracy deteriorates; not release-ready,"MLB opportunity, future role, availability; other professional assignments unverified"
06683,Cade Winquest,Free agent,26.0,RP,2026,13.666666666666666,39.666666666666664,53.33333333333333,"[{""year"":2026,""IP"":13.666666666666666,""role"":""RP""}]",https://statsapi.mlb.com/api/v1/stats?stats=season&group=pitching&season=2026&sportId=11&playerPool=ALL&limit=10000,debut_raw,22.848609609800555,22.817475518973136,0.09523040143269844,50.68804179648588,50.618972994309004,0.21126198270052554,3.517830035102337,7.804059804834535,Verified debut-season capacity; original four-year role window retained,FAIL: aggregate and debut/swingman subgroup accuracy deteriorates; not release-ready,"MLB opportunity, future role, availability; other professional assignments unverified"
06683,Cade Winquest,Free agent,26.0,RP,2026,13.666666666666666,39.666666666666664,53.33333333333333,"[{""year"":2026,""IP"":13.666666666666666,""role"":""RP""}]",https://statsapi.mlb.com/api/v1/stats?stats=season&group=pitching&season=2026&sportId=11&playerPool=ALL&limit=10000,debut_opportunity,22.848609609800555,22.817475518973136,0.09523040143269844,29.98246410763867,29.941609247027955,0.12496349413257915,3.517830035102337,4.616176413596215,Verified debut-season capacity; original four-year role window retained,FAIL: aggregate and debut/swingman subgroup accuracy deteriorates; not release-ready,"MLB opportunity, future role, availability; other professional assignments unverified"
05rgq,Kendry Rojas,How Lowe Can You Go?,23.0,RP,2026,29.666666666666668,39.333333333333336,69.0,"[{""year"":2026,""IP"":29.666666666666668,""role"":""RP""}]",https://statsapi.mlb.com/api/v1/stats?stats=season&group=pitching&season=2026&sportId=14&playerPool=ALL&limit=10000;https://statsapi.mlb.com/api/v1/stats?stats=season&group=pitching&season=2026&sportId=11&playerPool=ALL&limit=10000,debut_raw,25.21098198914051,26.644807014463648,0.034061156696928725,45.63360813137333,48.22892985913215,0.0616530319159511,2.1320572278603147,3.8591699479119197,Verified debut-season capacity; original four-year role window retained,FAIL: aggregate and debut/swingman subgroup accuracy deteriorates; not release-ready,"MLB opportunity, future role, availability; other professional assignments unverified"
05rgq,Kendry Rojas,How Lowe Can You Go?,23.0,RP,2026,29.666666666666668,39.333333333333336,69.0,"[{""year"":2026,""IP"":29.666666666666668,""role"":""RP""}]",https://statsapi.mlb.com/api/v1/stats?stats=season&group=pitching&season=2026&sportId=14&playerPool=ALL&limit=10000;https://statsapi.mlb.com/api/v1/stats?stats=season&group=pitching&season=2026&sportId=11&playerPool=ALL&limit=10000,debut_opportunity,25.21098198914051,26.644807014463648,0.034061156696928725,33.991724630003894,35.92493712642256,0.04592433010027651,2.1320572278603147,2.874632262085401,Verified debut-season capacity; original four-year role window retained,FAIL: aggregate and debut/swingman subgroup accuracy deteriorates; not release-ready,"MLB opportunity, future role, availability; other professional assignments unverified"
066a8,David Morgan,Free agent,26.0,RP,2025,47.333333333333336,14.333333333333334,61.66666666666667,"[{""year"":2025,""IP"":47.333333333333336,""role"":""RP""},{""year"":2026,""IP"":33.333333333333336,""role"":""RP""}]",https://statsapi.mlb.com/api/v1/stats?stats=season&group=pitching&season=2025&sportId=12&playerPool=ALL&limit=10000;https://statsapi.mlb.com/api/v1/stats?stats=season&group=pitching&season=2025&sportId=11&playerPool=ALL&limit=10000,debut_raw,40.27593819546005,41.49699056787155,0.1057229965687643,45.10455903859605,46.47200151885243,0.11839796548825371,1.8042944400931384,2.020608550476051,Verified debut-season capacity; original four-year role window retained,FAIL: aggregate and debut/swingman subgroup accuracy deteriorates; not release-ready,"MLB opportunity, future role, availability; other professional assignments unverified"
066a8,David Morgan,Free agent,26.0,RP,2025,47.333333333333336,14.333333333333334,61.66666666666667,"[{""year"":2025,""IP"":47.333333333333336,""role"":""RP""},{""year"":2026,""IP"":33.333333333333336,""role"":""RP""}]",https://statsapi.mlb.com/api/v1/stats?stats=season&group=pitching&season=2025&sportId=12&playerPool=ALL&limit=10000;https://statsapi.mlb.com/api/v1/stats?stats=season&group=pitching&season=2025&sportId=11&playerPool=ALL&limit=10000,debut_opportunity,40.27593819546005,41.49699056787155,0.1057229965687643,43.98223095073201,45.31564762213796,0.1154518916312913,1.8042944400931384,1.9703301356302918,Verified debut-season capacity; original four-year role window retained,FAIL: aggregate and debut/swingman subgroup accuracy deteriorates; not release-ready,"MLB opportunity, future role, availability; other professional assignments unverified"
06657,Mason Adams,Free agent,26.0,SP,2026,29.0,62.0,91.0,"[{""year"":2026,""IP"":29.0,""role"":""SP""}]",https://statsapi.mlb.com/api/v1/stats?stats=season&group=pitching&season=2026&sportId=13&playerPool=ALL&limit=10000;https://statsapi.mlb.com/api/v1/stats?stats=season&group=pitching&season=2026&sportId=16&playerPool=ALL&limit=10000;https://statsapi.mlb.com/api/v1/stats?stats=season&group=pitching&season=2026&sportId=11&playerPool=ALL&limit=10000,debut_raw,57.69471605179098,54.178493910627026,5.640034471942727,99.28858111238446,93.2374081252651,9.706105835436318,6.664339368618716,11.468863099483373,Verified debut-season capacity; original four-year role window retained,FAIL: aggregate and debut/swingman subgroup accuracy deteriorates; not release-ready,"MLB opportunity, future role, availability; other professional assignments unverified"
06657,Mason Adams,Free agent,26.0,SP,2026,29.0,62.0,91.0,"[{""year"":2026,""IP"":29.0,""role"":""SP""}]",https://statsapi.mlb.com/api/v1/stats?stats=season&group=pitching&season=2026&sportId=13&playerPool=ALL&limit=10000;https://statsapi.mlb.com/api/v1/stats?stats=season&group=pitching&season=2026&sportId=16&playerPool=ALL&limit=10000;https://statsapi.mlb.com/api/v1/stats?stats=season&group=pitching&season=2026&sportId=11&playerPool=ALL&limit=10000,debut_opportunity,57.69471605179098,54.178493910627026,5.640034471942727,70.94990381835373,66.62584019880839,6.935815455913212,6.664339368618716,8.195451326806355,Verified debut-season capacity; original four-year role window retained,FAIL: aggregate and debut/swingman subgroup accuracy deteriorates; not release-ready,"MLB opportunity, future role, availability; other professional assignments unverified"
05xop,Cade Povich,Free agent,26.0,SP,2024,79.66666666666667,77.66666666666667,157.33333333333334,"[{""year"":2024,""IP"":79.66666666666667,""role"":""SP""},{""year"":2025,""IP"":112.33333333333333,""role"":""SP""},{""year"":2026,""IP"":37.0,""role"":""SP""}]",https://statsapi.mlb.com/api/v1/stats?stats=season&group=pitching&season=2024&sportId=11&playerPool=ALL&limit=10000,debut_raw,84.3168878810292,76.61001010181758,7.197833589353896,102.00656598907068,92.68278570600201,8.707938652180427,3.363379104836624,4.069015842803313,Verified debut-season capacity; original four-year role window retained,FAIL: aggregate and debut/swingman subgroup accuracy deteriorates; not release-ready,"MLB opportunity, future role, availability; other professional assignments unverified"
05xop,Cade Povich,Free agent,26.0,SP,2024,79.66666666666667,77.66666666666667,157.33333333333334,"[{""year"":2024,""IP"":79.66666666666667,""role"":""SP""},{""year"":2025,""IP"":112.33333333333333,""role"":""SP""},{""year"":2026,""IP"":37.0,""role"":""SP""}]",https://statsapi.mlb.com/api/v1/stats?stats=season&group=pitching&season=2024&sportId=11&playerPool=ALL&limit=10000,debut_opportunity,84.3168878810292,76.61001010181758,7.197833589353896,96.94701822511813,88.08569946327977,8.276023009210974,3.363379104836624,3.867191775800124,Verified debut-season capacity; original four-year role window retained,FAIL: aggregate and debut/swingman subgroup accuracy deteriorates; not release-ready,"MLB opportunity, future role, availability; other professional assignments unverified"
0512u,Jack Kochanowicz,Free agent,25.0,SP,2024,65.33333333333333,102.0,167.33333333333331,"[{""year"":2024,""IP"":65.33333333333333,""role"":""SP""},{""year"":2025,""IP"":111.0,""role"":""SP""},{""year"":2026,""IP"":64.0,""role"":""SP""}]",https://statsapi.mlb.com/api/v1/stats?stats=season&group=pitching&season=2024&sportId=12&playerPool=ALL&limit=10000,debut_raw,74.97117191694774,55.28969486381883,6.441053965938888,95.00649947085203,70.06533620205454,8.16236394016363,0.0,0.0,Verified debut-season capacity; original four-year role window retained,FAIL: aggregate and debut/swingman subgroup accuracy deteriorates; not release-ready,"MLB opportunity, future role, availability; other professional assignments unverified"
0512u,Jack Kochanowicz,Free agent,25.0,SP,2024,65.33333333333333,102.0,167.33333333333331,"[{""year"":2024,""IP"":65.33333333333333,""role"":""SP""},{""year"":2025,""IP"":111.0,""role"":""SP""},{""year"":2026,""IP"":64.0,""role"":""SP""}]",https://statsapi.mlb.com/api/v1/stats?stats=season&group=pitching&season=2024&sportId=12&playerPool=ALL&limit=10000,debut_opportunity,74.97117191694774,55.28969486381883,6.441053965938888,88.26153860111134,65.09106650850505,7.582879108203506,0.0,0.0,Verified debut-season capacity; original four-year role window retained,FAIL: aggregate and debut/swingman subgroup accuracy deteriorates; not release-ready,"MLB opportunity, future role, availability; other professional assignments unverified"
03qlm,Tyler Ferguson,Free agent,33.0,RP,2024,51.333333333333336,28.333333333333332,79.66666666666667,"[{""year"":2024,""IP"":51.333333333333336,""role"":""RP""},{""year"":2025,""IP"":58.0,""role"":""RP""},{""year"":2026,""IP"":18.666666666666668,""role"":""RP""}]",https://statsapi.mlb.com/api/v1/stats?stats=season&group=pitching&season=2024&sportId=11&playerPool=ALL&limit=10000,debut_raw,36.2733058702041,35.64097582057586,0.1775387279515026,41.976847675101325,41.24509131772346,0.20545456116733993,4.8052445666089385,5.560811576863777,Verified debut-season capacity; original four-year role window retained,FAIL: aggregate and debut/swingman subgroup accuracy deteriorates; not release-ready,"MLB opportunity, future role, availability; other professional assignments unverified"
03qlm,Tyler Ferguson,Free agent,33.0,RP,2024,51.333333333333336,28.333333333333332,79.66666666666667,"[{""year"":2024,""IP"":51.333333333333336,""role"":""RP""},{""year"":2025,""IP"":58.0,""role"":""RP""},{""year"":2026,""IP"":18.666666666666668,""role"":""RP""}]",https://statsapi.mlb.com/api/v1/stats?stats=season&group=pitching&season=2024&sportId=11&playerPool=ALL&limit=10000,debut_opportunity,36.2733058702041,35.64097582057586,0.1775387279515026,40.42567521770249,39.72095948795528,0.19786238895382766,4.8052445666089385,5.35532264102041,Verified debut-season capacity; original four-year role window retained,FAIL: aggregate and debut/swingman subgroup accuracy deteriorates; not release-ready,"MLB opportunity, future role, availability; other professional assignments unverified"
05yfp,Erik Tolman,Cafécitos de Spokane,27.0,RP,2026,15.333333333333334,31.0,46.333333333333336,"[{""year"":2026,""IP"":15.333333333333334,""role"":""RP""}]",https://statsapi.mlb.com/api/v1/stats?stats=season&group=pitching&season=2026&sportId=11&playerPool=ALL&limit=10000,debut_raw,23.622516398330347,23.102376021187585,0.2245289683689558,45.020834824090635,44.02952832609452,0.4279172221836917,4.039670517056189,7.6989824464674825,Verified debut-season capacity; original four-year role window retained,FAIL: aggregate and debut/swingman subgroup accuracy deteriorates; not release-ready,"MLB opportunity, future role, availability; other professional assignments unverified"
05yfp,Erik Tolman,Cafécitos de Spokane,27.0,RP,2026,15.333333333333334,31.0,46.333333333333336,"[{""year"":2026,""IP"":15.333333333333334,""role"":""RP""}]",https://statsapi.mlb.com/api/v1/stats?stats=season&group=pitching&season=2026&sportId=11&playerPool=ALL&limit=10000,debut_opportunity,23.622516398330347,23.102376021187585,0.2245289683689558,30.703974294625123,30.027908438638807,0.2918373113580051,4.039670517056189,5.250665831825393,Verified debut-season capacity; original four-year role window retained,FAIL: aggregate and debut/swingman subgroup accuracy deteriorates; not release-ready,"MLB opportunity, future role, availability; other professional assignments unverified"
05yef,Cooper Hjerpe,Free agent,25.0,RP,2026,12.333333333333334,42.0,54.333333333333336,"[{""year"":2026,""IP"":12.333333333333334,""role"":""RP""}]",https://statsapi.mlb.com/api/v1/stats?stats=season&group=pitching&season=2026&sportId=14&playerPool=ALL&limit=10000;https://statsapi.mlb.com/api/v1/stats?stats=season&group=pitching&season=2026&sportId=16&playerPool=ALL&limit=10000;https://statsapi.mlb.com/api/v1/stats?stats=season&group=pitching&season=2026&sportId=11&playerPool=ALL&limit=10000;https://statsapi.mlb.com/api/v1/stats?stats=season&group=pitching&season=2026&sportId=12&playerPool=ALL&limit=10000,debut_raw,22.500036984436946,22.573707960121236,0.0824677228232038,52.766990650334336,52.93976350789999,0.19340295138964878,2.4580365424885318,5.764576802490898,Verified debut-season capacity; original four-year role window retained,FAIL: aggregate and debut/swingman subgroup accuracy deteriorates; not release-ready,"MLB opportunity, future role, availability; other professional assignments unverified"
05yef,Cooper Hjerpe,Free agent,25.0,RP,2026,12.333333333333334,42.0,54.333333333333336,"[{""year"":2026,""IP"":12.333333333333334,""role"":""RP""}]",https://statsapi.mlb.com/api/v1/stats?stats=season&group=pitching&season=2026&sportId=14&playerPool=ALL&limit=10000;https://statsapi.mlb.com/api/v1/stats?stats=season&group=pitching&season=2026&sportId=16&playerPool=ALL&limit=10000;https://statsapi.mlb.com/api/v1/stats?stats=season&group=pitching&season=2026&sportId=11&playerPool=ALL&limit=10000;https://statsapi.mlb.com/api/v1/stats?stats=season&group=pitching&season=2026&sportId=12&playerPool=ALL&limit=10000,debut_opportunity,22.500036984436946,22.573707960121236,0.0824677228232038,29.370449779763348,29.4666162746477,0.10764933912356248,2.4580365424885318,3.208600895986001,Verified debut-season capacity; original four-year role window retained,FAIL: aggregate and debut/swingman subgroup accuracy deteriorates; not release-ready,"MLB opportunity, future role, availability; other professional assignments unverified"
05y5l,Franco Aleman,Free agent,26.0,RP,2026,22.333333333333332,34.0,56.33333333333333,"[{""year"":2026,""IP"":22.333333333333332,""role"":""RP""}]",https://statsapi.mlb.com/api/v1/stats?stats=season&group=pitching&season=2026&sportId=11&playerPool=ALL&limit=10000,debut_raw,28.931174625378862,30.768288185132597,0.10061287232952713,52.793545071109136,56.14590593351689,0.18359815247194033,3.8343095953507023,6.996839881542925,Verified debut-season capacity; original four-year role window retained,FAIL: aggregate and debut/swingman subgroup accuracy deteriorates; not release-ready,"MLB opportunity, future role, availability; other professional assignments unverified"
05y5l,Franco Aleman,Free agent,26.0,RP,2026,22.333333333333332,34.0,56.33333333333333,"[{""year"":2026,""IP"":22.333333333333332,""role"":""RP""}]",https://statsapi.mlb.com/api/v1/stats?stats=season&group=pitching&season=2026&sportId=11&playerPool=ALL&limit=10000,debut_opportunity,28.931174625378862,30.768288185132597,0.10061287232952713,38.39140432871572,40.829237233308625,0.13351236209012882,3.8343095953507023,5.088093791651764,Verified debut-season capacity; original four-year role window retained,FAIL: aggregate and debut/swingman subgroup accuracy deteriorates; not release-ready,"MLB opportunity, future role, availability; other professional assignments unverified"
05rks,Luis Mey,Free agent,25.0,RP,2025,21.0,40.0,61.0,"[{""year"":2025,""IP"":21.0,""role"":""RP""},{""year"":2026,""IP"":34.666666666666664,""role"":""RP""}]",https://statsapi.mlb.com/api/v1/stats?stats=season&group=pitching&season=2025&sportId=11&playerPool=ALL&limit=10000,debut_raw,29.04420453569808,33.292479513746066,0.058375756884008596,41.292443855711326,47.33226001934769,0.08299341304751086,4.748618985412446,6.751160377152176,Verified debut-season capacity; original four-year role window retained,FAIL: aggregate and debut/swingman subgroup accuracy deteriorates; not release-ready,"MLB opportunity, future role, availability; other professional assignments unverified"
05rks,Luis Mey,Free agent,25.0,RP,2025,21.0,40.0,61.0,"[{""year"":2025,""IP"":21.0,""role"":""RP""},{""year"":2026,""IP"":34.666666666666664,""role"":""RP""}]",https://statsapi.mlb.com/api/v1/stats?stats=season&group=pitching&season=2025&sportId=11&playerPool=ALL&limit=10000,debut_opportunity,29.04420453569808,33.292479513746066,0.058375756884008596,36.00495256455806,41.27137116720272,0.07236611885670934,4.748618985412446,5.886675295472183,Verified debut-season capacity; original four-year role window retained,FAIL: aggregate and debut/swingman subgroup accuracy deteriorates; not release-ready,"MLB opportunity, future role, availability; other professional assignments unverified"
05y7j,Robby Ahlstrom,Free agent,27.0,RP,2026,37.0,30.333333333333332,67.33333333333333,"[{""year"":2026,""IP"":37.0,""role"":""RP""}]",https://statsapi.mlb.com/api/v1/stats?stats=season&group=pitching&season=2026&sportId=11&playerPool=ALL&limit=10000,debut_raw,36.69632644484643,33.75525291835766,0.0738591427589302,56.613020519285946,52.07569833925556,0.11394571527023825,2.5122138560944576,3.8757016944916454,Verified debut-season capacity; original four-year role window retained,FAIL: aggregate and debut/swingman subgroup accuracy deteriorates; not release-ready,"MLB opportunity, future role, availability; other professional assignments unverified"
05y7j,Robby Ahlstrom,Free agent,27.0,RP,2026,37.0,30.333333333333332,67.33333333333333,"[{""year"":2026,""IP"":37.0,""role"":""RP""}]",https://statsapi.mlb.com/api/v1/stats?stats=season&group=pitching&season=2026&sportId=11&playerPool=ALL&limit=10000,debut_opportunity,36.69632644484643,33.75525291835766,0.0738591427589302,47.64064843624636,43.82242837241541,0.09588691280227274,2.5122138560944576,3.261457173233504,Verified debut-season capacity; original four-year role window retained,FAIL: aggregate and debut/swingman subgroup accuracy deteriorates; not release-ready,"MLB opportunity, future role, availability; other professional assignments unverified"
05mrv,Eric Orze,Free agent,29.0,RP,2024,1.6666666666666665,61.666666666666664,63.33333333333333,"[{""year"":2024,""IP"":1.6666666666666665,""role"":""RP""},{""year"":2025,""IP"":41.666666666666664,""role"":""RP""},{""year"":2026,""IP"":41.333333333333336,""role"":""RP""}]",https://statsapi.mlb.com/api/v1/stats?stats=season&group=pitching&season=2024&sportId=11&playerPool=ALL&limit=10000,debut_raw,30.412207691680933,27.805740433521535,0.0768604432549877,38.82185895868981,35.49464558100443,0.09811406385876192,1.9866228093804517,2.535968164224422,Verified debut-season capacity; original four-year role window retained,FAIL: aggregate and debut/swingman subgroup accuracy deteriorates; not release-ready,"MLB opportunity, future role, availability; other professional assignments unverified"
05mrv,Eric Orze,Free agent,29.0,RP,2024,1.6666666666666665,61.666666666666664,63.33333333333333,"[{""year"":2024,""IP"":1.6666666666666665,""role"":""RP""},{""year"":2025,""IP"":41.666666666666664,""role"":""RP""},{""year"":2026,""IP"":41.333333333333336,""role"":""RP""}]",https://statsapi.mlb.com/api/v1/stats?stats=season&group=pitching&season=2024&sportId=11&playerPool=ALL&limit=10000,debut_opportunity,30.412207691680933,27.805740433521535,0.0768604432549877,34.617128688563255,31.650280197557063,0.08748749456770732,1.9866228093804517,2.261301716243707,Verified debut-season capacity; original four-year role window retained,FAIL: aggregate and debut/swingman subgroup accuracy deteriorates; not release-ready,"MLB opportunity, future role, availability; other professional assignments unverified"
06gic,Mark Manfredi,Free agent,26.0,RP,2026,17.666666666666668,50.666666666666664,68.33333333333333,"[{""year"":2026,""IP"":17.666666666666668,""role"":""RP""}]",https://statsapi.mlb.com/api/v1/stats?stats=season&group=pitching&season=2026&sportId=11&playerPool=ALL&limit=10000;https://statsapi.mlb.com/api/v1/stats?stats=season&group=pitching&season=2026&sportId=12&playerPool=ALL&limit=10000,debut_raw,25.655947309298234,23.470974901363352,0.09795782885863312,61.21555816960218,56.002174156748424,0.23372916612166267,2.4402597052939616,5.8225041600479015,Verified debut-season capacity; original four-year role window retained,FAIL: aggregate and debut/swingman subgroup accuracy deteriorates; not release-ready,"MLB opportunity, future role, availability; other professional assignments unverified"
06gic,Mark Manfredi,Free agent,26.0,RP,2026,17.666666666666668,50.666666666666664,68.33333333333333,"[{""year"":2026,""IP"":17.666666666666668,""role"":""RP""}]",https://statsapi.mlb.com/api/v1/stats?stats=season&group=pitching&season=2026&sportId=11&playerPool=ALL&limit=10000;https://statsapi.mlb.com/api/v1/stats?stats=season&group=pitching&season=2026&sportId=12&playerPool=ALL&limit=10000,debut_opportunity,25.655947309298234,23.470974901363352,0.09795782885863312,34.84940767805975,31.88148007470681,0.13305968678517247,2.4402597052939616,3.3146936374986393,Verified debut-season capacity; original four-year role window retained,FAIL: aggregate and debut/swingman subgroup accuracy deteriorates; not release-ready,"MLB opportunity, future role, availability; other professional assignments unverified"
04o10,Joel Peguero,Free agent,29.0,RP,2025,22.333333333333332,42.333333333333336,64.66666666666667,"[{""year"":2025,""IP"":22.333333333333332,""role"":""RP""},{""year"":2026,""IP"":11.333333333333334,""role"":""RP""}]",https://statsapi.mlb.com/api/v1/stats?stats=season&group=pitching&season=2025&sportId=11&playerPool=ALL&limit=10000,debut_raw,19.067609875336107,15.63363087124875,0.06554262918508617,30.99660718650697,25.414276785773833,0.1065471311875785,3.2255893709337102,5.243568928118838,Verified debut-season capacity; original four-year role window retained,FAIL: aggregate and debut/swingman subgroup accuracy deteriorates; not release-ready,"MLB opportunity, future role, availability; other professional assignments unverified"
04o10,Joel Peguero,Free agent,29.0,RP,2025,22.333333333333332,42.333333333333336,64.66666666666667,"[{""year"":2025,""IP"":22.333333333333332,""role"":""RP""},{""year"":2026,""IP"":11.333333333333334,""role"":""RP""}]",https://statsapi.mlb.com/api/v1/stats?stats=season&group=pitching&season=2025&sportId=11&playerPool=ALL&limit=10000,debut_opportunity,19.067609875336107,15.63363087124875,0.06554262918508617,23.187418225070374,19.011482810801226,0.0797039778148129,3.2255893709337102,3.922520455116202,Verified debut-season capacity; original four-year role window retained,FAIL: aggregate and debut/swingman subgroup accuracy deteriorates; not release-ready,"MLB opportunity, future role, availability; other professional assignments unverified"
04eqd,Cam Sanders,Free agent,29.0,RP,2025,6.666666666666667,51.0,57.666666666666664,"[{""year"":2025,""IP"":6.666666666666667,""role"":""RP""},{""year"":2026,""IP"":29.333333333333332,""role"":""RP""}]",https://statsapi.mlb.com/api/v1/stats?stats=season&group=pitching&season=2025&sportId=12&playerPool=ALL&limit=10000;https://statsapi.mlb.com/api/v1/stats?stats=season&group=pitching&season=2025&sportId=11&playerPool=ALL&limit=10000,debut_raw,20.852263016377417,21.95941098433032,0.06651805630361843,35.22341725739428,37.0935996356931,0.11236158159395006,1.9688832530349099,3.3258163058022117,Verified debut-season capacity; original four-year role window retained,FAIL: aggregate and debut/swingman subgroup accuracy deteriorates; not release-ready,"MLB opportunity, future role, availability; other professional assignments unverified"
04eqd,Cam Sanders,Free agent,29.0,RP,2025,6.666666666666667,51.0,57.666666666666664,"[{""year"":2025,""IP"":6.666666666666667,""role"":""RP""},{""year"":2026,""IP"":29.333333333333332,""role"":""RP""}]",https://statsapi.mlb.com/api/v1/stats?stats=season&group=pitching&season=2025&sportId=12&playerPool=ALL&limit=10000;https://statsapi.mlb.com/api/v1/stats?stats=season&group=pitching&season=2025&sportId=11&playerPool=ALL&limit=10000,debut_opportunity,20.852263016377417,21.95941098433032,0.06651805630361843,28.16244552047848,29.65772659889636,0.08983730616228423,1.9688832530349099,2.6591150949049833,Verified debut-season capacity; original four-year role window retained,FAIL: aggregate and debut/swingman subgroup accuracy deteriorates; not release-ready,"MLB opportunity, future role, availability; other professional assignments unverified"
06uhk,Cesar Perdomo,Free agent,24.0,SP,2026,24.666666666666668,120.0,144.66666666666666,"[{""year"":2026,""IP"":24.666666666666668,""role"":""SP""}]",https://statsapi.mlb.com/api/v1/stats?stats=season&group=pitching&season=2026&sportId=11&playerPool=ALL&limit=10000;https://statsapi.mlb.com/api/v1/stats?stats=season&group=pitching&season=2026&sportId=12&playerPool=ALL&limit=10000,debut_raw,57.003800967519005,39.60373873258583,5.151968929796242,140.76448810346528,97.79698748250787,12.722208989905004,5.222228096921208,12.895706116887068,Verified debut-season capacity; original four-year role window retained,FAIL: aggregate and debut/swingman subgroup accuracy deteriorates; not release-ready,"MLB opportunity, future role, availability; other professional assignments unverified"
06uhk,Cesar Perdomo,Free agent,24.0,SP,2026,24.666666666666668,120.0,144.66666666666666,"[{""year"":2026,""IP"":24.666666666666668,""role"":""SP""}]",https://statsapi.mlb.com/api/v1/stats?stats=season&group=pitching&season=2026&sportId=11&playerPool=ALL&limit=10000;https://statsapi.mlb.com/api/v1/stats?stats=season&group=pitching&season=2026&sportId=12&playerPool=ALL&limit=10000,debut_opportunity,57.003800967519005,39.60373873258583,5.151968929796242,71.28557711512275,49.526089901927385,6.442747188893128,5.222228096921208,6.53060914180018,Verified debut-season capacity; original four-year role window retained,FAIL: aggregate and debut/swingman subgroup accuracy deteriorates; not release-ready,"MLB opportunity, future role, availability; other professional assignments unverified"
04ej8,Blake Weiman,Free agent,30.0,RP,2026,17.666666666666668,18.666666666666668,36.333333333333336,"[{""year"":2026,""IP"":17.666666666666668,""role"":""RP""}]",https://statsapi.mlb.com/api/v1/stats?stats=season&group=pitching&season=2026&sportId=16&playerPool=ALL&limit=10000;https://statsapi.mlb.com/api/v1/stats?stats=season&group=pitching&season=2026&sportId=12&playerPool=ALL&limit=10000,debut_raw,24.808877400028873,22.307204327669687,0.17574090526572392,37.47724032770319,33.698117175841446,0.26548094199715744,3.4489176426280483,5.21006707716152,Verified debut-season capacity; original four-year role window retained,FAIL: aggregate and debut/swingman subgroup accuracy deteriorates; not release-ready,"MLB opportunity, future role, availability; other professional assignments unverified"
04ej8,Blake Weiman,Free agent,30.0,RP,2026,17.666666666666668,18.666666666666668,36.333333333333336,"[{""year"":2026,""IP"":17.666666666666668,""role"":""RP""}]",https://statsapi.mlb.com/api/v1/stats?stats=season&group=pitching&season=2026&sportId=16&playerPool=ALL&limit=10000;https://statsapi.mlb.com/api/v1/stats?stats=season&group=pitching&season=2026&sportId=12&playerPool=ALL&limit=10000,debut_opportunity,24.808877400028873,22.307204327669687,0.17574090526572392,30.968723594219142,27.84590507035871,0.2193759689975219,3.4489176426280483,4.305256358502122,Verified debut-season capacity; original four-year role window retained,FAIL: aggregate and debut/swingman subgroup accuracy deteriorates; not release-ready,"MLB opportunity, future role, availability; other professional assignments unverified"
04pxq,Gus Varland,Free agent,29.0,RP,2023,20.333333333333332,39.0,59.33333333333333,"[{""year"":2023,""IP"":20.333333333333332,""role"":""RP""},{""year"":2024,""IP"":26.333333333333332,""role"":""RP""},{""year"":2026,""IP"":33.0,""role"":""RP""}]",https://statsapi.mlb.com/api/v1/stats?stats=season&group=pitching&season=2023&sportId=13&playerPool=ALL&limit=10000;https://statsapi.mlb.com/api/v1/stats?stats=season&group=pitching&season=2023&sportId=11&playerPool=ALL&limit=10000,debut_raw,26.569762894157908,25.348267372356638,0.07093693218381421,32.342489611341975,30.85560369589239,0.08634917072293259,1.8283126542902244,2.225544249800908,Verified debut-season capacity; original four-year role window retained,FAIL: aggregate and debut/swingman subgroup accuracy deteriorates; not release-ready,"MLB opportunity, future role, availability; other professional assignments unverified"
04pxq,Gus Varland,Free agent,29.0,RP,2023,20.333333333333332,39.0,59.33333333333333,"[{""year"":2023,""IP"":20.333333333333332,""role"":""RP""},{""year"":2024,""IP"":26.333333333333332,""role"":""RP""},{""year"":2026,""IP"":33.0,""role"":""RP""}]",https://statsapi.mlb.com/api/v1/stats?stats=season&group=pitching&season=2023&sportId=13&playerPool=ALL&limit=10000;https://statsapi.mlb.com/api/v1/stats?stats=season&group=pitching&season=2023&sportId=11&playerPool=ALL&limit=10000,debut_opportunity,26.569762894157908,25.348267372356638,0.07093693218381421,29.51988899310352,28.16276690086705,0.0788132875674981,1.8283126542902244,2.031316079647856,Verified debut-season capacity; original four-year role window retained,FAIL: aggregate and debut/swingman subgroup accuracy deteriorates; not release-ready,"MLB opportunity, future role, availability; other professional assignments unverified"
04n0o,Cole Wilcox,Free agent,27.0,RP,2025,1.0,58.333333333333336,59.333333333333336,"[{""year"":2025,""IP"":1.0,""role"":""RP""},{""year"":2026,""IP"":27.0,""role"":""RP""}]",https://statsapi.mlb.com/api/v1/stats?stats=season&group=pitching&season=2025&sportId=12&playerPool=ALL&limit=10000;https://statsapi.mlb.com/api/v1/stats?stats=season&group=pitching&season=2025&sportId=11&playerPool=ALL&limit=10000,debut_raw,20.304512466356847,20.273940048151108,0.06231847337964485,38.392525551488085,38.33471808878345,0.11783408173538049,1.9005111625063154,3.593557022770707,Verified debut-season capacity; original four-year role window retained,FAIL: aggregate and debut/swingman subgroup accuracy deteriorates; not release-ready,"MLB opportunity, future role, availability; other professional assignments unverified"
04n0o,Cole Wilcox,Free agent,27.0,RP,2025,1.0,58.333333333333336,59.333333333333336,"[{""year"":2025,""IP"":1.0,""role"":""RP""},{""year"":2026,""IP"":27.0,""role"":""RP""}]",https://statsapi.mlb.com/api/v1/stats?stats=season&group=pitching&season=2025&sportId=12&playerPool=ALL&limit=10000;https://statsapi.mlb.com/api/v1/stats?stats=season&group=pitching&season=2025&sportId=11&playerPool=ALL&limit=10000,debut_opportunity,20.304512466356847,20.273940048151108,0.06231847337964485,28.53557460060196,28.492608707090536,0.08758119403590657,1.9005111625063154,2.6709421438625824,Verified debut-season capacity; original four-year role window retained,FAIL: aggregate and debut/swingman subgroup accuracy deteriorates; not release-ready,"MLB opportunity, future role, availability; other professional assignments unverified"
04rhl,Carlos Vargas,Free agent,26.0,RP,2023,4.666666666666667,42.333333333333336,47.0,"[{""year"":2023,""IP"":4.666666666666667,""role"":""RP""},{""year"":2025,""IP"":77.0,""role"":""RP""},{""year"":2026,""IP"":19.0,""role"":""RP""}]",https://statsapi.mlb.com/api/v1/stats?stats=season&group=pitching&season=2023&sportId=11&playerPool=ALL&limit=10000,debut_raw,41.33349869827544,34.33841087063482,0.10908908275878024,47.497294550066066,39.459074766680274,0.12535682821852445,5.333555857162627,6.128914355789896,Verified debut-season capacity; original four-year role window retained,FAIL: aggregate and debut/swingman subgroup accuracy deteriorates; not release-ready,"MLB opportunity, future role, availability; other professional assignments unverified"
04rhl,Carlos Vargas,Free agent,26.0,RP,2023,4.666666666666667,42.333333333333336,47.0,"[{""year"":2023,""IP"":4.666666666666667,""role"":""RP""},{""year"":2025,""IP"":77.0,""role"":""RP""},{""year"":2026,""IP"":19.0,""role"":""RP""}]",https://statsapi.mlb.com/api/v1/stats?stats=season&group=pitching&season=2023&sportId=11&playerPool=ALL&limit=10000,debut_opportunity,41.33349869827544,34.33841087063482,0.10908908275878024,47.497294550066066,39.459074766680274,0.12535682821852445,5.333555857162627,6.128914355789896,Verified debut-season capacity; original four-year role window retained,FAIL: aggregate and debut/swingman subgroup accuracy deteriorates; not release-ready,"MLB opportunity, future role, availability; other professional assignments unverified"
04q54,Justin Hagenman,Free agent,29.0,RP,2025,23.666666666666668,69.33333333333333,93.0,"[{""year"":2025,""IP"":23.666666666666668,""role"":""RP""},{""year"":2026,""IP"":8.0,""role"":""RP""}]",https://statsapi.mlb.com/api/v1/stats?stats=season&group=pitching&season=2025&sportId=11&playerPool=ALL&limit=10000,debut_raw,20.676697560455953,18.13283440918633,0.13399875207960207,42.75700436774262,37.496591405191346,0.2770938256067071,3.301680860847596,6.827491797246166,Verified debut-season capacity; original four-year role window retained,FAIL: aggregate and debut/swingman subgroup accuracy deteriorates; not release-ready,"MLB opportunity, future role, availability; other professional assignments unverified"
04q54,Justin Hagenman,Free agent,29.0,RP,2025,23.666666666666668,69.33333333333333,93.0,"[{""year"":2025,""IP"":23.666666666666668,""role"":""RP""},{""year"":2026,""IP"":8.0,""role"":""RP""}]",https://statsapi.mlb.com/api/v1/stats?stats=season&group=pitching&season=2025&sportId=11&playerPool=ALL&limit=10000,debut_opportunity,20.676697560455953,18.13283440918633,0.13399875207960207,26.295700368045033,23.060528841861444,0.17041362742162525,3.301680860847596,4.198930238927519,Verified debut-season capacity; original four-year role window retained,FAIL: aggregate and debut/swingman subgroup accuracy deteriorates; not release-ready,"MLB opportunity, future role, availability; other professional assignments unverified"
05120,Brandon Williamson,Free agent,28.0,SP,2023,117.0,34.0,151.0,"[{""year"":2023,""IP"":117.0,""role"":""SP""},{""year"":2024,""IP"":14.333333333333334,""role"":""SP""},{""year"":2026,""IP"":52.666666666666664,""role"":""SP""}]",https://statsapi.mlb.com/api/v1/stats?stats=season&group=pitching&season=2023&sportId=11&playerPool=ALL&limit=10000,debut_raw,52.33902162545066,42.88752418657076,4.013903757466882,57.00806151157623,46.71341842046111,4.371974584178114,1.7677136347683002,1.9254071722410724,Verified debut-season capacity; original four-year role window retained,FAIL: aggregate and debut/swingman subgroup accuracy deteriorates; not release-ready,"MLB opportunity, future role, availability; other professional assignments unverified"
05120,Brandon Williamson,Free agent,28.0,SP,2023,117.0,34.0,151.0,"[{""year"":2023,""IP"":117.0,""role"":""SP""},{""year"":2024,""IP"":14.333333333333334,""role"":""SP""},{""year"":2026,""IP"":52.666666666666664,""role"":""SP""}]",https://statsapi.mlb.com/api/v1/stats?stats=season&group=pitching&season=2023&sportId=11&playerPool=ALL&limit=10000,debut_opportunity,52.33902162545066,42.88752418657076,4.013903757466882,55.956754517349275,45.851958791638104,4.291349364918631,1.7677136347683002,1.8899000181081274,Verified debut-season capacity; original four-year role window retained,FAIL: aggregate and debut/swingman subgroup accuracy deteriorates; not release-ready,"MLB opportunity, future role, availability; other professional assignments unverified"
051h5,Ben Peoples,Free agent,25.0,RP,2026,16.333333333333332,46.333333333333336,62.66666666666667,"[{""year"":2026,""IP"":16.333333333333332,""role"":""RP""}]",https://statsapi.mlb.com/api/v1/stats?stats=season&group=pitching&season=2026&sportId=11&playerPool=ALL&limit=10000,debut_raw,25.3826040002367,20.525314370490836,0.08500135828206976,58.772338599917155,47.525491318423576,0.1968170251704707,1.511245613735427,3.4992248595640456,Verified debut-season capacity; original four-year role window retained,FAIL: aggregate and debut/swingman subgroup accuracy deteriorates; not release-ready,"MLB opportunity, future role, availability; other professional assignments unverified"
051h5,Ben Peoples,Free agent,25.0,RP,2026,16.333333333333332,46.333333333333336,62.66666666666667,"[{""year"":2026,""IP"":16.333333333333332,""role"":""RP""}]",https://statsapi.mlb.com/api/v1/stats?stats=season&group=pitching&season=2026&sportId=11&playerPool=ALL&limit=10000,debut_opportunity,25.3826040002367,20.525314370490836,0.08500135828206976,34.0852475927066,27.562594532452025,0.11414480337532318,1.511245613735427,2.0293891405737354,Verified debut-season capacity; original four-year role window retained,FAIL: aggregate and debut/swingman subgroup accuracy deteriorates; not release-ready,"MLB opportunity, future role, availability; other professional assignments unverified"
0514m,Chris Murphy,Free agent,28.0,RP,2023,47.666666666666664,52.666666666666664,100.33333333333333,"[{""year"":2023,""IP"":47.666666666666664,""role"":""RP""},{""year"":2025,""IP"":34.666666666666664,""role"":""RP""},{""year"":2026,""IP"":33.666666666666664,""role"":""RP""}]",https://statsapi.mlb.com/api/v1/stats?stats=season&group=pitching&season=2023&sportId=11&playerPool=ALL&limit=10000,debut_raw,34.09829614600292,32.43111414473796,0.09258391091098431,42.84952167650654,40.754462410319164,0.11634529421907827,2.514244379552669,3.1595176656445827,Verified debut-season capacity; original four-year role window retained,FAIL: aggregate and debut/swingman subgroup accuracy deteriorates; not release-ready,"MLB opportunity, future role, availability; other professional assignments unverified"
0514m,Chris Murphy,Free agent,28.0,RP,2023,47.666666666666664,52.666666666666664,100.33333333333333,"[{""year"":2023,""IP"":47.666666666666664,""role"":""RP""},{""year"":2025,""IP"":34.666666666666664,""role"":""RP""},{""year"":2026,""IP"":33.666666666666664,""role"":""RP""}]",https://statsapi.mlb.com/api/v1/stats?stats=season&group=pitching&season=2023&sportId=11&playerPool=ALL&limit=10000,debut_opportunity,34.09829614600292,32.43111414473796,0.09258391091098431,38.25585511896644,36.385395878884516,0.10387254151914856,2.514244379552669,2.82080278457308,Verified debut-season capacity; original four-year role window retained,FAIL: aggregate and debut/swingman subgroup accuracy deteriorates; not release-ready,"MLB opportunity, future role, availability; other professional assignments unverified"
05jpk,Joe Boyle,Free agent,27.0,SP,2023,16.0,117.33333333333333,133.33333333333331,"[{""year"":2023,""IP"":16.0,""role"":""SP""},{""year"":2024,""IP"":47.666666666666664,""role"":""SP""},{""year"":2025,""IP"":52.0,""role"":""SP""},{""year"":2026,""IP"":19.0,""role"":""SP""}]",https://statsapi.mlb.com/api/v1/stats?stats=season&group=pitching&season=2023&sportId=12&playerPool=ALL&limit=10000;https://statsapi.mlb.com/api/v1/stats?stats=season&group=pitching&season=2023&sportId=11&playerPool=ALL&limit=10000,debut_raw,47.38437944235046,46.368006622874084,4.119133529101228,62.17429762937009,60.84068796888254,5.404824058633985,1.8640181422408362,2.4458275095325073,Verified debut-season capacity; original four-year role window retained,FAIL: aggregate and debut/swingman subgroup accuracy deteriorates; not release-ready,"MLB opportunity, future role, availability; other professional assignments unverified"
05jpk,Joe Boyle,Free agent,27.0,SP,2023,16.0,117.33333333333333,133.33333333333331,"[{""year"":2023,""IP"":16.0,""role"":""SP""},{""year"":2024,""IP"":47.666666666666664,""role"":""SP""},{""year"":2025,""IP"":52.0,""role"":""SP""},{""year"":2026,""IP"":19.0,""role"":""SP""}]",https://statsapi.mlb.com/api/v1/stats?stats=season&group=pitching&season=2023&sportId=12&playerPool=ALL&limit=10000;https://statsapi.mlb.com/api/v1/stats?stats=season&group=pitching&season=2023&sportId=11&playerPool=ALL&limit=10000,debut_opportunity,47.38437944235046,46.368006622874084,4.119133529101228,51.11792682250654,50.021471154587786,4.443691545415436,1.8640181422408362,2.010889329189556,Verified debut-season capacity; original four-year role window retained,FAIL: aggregate and debut/swingman subgroup accuracy deteriorates; not release-ready,"MLB opportunity, future role, availability; other professional assignments unverified"
06elo,Matt Svanson,Free agent,27.0,RP,2025,60.333333333333336,21.666666666666668,82.0,"[{""year"":2025,""IP"":60.333333333333336,""role"":""RP""},{""year"":2026,""IP"":43.333333333333336,""role"":""RP""}]",https://statsapi.mlb.com/api/v1/stats?stats=season&group=pitching&season=2025&sportId=11&playerPool=ALL&limit=10000,debut_raw,45.628927259770876,45.427150174993265,0.07632363924161287,52.457508085293,52.22553412290093,0.08774582623479363,4.909181132334492,5.643862882760605,Verified debut-season capacity; original four-year role window retained,FAIL: aggregate and debut/swingman subgroup accuracy deteriorates; not release-ready,"MLB opportunity, future role, availability; other professional assignments unverified"
06elo,Matt Svanson,Free agent,27.0,RP,2025,60.333333333333336,21.666666666666668,82.0,"[{""year"":2025,""IP"":60.333333333333336,""role"":""RP""},{""year"":2026,""IP"":43.333333333333336,""role"":""RP""}]",https://statsapi.mlb.com/api/v1/stats?stats=season&group=pitching&season=2025&sportId=11&playerPool=ALL&limit=10000,debut_opportunity,45.628927259770876,45.427150174993265,0.07632363924161287,50.653208273671304,50.42921316105541,0.08472776869594505,4.909181132334492,5.449739656021998,Verified debut-season capacity; original four-year role window retained,FAIL: aggregate and debut/swingman subgroup accuracy deteriorates; not release-ready,"MLB opportunity, future role, availability; other professional assignments unverified"
067xm,George Klassen,Ohtani and the Bums,24.0,SP,2026,27.0,91.0,118.0,"[{""year"":2026,""IP"":27.0,""role"":""SP""}]",https://statsapi.mlb.com/api/v1/stats?stats=season&group=pitching&season=2026&sportId=11&playerPool=ALL&limit=10000,debut_raw,52.21803707224335,47.0723084285131,5.0919565456940505,108.78757723384031,98.06730922606894,10.608242803529272,2.5903148037089534,5.396489174393664,Verified debut-season capacity; original four-year role window retained,FAIL: aggregate and debut/swingman subgroup accuracy deteriorates; not release-ready,"MLB opportunity, future role, availability; other professional assignments unverified"
067xm,George Klassen,Ohtani and the Bums,24.0,SP,2026,27.0,91.0,118.0,"[{""year"":2026,""IP"":27.0,""role"":""SP""}]",https://statsapi.mlb.com/api/v1/stats?stats=season&group=pitching&season=2026&sportId=11&playerPool=ALL&limit=10000,debut_opportunity,52.21803707224335,47.0723084285131,5.0919565456940505,65.1619149058291,58.74065606863181,6.35415763858855,2.5903148037089534,3.2324055495435853,Verified debut-season capacity; original four-year role window retained,FAIL: aggregate and debut/swingman subgroup accuracy deteriorates; not release-ready,"MLB opportunity, future role, availability; other professional assignments unverified"
05g4k,Mick Abel,Ohtani and the Bums,25.0,SP,2025,39.0,98.33333333333333,137.33333333333331,"[{""year"":2025,""IP"":39.0,""role"":""SP""},{""year"":2026,""IP"":20.333333333333332,""role"":""SP""}]",https://statsapi.mlb.com/api/v1/stats?stats=season&group=pitching&season=2025&sportId=11&playerPool=ALL&limit=10000,debut_raw,52.34456876174313,48.99931600666834,5.049385077266175,84.74718710224862,79.33113787603286,8.175082764405762,4.612868505795939,7.468351341629055,Verified debut-season capacity; original four-year role window retained,FAIL: aggregate and debut/swingman subgroup accuracy deteriorates; not release-ready,"MLB opportunity, future role, availability; other professional assignments unverified"
05g4k,Mick Abel,Ohtani and the Bums,25.0,SP,2025,39.0,98.33333333333333,137.33333333333331,"[{""year"":2025,""IP"":39.0,""role"":""SP""},{""year"":2026,""IP"":20.333333333333332,""role"":""SP""}]",https://statsapi.mlb.com/api/v1/stats?stats=season&group=pitching&season=2025&sportId=11&playerPool=ALL&limit=10000,debut_opportunity,52.34456876174313,48.99931600666834,5.049385077266175,61.54628319339153,57.612964450152916,5.937022527254842,4.612868505795939,5.423770184903888,Verified debut-season capacity; original four-year role window retained,FAIL: aggregate and debut/swingman subgroup accuracy deteriorates; not release-ready,"MLB opportunity, future role, availability; other professional assignments unverified"
06qcs,Jonathan Pintaro,Free agent,28.0,RP,2025,0.6666666666666666,82.0,82.66666666666667,"[{""year"":2025,""IP"":0.6666666666666666,""role"":""RP""},{""year"":2026,""IP"":30.666666666666668,""role"":""RP""}]",https://statsapi.mlb.com/api/v1/stats?stats=season&group=pitching&season=2025&sportId=12&playerPool=ALL&limit=10000;https://statsapi.mlb.com/api/v1/stats?stats=season&group=pitching&season=2025&sportId=11&playerPool=ALL&limit=10000,debut_raw,21.044919170490243,19.894494399672414,0.07863331341563017,45.828669725525025,43.32343620864833,0.17123658783169673,1.466059537971602,3.1925785896041177,Verified debut-season capacity; original four-year role window retained,FAIL: aggregate and debut/swingman subgroup accuracy deteriorates; not release-ready,"MLB opportunity, future role, availability; other professional assignments unverified"
06qcs,Jonathan Pintaro,Free agent,28.0,RP,2025,0.6666666666666666,82.0,82.66666666666667,"[{""year"":2025,""IP"":0.6666666666666666,""role"":""RP""},{""year"":2026,""IP"":30.666666666666668,""role"":""RP""}]",https://statsapi.mlb.com/api/v1/stats?stats=season&group=pitching&season=2025&sportId=12&playerPool=ALL&limit=10000;https://statsapi.mlb.com/api/v1/stats?stats=season&group=pitching&season=2025&sportId=11&playerPool=ALL&limit=10000,debut_opportunity,21.044919170490243,19.894494399672414,0.07863331341563017,30.23889115058379,28.58587603848606,0.11298614102159035,1.466059537971602,2.106542411964308,Verified debut-season capacity; original four-year role window retained,FAIL: aggregate and debut/swingman subgroup accuracy deteriorates; not release-ready,"MLB opportunity, future role, availability; other professional assignments unverified"
06ian,John Klein,Free agent,24.0,RP,2026,8.333333333333334,86.33333333333333,94.66666666666666,"[{""year"":2026,""IP"":8.333333333333334,""role"":""RP""}]",https://statsapi.mlb.com/api/v1/stats?stats=season&group=pitching&season=2026&sportId=11&playerPool=ALL&limit=10000,debut_raw,20.24558129709175,18.218088183128952,0.10177128873337132,76.0242236462221,68.41078011623934,0.3821615740191904,2.490107627405503,9.350608233522701,Verified debut-season capacity; original four-year role window retained,FAIL: aggregate and debut/swingman subgroup accuracy deteriorates; not release-ready,"MLB opportunity, future role, availability; other professional assignments unverified"
06ian,John Klein,Free agent,24.0,RP,2026,8.333333333333334,86.33333333333333,94.66666666666666,"[{""year"":2026,""IP"":8.333333333333334,""role"":""RP""}]",https://statsapi.mlb.com/api/v1/stats?stats=season&group=pitching&season=2026&sportId=11&playerPool=ALL&limit=10000,debut_opportunity,20.24558129709175,18.218088183128952,0.10177128873337132,25.897642474096745,23.30412386805681,0.13018329338479043,2.490107627405503,3.1852835495433562,Verified debut-season capacity; original four-year role window retained,FAIL: aggregate and debut/swingman subgroup accuracy deteriorates; not release-ready,"MLB opportunity, future role, availability; other professional assignments unverified"
05jpa,Beck Way,Free agent,27.0,RP,2026,23.333333333333332,31.666666666666668,55.0,"[{""year"":2026,""IP"":23.333333333333332,""role"":""RP""}]",https://statsapi.mlb.com/api/v1/stats?stats=season&group=pitching&season=2026&sportId=11&playerPool=ALL&limit=10000;https://statsapi.mlb.com/api/v1/stats?stats=season&group=pitching&season=2026&sportId=12&playerPool=ALL&limit=10000,debut_raw,27.722870872846205,25.256001071807642,0.07009643792155926,48.51502402748086,44.19800187566337,0.12266876636272869,1.5924851020290327,2.7868489285508082,Verified debut-season capacity; original four-year role window retained,FAIL: aggregate and debut/swingman subgroup accuracy deteriorates; not release-ready,"MLB opportunity, future role, availability; other professional assignments unverified"
05jpa,Beck Way,Free agent,27.0,RP,2026,23.333333333333332,31.666666666666668,55.0,"[{""year"":2026,""IP"":23.333333333333332,""role"":""RP""}]",https://statsapi.mlb.com/api/v1/stats?stats=season&group=pitching&season=2026&sportId=11&playerPool=ALL&limit=10000;https://statsapi.mlb.com/api/v1/stats?stats=season&group=pitching&season=2026&sportId=12&playerPool=ALL&limit=10000,debut_opportunity,27.722870872846205,25.256001071807642,0.07009643792155926,36.543784332388185,33.29200141283735,0.09239984998750993,1.5924851020290327,2.0991849072200903,Verified debut-season capacity; original four-year role window retained,FAIL: aggregate and debut/swingman subgroup accuracy deteriorates; not release-ready,"MLB opportunity, future role, availability; other professional assignments unverified"
05lb8,Zach McCambley,Free agent,27.0,RP,2026,13.333333333333334,64.33333333333333,77.66666666666666,"[{""year"":2026,""IP"":13.333333333333334,""role"":""RP""}]",https://statsapi.mlb.com/api/v1/stats?stats=season&group=pitching&season=2026&sportId=11&playerPool=ALL&limit=10000,debut_raw,21.15692777138263,20.29336897319668,0.06583956922186941,63.397828390798296,60.810129785199706,0.19729167466829142,2.7985166401684523,8.385899863125461,Verified debut-season capacity; original four-year role window retained,FAIL: aggregate and debut/swingman subgroup accuracy deteriorates; not release-ready,"MLB opportunity, future role, availability; other professional assignments unverified"
05lb8,Zach McCambley,Free agent,27.0,RP,2026,13.333333333333334,64.33333333333333,77.66666666666666,"[{""year"":2026,""IP"":13.333333333333334,""role"":""RP""}]",https://statsapi.mlb.com/api/v1/stats?stats=season&group=pitching&season=2026&sportId=11&playerPool=ALL&limit=10000,debut_opportunity,21.15692777138263,20.29336897319668,0.06583956922186941,28.408584530080603,27.249036065386047,0.08840645427704917,2.7985166401684523,3.7577240604185826,Verified debut-season capacity; original four-year role window retained,FAIL: aggregate and debut/swingman subgroup accuracy deteriorates; not release-ready,"MLB opportunity, future role, availability; other professional assignments unverified"
05yay,Tyler Samaniego,Free agent,27.0,RP,2026,20.333333333333332,37.666666666666664,58.0,"[{""year"":2026,""IP"":20.333333333333332,""role"":""RP""}]",https://statsapi.mlb.com/api/v1/stats?stats=season&group=pitching&season=2026&sportId=11&playerPool=ALL&limit=10000,debut_raw,25.753087942407134,22.806547531019103,0.06899698176733472,50.484806957919936,44.70858609480232,0.13525753932859952,2.7071049461788186,5.306845956815135,Verified debut-season capacity; original four-year role window retained,FAIL: aggregate and debut/swingman subgroup accuracy deteriorates; not release-ready,"MLB opportunity, future role, availability; other professional assignments unverified"
05yay,Tyler Samaniego,Free agent,27.0,RP,2026,20.333333333333332,37.666666666666664,58.0,"[{""year"":2026,""IP"":20.333333333333332,""role"":""RP""}]",https://statsapi.mlb.com/api/v1/stats?stats=season&group=pitching&season=2026&sportId=11&playerPool=ALL&limit=10000,debut_opportunity,25.753087942407134,22.806547531019103,0.06899698176733472,34.42340322945473,30.484848406828164,0.09222625769398503,2.7071049461788186,3.618508403930631,Verified debut-season capacity; original four-year role window retained,FAIL: aggregate and debut/swingman subgroup accuracy deteriorates; not release-ready,"MLB opportunity, future role, availability; other professional assignments unverified"
0614c,Jordan Leasure,Free agent,28.0,RP,2024,31.333333333333332,9.666666666666666,41.0,"[{""year"":2024,""IP"":31.333333333333332,""role"":""RP""},{""year"":2025,""IP"":64.33333333333333,""role"":""RP""},{""year"":2026,""IP"":18.666666666666668,""role"":""RP""}]",https://statsapi.mlb.com/api/v1/stats?stats=season&group=pitching&season=2024&sportId=11&playerPool=ALL&limit=10000,debut_raw,35.94422235439511,36.9139900852348,0.09626155561172017,38.01072686563255,39.03624846341848,0.10179582303776256,6.252829878835984,6.612317448916489,Verified debut-season capacity; original four-year role window retained,FAIL: aggregate and debut/swingman subgroup accuracy deteriorates; not release-ready,"MLB opportunity, future role, availability; other professional assignments unverified"
0614c,Jordan Leasure,Free agent,28.0,RP,2024,31.333333333333332,9.666666666666666,41.0,"[{""year"":2024,""IP"":31.333333333333332,""role"":""RP""},{""year"":2025,""IP"":64.33333333333333,""role"":""RP""},{""year"":2026,""IP"":18.666666666666668,""role"":""RP""}]",https://statsapi.mlb.com/api/v1/stats?stats=season&group=pitching&season=2024&sportId=11&playerPool=ALL&limit=10000,debut_opportunity,35.94422235439511,36.9139900852348,0.09626155561172017,38.01072686563255,39.03624846341848,0.10179582303776256,6.252829878835984,6.612317448916489,Verified debut-season capacity; original four-year role window retained,FAIL: aggregate and debut/swingman subgroup accuracy deteriorates; not release-ready,"MLB opportunity, future role, availability; other professional assignments unverified"
04pqh,Mason Englert,Free agent,26.0,RP,2023,56.0,11.333333333333334,67.33333333333333,"[{""year"":2023,""IP"":56.0,""role"":""RP""},{""year"":2024,""IP"":21.666666666666668,""role"":""RP""},{""year"":2025,""IP"":44.666666666666664,""role"":""RP""},{""year"":2026,""IP"":39.333333333333336,""role"":""RP""}]",https://statsapi.mlb.com/api/v1/stats?stats=season&group=pitching&season=2023&sportId=11&playerPool=ALL&limit=10000,debut_raw,41.621677854584334,38.19960584749074,1.8554796988558162,43.62157175860744,40.035071470414145,1.9446342627766855,5.042042345770381,5.284309122865766,Verified debut-season capacity; original four-year role window retained,FAIL: aggregate and debut/swingman subgroup accuracy deteriorates; not release-ready,"MLB opportunity, future role, availability; other professional assignments unverified"
04pqh,Mason Englert,Free agent,26.0,RP,2023,56.0,11.333333333333334,67.33333333333333,"[{""year"":2023,""IP"":56.0,""role"":""RP""},{""year"":2024,""IP"":21.666666666666668,""role"":""RP""},{""year"":2025,""IP"":44.666666666666664,""role"":""RP""},{""year"":2026,""IP"":39.333333333333336,""role"":""RP""}]",https://statsapi.mlb.com/api/v1/stats?stats=season&group=pitching&season=2023&sportId=11&playerPool=ALL&limit=10000,debut_opportunity,41.621677854584334,38.19960584749074,1.8554796988558162,43.28495595297979,39.72613171210031,1.9296280490474307,5.042042345770381,5.243531546522979,Verified debut-season capacity; original four-year role window retained,FAIL: aggregate and debut/swingman subgroup accuracy deteriorates; not release-ready,"MLB opportunity, future role, availability; other professional assignments unverified"
05mrp,Marco Raya,Free agent,24.0,RP,2026,6.0,64.33333333333333,70.33333333333333,"[{""year"":2026,""IP"":6.0,""role"":""RP""}]",https://statsapi.mlb.com/api/v1/stats?stats=season&group=pitching&season=2026&sportId=11&playerPool=ALL&limit=10000,debut_raw,18.51024575734103,16.190663334637083,0.09907892659756787,66.35592563903951,58.040636864792766,0.35518025918681706,2.803203983037792,10.048985707050655,Verified debut-season capacity; original four-year role window retained,FAIL: aggregate and debut/swingman subgroup accuracy deteriorates; not release-ready,"MLB opportunity, future role, availability; other professional assignments unverified"
05mrp,Marco Raya,Free agent,24.0,RP,2026,6.0,64.33333333333333,70.33333333333333,"[{""year"":2026,""IP"":6.0,""role"":""RP""}]",https://statsapi.mlb.com/api/v1/stats?stats=season&group=pitching&season=2026&sportId=11&playerPool=ALL&limit=10000,debut_opportunity,18.51024575734103,16.190663334637083,0.09907892659756787,22.591867737770286,19.760803256640887,0.12092643364309624,2.803203983037792,3.4213275424322545,Verified debut-season capacity; original four-year role window retained,FAIL: aggregate and debut/swingman subgroup accuracy deteriorates; not release-ready,"MLB opportunity, future role, availability; other professional assignments unverified"
06htl,Ty Johnson,EpSkenes Island,25.0,RP,2026,7.666666666666667,62.333333333333336,70.0,"[{""year"":2026,""IP"":7.666666666666667,""role"":""RP""}]",https://statsapi.mlb.com/api/v1/stats?stats=season&group=pitching&season=2026&sportId=11&playerPool=ALL&limit=10000,debut_raw,19.13704213267057,19.544103565491007,0.0788316943549493,64.05704479555004,65.41959352465611,0.26387178026761277,3.799581100920763,12.718263099316363,Verified debut-season capacity; original four-year role window retained,FAIL: aggregate and debut/swingman subgroup accuracy deteriorates; not release-ready,"MLB opportunity, future role, availability; other professional assignments unverified"
06htl,Ty Johnson,EpSkenes Island,25.0,RP,2026,7.666666666666667,62.333333333333336,70.0,"[{""year"":2026,""IP"":7.666666666666667,""role"":""RP""}]",https://statsapi.mlb.com/api/v1/stats?stats=season&group=pitching&season=2026&sportId=11&playerPool=ALL&limit=10000,debut_opportunity,19.13704213267057,19.544103565491007,0.0788316943549493,24.0568519481288,24.56856198959004,0.0990979894787172,3.799581100920763,4.776389129316471,Verified debut-season capacity; original four-year role window retained,FAIL: aggregate and debut/swingman subgroup accuracy deteriorates; not release-ready,"MLB opportunity, future role, availability; other professional assignments unverified"
04pr7,Nolan Hoffman,Free agent,29.0,RP,2025,1.0,65.0,66.0,"[{""year"":2025,""IP"":1.0,""role"":""RP""},{""year"":2026,""IP"":15.0,""role"":""RP""}]",https://statsapi.mlb.com/api/v1/stats?stats=season&group=pitching&season=2025&sportId=11&playerPool=ALL&limit=10000,debut_raw,14.318971400635546,12.965744862392526,0.05811416405722219,32.63514837448057,29.550935994680337,0.132451159626045,1.901516795816577,4.3338505980455055,Verified debut-season capacity; original four-year role window retained,FAIL: aggregate and debut/swingman subgroup accuracy deteriorates; not release-ready,"MLB opportunity, future role, availability; other professional assignments unverified"
04pr7,Nolan Hoffman,Free agent,29.0,RP,2025,1.0,65.0,66.0,"[{""year"":2025,""IP"":1.0,""role"":""RP""},{""year"":2026,""IP"":15.0,""role"":""RP""}]",https://statsapi.mlb.com/api/v1/stats?stats=season&group=pitching&season=2025&sportId=11&playerPool=ALL&limit=10000,debut_opportunity,14.318971400635546,12.965744862392526,0.05811416405722219,18.481738894691233,16.73510648336703,0.07500893577740919,1.901516795816577,2.454319932686788,Verified debut-season capacity; original four-year role window retained,FAIL: aggregate and debut/swingman subgroup accuracy deteriorates; not release-ready,"MLB opportunity, future role, availability; other professional assignments unverified"
04qnh,Gerardo Carrillo,Free agent,28.0,RP,2026,17.333333333333332,47.333333333333336,64.66666666666667,"[{""year"":2026,""IP"":17.333333333333332,""role"":""RP""}]",https://statsapi.mlb.com/api/v1/stats?stats=season&group=pitching&season=2026&sportId=11&playerPool=ALL&limit=10000,debut_raw,23.4162558762796,24.966574582971976,0.10159356146498606,54.01541232810509,57.5916076269783,0.23435079209101078,1.8090646131108192,4.173057021654404,Verified debut-season capacity; original four-year role window retained,FAIL: aggregate and debut/swingman subgroup accuracy deteriorates; not release-ready,"MLB opportunity, future role, availability; other professional assignments unverified"
04qnh,Gerardo Carrillo,Free agent,28.0,RP,2026,17.333333333333332,47.333333333333336,64.66666666666667,"[{""year"":2026,""IP"":17.333333333333332,""role"":""RP""}]",https://statsapi.mlb.com/api/v1/stats?stats=season&group=pitching&season=2026&sportId=11&playerPool=ALL&limit=10000,debut_opportunity,23.4162558762796,24.966574582971976,0.10159356146498606,31.61809162625344,33.71142880095305,0.13717797379773494,1.8090646131108192,2.4427120628235337,Verified debut-season capacity; original four-year role window retained,FAIL: aggregate and debut/swingman subgroup accuracy deteriorates; not release-ready,"MLB opportunity, future role, availability; other professional assignments unverified"
05jqk,Carson Seymour,Free agent,27.0,RP,2025,36.0,77.0,113.0,"[{""year"":2025,""IP"":36.0,""role"":""RP""},{""year"":2026,""IP"":31.666666666666668,""role"":""RP""}]",https://statsapi.mlb.com/api/v1/stats?stats=season&group=pitching&season=2025&sportId=11&playerPool=ALL&limit=10000,debut_raw,33.46588243892636,27.33377681816877,0.6768491311743446,57.733608141935726,47.15481693151821,1.167665086427732,1.836137519780464,3.167609408034242,Verified debut-season capacity; original four-year role window retained,FAIL: aggregate and debut/swingman subgroup accuracy deteriorates; not release-ready,"MLB opportunity, future role, availability; other professional assignments unverified"
05jqk,Carson Seymour,Free agent,27.0,RP,2025,36.0,77.0,113.0,"[{""year"":2025,""IP"":36.0,""role"":""RP""},{""year"":2026,""IP"":31.666666666666668,""role"":""RP""}]",https://statsapi.mlb.com/api/v1/stats?stats=season&group=pitching&season=2025&sportId=11&playerPool=ALL&limit=10000,debut_opportunity,33.46588243892636,27.33377681816877,0.6768491311743446,41.197193282362974,33.64844446489957,0.833215276210822,1.836137519780464,2.260323254091404,Verified debut-season capacity; original four-year role window retained,FAIL: aggregate and debut/swingman subgroup accuracy deteriorates; not release-ready,"MLB opportunity, future role, availability; other professional assignments unverified"
04aqf,Brian Keller,Free agent,32.0,RP,2026,3.0,69.66666666666667,72.66666666666667,"[{""year"":2026,""IP"":3.0,""role"":""RP""}]",https://statsapi.mlb.com/api/v1/stats?stats=season&group=pitching&season=2026&sportId=16&playerPool=ALL&limit=10000;https://statsapi.mlb.com/api/v1/stats?stats=season&group=pitching&season=2026&sportId=11&playerPool=ALL&limit=10000,debut_raw,14.052309782608694,12.557797167198785,0.037833294027836945,58.777173913043484,52.526014547064975,0.15824687451237388,2.0799854215625784,8.700040545013021,Verified debut-season capacity; original four-year role window retained,FAIL: aggregate and debut/swingman subgroup accuracy deteriorates; not release-ready,"MLB opportunity, future role, availability; other professional assignments unverified"
04aqf,Brian Keller,Free agent,32.0,RP,2026,3.0,69.66666666666667,72.66666666666667,"[{""year"":2026,""IP"":3.0,""role"":""RP""}]",https://statsapi.mlb.com/api/v1/stats?stats=season&group=pitching&season=2026&sportId=16&playerPool=ALL&limit=10000;https://statsapi.mlb.com/api/v1/stats?stats=season&group=pitching&season=2026&sportId=11&playerPool=ALL&limit=10000,debut_opportunity,14.052309782608694,12.557797167198785,0.037833294027836945,15.898749127443159,14.20786118746849,0.042804496891877465,2.0799854215625784,2.353290449594937,Verified debut-season capacity; original four-year role window retained,FAIL: aggregate and debut/swingman subgroup accuracy deteriorates; not release-ready,"MLB opportunity, future role, availability; other professional assignments unverified"
04q2c,Josh Hendrickson,Free agent,29.0,RP,2026,2.6666666666666665,113.66666666666667,116.33333333333334,"[{""year"":2026,""IP"":2.6666666666666665,""role"":""RP""}]",https://statsapi.mlb.com/api/v1/stats?stats=season&group=pitching&season=2026&sportId=11&playerPool=ALL&limit=10000,debut_raw,14.301480771279428,13.20101562246688,0.12686506945679954,67.82145520400555,62.602754498296555,0.6016281644343072,2.759732326306355,13.087390413411587,Verified debut-season capacity; original four-year role window retained,FAIL: aggregate and debut/swingman subgroup accuracy deteriorates; not release-ready,"MLB opportunity, future role, availability; other professional assignments unverified"
04q2c,Josh Hendrickson,Free agent,29.0,RP,2026,2.6666666666666665,113.66666666666667,116.33333333333334,"[{""year"":2026,""IP"":2.6666666666666665,""role"":""RP""}]",https://statsapi.mlb.com/api/v1/stats?stats=season&group=pitching&season=2026&sportId=11&playerPool=ALL&limit=10000,debut_opportunity,14.301480771279428,13.20101562246688,0.12686506945679954,16.03018012779364,14.796695648672372,0.14219995452510145,2.759732326306355,3.093316489578315,Verified debut-season capacity; original four-year role window retained,FAIL: aggregate and debut/swingman subgroup accuracy deteriorates; not release-ready,"MLB opportunity, future role, availability; other professional assignments unverified"
06580,Dylan Ross,Free agent,26.0,RP,2026,1.0,48.0,49.0,"[{""year"":2026,""IP"":1.0,""role"":""RP""}]",https://statsapi.mlb.com/api/v1/stats?stats=season&group=pitching&season=2026&sportId=13&playerPool=ALL&limit=10000;https://statsapi.mlb.com/api/v1/stats?stats=season&group=pitching&season=2026&sportId=14&playerPool=ALL&limit=10000;https://statsapi.mlb.com/api/v1/stats?stats=season&group=pitching&season=2026&sportId=11&playerPool=ALL&limit=10000,debut_raw,14.573694449332315,12.876257682172527,0.12502956391028566,49.745962617553324,43.95191868048834,0.4267768913362264,2.5049749122204745,8.550500957355924,Verified debut-season capacity; original four-year role window retained,FAIL: aggregate and debut/swingman subgroup accuracy deteriorates; not release-ready,"MLB opportunity, future role, availability; other professional assignments unverified"
06rtt,Juan Burgos,Free agent,26.0,RP,2025,13.333333333333334,35.333333333333336,48.66666666666667,"[{""year"":2025,""IP"":13.333333333333334,""role"":""RP""},{""year"":2026,""IP"":4.333333333333333,""role"":""RP""}]",https://statsapi.mlb.com/api/v1/stats?stats=season&group=pitching&season=2025&sportId=12&playerPool=ALL&limit=10000;https://statsapi.mlb.com/api/v1/stats?stats=season&group=pitching&season=2025&sportId=11&playerPool=ALL&limit=10000,debut_raw,16.881457366312713,14.837319667372869,0.08044901690344132,28.78456921218288,25.29911047496616,0.13717360088413835,2.1653179911283886,3.6920832265581627,Verified debut-season capacity; original four-year role window retained,FAIL: aggregate and debut/swingman subgroup accuracy deteriorates; not release-ready,"MLB opportunity, future role, availability; other professional assignments unverified"
06rtt,Juan Burgos,Free agent,26.0,RP,2025,13.333333333333334,35.333333333333336,48.66666666666667,"[{""year"":2025,""IP"":13.333333333333334,""role"":""RP""},{""year"":2026,""IP"":4.333333333333333,""role"":""RP""}]",https://statsapi.mlb.com/api/v1/stats?stats=season&group=pitching&season=2025&sportId=12&playerPool=ALL&limit=10000;https://statsapi.mlb.com/api/v1/stats?stats=season&group=pitching&season=2025&sportId=11&playerPool=ALL&limit=10000,debut_opportunity,16.881457366312713,14.837319667372869,0.08044901690344132,20.142583899427827,17.703563724247743,0.09598999881596106,2.1653179911283886,2.583609836451614,Verified debut-season capacity; original four-year role window retained,FAIL: aggregate and debut/swingman subgroup accuracy deteriorates; not release-ready,"MLB opportunity, future role, availability; other professional assignments unverified"
04px1,Antoine Kelly,Free agent,26.0,RP,2026,1.3333333333333333,50.666666666666664,52.0,"[{""year"":2026,""IP"":1.3333333333333333,""role"":""RP""}]",https://statsapi.mlb.com/api/v1/stats?stats=season&group=pitching&season=2026&sportId=11&playerPool=ALL&limit=10000,debut_raw,14.817946311611628,13.425017894778948,0.12577263751013282,51.944229378067135,47.06132646631301,0.44089528973332276,2.2589043202142896,7.918576682948991,Verified debut-season capacity; original four-year role window retained,FAIL: aggregate and debut/swingman subgroup accuracy deteriorates; not release-ready,"MLB opportunity, future role, availability; other professional assignments unverified"
06mc1,Trey Gibson,Young Guns,24.0,SP,2026,39.666666666666664,91.66666666666667,131.33333333333334,"[{""year"":2026,""IP"":39.666666666666664,""role"":""SP""}]",https://statsapi.mlb.com/api/v1/stats?stats=season&group=pitching&season=2026&sportId=11&playerPool=ALL&limit=10000,debut_raw,60.09218551964512,56.52429393725745,3.989452573962131,117.0761545468948,110.12491749844988,7.772554152719324,0.0,0.0,Verified debut-season capacity; original four-year role window retained,FAIL: aggregate and debut/swingman subgroup accuracy deteriorates; not release-ready,"MLB opportunity, future role, availability; other professional assignments unverified"
06mc1,Trey Gibson,Young Guns,24.0,SP,2026,39.666666666666664,91.66666666666667,131.33333333333334,"[{""year"":2026,""IP"":39.666666666666664,""role"":""SP""}]",https://statsapi.mlb.com/api/v1/stats?stats=season&group=pitching&season=2026&sportId=11&playerPool=ALL&limit=10000,debut_opportunity,60.09218551964512,56.52429393725745,3.989452573962131,77.30307971823068,72.71331475903891,5.132064472114684,0.0,0.0,Verified debut-season capacity; original four-year role window retained,FAIL: aggregate and debut/swingman subgroup accuracy deteriorates; not release-ready,"MLB opportunity, future role, availability; other professional assignments unverified"
05j93,Jose Franco,Free agent,25.0,RP,2026,20.333333333333332,60.666666666666664,81.0,"[{""year"":2026,""IP"":20.333333333333332,""role"":""RP""}]",https://statsapi.mlb.com/api/v1/stats?stats=season&group=pitching&season=2026&sportId=13&playerPool=ALL&limit=10000;https://statsapi.mlb.com/api/v1/stats?stats=season&group=pitching&season=2026&sportId=11&playerPool=ALL&limit=10000,debut_raw,25.020998147943725,21.874032611103374,0.058758356398041,63.72203211048557,55.70752214555789,0.1496423864074755,0.8541771009087302,2.175368877385127,Verified debut-season capacity; original four-year role window retained,FAIL: aggregate and debut/swingman subgroup accuracy deteriorates; not release-ready,"MLB opportunity, future role, availability; other professional assignments unverified"
05j93,Jose Franco,Free agent,25.0,RP,2026,20.333333333333332,60.666666666666664,81.0,"[{""year"":2026,""IP"":20.333333333333332,""role"":""RP""}]",https://statsapi.mlb.com/api/v1/stats?stats=season&group=pitching&season=2026&sportId=13&playerPool=ALL&limit=10000;https://statsapi.mlb.com/api/v1/stats?stats=season&group=pitching&season=2026&sportId=11&playerPool=ALL&limit=10000,debut_opportunity,25.020998147943725,21.874032611103374,0.058758356398041,34.73607251714147,30.367213111522002,0.0815728659888867,0.8541771009087302,1.1858342958266739,Verified debut-season capacity; original four-year role window retained,FAIL: aggregate and debut/swingman subgroup accuracy deteriorates; not release-ready,"MLB opportunity, future role, availability; other professional assignments unverified"
0515q,Adam Macko,Free agent,25.0,RP,2026,31.0,33.333333333333336,64.33333333333334,"[{""year"":2026,""IP"":31.0,""role"":""RP""}]",https://statsapi.mlb.com/api/v1/stats?stats=season&group=pitching&season=2026&sportId=11&playerPool=ALL&limit=10000,debut_raw,35.952016391502454,35.061620550877,0.0914485144497122,59.97340818983373,58.48809307930263,0.15254997176577828,0.929166430194805,1.549990325647907,Verified debut-season capacity; original four-year role window retained,FAIL: aggregate and debut/swingman subgroup accuracy deteriorates; not release-ready,"MLB opportunity, future role, availability; other professional assignments unverified"
0515q,Adam Macko,Free agent,25.0,RP,2026,31.0,33.333333333333336,64.33333333333334,"[{""year"":2026,""IP"":31.0,""role"":""RP""}]",https://statsapi.mlb.com/api/v1/stats?stats=season&group=pitching&season=2026&sportId=11&playerPool=ALL&limit=10000,debut_opportunity,35.952016391502454,35.061620550877,0.0914485144497122,47.52709119587969,46.35002441172458,0.12089118559165075,0.929166430194805,1.2283199134960412,Verified debut-season capacity; original four-year role window retained,FAIL: aggregate and debut/swingman subgroup accuracy deteriorates; not release-ready,"MLB opportunity, future role, availability; other professional assignments unverified"
065j5,Alex Cook,Free agent,25.0,RP,2026,5.666666666666667,43.666666666666664,49.33333333333333,"[{""year"":2026,""IP"":5.666666666666667,""role"":""RP""}]",https://statsapi.mlb.com/api/v1/stats?stats=season&group=pitching&season=2026&sportId=11&playerPool=ALL&limit=10000,debut_raw,17.695758624770694,16.1056661604303,0.07698212580167164,49.16378188058465,44.74605892535839,0.21387794227251763,3.3245016194508032,9.236398164447031,Verified debut-season capacity; original four-year role window retained,FAIL: aggregate and debut/swingman subgroup accuracy deteriorates; not release-ready,"MLB opportunity, future role, availability; other professional assignments unverified"
065j5,Alex Cook,Free agent,25.0,RP,2026,5.666666666666667,43.666666666666664,49.33333333333333,"[{""year"":2026,""IP"":5.666666666666667,""role"":""RP""}]",https://statsapi.mlb.com/api/v1/stats?stats=season&group=pitching&season=2026&sportId=11&playerPool=ALL&limit=10000,debut_opportunity,17.695758624770694,16.1056661604303,0.07698212580167164,21.310328863614192,19.395441005050422,0.09270664526116072,3.3245016194508032,4.003570817186857,Verified debut-season capacity; original four-year role window retained,FAIL: aggregate and debut/swingman subgroup accuracy deteriorates; not release-ready,"MLB opportunity, future role, availability; other professional assignments unverified"
066n3,Ryan Walker,Free agent,30.0,RP,2023,61.333333333333336,20.333333333333332,81.66666666666667,"[{""year"":2023,""IP"":61.333333333333336,""role"":""RP""},{""year"":2024,""IP"":80.0,""role"":""RP""},{""year"":2025,""IP"":61.333333333333336,""role"":""RP""},{""year"":2026,""IP"":32.666666666666664,""role"":""RP""}]",https://statsapi.mlb.com/api/v1/stats?stats=season&group=pitching&season=2023&sportId=11&playerPool=ALL&limit=10000,debut_raw,52.86930128482749,51.3211741990637,0.2135393037778965,56.33888149889667,54.68915762681082,0.227552951117823,9.107006112257835,9.704658955185888,Verified debut-season capacity; original four-year role window retained,FAIL: aggregate and debut/swingman subgroup accuracy deteriorates; not release-ready,"MLB opportunity, future role, availability; other professional assignments unverified"
066n3,Ryan Walker,Free agent,30.0,RP,2023,61.333333333333336,20.333333333333332,81.66666666666667,"[{""year"":2023,""IP"":61.333333333333336,""role"":""RP""},{""year"":2024,""IP"":80.0,""role"":""RP""},{""year"":2025,""IP"":61.333333333333336,""role"":""RP""},{""year"":2026,""IP"":32.666666666666664,""role"":""RP""}]",https://statsapi.mlb.com/api/v1/stats?stats=season&group=pitching&season=2023&sportId=11&playerPool=ALL&limit=10000,debut_opportunity,52.86930128482749,51.3211741990637,0.2135393037778965,56.268073739425866,54.6204232711425,0.22726695831496735,9.107006112257835,9.692461958391437,Verified debut-season capacity; original four-year role window retained,FAIL: aggregate and debut/swingman subgroup accuracy deteriorates; not release-ready,"MLB opportunity, future role, availability; other professional assignments unverified"
05xq2,Mitch Bratt,EpSkenes Island,23.0,SP,2026,44.0,63.0,107.0,"[{""year"":2026,""IP"":44.0,""role"":""SP""}]",https://statsapi.mlb.com/api/v1/stats?stats=season&group=pitching&season=2026&sportId=11&playerPool=ALL&limit=10000,debut_raw,60.65298696903029,46.43368833204027,4.72113542087598,98.48603824674225,75.39727610351093,7.666002069541195,0.005072024999343942,0.008235763365271934,Verified debut-season capacity; original four-year role window retained,FAIL: aggregate and debut/swingman subgroup accuracy deteriorates; not release-ready,"MLB opportunity, future role, availability; other professional assignments unverified"
05xq2,Mitch Bratt,EpSkenes Island,23.0,SP,2026,44.0,63.0,107.0,"[{""year"":2026,""IP"":44.0,""role"":""SP""}]",https://statsapi.mlb.com/api/v1/stats?stats=season&group=pitching&season=2026&sportId=11&playerPool=ALL&limit=10000,debut_opportunity,60.65298696903029,46.43368833204027,4.72113542087598,76.21050338229502,58.34394872404689,5.932108622196256,0.005072024999343942,0.00637300152365165,Verified debut-season capacity; original four-year role window retained,FAIL: aggregate and debut/swingman subgroup accuracy deteriorates; not release-ready,"MLB opportunity, future role, availability; other professional assignments unverified"
05gwt,Jake Eder,Free agent,27.0,RP,2024,2.0,109.0,111.0,"[{""year"":2024,""IP"":2.0,""role"":""RP""},{""year"":2025,""IP"":18.333333333333332,""role"":""RP""},{""year"":2026,""IP"":4.0,""role"":""RP""}]",https://statsapi.mlb.com/api/v1/stats?stats=season&group=pitching&season=2024&sportId=12&playerPool=ALL&limit=10000;https://statsapi.mlb.com/api/v1/stats?stats=season&group=pitching&season=2024&sportId=11&playerPool=ALL&limit=10000,debut_raw,14.967918440558632,12.965056880349046,0.05265520371102329,39.04709619722228,33.82219279319868,0.1373626408210123,2.0384796353472225,5.317820960448184,Verified debut-season capacity; original four-year role window retained,FAIL: aggregate and debut/swingman subgroup accuracy deteriorates; not release-ready,"MLB opportunity, future role, availability; other professional assignments unverified"
05gwt,Jake Eder,Free agent,27.0,RP,2024,2.0,109.0,111.0,"[{""year"":2024,""IP"":2.0,""role"":""RP""},{""year"":2025,""IP"":18.333333333333332,""role"":""RP""},{""year"":2026,""IP"":4.0,""role"":""RP""}]",https://statsapi.mlb.com/api/v1/stats?stats=season&group=pitching&season=2024&sportId=12&playerPool=ALL&limit=10000;https://statsapi.mlb.com/api/v1/stats?stats=season&group=pitching&season=2024&sportId=11&playerPool=ALL&limit=10000,debut_opportunity,14.967918440558632,12.965056880349046,0.05265520371102329,18.76224387762451,16.251662516895948,0.06600315049654604,2.0384796353472225,2.55522851823665,Verified debut-season capacity; original four-year role window retained,FAIL: aggregate and debut/swingman subgroup accuracy deteriorates; not release-ready,"MLB opportunity, future role, availability; other professional assignments unverified"
04pun,Tanner Andrews,Free agent,30.0,RP,2026,3.0,44.0,47.0,"[{""year"":2026,""IP"":3.0,""role"":""RP""}]",https://statsapi.mlb.com/api/v1/stats?stats=season&group=pitching&season=2026&sportId=11&playerPool=ALL&limit=10000,debut_raw,13.09195536424299,11.296326328821305,0.053320598126691245,39.40877934515783,34.00366250249256,0.16050312024938024,2.0178446047737024,6.074019546349268,Verified debut-season capacity; original four-year role window retained,FAIL: aggregate and debut/swingman subgroup accuracy deteriorates; not release-ready,"MLB opportunity, future role, availability; other professional assignments unverified"
04pun,Tanner Andrews,Free agent,30.0,RP,2026,3.0,44.0,47.0,"[{""year"":2026,""IP"":3.0,""role"":""RP""}]",https://statsapi.mlb.com/api/v1/stats?stats=season&group=pitching&season=2026&sportId=11&playerPool=ALL&limit=10000,debut_opportunity,13.09195536424299,11.296326328821305,0.053320598126691245,14.771752639620532,12.74573076543862,0.060162035708990536,2.0178446047737024,2.276749388278526,Verified debut-season capacity; original four-year role window retained,FAIL: aggregate and debut/swingman subgroup accuracy deteriorates; not release-ready,"MLB opportunity, future role, availability; other professional assignments unverified"
066b1,Cameron Weston,Free agent,26.0,RP,2026,1.0,57.666666666666664,58.666666666666664,"[{""year"":2026,""IP"":1.0,""role"":""RP""}]",https://statsapi.mlb.com/api/v1/stats?stats=season&group=pitching&season=2026&sportId=11&playerPool=ALL&limit=10000,debut_raw,13.958706894724573,12.853507508251017,0.08195007828527086,54.43115872914945,50.121498551727434,0.3195595231459165,2.7775595009450798,10.830930344467406,Verified debut-season capacity; original four-year role window retained,FAIL: aggregate and debut/swingman subgroup accuracy deteriorates; not release-ready,"MLB opportunity, future role, availability; other professional assignments unverified"
04y6o,Guillo Zuniga,Free agent,27.0,RP,2023,2.0,30.666666666666668,32.66666666666667,"[{""year"":2023,""IP"":2.0,""role"":""RP""},{""year"":2024,""IP"":17.666666666666668,""role"":""RP""},{""year"":2026,""IP"":1.0,""role"":""RP""}]",https://statsapi.mlb.com/api/v1/stats?stats=season&group=pitching&season=2023&sportId=11&playerPool=ALL&limit=10000,debut_raw,13.435865050217132,12.014002655368598,0.050462650409349975,19.02907584035277,17.015306928191727,0.07146972659785766,2.212869631371488,3.1340642290464964,Verified debut-season capacity; original four-year role window retained,FAIL: aggregate and debut/swingman subgroup accuracy deteriorates; not release-ready,"MLB opportunity, future role, availability; other professional assignments unverified"
04y6o,Guillo Zuniga,Free agent,27.0,RP,2023,2.0,30.666666666666668,32.66666666666667,"[{""year"":2023,""IP"":2.0,""role"":""RP""},{""year"":2024,""IP"":17.666666666666668,""role"":""RP""},{""year"":2026,""IP"":1.0,""role"":""RP""}]",https://statsapi.mlb.com/api/v1/stats?stats=season&group=pitching&season=2023&sportId=11&playerPool=ALL&limit=10000,debut_opportunity,13.435865050217132,12.014002655368598,0.050462650409349975,16.460764763249667,14.718789660058652,0.06182362018476738,2.212869631371488,2.7110667097059302,Verified debut-season capacity; original four-year role window retained,FAIL: aggregate and debut/swingman subgroup accuracy deteriorates; not release-ready,"MLB opportunity, future role, availability; other professional assignments unverified"
05uy5,AJ Smith-Shawver,Ohtani and the Bums,23.0,SP,2023,25.333333333333332,62.0,87.33333333333333,"[{""year"":2023,""IP"":25.333333333333332,""role"":""SP""},{""year"":2024,""IP"":4.333333333333333,""role"":""SP""},{""year"":2025,""IP"":44.333333333333336,""role"":""SP""},{""year"":2026,""IP"":31.333333333333332,""role"":""SP""}]",https://statsapi.mlb.com/api/v1/stats?stats=season&group=pitching&season=2023&sportId=12&playerPool=ALL&limit=10000;https://statsapi.mlb.com/api/v1/stats?stats=season&group=pitching&season=2023&sportId=13&playerPool=ALL&limit=10000;https://statsapi.mlb.com/api/v1/stats?stats=season&group=pitching&season=2023&sportId=11&playerPool=ALL&limit=10000,debut_raw,41.39387633069813,36.76275942636601,3.349478893362894,50.137514848213776,44.52816599912885,4.0569901308135945,6.409395763787586,7.763253982489704,Verified debut-season capacity; original four-year role window retained,FAIL: aggregate and debut/swingman subgroup accuracy deteriorates; not release-ready,"MLB opportunity, future role, availability; other professional assignments unverified"
05uy5,AJ Smith-Shawver,Ohtani and the Bums,23.0,SP,2023,25.333333333333332,62.0,87.33333333333333,"[{""year"":2023,""IP"":25.333333333333332,""role"":""SP""},{""year"":2024,""IP"":4.333333333333333,""role"":""SP""},{""year"":2025,""IP"":44.333333333333336,""role"":""SP""},{""year"":2026,""IP"":31.333333333333332,""role"":""SP""}]",https://statsapi.mlb.com/api/v1/stats?stats=season&group=pitching&season=2023&sportId=12&playerPool=ALL&limit=10000;https://statsapi.mlb.com/api/v1/stats?stats=season&group=pitching&season=2023&sportId=13&playerPool=ALL&limit=10000;https://statsapi.mlb.com/api/v1/stats?stats=season&group=pitching&season=2023&sportId=11&playerPool=ALL&limit=10000,debut_opportunity,41.39387633069813,36.76275942636601,3.349478893362894,45.52831482008819,40.43463993193333,3.6840263115724126,6.409395763787586,7.04956901859061,Verified debut-season capacity; original four-year role window retained,FAIL: aggregate and debut/swingman subgroup accuracy deteriorates; not release-ready,"MLB opportunity, future role, availability; other professional assignments unverified"
051b2,Paxton Schultz,Free agent,28.0,RP,2025,24.666666666666668,51.0,75.66666666666667,"[{""year"":2025,""IP"":24.666666666666668,""role"":""RP""},{""year"":2026,""IP"":32.333333333333336,""role"":""RP""}]",https://statsapi.mlb.com/api/v1/stats?stats=season&group=pitching&season=2025&sportId=16&playerPool=ALL&limit=10000;https://statsapi.mlb.com/api/v1/stats?stats=season&group=pitching&season=2025&sportId=11&playerPool=ALL&limit=10000,debut_raw,28.91437564754058,28.38454750046632,0.08747524362851022,44.32865952933051,43.51637944322362,0.1341083874444059,1.5168391433249886,2.3254676761776816,Verified debut-season capacity; original four-year role window retained,FAIL: aggregate and debut/swingman subgroup accuracy deteriorates; not release-ready,"MLB opportunity, future role, availability; other professional assignments unverified"
051b2,Paxton Schultz,Free agent,28.0,RP,2025,24.666666666666668,51.0,75.66666666666667,"[{""year"":2025,""IP"":24.666666666666668,""role"":""RP""},{""year"":2026,""IP"":32.333333333333336,""role"":""RP""}]",https://statsapi.mlb.com/api/v1/stats?stats=season&group=pitching&season=2025&sportId=16&playerPool=ALL&limit=10000;https://statsapi.mlb.com/api/v1/stats?stats=season&group=pitching&season=2025&sportId=11&playerPool=ALL&limit=10000,debut_opportunity,28.91437564754058,28.38454750046632,0.08747524362851022,35.50109607279883,34.85057260375908,0.10740218173486211,1.5168391433249886,1.8623764459096184,Verified debut-season capacity; original four-year role window retained,FAIL: aggregate and debut/swingman subgroup accuracy deteriorates; not release-ready,"MLB opportunity, future role, availability; other professional assignments unverified"
06aw2,Samuel Aldegheri,Free agent,25.0,SP,2024,13.0,95.33333333333333,108.33333333333333,"[{""year"":2024,""IP"":13.0,""role"":""SP""},{""year"":2025,""IP"":13.666666666666666,""role"":""SP""},{""year"":2026,""IP"":33.666666666666664,""role"":""SP""}]",https://statsapi.mlb.com/api/v1/stats?stats=season&group=pitching&season=2024&sportId=12&playerPool=ALL&limit=10000;https://statsapi.mlb.com/api/v1/stats?stats=season&group=pitching&season=2024&sportId=13&playerPool=ALL&limit=10000,debut_raw,36.63262623224853,30.17877165205453,3.0713984341101583,55.29417077978292,45.55256680406306,4.63604297632746,1.159886693690723,1.7507609888387694,Verified debut-season capacity; original four-year role window retained,FAIL: aggregate and debut/swingman subgroup accuracy deteriorates; not release-ready,"MLB opportunity, future role, availability; other professional assignments unverified"
06aw2,Samuel Aldegheri,Free agent,25.0,SP,2024,13.0,95.33333333333333,108.33333333333333,"[{""year"":2024,""IP"":13.0,""role"":""SP""},{""year"":2025,""IP"":13.666666666666666,""role"":""SP""},{""year"":2026,""IP"":33.666666666666664,""role"":""SP""}]",https://statsapi.mlb.com/api/v1/stats?stats=season&group=pitching&season=2024&sportId=12&playerPool=ALL&limit=10000;https://statsapi.mlb.com/api/v1/stats?stats=season&group=pitching&season=2024&sportId=13&playerPool=ALL&limit=10000,debut_opportunity,36.63262623224853,30.17877165205453,3.0713984341101583,42.387753239176334,34.91997318834376,3.553926985711034,1.159886693690723,1.3421093711890446,Verified debut-season capacity; original four-year role window retained,FAIL: aggregate and debut/swingman subgroup accuracy deteriorates; not release-ready,"MLB opportunity, future role, availability; other professional assignments unverified"
05oyw,Nick Davila,Free agent,27.0,RP,2026,27.333333333333332,19.333333333333332,46.666666666666664,"[{""year"":2026,""IP"":27.333333333333332,""role"":""RP""}]",https://statsapi.mlb.com/api/v1/stats?stats=season&group=pitching&season=2026&sportId=11&playerPool=ALL&limit=10000;https://statsapi.mlb.com/api/v1/stats?stats=season&group=pitching&season=2026&sportId=12&playerPool=ALL&limit=10000,debut_raw,29.859577156407124,21.982507735726486,0.07330062764388068,42.348919524712024,31.17711433672747,0.10396002478338846,2.181005687806318,3.093253259148385,Verified debut-season capacity; original four-year role window retained,FAIL: aggregate and debut/swingman subgroup accuracy deteriorates; not release-ready,"MLB opportunity, future role, availability; other professional assignments unverified"
05oyw,Nick Davila,Free agent,27.0,RP,2026,27.333333333333332,19.333333333333332,46.666666666666664,"[{""year"":2026,""IP"":27.333333333333332,""role"":""RP""}]",https://statsapi.mlb.com/api/v1/stats?stats=season&group=pitching&season=2026&sportId=11&playerPool=ALL&limit=10000;https://statsapi.mlb.com/api/v1/stats?stats=season&group=pitching&season=2026&sportId=12&playerPool=ALL&limit=10000,debut_opportunity,29.859577156407124,21.982507735726486,0.07330062764388068,37.1747634007,27.36792017345564,0.09125827453987811,2.181005687806318,2.7153221224495327,Verified debut-season capacity; original four-year role window retained,FAIL: aggregate and debut/swingman subgroup accuracy deteriorates; not release-ready,"MLB opportunity, future role, availability; other professional assignments unverified"
0515j,Jack Ralston,Free agent,29.0,RP,2026,17.333333333333332,59.666666666666664,77.0,"[{""year"":2026,""IP"":17.333333333333332,""role"":""RP""}]",https://statsapi.mlb.com/api/v1/stats?stats=season&group=pitching&season=2026&sportId=11&playerPool=ALL&limit=10000,debut_raw,21.264507455389882,20.959759085530678,0.07110874576125657,56.2922390613542,55.48549721108276,0.188241863779032,2.789314093816231,7.383981788231311,Verified debut-season capacity; original four-year role window retained,FAIL: aggregate and debut/swingman subgroup accuracy deteriorates; not release-ready,"MLB opportunity, future role, availability; other professional assignments unverified"
0515j,Jack Ralston,Free agent,29.0,RP,2026,17.333333333333332,59.666666666666664,77.0,"[{""year"":2026,""IP"":17.333333333333332,""role"":""RP""}]",https://statsapi.mlb.com/api/v1/stats?stats=season&group=pitching&season=2026&sportId=11&playerPool=ALL&limit=10000,debut_opportunity,21.264507455389882,20.959759085530678,0.07110874576125657,29.149537946775787,28.73178671552508,0.09747637405963025,2.789314093816231,3.823611583468109,Verified debut-season capacity; original four-year role window retained,FAIL: aggregate and debut/swingman subgroup accuracy deteriorates; not release-ready,"MLB opportunity, future role, availability; other professional assignments unverified"
06fwg,Khristian Curtis,How Lowe Can You Go?,24.0,RP,2026,21.0,86.33333333333333,107.33333333333333,"[{""year"":2026,""IP"":21.0,""role"":""RP""}]",https://statsapi.mlb.com/api/v1/stats?stats=season&group=pitching&season=2026&sportId=11&playerPool=ALL&limit=10000;https://statsapi.mlb.com/api/v1/stats?stats=season&group=pitching&season=2026&sportId=12&playerPool=ALL&limit=10000,debut_raw,21.249874770412422,17.32668860379901,0.6242597645362996,54.45650358991485,44.402656032019756,1.599774326945392,3.019237803875093,7.737322505752328,Verified debut-season capacity; original four-year role window retained,FAIL: aggregate and debut/swingman subgroup accuracy deteriorates; not release-ready,"MLB opportunity, future role, availability; other professional assignments unverified"
06fwg,Khristian Curtis,How Lowe Can You Go?,24.0,RP,2026,21.0,86.33333333333333,107.33333333333333,"[{""year"":2026,""IP"":21.0,""role"":""RP""}]",https://statsapi.mlb.com/api/v1/stats?stats=season&group=pitching&season=2026&sportId=11&playerPool=ALL&limit=10000;https://statsapi.mlb.com/api/v1/stats?stats=season&group=pitching&season=2026&sportId=12&playerPool=ALL&limit=10000,debut_opportunity,21.249874770412422,17.32668860379901,0.6242597645362996,30.2483230124794,24.663828812492635,0.8886081073607117,3.019237803875093,4.297760872937618,Verified debut-season capacity; original four-year role window retained,FAIL: aggregate and debut/swingman subgroup accuracy deteriorates; not release-ready,"MLB opportunity, future role, availability; other professional assignments unverified"
06lqo,Chris Roycroft,Free agent,29.0,RP,2024,34.333333333333336,45.666666666666664,80.0,"[{""year"":2024,""IP"":34.333333333333336,""role"":""RP""},{""year"":2025,""IP"":20.666666666666668,""role"":""RP""},{""year"":2026,""IP"":38.333333333333336,""role"":""RP""}]",https://statsapi.mlb.com/api/v1/stats?stats=season&group=pitching&season=2024&sportId=11&playerPool=ALL&limit=10000,debut_raw,26.515707066194064,23.913912094068063,0.07537914619095558,34.863490668758295,31.442587937170046,0.0991103180196867,0.015393553609210896,0.0202398152639867,Verified debut-season capacity; original four-year role window retained,FAIL: aggregate and debut/swingman subgroup accuracy deteriorates; not release-ready,"MLB opportunity, future role, availability; other professional assignments unverified"
06lqo,Chris Roycroft,Free agent,29.0,RP,2024,34.333333333333336,45.666666666666664,80.0,"[{""year"":2024,""IP"":34.333333333333336,""role"":""RP""},{""year"":2025,""IP"":20.666666666666668,""role"":""RP""},{""year"":2026,""IP"":38.333333333333336,""role"":""RP""}]",https://statsapi.mlb.com/api/v1/stats?stats=season&group=pitching&season=2024&sportId=11&playerPool=ALL&limit=10000,debut_opportunity,26.515707066194064,23.913912094068063,0.07537914619095558,30.515686709089426,27.521402602221094,0.08675033269222257,0.015393553609210896,0.017715720652124314,Verified debut-season capacity; original four-year role window retained,FAIL: aggregate and debut/swingman subgroup accuracy deteriorates; not release-ready,"MLB opportunity, future role, availability; other professional assignments unverified"
0648k,Paul Gervase,Free agent,26.0,RP,2025,8.333333333333334,59.333333333333336,67.66666666666667,"[{""year"":2025,""IP"":8.333333333333334,""role"":""RP""},{""year"":2026,""IP"":7.666666666666667,""role"":""RP""}]",https://statsapi.mlb.com/api/v1/stats?stats=season&group=pitching&season=2025&sportId=11&playerPool=ALL&limit=10000,debut_raw,16.569530955257417,15.531288589889,0.07945789703545686,36.5577753756809,34.267074976185825,0.17530996860985587,1.7190984325921483,3.792890367089604,Verified debut-season capacity; original four-year role window retained,FAIL: aggregate and debut/swingman subgroup accuracy deteriorates; not release-ready,"MLB opportunity, future role, availability; other professional assignments unverified"
0648k,Paul Gervase,Free agent,26.0,RP,2025,8.333333333333334,59.333333333333336,67.66666666666667,"[{""year"":2025,""IP"":8.333333333333334,""role"":""RP""},{""year"":2026,""IP"":7.666666666666667,""role"":""RP""}]",https://statsapi.mlb.com/api/v1/stats?stats=season&group=pitching&season=2025&sportId=11&playerPool=ALL&limit=10000,debut_opportunity,16.569530955257417,15.531288589889,0.07945789703545686,19.031137410974594,17.838651445344276,0.09126233934757498,1.7190984325921483,1.9744915279736077,Verified debut-season capacity; original four-year role window retained,FAIL: aggregate and debut/swingman subgroup accuracy deteriorates; not release-ready,"MLB opportunity, future role, availability; other professional assignments unverified"
051as,Cody Laweryson,Free agent,28.0,RP,2025,7.666666666666667,44.0,51.666666666666664,"[{""year"":2025,""IP"":7.666666666666667,""role"":""RP""},{""year"":2026,""IP"":16.666666666666668,""role"":""RP""}]",https://statsapi.mlb.com/api/v1/stats?stats=season&group=pitching&season=2025&sportId=12&playerPool=ALL&limit=10000;https://statsapi.mlb.com/api/v1/stats?stats=season&group=pitching&season=2025&sportId=11&playerPool=ALL&limit=10000,debut_raw,19.02367601246106,18.103847259388385,0.19730807604598674,33.087227414330215,31.48740080273213,0.343171171467662,3.109706587998276,5.408606044464953,Verified debut-season capacity; original four-year role window retained,FAIL: aggregate and debut/swingman subgroup accuracy deteriorates; not release-ready,"MLB opportunity, future role, availability; other professional assignments unverified"
051as,Cody Laweryson,Free agent,28.0,RP,2025,7.666666666666667,44.0,51.666666666666664,"[{""year"":2025,""IP"":7.666666666666667,""role"":""RP""},{""year"":2026,""IP"":16.666666666666668,""role"":""RP""}]",https://statsapi.mlb.com/api/v1/stats?stats=season&group=pitching&season=2025&sportId=12&playerPool=ALL&limit=10000;https://statsapi.mlb.com/api/v1/stats?stats=season&group=pitching&season=2025&sportId=11&playerPool=ALL&limit=10000,debut_opportunity,19.02367601246106,18.103847259388385,0.19730807604598674,23.560305496934983,22.421122595950884,0.24436068747233364,3.109706587998276,3.851287057826237,Verified debut-season capacity; original four-year role window retained,FAIL: aggregate and debut/swingman subgroup accuracy deteriorates; not release-ready,"MLB opportunity, future role, availability; other professional assignments unverified"
06686,Brian Fitzpatrick,Free agent,26.0,RP,2026,6.666666666666667,16.0,22.666666666666668,"[{""year"":2026,""IP"":6.666666666666667,""role"":""RP""}]",https://statsapi.mlb.com/api/v1/stats?stats=season&group=pitching&season=2026&sportId=11&playerPool=ALL&limit=10000,debut_raw,17.93576863567962,15.927925470301028,0.08902550403869698,29.165119433670334,25.90019185170689,0.14476321091509858,2.6351234363851312,4.284939848730603,Verified debut-season capacity; original four-year role window retained,FAIL: aggregate and debut/swingman subgroup accuracy deteriorates; not release-ready,"MLB opportunity, future role, availability; other professional assignments unverified"
06686,Brian Fitzpatrick,Free agent,26.0,RP,2026,6.666666666666667,16.0,22.666666666666668,"[{""year"":2026,""IP"":6.666666666666667,""role"":""RP""}]",https://statsapi.mlb.com/api/v1/stats?stats=season&group=pitching&season=2026&sportId=11&playerPool=ALL&limit=10000,debut_opportunity,17.93576863567962,15.927925470301028,0.08902550403869698,21.23851887038277,18.860944994243933,0.10541894723763863,2.6351234363851312,3.12036355766321,Verified debut-season capacity; original four-year role window retained,FAIL: aggregate and debut/swingman subgroup accuracy deteriorates; not release-ready,"MLB opportunity, future role, availability; other professional assignments unverified"
05rkx,Braxton Roxby,Free agent,27.0,RP,2026,5.333333333333333,64.33333333333333,69.66666666666666,"[{""year"":2026,""IP"":5.333333333333333,""role"":""RP""}]",https://statsapi.mlb.com/api/v1/stats?stats=season&group=pitching&season=2026&sportId=11&playerPool=ALL&limit=10000,debut_raw,15.90417329021177,13.74144244199055,0.06069919947130055,58.145073909627435,50.23820929480031,0.22191404577351623,2.3285441876671094,8.513072098948104,Verified debut-season capacity; original four-year role window retained,FAIL: aggregate and debut/swingman subgroup accuracy deteriorates; not release-ready,"MLB opportunity, future role, availability; other professional assignments unverified"
05rkx,Braxton Roxby,Free agent,27.0,RP,2026,5.333333333333333,64.33333333333333,69.66666666666666,"[{""year"":2026,""IP"":5.333333333333333,""role"":""RP""}]",https://statsapi.mlb.com/api/v1/stats?stats=season&group=pitching&season=2026&sportId=11&playerPool=ALL&limit=10000,debut_opportunity,15.90417329021177,13.74144244199055,0.06069919947130055,19.137926447678996,16.535453301535796,0.07304100588678118,2.3285441876671094,2.8020008698704393,Verified debut-season capacity; original four-year role window retained,FAIL: aggregate and debut/swingman subgroup accuracy deteriorates; not release-ready,"MLB opportunity, future role, availability; other professional assignments unverified"
05198,Gavin Collyer,Yoho and a Bottle of Rum,25.0,RP,2026,25.0,30.333333333333332,55.33333333333333,"[{""year"":2026,""IP"":25.0,""role"":""RP""}]",https://statsapi.mlb.com/api/v1/stats?stats=season&group=pitching&season=2026&sportId=11&playerPool=ALL&limit=10000,debut_raw,27.998000760446942,26.62332261131495,0.060170695636726834,47.34851774171787,45.02374558065414,0.10175702451983172,2.0496475340664957,3.466239374066884,Verified debut-season capacity; original four-year role window retained,FAIL: aggregate and debut/swingman subgroup accuracy deteriorates; not release-ready,"MLB opportunity, future role, availability; other professional assignments unverified"
05198,Gavin Collyer,Yoho and a Bottle of Rum,25.0,RP,2026,25.0,30.333333333333332,55.33333333333333,"[{""year"":2026,""IP"":25.0,""role"":""RP""}]",https://statsapi.mlb.com/api/v1/stats?stats=season&group=pitching&season=2026&sportId=11&playerPool=ALL&limit=10000,debut_opportunity,27.998000760446942,26.62332261131495,0.060170695636726834,36.74070421584043,34.9367667239682,0.07895969965017784,2.0496475340664957,2.689673967801609,Verified debut-season capacity; original four-year role window retained,FAIL: aggregate and debut/swingman subgroup accuracy deteriorates; not release-ready,"MLB opportunity, future role, availability; other professional assignments unverified"
06rtp,Mike Paredes,Free agent,26.0,SP,2026,34.333333333333336,48.666666666666664,83.0,"[{""year"":2026,""IP"":34.333333333333336,""role"":""SP""}]",https://statsapi.mlb.com/api/v1/stats?stats=season&group=pitching&season=2026&sportId=11&playerPool=ALL&limit=10000;https://statsapi.mlb.com/api/v1/stats?stats=season&group=pitching&season=2026&sportId=12&playerPool=ALL&limit=10000,debut_raw,50.17763607740869,36.57613369873843,2.8528774103503682,76.9146246442031,56.06560639952606,4.373023767690345,1.5924464796271822,2.440976355632906,Verified debut-season capacity; original four-year role window retained,FAIL: aggregate and debut/swingman subgroup accuracy deteriorates; not release-ready,"MLB opportunity, future role, availability; other professional assignments unverified"
06rtp,Mike Paredes,Free agent,26.0,SP,2026,34.333333333333336,48.666666666666664,83.0,"[{""year"":2026,""IP"":34.333333333333336,""role"":""SP""}]",https://statsapi.mlb.com/api/v1/stats?stats=season&group=pitching&season=2026&sportId=11&playerPool=ALL&limit=10000;https://statsapi.mlb.com/api/v1/stats?stats=season&group=pitching&season=2026&sportId=12&playerPool=ALL&limit=10000,debut_opportunity,50.17763607740869,36.57613369873843,2.8528774103503682,61.23751488214695,44.63804409304014,3.4816929718203187,1.5924464796271822,1.9434447817500304,Verified debut-season capacity; original four-year role window retained,FAIL: aggregate and debut/swingman subgroup accuracy deteriorates; not release-ready,"MLB opportunity, future role, availability; other professional assignments unverified"
06nuj,Jackson Kent,Free agent,23.0,SP,2026,36.333333333333336,94.33333333333333,130.66666666666666,"[{""year"":2026,""IP"":36.333333333333336,""role"":""SP""}]",https://statsapi.mlb.com/api/v1/stats?stats=season&group=pitching&season=2026&sportId=11&playerPool=ALL&limit=10000;https://statsapi.mlb.com/api/v1/stats?stats=season&group=pitching&season=2026&sportId=12&playerPool=ALL&limit=10000,debut_raw,56.04896485586958,47.86835276580298,3.232772911645698,112.6984543351949,96.249580739811,6.5001826759161725,0.0,0.0,Verified debut-season capacity; original four-year role window retained,FAIL: aggregate and debut/swingman subgroup accuracy deteriorates; not release-ready,"MLB opportunity, future role, availability; other professional assignments unverified"
06nuj,Jackson Kent,Free agent,23.0,SP,2026,36.333333333333336,94.33333333333333,130.66666666666666,"[{""year"":2026,""IP"":36.333333333333336,""role"":""SP""}]",https://statsapi.mlb.com/api/v1/stats?stats=season&group=pitching&season=2026&sportId=11&playerPool=ALL&limit=10000;https://statsapi.mlb.com/api/v1/stats?stats=season&group=pitching&season=2026&sportId=12&playerPool=ALL&limit=10000,debut_opportunity,56.04896485586958,47.86835276580298,3.232772911645698,71.8009912672126,61.32129625857562,4.141312871608662,0.0,0.0,Verified debut-season capacity; original four-year role window retained,FAIL: aggregate and debut/swingman subgroup accuracy deteriorates; not release-ready,"MLB opportunity, future role, availability; other professional assignments unverified"
0519h,Hunter Bigge,Free agent,28.0,RP,2024,17.333333333333332,22.0,39.33333333333333,"[{""year"":2024,""IP"":17.333333333333332,""role"":""RP""},{""year"":2025,""IP"":15.0,""role"":""RP""},{""year"":2026,""IP"":19.333333333333332,""role"":""RP""}]",https://statsapi.mlb.com/api/v1/stats?stats=season&group=pitching&season=2024&sportId=16&playerPool=ALL&limit=10000;https://statsapi.mlb.com/api/v1/stats?stats=season&group=pitching&season=2024&sportId=11&playerPool=ALL&limit=10000;https://statsapi.mlb.com/api/v1/stats?stats=season&group=pitching&season=2024&sportId=13&playerPool=ALL&limit=10000,debut_raw,20.320411758149188,18.490253579898795,0.07651047012565987,25.023490990620594,22.769749913425485,0.09421851696040519,2.377921484634449,2.928282042478305,Verified debut-season capacity; original four-year role window retained,FAIL: aggregate and debut/swingman subgroup accuracy deteriorates; not release-ready,"MLB opportunity, future role, availability; other professional assignments unverified"
0519h,Hunter Bigge,Free agent,28.0,RP,2024,17.333333333333332,22.0,39.33333333333333,"[{""year"":2024,""IP"":17.333333333333332,""role"":""RP""},{""year"":2025,""IP"":15.0,""role"":""RP""},{""year"":2026,""IP"":19.333333333333332,""role"":""RP""}]",https://statsapi.mlb.com/api/v1/stats?stats=season&group=pitching&season=2024&sportId=16&playerPool=ALL&limit=10000;https://statsapi.mlb.com/api/v1/stats?stats=season&group=pitching&season=2024&sportId=11&playerPool=ALL&limit=10000;https://statsapi.mlb.com/api/v1/stats?stats=season&group=pitching&season=2024&sportId=13&playerPool=ALL&limit=10000,debut_opportunity,20.320411758149188,18.490253579898795,0.07651047012565987,22.632094770719878,20.593734828581404,0.08521442534951773,2.377921484634449,2.6484376910322767,Verified debut-season capacity; original four-year role window retained,FAIL: aggregate and debut/swingman subgroup accuracy deteriorates; not release-ready,"MLB opportunity, future role, availability; other professional assignments unverified"
04otv,Alan Rangel,Free agent,29.0,RP,2025,11.0,124.66666666666667,135.66666666666669,"[{""year"":2025,""IP"":11.0,""role"":""RP""},{""year"":2026,""IP"":26.0,""role"":""RP""}]",https://statsapi.mlb.com/api/v1/stats?stats=season&group=pitching&season=2025&sportId=11&playerPool=ALL&limit=10000,debut_raw,20.925318992911272,20.118397898732447,1.3962393402141369,56.05480713761918,53.893224495806486,3.74025012283797,2.4024366402055386,6.435654461119178,Verified debut-season capacity; original four-year role window retained,FAIL: aggregate and debut/swingman subgroup accuracy deteriorates; not release-ready,"MLB opportunity, future role, availability; other professional assignments unverified"
04otv,Alan Rangel,Free agent,29.0,RP,2025,11.0,124.66666666666667,135.66666666666669,"[{""year"":2025,""IP"":11.0,""role"":""RP""},{""year"":2026,""IP"":26.0,""role"":""RP""}]",https://statsapi.mlb.com/api/v1/stats?stats=season&group=pitching&season=2025&sportId=11&playerPool=ALL&limit=10000,debut_opportunity,20.925318992911272,20.118397898732447,1.3962393402141369,27.657751610324574,26.591214789572184,1.8454600798816034,2.4024366402055386,3.175387475663189,Verified debut-season capacity; original four-year role window retained,FAIL: aggregate and debut/swingman subgroup accuracy deteriorates; not release-ready,"MLB opportunity, future role, availability; other professional assignments unverified"
05y7v,Carson Whisenhunt,Free agent,25.0,SP,2025,23.333333333333332,107.66666666666667,131.0,"[{""year"":2025,""IP"":23.333333333333332,""role"":""SP""},{""year"":2026,""IP"":34.666666666666664,""role"":""SP""}]",https://statsapi.mlb.com/api/v1/stats?stats=season&group=pitching&season=2025&sportId=11&playerPool=ALL&limit=10000,debut_raw,44.6288528375054,36.910268303495315,3.531579810031644,74.52884712158657,61.639042204915214,5.897632473724197,0.21480391011092392,0.3587160941838563,Verified debut-season capacity; original four-year role window retained,FAIL: aggregate and debut/swingman subgroup accuracy deteriorates; not release-ready,"MLB opportunity, future role, availability; other professional assignments unverified"
05y7v,Carson Whisenhunt,Free agent,25.0,SP,2025,23.333333333333332,107.66666666666667,131.0,"[{""year"":2025,""IP"":23.333333333333332,""role"":""SP""},{""year"":2026,""IP"":34.666666666666664,""role"":""SP""}]",https://statsapi.mlb.com/api/v1/stats?stats=season&group=pitching&season=2025&sportId=11&playerPool=ALL&limit=10000,debut_opportunity,44.6288528375054,36.910268303495315,3.531579810031644,52.54131951828006,43.454269539494476,4.157710794825602,0.21480391011092392,0.25288754151953813,Verified debut-season capacity; original four-year role window retained,FAIL: aggregate and debut/swingman subgroup accuracy deteriorates; not release-ready,"MLB opportunity, future role, availability; other professional assignments unverified"
05jpo,Nick Frasso,Free agent,27.0,RP,2026,21.666666666666668,30.333333333333332,52.0,"[{""year"":2026,""IP"":21.666666666666668,""role"":""RP""}]",https://statsapi.mlb.com/api/v1/stats?stats=season&group=pitching&season=2026&sportId=11&playerPool=ALL&limit=10000,debut_raw,26.628547022602277,25.558685400330887,0.069501391759237,46.54524109704179,44.67518160386605,0.12148462449970743,2.5419666421263583,4.443218404593468,Verified debut-season capacity; original four-year role window retained,FAIL: aggregate and debut/swingman subgroup accuracy deteriorates; not release-ready,"MLB opportunity, future role, availability; other professional assignments unverified"
05jpo,Nick Frasso,Free agent,27.0,RP,2026,21.666666666666668,30.333333333333332,52.0,"[{""year"":2026,""IP"":21.666666666666668,""role"":""RP""}]",https://statsapi.mlb.com/api/v1/stats?stats=season&group=pitching&season=2026&sportId=11&playerPool=ALL&limit=10000,debut_opportunity,26.628547022602277,25.558685400330887,0.069501391759237,34.92716955361875,33.52389215180388,0.09116107206776634,2.5419666421263583,3.3341548764876547,Verified debut-season capacity; original four-year role window retained,FAIL: aggregate and debut/swingman subgroup accuracy deteriorates; not release-ready,"MLB opportunity, future role, availability; other professional assignments unverified"
05wbc,Luke Murphy,Free agent,26.0,RP,2026,20.0,38.0,58.0,"[{""year"":2026,""IP"":20.0,""role"":""RP""}]",https://statsapi.mlb.com/api/v1/stats?stats=season&group=pitching&season=2026&sportId=12&playerPool=ALL&limit=10000,debut_raw,27.29356096733855,25.99635291819256,0.09934730160840098,53.96326911256651,51.39850348396929,0.1964238077514671,1.369951408496334,2.708589641941319,Verified debut-season capacity; original four-year role window retained,FAIL: aggregate and debut/swingman subgroup accuracy deteriorates; not release-ready,"MLB opportunity, future role, availability; other professional assignments unverified"
05wbc,Luke Murphy,Free agent,26.0,RP,2026,20.0,38.0,58.0,"[{""year"":2026,""IP"":20.0,""role"":""RP""}]",https://statsapi.mlb.com/api/v1/stats?stats=season&group=pitching&season=2026&sportId=12&playerPool=ALL&limit=10000,debut_opportunity,27.29356096733855,25.99635291819256,0.09934730160840098,36.49001205189992,34.75571518225351,0.13282195889911344,1.369951408496334,1.8315507993394318,Verified debut-season capacity; original four-year role window retained,FAIL: aggregate and debut/swingman subgroup accuracy deteriorates; not release-ready,"MLB opportunity, future role, availability; other professional assignments unverified"
04elu,Tom Cosgrove,Free agent,30.0,RP,2023,51.333333333333336,9.333333333333334,60.66666666666667,"[{""year"":2023,""IP"":51.333333333333336,""role"":""RP""},{""year"":2024,""IP"":14.666666666666666,""role"":""RP""},{""year"":2025,""IP"":4.0,""role"":""RP""},{""year"":2026,""IP"":16.333333333333332,""role"":""RP""}]",https://statsapi.mlb.com/api/v1/stats?stats=season&group=pitching&season=2023&sportId=11&playerPool=ALL&limit=10000;https://statsapi.mlb.com/api/v1/stats?stats=season&group=pitching&season=2023&sportId=16&playerPool=ALL&limit=10000,debut_raw,20.95396412148513,18.93834375553607,0.06149009363366329,22.35752806713392,20.206894962909686,0.0656088979772426,2.4806315470684197,2.6467922306373217,Verified debut-season capacity; original four-year role window retained,FAIL: aggregate and debut/swingman subgroup accuracy deteriorates; not release-ready,"MLB opportunity, future role, availability; other professional assignments unverified"
04elu,Tom Cosgrove,Free agent,30.0,RP,2023,51.333333333333336,9.333333333333334,60.66666666666667,"[{""year"":2023,""IP"":51.333333333333336,""role"":""RP""},{""year"":2024,""IP"":14.666666666666666,""role"":""RP""},{""year"":2025,""IP"":4.0,""role"":""RP""},{""year"":2026,""IP"":16.333333333333332,""role"":""RP""}]",https://statsapi.mlb.com/api/v1/stats?stats=season&group=pitching&season=2023&sportId=11&playerPool=ALL&limit=10000;https://statsapi.mlb.com/api/v1/stats?stats=season&group=pitching&season=2023&sportId=16&playerPool=ALL&limit=10000,debut_opportunity,20.95396412148513,18.93834375553607,0.06149009363366329,22.14159515241872,20.01173323869836,0.0649752357705381,2.4806315470684197,2.621229048549799,Verified debut-season capacity; original four-year role window retained,FAIL: aggregate and debut/swingman subgroup accuracy deteriorates; not release-ready,"MLB opportunity, future role, availability; other professional assignments unverified"
05js6,Ricky Tiedemann,Miller & Miller LLP,24.0,RP,2026,6.0,12.0,18.0,"[{""year"":2026,""IP"":6.0,""role"":""RP""}]",https://statsapi.mlb.com/api/v1/stats?stats=season&group=pitching&season=2026&sportId=14&playerPool=ALL&limit=10000;https://statsapi.mlb.com/api/v1/stats?stats=season&group=pitching&season=2026&sportId=16&playerPool=ALL&limit=10000;https://statsapi.mlb.com/api/v1/stats?stats=season&group=pitching&season=2026&sportId=11&playerPool=ALL&limit=10000,debut_raw,18.51024575734103,18.25128312616667,0.09907892659756787,27.434828533201884,27.051008919139885,0.14684912334996666,2.409709277154247,3.571533392925046,Verified debut-season capacity; original four-year role window retained,FAIL: aggregate and debut/swingman subgroup accuracy deteriorates; not release-ready,"MLB opportunity, future role, availability; other professional assignments unverified"
05js6,Ricky Tiedemann,Miller & Miller LLP,24.0,RP,2026,6.0,12.0,18.0,"[{""year"":2026,""IP"":6.0,""role"":""RP""}]",https://statsapi.mlb.com/api/v1/stats?stats=season&group=pitching&season=2026&sportId=14&playerPool=ALL&limit=10000;https://statsapi.mlb.com/api/v1/stats?stats=season&group=pitching&season=2026&sportId=16&playerPool=ALL&limit=10000;https://statsapi.mlb.com/api/v1/stats?stats=season&group=pitching&season=2026&sportId=11&playerPool=ALL&limit=10000,debut_opportunity,18.51024575734103,18.25128312616667,0.09907892659756787,21.485106682627983,21.18452505715774,0.11500232551503413,2.409709277154247,2.79698398241118,Verified debut-season capacity; original four-year role window retained,FAIL: aggregate and debut/swingman subgroup accuracy deteriorates; not release-ready,"MLB opportunity, future role, availability; other professional assignments unverified"
04pq7,Ryan Weiss,Free agent,29.0,RP,2026,26.0,76.33333333333333,102.33333333333333,"[{""year"":2026,""IP"":26.0,""role"":""RP""}]",https://statsapi.mlb.com/api/v1/stats?stats=season&group=pitching&season=2026&sportId=11&playerPool=ALL&limit=10000,debut_raw,24.169243141810384,26.13440881664759,0.07552492113971866,55.03887052095435,59.51400027553413,0.17198744417955739,0.005185532421575092,0.011808638187745264,Verified debut-season capacity; original four-year role window retained,FAIL: aggregate and debut/swingman subgroup accuracy deteriorates; not release-ready,"MLB opportunity, future role, availability; other professional assignments unverified"
04pq7,Ryan Weiss,Free agent,29.0,RP,2026,26.0,76.33333333333333,102.33333333333333,"[{""year"":2026,""IP"":26.0,""role"":""RP""}]",https://statsapi.mlb.com/api/v1/stats?stats=season&group=pitching&season=2026&sportId=11&playerPool=ALL&limit=10000,debut_opportunity,24.169243141810384,26.13440881664759,0.07552492113971866,34.61150668711508,37.425717479601744,0.10815528222103066,0.005185532421575092,0.007425929270210256,Verified debut-season capacity; original four-year role window retained,FAIL: aggregate and debut/swingman subgroup accuracy deteriorates; not release-ready,"MLB opportunity, future role, availability; other professional assignments unverified"
05lg1,Carter Baumler,Free agent,24.0,RP,2026,5.666666666666667,13.666666666666666,19.333333333333332,"[{""year"":2026,""IP"":5.666666666666667,""role"":""RP""}]",https://statsapi.mlb.com/api/v1/stats?stats=season&group=pitching&season=2026&sportId=11&playerPool=ALL&limit=10000,debut_raw,18.262340680233784,17.149123375468623,0.09866554656336574,28.42644884163087,26.69365810480184,0.15357895030677743,1.5739600448000592,2.4499649566118564,Verified debut-season capacity; original four-year role window retained,FAIL: aggregate and debut/swingman subgroup accuracy deteriorates; not release-ready,"MLB opportunity, future role, availability; other professional assignments unverified"
05lg1,Carter Baumler,Free agent,24.0,RP,2026,5.666666666666667,13.666666666666666,19.333333333333332,"[{""year"":2026,""IP"":5.666666666666667,""role"":""RP""}]",https://statsapi.mlb.com/api/v1/stats?stats=season&group=pitching&season=2026&sportId=11&playerPool=ALL&limit=10000,debut_opportunity,18.262340680233784,17.149123375468623,0.09866554656336574,21.2414758309881,19.94665941682491,0.11476085455712434,1.5739600448000592,1.830720105158688,Verified debut-season capacity; original four-year role window retained,FAIL: aggregate and debut/swingman subgroup accuracy deteriorates; not release-ready,"MLB opportunity, future role, availability; other professional assignments unverified"
04afk,Tristan Beck,Free agent,30.0,RP,2023,85.0,26.0,111.0,"[{""year"":2023,""IP"":85.0,""role"":""RP""},{""year"":2024,""IP"":16.0,""role"":""RP""},{""year"":2025,""IP"":56.666666666666664,""role"":""RP""},{""year"":2026,""IP"":19.0,""role"":""RP""}]",https://statsapi.mlb.com/api/v1/stats?stats=season&group=pitching&season=2023&sportId=11&playerPool=ALL&limit=10000,debut_raw,38.35041010367429,30.664591653496682,0.3871135301600666,42.26033823798164,33.79092978935839,0.42658080257389847,4.536933874243952,4.999486565348,Verified debut-season capacity; original four-year role window retained,FAIL: aggregate and debut/swingman subgroup accuracy deteriorates; not release-ready,"MLB opportunity, future role, availability; other professional assignments unverified"
04afk,Tristan Beck,Free agent,30.0,RP,2023,85.0,26.0,111.0,"[{""year"":2023,""IP"":85.0,""role"":""RP""},{""year"":2024,""IP"":16.0,""role"":""RP""},{""year"":2025,""IP"":56.666666666666664,""role"":""RP""},{""year"":2026,""IP"":19.0,""role"":""RP""}]",https://statsapi.mlb.com/api/v1/stats?stats=season&group=pitching&season=2023&sportId=11&playerPool=ALL&limit=10000,debut_opportunity,38.35041010367429,30.664591653496682,0.3871135301600666,41.344499215531265,33.05863437014753,0.4173362162427306,4.536933874243952,4.891140889954259,Verified debut-season capacity; original four-year role window retained,FAIL: aggregate and debut/swingman subgroup accuracy deteriorates; not release-ready,"MLB opportunity, future role, availability; other professional assignments unverified"
06fqx,Seth Halvorsen,Free agent,26.0,RP,2024,12.333333333333334,44.333333333333336,56.66666666666667,"[{""year"":2024,""IP"":12.333333333333334,""role"":""RP""},{""year"":2025,""IP"":39.666666666666664,""role"":""RP""},{""year"":2026,""IP"":29.0,""role"":""RP""}]",https://statsapi.mlb.com/api/v1/stats?stats=season&group=pitching&season=2024&sportId=12&playerPool=ALL&limit=10000;https://statsapi.mlb.com/api/v1/stats?stats=season&group=pitching&season=2024&sportId=11&playerPool=ALL&limit=10000,debut_raw,32.619415615356786,29.240549778991372,0.10087462234696404,41.23349451324961,36.96234362668411,0.1275134182695619,1.609012950868891,2.0339183099946627,Verified debut-season capacity; original four-year role window retained,FAIL: aggregate and debut/swingman subgroup accuracy deteriorates; not release-ready,"MLB opportunity, future role, availability; other professional assignments unverified"
06fqx,Seth Halvorsen,Free agent,26.0,RP,2024,12.333333333333334,44.333333333333336,56.66666666666667,"[{""year"":2024,""IP"":12.333333333333334,""role"":""RP""},{""year"":2025,""IP"":39.666666666666664,""role"":""RP""},{""year"":2026,""IP"":29.0,""role"":""RP""}]",https://statsapi.mlb.com/api/v1/stats?stats=season&group=pitching&season=2024&sportId=12&playerPool=ALL&limit=10000;https://statsapi.mlb.com/api/v1/stats?stats=season&group=pitching&season=2024&sportId=11&playerPool=ALL&limit=10000,debut_opportunity,32.619415615356786,29.240549778991372,0.10087462234696404,38.06440882315308,34.12152609126722,0.11771311019711579,1.609012950868891,1.877597302349817,Verified debut-season capacity; original four-year role window retained,FAIL: aggregate and debut/swingman subgroup accuracy deteriorates; not release-ready,"MLB opportunity, future role, availability; other professional assignments unverified"
05xoo,Elmer Rodriguez,Miller & Miller LLP,23.0,SP,2026,26.666666666666668,106.33333333333333,133.0,"[{""year"":2026,""IP"":26.666666666666668,""role"":""SP""}]",https://statsapi.mlb.com/api/v1/stats?stats=season&group=pitching&season=2026&sportId=11&playerPool=ALL&limit=10000,debut_raw,50.243893495797366,41.735520953887075,3.392306179911576,114.09967845659163,94.7778762697834,7.703643516133856,1.051568224980501,2.388023459119069,Verified debut-season capacity; original four-year role window retained,FAIL: aggregate and debut/swingman subgroup accuracy deteriorates; not release-ready,"MLB opportunity, future role, availability; other professional assignments unverified"
05xoo,Elmer Rodriguez,Miller & Miller LLP,23.0,SP,2026,26.666666666666668,106.33333333333333,133.0,"[{""year"":2026,""IP"":26.666666666666668,""role"":""SP""}]",https://statsapi.mlb.com/api/v1/stats?stats=season&group=pitching&season=2026&sportId=11&playerPool=ALL&limit=10000,debut_opportunity,50.243893495797366,41.735520953887075,3.392306179911576,63.047058400217274,52.370579663841234,4.25673471850251,1.051568224980501,1.3195291741812174,Verified debut-season capacity; original four-year role window retained,FAIL: aggregate and debut/swingman subgroup accuracy deteriorates; not release-ready,"MLB opportunity, future role, availability; other professional assignments unverified"
05xpp,Chad Dallas,Free agent,26.0,RP,2026,14.333333333333334,71.33333333333333,85.66666666666666,"[{""year"":2026,""IP"":14.333333333333334,""role"":""RP""}]",https://statsapi.mlb.com/api/v1/stats?stats=season&group=pitching&season=2026&sportId=11&playerPool=ALL&limit=10000,debut_raw,23.316499226383502,23.46267833861359,0.09571915095889977,71.74307454271847,72.19285642650335,0.2945204644889224,2.9531741119320314,9.086689575175482,Verified debut-season capacity; original four-year role window retained,FAIL: aggregate and debut/swingman subgroup accuracy deteriorates; not release-ready,"MLB opportunity, future role, availability; other professional assignments unverified"
05xpp,Chad Dallas,Free agent,26.0,RP,2026,14.333333333333334,71.33333333333333,85.66666666666666,"[{""year"":2026,""IP"":14.333333333333334,""role"":""RP""}]",https://statsapi.mlb.com/api/v1/stats?stats=season&group=pitching&season=2026&sportId=11&playerPool=ALL&limit=10000,debut_opportunity,23.316499226383502,23.46267833861359,0.09571915095889977,31.692997770734237,31.891692018659487,0.13010644559043927,2.9531741119320314,4.014107762804535,Verified debut-season capacity; original four-year role window retained,FAIL: aggregate and debut/swingman subgroup accuracy deteriorates; not release-ready,"MLB opportunity, future role, availability; other professional assignments unverified"
066m0,Kohl Drake,Free agent,26.0,SP,2026,20.666666666666668,80.33333333333333,101.0,"[{""year"":2026,""IP"":20.666666666666668,""role"":""SP""}]",https://statsapi.mlb.com/api/v1/stats?stats=season&group=pitching&season=2026&sportId=11&playerPool=ALL&limit=10000,debut_raw,42.669303671665055,37.62172935489737,3.0803650659346355,86.8036478127435,76.53519190652942,6.266493739283336,4.888252221684066,9.944341429520376,Verified debut-season capacity; original four-year role window retained,FAIL: aggregate and debut/swingman subgroup accuracy deteriorates; not release-ready,"MLB opportunity, future role, availability; other professional assignments unverified"
066m0,Kohl Drake,Free agent,26.0,SP,2026,20.666666666666668,80.33333333333333,101.0,"[{""year"":2026,""IP"":20.666666666666668,""role"":""SP""}]",https://statsapi.mlb.com/api/v1/stats?stats=season&group=pitching&season=2026&sportId=11&playerPool=ALL&limit=10000,debut_opportunity,42.669303671665055,37.62172935489737,3.0803650659346355,51.700093561918735,45.584220042030005,3.7323121872139073,4.888252221684066,5.922831531538363,Verified debut-season capacity; original four-year role window retained,FAIL: aggregate and debut/swingman subgroup accuracy deteriorates; not release-ready,"MLB opportunity, future role, availability; other professional assignments unverified"
05jqv,Max Rajcic,Free agent,25.0,RP,2026,9.0,40.666666666666664,49.666666666666664,"[{""year"":2026,""IP"":9.0,""role"":""RP""}]",https://statsapi.mlb.com/api/v1/stats?stats=season&group=pitching&season=2026&sportId=11&playerPool=ALL&limit=10000,debut_raw,20.09789780460382,18.27610757334671,0.0799593515355801,49.40399579856796,44.925730568744704,0.1965534657269041,1.9141633986894595,4.7053339322366385,Verified debut-season capacity; original four-year role window retained,FAIL: aggregate and debut/swingman subgroup accuracy deteriorates; not release-ready,"MLB opportunity, future role, availability; other professional assignments unverified"
05jqv,Max Rajcic,Free agent,25.0,RP,2026,9.0,40.666666666666664,49.666666666666664,"[{""year"":2026,""IP"":9.0,""role"":""RP""}]",https://statsapi.mlb.com/api/v1/stats?stats=season&group=pitching&season=2026&sportId=11&playerPool=ALL&limit=10000,debut_opportunity,20.09789780460382,18.27610757334671,0.0799593515355801,25.40839878337585,23.105233887949037,0.10108714404004823,1.9141633986894595,2.4199459785939843,Verified debut-season capacity; original four-year role window retained,FAIL: aggregate and debut/swingman subgroup accuracy deteriorates; not release-ready,"MLB opportunity, future role, availability; other professional assignments unverified"
041rq,Brenan Hanifee,Free agent,28.0,RP,2023,5.0,90.33333333333333,95.33333333333333,"[{""year"":2023,""IP"":5.0,""role"":""RP""},{""year"":2024,""IP"":29.333333333333332,""role"":""RP""},{""year"":2025,""IP"":60.0,""role"":""RP""},{""year"":2026,""IP"":21.333333333333332,""role"":""RP""}]",https://statsapi.mlb.com/api/v1/stats?stats=season&group=pitching&season=2023&sportId=11&playerPool=ALL&limit=10000,debut_raw,33.01221800121696,25.47507452214044,0.0937557238374098,44.686870919466514,34.48424358498765,0.12691210051166615,4.125151287142441,5.583996297522631,Verified debut-season capacity; original four-year role window retained,FAIL: aggregate and debut/swingman subgroup accuracy deteriorates; not release-ready,"MLB opportunity, future role, availability; other professional assignments unverified"
041rq,Brenan Hanifee,Free agent,28.0,RP,2023,5.0,90.33333333333333,95.33333333333333,"[{""year"":2023,""IP"":5.0,""role"":""RP""},{""year"":2024,""IP"":29.333333333333332,""role"":""RP""},{""year"":2025,""IP"":60.0,""role"":""RP""},{""year"":2026,""IP"":21.333333333333332,""role"":""RP""}]",https://statsapi.mlb.com/api/v1/stats?stats=season&group=pitching&season=2023&sportId=11&playerPool=ALL&limit=10000,debut_opportunity,33.01221800121696,25.47507452214044,0.0937557238374098,39.38640024997122,30.393943281541375,0.11185859928132857,4.125151287142441,4.921658389663083,Verified debut-season capacity; original four-year role window retained,FAIL: aggregate and debut/swingman subgroup accuracy deteriorates; not release-ready,"MLB opportunity, future role, availability; other professional assignments unverified"
05u38,Peyton Pallette,Free agent,25.0,RP,2026,20.666666666666668,33.666666666666664,54.33333333333333,"[{""year"":2026,""IP"":20.666666666666668,""role"":""RP""}]",https://statsapi.mlb.com/api/v1/stats?stats=season&group=pitching&season=2026&sportId=11&playerPool=ALL&limit=10000,debut_raw,25.233641191693955,25.530359698043053,0.05886786578449923,46.710588610467184,47.25985123879318,0.10897169537074437,2.717211752815519,5.029894789621986,Verified debut-season capacity; original four-year role window retained,FAIL: aggregate and debut/swingman subgroup accuracy deteriorates; not release-ready,"MLB opportunity, future role, availability; other professional assignments unverified"
05u38,Peyton Pallette,Free agent,25.0,RP,2026,20.666666666666668,33.666666666666664,54.33333333333333,"[{""year"":2026,""IP"":20.666666666666668,""role"":""RP""}]",https://statsapi.mlb.com/api/v1/stats?stats=season&group=pitching&season=2026&sportId=11&playerPool=ALL&limit=10000,debut_opportunity,25.233641191693955,25.530359698043053,0.05886786578449923,33.402786835644505,33.79556506937132,0.07792576415472743,2.717211752815519,3.596882601171352,Verified debut-season capacity; original four-year role window retained,FAIL: aggregate and debut/swingman subgroup accuracy deteriorates; not release-ready,"MLB opportunity, future role, availability; other professional assignments unverified"
051dq,Sammy Peralta,Free agent,28.0,RP,2023,20.0,69.0,89.0,"[{""year"":2023,""IP"":20.0,""role"":""RP""},{""year"":2024,""IP"":15.0,""role"":""RP""},{""year"":2025,""IP"":10.666666666666666,""role"":""RP""},{""year"":2026,""IP"":23.0,""role"":""RP""}]",https://statsapi.mlb.com/api/v1/stats?stats=season&group=pitching&season=2023&sportId=11&playerPool=ALL&limit=10000,debut_raw,20.741754153407772,19.621453654034728,0.08986342364818879,31.956929886334397,30.230877005498,0.1384530501919635,1.8523171624701895,2.8538748097440156,Verified debut-season capacity; original four-year role window retained,FAIL: aggregate and debut/swingman subgroup accuracy deteriorates; not release-ready,"MLB opportunity, future role, availability; other professional assignments unverified"
051dq,Sammy Peralta,Free agent,28.0,RP,2023,20.0,69.0,89.0,"[{""year"":2023,""IP"":20.0,""role"":""RP""},{""year"":2024,""IP"":15.0,""role"":""RP""},{""year"":2025,""IP"":10.666666666666666,""role"":""RP""},{""year"":2026,""IP"":23.0,""role"":""RP""}]",https://statsapi.mlb.com/api/v1/stats?stats=season&group=pitching&season=2023&sportId=11&playerPool=ALL&limit=10000,debut_opportunity,20.741754153407772,19.621453654034728,0.08986342364818879,23.640057994501166,22.36321474486231,0.10242029342916426,1.8523171624701895,2.111146666821852,Verified debut-season capacity; original four-year role window retained,FAIL: aggregate and debut/swingman subgroup accuracy deteriorates; not release-ready,"MLB opportunity, future role, availability; other professional assignments unverified"
05xsf,Jefry Yan,Free agent,30.0,RP,2026,20.333333333333332,44.0,64.33333333333333,"[{""year"":2026,""IP"":20.333333333333332,""role"":""RP""}]",https://statsapi.mlb.com/api/v1/stats?stats=season&group=pitching&season=2026&sportId=11&playerPool=ALL&limit=10000;https://statsapi.mlb.com/api/v1/stats?stats=season&group=pitching&season=2026&sportId=12&playerPool=ALL&limit=10000,debut_raw,17.46034804952114,19.537099260695726,0.05384503085845768,37.04759402008876,41.45407180243937,0.11424908813876714,1.6994945767570657,3.6060097393513955,Verified debut-season capacity; original four-year role window retained,FAIL: aggregate and debut/swingman subgroup accuracy deteriorates; not release-ready,"MLB opportunity, future role, availability; other professional assignments unverified"
05xsf,Jefry Yan,Free agent,30.0,RP,2026,20.333333333333332,44.0,64.33333333333333,"[{""year"":2026,""IP"":20.333333333333332,""role"":""RP""}]",https://statsapi.mlb.com/api/v1/stats?stats=season&group=pitching&season=2026&sportId=11&playerPool=ALL&limit=10000;https://statsapi.mlb.com/api/v1/stats?stats=season&group=pitching&season=2026&sportId=12&playerPool=ALL&limit=10000,debut_opportunity,17.46034804952114,19.537099260695726,0.05384503085845768,23.651135636073604,26.464225297205385,0.07293646865171612,1.6994945767570657,2.30207190793973,Verified debut-season capacity; original four-year role window retained,FAIL: aggregate and debut/swingman subgroup accuracy deteriorates; not release-ready,"MLB opportunity, future role, availability; other professional assignments unverified"
04up8,Lazaro Estrada,Free agent,27.0,RP,2025,7.333333333333333,97.33333333333333,104.66666666666666,"[{""year"":2025,""IP"":7.333333333333333,""role"":""RP""},{""year"":2026,""IP"":13.0,""role"":""RP""}]",https://statsapi.mlb.com/api/v1/stats?stats=season&group=pitching&season=2025&sportId=11&playerPool=ALL&limit=10000,debut_raw,17.24070748597636,15.713768022260968,0.05730483393494449,47.916793656014185,43.67299778698799,0.15926631232427024,1.6365075362682076,4.54831647689979,Verified debut-season capacity; original four-year role window retained,FAIL: aggregate and debut/swingman subgroup accuracy deteriorates; not release-ready,"MLB opportunity, future role, availability; other professional assignments unverified"
04up8,Lazaro Estrada,Free agent,27.0,RP,2025,7.333333333333333,97.33333333333333,104.66666666666666,"[{""year"":2025,""IP"":7.333333333333333,""role"":""RP""},{""year"":2026,""IP"":13.0,""role"":""RP""}]",https://statsapi.mlb.com/api/v1/stats?stats=season&group=pitching&season=2025&sportId=11&playerPool=ALL&limit=10000,debut_opportunity,17.24070748597636,15.713768022260968,0.05730483393494449,21.05079462174539,19.186411209599672,0.06996883921259961,1.6365075362682076,1.998165334626907,Verified debut-season capacity; original four-year role window retained,FAIL: aggregate and debut/swingman subgroup accuracy deteriorates; not release-ready,"MLB opportunity, future role, availability; other professional assignments unverified"
06kwi,Kyle Backhus,Free agent,28.0,RP,2025,25.333333333333332,26.333333333333332,51.666666666666664,"[{""year"":2025,""IP"":25.333333333333332,""role"":""RP""},{""year"":2026,""IP"":20.0,""role"":""RP""}]",https://statsapi.mlb.com/api/v1/stats?stats=season&group=pitching&season=2025&sportId=11&playerPool=ALL&limit=10000,debut_raw,24.559868436199775,22.779757606146646,0.08391057996765303,32.518877760784115,30.161894186807658,0.1111031152260857,3.653039287882662,4.836863779078912,Verified debut-season capacity; original four-year role window retained,FAIL: aggregate and debut/swingman subgroup accuracy deteriorates; not release-ready,"MLB opportunity, future role, availability; other professional assignments unverified"
06kwi,Kyle Backhus,Free agent,28.0,RP,2025,25.333333333333332,26.333333333333332,51.666666666666664,"[{""year"":2025,""IP"":25.333333333333332,""role"":""RP""},{""year"":2026,""IP"":20.0,""role"":""RP""}]",https://statsapi.mlb.com/api/v1/stats?stats=season&group=pitching&season=2025&sportId=11&playerPool=ALL&limit=10000,debut_opportunity,24.559868436199775,22.779757606146646,0.08391057996765303,28.462350427608875,26.399385865051407,0.09724369402985229,3.653039287882662,4.233495167436954,Verified debut-season capacity; original four-year role window retained,FAIL: aggregate and debut/swingman subgroup accuracy deteriorates; not release-ready,"MLB opportunity, future role, availability; other professional assignments unverified"
06bpq,Antwone Kelly,Free agent,23.0,RP,2026,18.666666666666668,91.33333333333333,110.0,"[{""year"":2026,""IP"":18.666666666666668,""role"":""RP""}]",https://statsapi.mlb.com/api/v1/stats?stats=season&group=pitching&season=2026&sportId=11&playerPool=ALL&limit=10000,debut_raw,29.324583126960533,25.181644325573124,0.14467842181623977,79.81839194320621,68.54175378558367,0.3937992546477532,1.5699299099741124,4.273182003479834,Verified debut-season capacity; original four-year role window retained,FAIL: aggregate and debut/swingman subgroup accuracy deteriorates; not release-ready,"MLB opportunity, future role, availability; other professional assignments unverified"
06bpq,Antwone Kelly,Free agent,23.0,RP,2026,18.666666666666668,91.33333333333333,110.0,"[{""year"":2026,""IP"":18.666666666666668,""role"":""RP""}]",https://statsapi.mlb.com/api/v1/stats?stats=season&group=pitching&season=2026&sportId=11&playerPool=ALL&limit=10000,debut_opportunity,29.324583126960533,25.181644325573124,0.14467842181623977,41.42669188166958,35.573982962786516,0.2043864827185631,1.5699299099741124,2.2178321299483663,Verified debut-season capacity; original four-year role window retained,FAIL: aggregate and debut/swingman subgroup accuracy deteriorates; not release-ready,"MLB opportunity, future role, availability; other professional assignments unverified"
04w0m,Yovanny Cruz,Free agent,27.0,RP,2026,16.0,42.666666666666664,58.666666666666664,"[{""year"":2026,""IP"":16.0,""role"":""RP""}]",https://statsapi.mlb.com/api/v1/stats?stats=season&group=pitching&season=2026&sportId=11&playerPool=ALL&limit=10000,debut_raw,22.90784593177292,21.19866350850547,0.06715570253964792,50.92253649801751,47.12314372272872,0.14928242156902627,2.275115265195485,5.057421831549202,Verified debut-season capacity; original four-year role window retained,FAIL: aggregate and debut/swingman subgroup accuracy deteriorates; not release-ready,"MLB opportunity, future role, availability; other professional assignments unverified"
04w0m,Yovanny Cruz,Free agent,27.0,RP,2026,16.0,42.666666666666664,58.666666666666664,"[{""year"":2026,""IP"":16.0,""role"":""RP""}]",https://statsapi.mlb.com/api/v1/stats?stats=season&group=pitching&season=2026&sportId=11&playerPool=ALL&limit=10000,debut_opportunity,22.90784593177292,21.19866350850547,0.06715570253964792,30.548216086203258,28.26897629420272,0.08955389863856929,2.275115265195485,3.033926146928316,Verified debut-season capacity; original four-year role window retained,FAIL: aggregate and debut/swingman subgroup accuracy deteriorates; not release-ready,"MLB opportunity, future role, availability; other professional assignments unverified"
05y40,Eduardo Rivera,EpSkenes Island,23.0,SP,2026,10.0,55.666666666666664,65.66666666666666,"[{""year"":2026,""IP"":10.0,""role"":""SP""}]",https://statsapi.mlb.com/api/v1/stats?stats=season&group=pitching&season=2026&sportId=11&playerPool=ALL&limit=10000;https://statsapi.mlb.com/api/v1/stats?stats=season&group=pitching&season=2026&sportId=12&playerPool=ALL&limit=10000,debut_raw,51.22262407072533,43.26219774769291,3.8351358023174353,93.78072466680061,79.20641179677109,7.021542165436896,3.6738760288641776,6.726300391154313,Verified debut-season capacity; original four-year role window retained,FAIL: aggregate and debut/swingman subgroup accuracy deteriorates; not release-ready,"MLB opportunity, future role, availability; other professional assignments unverified"
05y40,Eduardo Rivera,EpSkenes Island,23.0,SP,2026,10.0,55.666666666666664,65.66666666666666,"[{""year"":2026,""IP"":10.0,""role"":""SP""}]",https://statsapi.mlb.com/api/v1/stats?stats=season&group=pitching&season=2026&sportId=11&playerPool=ALL&limit=10000;https://statsapi.mlb.com/api/v1/stats?stats=season&group=pitching&season=2026&sportId=12&playerPool=ALL&limit=10000,debut_opportunity,51.22262407072533,43.26219774769291,3.8351358023174353,57.70355309550837,48.73593592775557,4.320375350000601,3.6738760288641776,4.138712226167242,Verified debut-season capacity; original four-year role window retained,FAIL: aggregate and debut/swingman subgroup accuracy deteriorates; not release-ready,"MLB opportunity, future role, availability; other professional assignments unverified"
04ehs,Cody Bolton,Free agent,28.0,RP,2023,21.333333333333332,46.666666666666664,68.0,"[{""year"":2023,""IP"":21.333333333333332,""role"":""RP""},{""year"":2024,""IP"":18.666666666666668,""role"":""RP""},{""year"":2025,""IP"":2.0,""role"":""RP""},{""year"":2026,""IP"":20.0,""role"":""RP""}]",https://statsapi.mlb.com/api/v1/stats?stats=season&group=pitching&season=2023&sportId=11&playerPool=ALL&limit=10000,debut_raw,19.04002239419559,18.79822123144197,0.08793235402698701,26.625165401972048,26.287035760135762,0.12296274771541334,2.1536989951718586,3.011687212615506,Verified debut-season capacity; original four-year role window retained,FAIL: aggregate and debut/swingman subgroup accuracy deteriorates; not release-ready,"MLB opportunity, future role, availability; other professional assignments unverified"
04ehs,Cody Bolton,Free agent,28.0,RP,2023,21.333333333333332,46.666666666666664,68.0,"[{""year"":2023,""IP"":21.333333333333332,""role"":""RP""},{""year"":2024,""IP"":18.666666666666668,""role"":""RP""},{""year"":2025,""IP"":2.0,""role"":""RP""},{""year"":2026,""IP"":20.0,""role"":""RP""}]",https://statsapi.mlb.com/api/v1/stats?stats=season&group=pitching&season=2023&sportId=11&playerPool=ALL&limit=10000,debut_opportunity,19.04002239419559,18.79822123144197,0.08793235402698701,21.419675102517616,21.147653240443944,0.09892228145865017,2.1536989951718586,2.4228717692718273,Verified debut-season capacity; original four-year role window retained,FAIL: aggregate and debut/swingman subgroup accuracy deteriorates; not release-ready,"MLB opportunity, future role, availability; other professional assignments unverified"
05ybh,Garrett Acton,Free agent,28.0,RP,2023,5.666666666666667,29.0,34.666666666666664,"[{""year"":2023,""IP"":5.666666666666667,""role"":""RP""},{""year"":2025,""IP"":1.0,""role"":""RP""},{""year"":2026,""IP"":11.0,""role"":""RP""}]",https://statsapi.mlb.com/api/v1/stats?stats=season&group=pitching&season=2023&sportId=11&playerPool=ALL&limit=10000,debut_raw,12.902373150569286,12.416710811547915,0.06300282973903652,17.721085942682034,17.05404089999995,0.08653280659367443,1.4713464522425181,2.0208574521424008,Verified debut-season capacity; original four-year role window retained,FAIL: aggregate and debut/swingman subgroup accuracy deteriorates; not release-ready,"MLB opportunity, future role, availability; other professional assignments unverified"
05ybh,Garrett Acton,Free agent,28.0,RP,2023,5.666666666666667,29.0,34.666666666666664,"[{""year"":2023,""IP"":5.666666666666667,""role"":""RP""},{""year"":2025,""IP"":1.0,""role"":""RP""},{""year"":2026,""IP"":11.0,""role"":""RP""}]",https://statsapi.mlb.com/api/v1/stats?stats=season&group=pitching&season=2023&sportId=11&playerPool=ALL&limit=10000,debut_opportunity,12.902373150569286,12.416710811547915,0.06300282973903652,14.43138778652814,13.88817132038366,0.07046907239483509,1.4713464522425181,1.6457105195184418,Verified debut-season capacity; original four-year role window retained,FAIL: aggregate and debut/swingman subgroup accuracy deteriorates; not release-ready,"MLB opportunity, future role, availability; other professional assignments unverified"
06m7f,Welinton Herrera,Free agent,22.0,RP,2026,2.3333333333333335,22.666666666666668,25.0,"[{""year"":2026,""IP"":2.3333333333333335,""role"":""RP""}]",https://statsapi.mlb.com/api/v1/stats?stats=season&group=pitching&season=2026&sportId=11&playerPool=ALL&limit=10000,debut_raw,15.783289909161326,14.392846591359426,0.09406296473925949,32.64083515245405,29.765311013544363,0.19452812079585077,3.3522806052542977,6.932726906154175,Verified debut-season capacity; original four-year role window retained,FAIL: aggregate and debut/swingman subgroup accuracy deteriorates; not release-ready,"MLB opportunity, future role, availability; other professional assignments unverified"
06m7f,Welinton Herrera,Free agent,22.0,RP,2026,2.3333333333333335,22.666666666666668,25.0,"[{""year"":2026,""IP"":2.3333333333333335,""role"":""RP""}]",https://statsapi.mlb.com/api/v1/stats?stats=season&group=pitching&season=2026&sportId=11&playerPool=ALL&limit=10000,debut_opportunity,15.783289909161326,14.392846591359426,0.09406296473925949,17.356660798535316,15.82760993743002,0.10343971263787469,3.3522806052542977,3.6864555933382865,Verified debut-season capacity; original four-year role window retained,FAIL: aggregate and debut/swingman subgroup accuracy deteriorates; not release-ready,"MLB opportunity, future role, availability; other professional assignments unverified"
0569p,Coleman Crow,Yoho and a Bottle of Rum,25.0,SP,2026,18.666666666666668,105.33333333333333,124.0,"[{""year"":2026,""IP"":18.666666666666668,""role"":""SP""}]",https://statsapi.mlb.com/api/v1/stats?stats=season&group=pitching&season=2026&sportId=11&playerPool=ALL&limit=10000,debut_raw,51.94487544699679,36.4770462328062,5.12058078311475,124.25580338202315,87.25566565821043,12.248790155204004,2.615737819046451,6.257029232344589,Verified debut-season capacity; original four-year role window retained,FAIL: aggregate and debut/swingman subgroup accuracy deteriorates; not release-ready,"MLB opportunity, future role, availability; other professional assignments unverified"
0569p,Coleman Crow,Yoho and a Bottle of Rum,25.0,SP,2026,18.666666666666668,105.33333333333333,124.0,"[{""year"":2026,""IP"":18.666666666666668,""role"":""SP""}]",https://statsapi.mlb.com/api/v1/stats?stats=season&group=pitching&season=2026&sportId=11&playerPool=ALL&limit=10000,debut_opportunity,51.94487544699679,36.4770462328062,5.12058078311475,62.83039148022656,44.12113947964125,6.193644559558293,2.615737819046451,3.1638892145967046,Verified debut-season capacity; original four-year role window retained,FAIL: aggregate and debut/swingman subgroup accuracy deteriorates; not release-ready,"MLB opportunity, future role, availability; other professional assignments unverified"
06l49,Eiberson Castellano,Free agent,25.0,RP,2026,3.0,112.66666666666667,115.66666666666667,"[{""year"":2026,""IP"":3.0,""role"":""RP""}]",https://statsapi.mlb.com/api/v1/stats?stats=season&group=pitching&season=2026&sportId=11&playerPool=ALL&limit=10000;https://statsapi.mlb.com/api/v1/stats?stats=season&group=pitching&season=2026&sportId=12&playerPool=ALL&limit=10000,debut_raw,16.954851696655982,15.200835822461745,0.12659033601049488,79.18001807575385,70.98867490692797,0.5911832950743924,3.040303231772957,14.198370422493001,Verified debut-season capacity; original four-year role window retained,FAIL: aggregate and debut/swingman subgroup accuracy deteriorates; not release-ready,"MLB opportunity, future role, availability; other professional assignments unverified"
06l49,Eiberson Castellano,Free agent,25.0,RP,2026,3.0,112.66666666666667,115.66666666666667,"[{""year"":2026,""IP"":3.0,""role"":""RP""}]",https://statsapi.mlb.com/api/v1/stats?stats=season&group=pitching&season=2026&sportId=11&playerPool=ALL&limit=10000;https://statsapi.mlb.com/api/v1/stats?stats=season&group=pitching&season=2026&sportId=12&playerPool=ALL&limit=10000,debut_opportunity,16.954851696655982,15.200835822461745,0.12659033601049488,19.21834262811611,17.230163748788726,0.1434902819785719,3.040303231772957,3.4461869821666156,Verified debut-season capacity; original four-year role window retained,FAIL: aggregate and debut/swingman subgroup accuracy deteriorates; not release-ready,"MLB opportunity, future role, availability; other professional assignments unverified"
050s3,Blake Walston,Free agent,25.0,RP,2024,18.333333333333332,65.0,83.33333333333333,"[{""year"":2024,""IP"":18.333333333333332,""role"":""RP""},{""year"":2026,""IP"":3.0,""role"":""RP""}]",https://statsapi.mlb.com/api/v1/stats?stats=season&group=pitching&season=2024&sportId=11&playerPool=ALL&limit=10000,debut_raw,17.713908120796102,16.173738496805854,0.07211838853303587,36.866964514665554,33.66149576733966,0.15009596147678364,1.9130019708450083,3.9814238221564486,Verified debut-season capacity; original four-year role window retained,FAIL: aggregate and debut/swingman subgroup accuracy deteriorates; not release-ready,"MLB opportunity, future role, availability; other professional assignments unverified"
050s3,Blake Walston,Free agent,25.0,RP,2024,18.333333333333332,65.0,83.33333333333333,"[{""year"":2024,""IP"":18.333333333333332,""role"":""RP""},{""year"":2026,""IP"":3.0,""role"":""RP""}]",https://statsapi.mlb.com/api/v1/stats?stats=season&group=pitching&season=2024&sportId=11&playerPool=ALL&limit=10000,debut_opportunity,17.713908120796102,16.173738496805854,0.07211838853303587,21.927580527447383,20.02104509632329,0.08927345458066038,1.9130019708450083,2.368054778133526,Verified debut-season capacity; original four-year role window retained,FAIL: aggregate and debut/swingman subgroup accuracy deteriorates; not release-ready,"MLB opportunity, future role, availability; other professional assignments unverified"
06gip,Andrew Sears,Free agent,24.0,SP,2026,19.0,58.333333333333336,77.33333333333334,"[{""year"":2026,""IP"":19.0,""role"":""SP""}]",https://statsapi.mlb.com/api/v1/stats?stats=season&group=pitching&season=2026&sportId=13&playerPool=ALL&limit=10000;https://statsapi.mlb.com/api/v1/stats?stats=season&group=pitching&season=2026&sportId=16&playerPool=ALL&limit=10000;https://statsapi.mlb.com/api/v1/stats?stats=season&group=pitching&season=2026&sportId=11&playerPool=ALL&limit=10000;https://statsapi.mlb.com/api/v1/stats?stats=season&group=pitching&season=2026&sportId=12&playerPool=ALL&limit=10000,debut_raw,47.24489068441065,40.09913354449409,3.559682063121469,83.50741642902408,70.87697727382069,6.291894172973474,3.8775090853527923,6.853667374549012,Verified debut-season capacity; original four-year role window retained,FAIL: aggregate and debut/swingman subgroup accuracy deteriorates; not release-ready,"MLB opportunity, future role, availability; other professional assignments unverified"
06gip,Andrew Sears,Free agent,24.0,SP,2026,19.0,58.333333333333336,77.33333333333334,"[{""year"":2026,""IP"":19.0,""role"":""SP""}]",https://statsapi.mlb.com/api/v1/stats?stats=season&group=pitching&season=2026&sportId=13&playerPool=ALL&limit=10000;https://statsapi.mlb.com/api/v1/stats?stats=season&group=pitching&season=2026&sportId=16&playerPool=ALL&limit=10000;https://statsapi.mlb.com/api/v1/stats?stats=season&group=pitching&season=2026&sportId=11&playerPool=ALL&limit=10000;https://statsapi.mlb.com/api/v1/stats?stats=season&group=pitching&season=2026&sportId=12&playerPool=ALL&limit=10000,debut_opportunity,47.24489068441065,40.09913354449409,3.559682063121469,56.15421813028551,47.66093135730278,4.230958314248901,3.8775090853527923,4.608720389163931,Verified debut-season capacity; original four-year role window retained,FAIL: aggregate and debut/swingman subgroup accuracy deteriorates; not release-ready,"MLB opportunity, future role, availability; other professional assignments unverified"
04efo,Nick Raquet,Free agent,30.0,RP,2025,2.0,52.333333333333336,54.333333333333336,"[{""year"":2025,""IP"":2.0,""role"":""RP""},{""year"":2026,""IP"":3.6666666666666665,""role"":""RP""}]",https://statsapi.mlb.com/api/v1/stats?stats=season&group=pitching&season=2025&sportId=12&playerPool=ALL&limit=10000;https://statsapi.mlb.com/api/v1/stats?stats=season&group=pitching&season=2025&sportId=11&playerPool=ALL&limit=10000,debut_raw,10.898886699166756,9.41763797954285,0.04445286683412102,25.92340075372541,22.40019648207363,0.10573277008935321,1.5663136691166313,3.7255343661525333,Verified debut-season capacity; original four-year role window retained,FAIL: aggregate and debut/swingman subgroup accuracy deteriorates; not release-ready,"MLB opportunity, future role, availability; other professional assignments unverified"
04efo,Nick Raquet,Free agent,30.0,RP,2025,2.0,52.333333333333336,54.333333333333336,"[{""year"":2025,""IP"":2.0,""role"":""RP""},{""year"":2026,""IP"":3.6666666666666665,""role"":""RP""}]",https://statsapi.mlb.com/api/v1/stats?stats=season&group=pitching&season=2025&sportId=12&playerPool=ALL&limit=10000;https://statsapi.mlb.com/api/v1/stats?stats=season&group=pitching&season=2025&sportId=11&playerPool=ALL&limit=10000,debut_opportunity,10.898886699166756,9.41763797954285,0.04445286683412102,11.912810960517339,10.293761559468239,0.04858832042803239,1.5663136691166313,1.712027949284698,Verified debut-season capacity; original four-year role window retained,FAIL: aggregate and debut/swingman subgroup accuracy deteriorates; not release-ready,"MLB opportunity, future role, availability; other professional assignments unverified"
05xq0,Alek Jacob,Free agent,28.0,RP,2023,3.0,27.333333333333332,30.333333333333332,"[{""year"":2023,""IP"":3.0,""role"":""RP""},{""year"":2024,""IP"":14.666666666666666,""role"":""RP""},{""year"":2025,""IP"":33.333333333333336,""role"":""RP""},{""year"":2026,""IP"":5.0,""role"":""RP""}]",https://statsapi.mlb.com/api/v1/stats?stats=season&group=pitching&season=2023&sportId=12&playerPool=ALL&limit=10000,debut_raw,19.65125298074235,17.90217266744645,0.07760780240470065,22.719237587777723,20.69708809752303,0.08972405491016659,2.577840211861549,2.9802966912086113,Verified debut-season capacity; original four-year role window retained,FAIL: aggregate and debut/swingman subgroup accuracy deteriorates; not release-ready,"MLB opportunity, future role, availability; other professional assignments unverified"
05xq0,Alek Jacob,Free agent,28.0,RP,2023,3.0,27.333333333333332,30.333333333333332,"[{""year"":2023,""IP"":3.0,""role"":""RP""},{""year"":2024,""IP"":14.666666666666666,""role"":""RP""},{""year"":2025,""IP"":33.333333333333336,""role"":""RP""},{""year"":2026,""IP"":5.0,""role"":""RP""}]",https://statsapi.mlb.com/api/v1/stats?stats=season&group=pitching&season=2023&sportId=12&playerPool=ALL&limit=10000,debut_opportunity,19.65125298074235,17.90217266744645,0.07760780240470065,22.719237587777723,20.69708809752303,0.08972405491016659,2.577840211861549,2.9802966912086113,Verified debut-season capacity; original four-year role window retained,FAIL: aggregate and debut/swingman subgroup accuracy deteriorates; not release-ready,"MLB opportunity, future role, availability; other professional assignments unverified"
05uce,Brendan Beck,Free agent,28.0,SP,2026,12.666666666666666,135.33333333333334,148.0,"[{""year"":2026,""IP"":12.666666666666666,""role"":""SP""}]",https://statsapi.mlb.com/api/v1/stats?stats=season&group=pitching&season=2026&sportId=11&playerPool=ALL&limit=10000,debut_raw,34.44103539530268,31.659446853808177,2.268250709815816,101.34563046943133,93.1605732779523,6.674517638931707,0.39563682681893947,1.1641944904002222,Verified debut-season capacity; original four-year role window retained,FAIL: aggregate and debut/swingman subgroup accuracy deteriorates; not release-ready,"MLB opportunity, future role, availability; other professional assignments unverified"
05uce,Brendan Beck,Free agent,28.0,SP,2026,12.666666666666666,135.33333333333334,148.0,"[{""year"":2026,""IP"":12.666666666666666,""role"":""SP""}]",https://statsapi.mlb.com/api/v1/stats?stats=season&group=pitching&season=2026&sportId=11&playerPool=ALL&limit=10000,debut_opportunity,34.44103539530268,31.659446853808177,2.268250709815816,40.16710434308846,36.92305677299168,2.6453636451905993,0.39563682681893947,0.4614142845128335,Verified debut-season capacity; original four-year role window retained,FAIL: aggregate and debut/swingman subgroup accuracy deteriorates; not release-ready,"MLB opportunity, future role, availability; other professional assignments unverified"
0665x,Matt Pushard,Free agent,28.0,RP,2026,7.0,53.0,60.0,"[{""year"":2026,""IP"":7.0,""role"":""RP""}]",https://statsapi.mlb.com/api/v1/stats?stats=season&group=pitching&season=2026&sportId=11&playerPool=ALL&limit=10000,debut_raw,16.30141677767362,14.79208886207043,0.07870410040811457,49.67384511651618,45.07460554536483,0.23982794544961955,1.8911929894518762,5.762862757557218,Verified debut-season capacity; original four-year role window retained,FAIL: aggregate and debut/swingman subgroup accuracy deteriorates; not release-ready,"MLB opportunity, future role, availability; other professional assignments unverified"
0665x,Matt Pushard,Free agent,28.0,RP,2026,7.0,53.0,60.0,"[{""year"":2026,""IP"":7.0,""role"":""RP""}]",https://statsapi.mlb.com/api/v1/stats?stats=season&group=pitching&season=2026&sportId=11&playerPool=ALL&limit=10000,debut_opportunity,16.30141677767362,14.79208886207043,0.07870410040811457,20.194866750538587,18.325049141788114,0.09750188232962351,1.8911929894518762,2.3428877957308334,Verified debut-season capacity; original four-year role window retained,FAIL: aggregate and debut/swingman subgroup accuracy deteriorates; not release-ready,"MLB opportunity, future role, availability; other professional assignments unverified"
05ybw,Carson Palmquist,Free agent,25.0,SP,2025,34.333333333333336,77.66666666666667,112.0,"[{""year"":2025,""IP"":34.333333333333336,""role"":""SP""},{""year"":2026,""IP"":16.333333333333332,""role"":""SP""}]",https://statsapi.mlb.com/api/v1/stats?stats=season&group=pitching&season=2025&sportId=11&playerPool=ALL&limit=10000,debut_raw,41.46091398662924,36.61869260827047,2.410075531151551,63.02964051353609,55.668406922223134,3.663840946389657,0.0,0.0,Verified debut-season capacity; original four-year role window retained,FAIL: aggregate and debut/swingman subgroup accuracy deteriorates; not release-ready,"MLB opportunity, future role, availability; other professional assignments unverified"
05ybw,Carson Palmquist,Free agent,25.0,SP,2025,34.333333333333336,77.66666666666667,112.0,"[{""year"":2025,""IP"":34.333333333333336,""role"":""SP""},{""year"":2026,""IP"":16.333333333333332,""role"":""SP""}]",https://statsapi.mlb.com/api/v1/stats?stats=season&group=pitching&season=2025&sportId=11&playerPool=ALL&limit=10000,debut_opportunity,41.46091398662924,36.61869260827047,2.410075531151551,48.07275574934175,42.45833717475001,2.7944143340370418,0.0,0.0,Verified debut-season capacity; original four-year role window retained,FAIL: aggregate and debut/swingman subgroup accuracy deteriorates; not release-ready,"MLB opportunity, future role, availability; other professional assignments unverified"
06ex9,Brandan Bidois,Free agent,25.0,RP,2026,15.666666666666666,22.333333333333332,38.0,"[{""year"":2026,""IP"":15.666666666666666,""role"":""RP""}]",https://statsapi.mlb.com/api/v1/stats?stats=season&group=pitching&season=2026&sportId=11&playerPool=ALL&limit=10000,debut_raw,22.043995535440505,23.743918198709526,0.05705736388429525,36.29107946670591,39.089665973438194,0.09393366658765007,2.181143250835559,3.5908210431762253,Verified debut-season capacity; original four-year role window retained,FAIL: aggregate and debut/swingman subgroup accuracy deteriorates; not release-ready,"MLB opportunity, future role, availability; other professional assignments unverified"
06ex9,Brandan Bidois,Free agent,25.0,RP,2026,15.666666666666666,22.333333333333332,38.0,"[{""year"":2026,""IP"":15.666666666666666,""role"":""RP""}]",https://statsapi.mlb.com/api/v1/stats?stats=season&group=pitching&season=2026&sportId=11&playerPool=ALL&limit=10000,debut_opportunity,22.043995535440505,23.743918198709526,0.05705736388429525,27.917793296576242,30.07067386022047,0.07226075184094152,2.181143250835559,2.7623262003093436,Verified debut-season capacity; original four-year role window retained,FAIL: aggregate and debut/swingman subgroup accuracy deteriorates; not release-ready,"MLB opportunity, future role, availability; other professional assignments unverified"
062q0,Brycen Mautz,Free agent,25.0,RP,2026,15.333333333333334,85.66666666666667,101.0,"[{""year"":2026,""IP"":15.333333333333334,""role"":""RP""}]",https://statsapi.mlb.com/api/v1/stats?stats=season&group=pitching&season=2026&sportId=11&playerPool=ALL&limit=10000,debut_raw,21.831352491690275,23.188341156755314,0.05692246374271141,65.21053341673719,69.26387618251589,0.17002813845225492,2.668708623044434,7.971467315587262,Verified debut-season capacity; original four-year role window retained,FAIL: aggregate and debut/swingman subgroup accuracy deteriorates; not release-ready,"MLB opportunity, future role, availability; other professional assignments unverified"
062q0,Brycen Mautz,Free agent,25.0,RP,2026,15.333333333333334,85.66666666666667,101.0,"[{""year"":2026,""IP"":15.333333333333334,""role"":""RP""}]",https://statsapi.mlb.com/api/v1/stats?stats=season&group=pitching&season=2026&sportId=11&playerPool=ALL&limit=10000,debut_opportunity,21.831352491690275,23.188341156755314,0.05692246374271141,30.127940159067236,32.000626393837784,0.07855475660520128,2.668708623044434,3.6829002567602376,Verified debut-season capacity; original four-year role window retained,FAIL: aggregate and debut/swingman subgroup accuracy deteriorates; not release-ready,"MLB opportunity, future role, availability; other professional assignments unverified"
05uab,Philip Abner,Free agent,24.0,RP,2025,3.6666666666666665,58.666666666666664,62.33333333333333,"[{""year"":2025,""IP"":3.6666666666666665,""role"":""RP""},{""year"":2026,""IP"":19.0,""role"":""RP""}]",https://statsapi.mlb.com/api/v1/stats?stats=season&group=pitching&season=2025&sportId=12&playerPool=ALL&limit=10000;https://statsapi.mlb.com/api/v1/stats?stats=season&group=pitching&season=2025&sportId=13&playerPool=ALL&limit=10000;https://statsapi.mlb.com/api/v1/stats?stats=season&group=pitching&season=2025&sportId=11&playerPool=ALL&limit=10000,debut_raw,14.925817331774923,12.767910888927904,0.025221703777370857,29.927400233761897,25.600633508256454,0.05057143650792633,1.3176416818465282,2.64197190014913,Verified debut-season capacity; original four-year role window retained,FAIL: aggregate and debut/swingman subgroup accuracy deteriorates; not release-ready,"MLB opportunity, future role, availability; other professional assignments unverified"
05uab,Philip Abner,Free agent,24.0,RP,2025,3.6666666666666665,58.666666666666664,62.33333333333333,"[{""year"":2025,""IP"":3.6666666666666665,""role"":""RP""},{""year"":2026,""IP"":19.0,""role"":""RP""}]",https://statsapi.mlb.com/api/v1/stats?stats=season&group=pitching&season=2025&sportId=12&playerPool=ALL&limit=10000;https://statsapi.mlb.com/api/v1/stats?stats=season&group=pitching&season=2025&sportId=13&playerPool=ALL&limit=10000;https://statsapi.mlb.com/api/v1/stats?stats=season&group=pitching&season=2025&sportId=11&playerPool=ALL&limit=10000,debut_opportunity,14.925817331774923,12.767910888927904,0.025221703777370857,19.498492333984856,16.67948944134356,0.03294862765780756,1.3176416818465282,1.7213145291366254,Verified debut-season capacity; original four-year role window retained,FAIL: aggregate and debut/swingman subgroup accuracy deteriorates; not release-ready,"MLB opportunity, future role, availability; other professional assignments unverified"
04el7,Max Lazar,Free agent,27.0,RP,2024,13.666666666666666,43.333333333333336,57.0,"[{""year"":2024,""IP"":13.666666666666666,""role"":""RP""},{""year"":2025,""IP"":41.333333333333336,""role"":""RP""},{""year"":2026,""IP"":10.0,""role"":""RP""}]",https://statsapi.mlb.com/api/v1/stats?stats=season&group=pitching&season=2024&sportId=12&playerPool=ALL&limit=10000;https://statsapi.mlb.com/api/v1/stats?stats=season&group=pitching&season=2024&sportId=11&playerPool=ALL&limit=10000,debut_raw,25.143779230728107,20.497702688016766,0.06614769324399855,34.80355148905414,28.372538764494113,0.09156040651542886,2.4836266915150436,3.437789866214552,Verified debut-season capacity; original four-year role window retained,FAIL: aggregate and debut/swingman subgroup accuracy deteriorates; not release-ready,"MLB opportunity, future role, availability; other professional assignments unverified"
04el7,Max Lazar,Free agent,27.0,RP,2024,13.666666666666666,43.333333333333336,57.0,"[{""year"":2024,""IP"":13.666666666666666,""role"":""RP""},{""year"":2025,""IP"":41.333333333333336,""role"":""RP""},{""year"":2026,""IP"":10.0,""role"":""RP""}]",https://statsapi.mlb.com/api/v1/stats?stats=season&group=pitching&season=2024&sportId=12&playerPool=ALL&limit=10000;https://statsapi.mlb.com/api/v1/stats?stats=season&group=pitching&season=2024&sportId=11&playerPool=ALL&limit=10000,debut_opportunity,25.143779230728107,20.497702688016766,0.06614769324399855,32.14852636542068,26.208110135286894,0.08457562567474333,2.4836266915150436,3.175534490712349,Verified debut-season capacity; original four-year role window retained,FAIL: aggregate and debut/swingman subgroup accuracy deteriorates; not release-ready,"MLB opportunity, future role, availability; other professional assignments unverified"
04nb5,Hunter Barco,Free agent,25.0,RP,2025,3.0,99.33333333333333,102.33333333333333,"[{""year"":2025,""IP"":3.0,""role"":""RP""},{""year"":2026,""IP"":17.666666666666668,""role"":""RP""}]",https://statsapi.mlb.com/api/v1/stats?stats=season&group=pitching&season=2025&sportId=12&playerPool=ALL&limit=10000;https://statsapi.mlb.com/api/v1/stats?stats=season&group=pitching&season=2025&sportId=11&playerPool=ALL&limit=10000,debut_raw,17.170216972685235,15.799092349827783,0.0490451426905712,47.586677950718126,43.786652245625746,0.13592696085180764,2.0821614825248225,5.770640409956507,Verified debut-season capacity; original four-year role window retained,FAIL: aggregate and debut/swingman subgroup accuracy deteriorates; not release-ready,"MLB opportunity, future role, availability; other professional assignments unverified"
04nb5,Hunter Barco,Free agent,25.0,RP,2025,3.0,99.33333333333333,102.33333333333333,"[{""year"":2025,""IP"":3.0,""role"":""RP""},{""year"":2026,""IP"":17.666666666666668,""role"":""RP""}]",https://statsapi.mlb.com/api/v1/stats?stats=season&group=pitching&season=2025&sportId=12&playerPool=ALL&limit=10000;https://statsapi.mlb.com/api/v1/stats?stats=season&group=pitching&season=2025&sportId=11&playerPool=ALL&limit=10000,debut_opportunity,17.170216972685235,15.799092349827783,0.0490451426905712,22.421267239251176,20.63082093118704,0.06404428393664785,2.0821614825248225,2.7189347175537457,Verified debut-season capacity; original four-year role window retained,FAIL: aggregate and debut/swingman subgroup accuracy deteriorates; not release-ready,"MLB opportunity, future role, availability; other professional assignments unverified"
06jbm,Yunior Tur,Free agent,27.0,RP,2026,12.666666666666666,61.333333333333336,74.0,"[{""year"":2026,""IP"":12.666666666666666,""role"":""RP""}]",https://statsapi.mlb.com/api/v1/stats?stats=season&group=pitching&season=2026&sportId=11&playerPool=ALL&limit=10000,debut_raw,20.38490363562409,20.664849362704192,0.06724363467450951,60.00626563162586,60.83033122260812,0.19794253023904917,0.0,0.0,Verified debut-season capacity; original four-year role window retained,FAIL: aggregate and debut/swingman subgroup accuracy deteriorates; not release-ready,"MLB opportunity, future role, availability; other professional assignments unverified"
06jbm,Yunior Tur,Free agent,27.0,RP,2026,12.666666666666666,61.333333333333336,74.0,"[{""year"":2026,""IP"":12.666666666666666,""role"":""RP""}]",https://statsapi.mlb.com/api/v1/stats?stats=season&group=pitching&season=2026&sportId=11&playerPool=ALL&limit=10000,debut_opportunity,20.38490363562409,20.664849362704192,0.06724363467450951,27.166938571876642,27.54002193331837,0.08961551769907035,0.0,0.0,Verified debut-season capacity; original four-year role window retained,FAIL: aggregate and debut/swingman subgroup accuracy deteriorates; not release-ready,"MLB opportunity, future role, availability; other professional assignments unverified"
0516v,Zak Kent,Free agent,28.0,RP,2025,17.666666666666668,38.0,55.66666666666667,"[{""year"":2025,""IP"":17.666666666666668,""role"":""RP""},{""year"":2026,""IP"":16.333333333333332,""role"":""RP""}]",https://statsapi.mlb.com/api/v1/stats?stats=season&group=pitching&season=2025&sportId=11&playerPool=ALL&limit=10000,debut_raw,20.888201687305735,18.402051935279832,0.0795532357084459,32.37335438354137,28.5202219704337,0.12329472543881327,0.8496424400465731,1.316809183609158,Verified debut-season capacity; original four-year role window retained,FAIL: aggregate and debut/swingman subgroup accuracy deteriorates; not release-ready,"MLB opportunity, future role, availability; other professional assignments unverified"
0516v,Zak Kent,Free agent,28.0,RP,2025,17.666666666666668,38.0,55.66666666666667,"[{""year"":2025,""IP"":17.666666666666668,""role"":""RP""},{""year"":2026,""IP"":16.333333333333332,""role"":""RP""}]",https://statsapi.mlb.com/api/v1/stats?stats=season&group=pitching&season=2025&sportId=11&playerPool=ALL&limit=10000,debut_opportunity,20.888201687305735,18.402051935279832,0.0795532357084459,24.533190267548182,21.61320769493944,0.09343526538335291,0.8496424400465731,0.9979049395005668,Verified debut-season capacity; original four-year role window retained,FAIL: aggregate and debut/swingman subgroup accuracy deteriorates; not release-ready,"MLB opportunity, future role, availability; other professional assignments unverified"
04erh,CJ Van Eyk,Free agent,28.0,RP,2026,11.666666666666666,112.0,123.66666666666667,"[{""year"":2026,""IP"":11.666666666666666,""role"":""RP""}]",https://statsapi.mlb.com/api/v1/stats?stats=season&group=pitching&season=2026&sportId=11&playerPool=ALL&limit=10000,debut_raw,19.23986958738303,14.11182521643844,0.08248730180112265,64.36610916506324,47.210469814994056,0.27595751875284674,1.347167344339011,4.506887115606872,Verified debut-season capacity; original four-year role window retained,FAIL: aggregate and debut/swingman subgroup accuracy deteriorates; not release-ready,"MLB opportunity, future role, availability; other professional assignments unverified"
04erh,CJ Van Eyk,Free agent,28.0,RP,2026,11.666666666666666,112.0,123.66666666666667,"[{""year"":2026,""IP"":11.666666666666666,""role"":""RP""}]",https://statsapi.mlb.com/api/v1/stats?stats=season&group=pitching&season=2026&sportId=11&playerPool=ALL&limit=10000,debut_opportunity,19.23986958738303,14.11182521643844,0.08248730180112265,25.89297028861188,18.991660488537907,0.11101121268123644,1.347167344339011,1.8130145769612136,Verified debut-season capacity; original four-year role window retained,FAIL: aggregate and debut/swingman subgroup accuracy deteriorates; not release-ready,"MLB opportunity, future role, availability; other professional assignments unverified"
051i0,Jayden Murray,Free agent,29.0,RP,2025,11.666666666666666,64.0,75.66666666666667,"[{""year"":2025,""IP"":11.666666666666666,""role"":""RP""},{""year"":2026,""IP"":16.333333333333332,""role"":""RP""}]",https://statsapi.mlb.com/api/v1/stats?stats=season&group=pitching&season=2025&sportId=11&playerPool=ALL&limit=10000,debut_raw,16.310649629166296,15.07377179758019,0.06438076445919615,32.851026717898314,30.359850240196717,0.1296683002488035,1.4707481541839735,2.9622110711029332,Verified debut-season capacity; original four-year role window retained,FAIL: aggregate and debut/swingman subgroup accuracy deteriorates; not release-ready,"MLB opportunity, future role, availability; other professional assignments unverified"
051i0,Jayden Murray,Free agent,29.0,RP,2025,11.666666666666666,64.0,75.66666666666667,"[{""year"":2025,""IP"":11.666666666666666,""role"":""RP""},{""year"":2026,""IP"":16.333333333333332,""role"":""RP""}]",https://statsapi.mlb.com/api/v1/stats?stats=season&group=pitching&season=2025&sportId=11&playerPool=ALL&limit=10000,debut_opportunity,16.310649629166296,15.07377179758019,0.06438076445919615,19.88103939721858,18.373409875501814,0.07847366866047702,1.4707481541839735,1.7926938939594323,Verified debut-season capacity; original four-year role window retained,FAIL: aggregate and debut/swingman subgroup accuracy deteriorates; not release-ready,"MLB opportunity, future role, availability; other professional assignments unverified"
06dqg,Kade Morris,Free agent,24.0,RP,2026,17.333333333333332,97.0,114.33333333333333,"[{""year"":2026,""IP"":17.333333333333332,""role"":""RP""}]",https://statsapi.mlb.com/api/v1/stats?stats=season&group=pitching&season=2026&sportId=11&playerPool=ALL&limit=10000,debut_raw,19.296543663382867,15.694836524138728,0.029228541495633868,54.45650358991485,44.29217669388844,0.08248545452755572,0.02880237538269446,0.08128277715361708,Verified debut-season capacity; original four-year role window retained,FAIL: aggregate and debut/swingman subgroup accuracy deteriorates; not release-ready,"MLB opportunity, future role, availability; other professional assignments unverified"
06dqg,Kade Morris,Free agent,24.0,RP,2026,17.333333333333332,97.0,114.33333333333333,"[{""year"":2026,""IP"":17.333333333333332,""role"":""RP""}]",https://statsapi.mlb.com/api/v1/stats?stats=season&group=pitching&season=2026&sportId=11&playerPool=ALL&limit=10000,debut_opportunity,19.296543663382867,15.694836524138728,0.029228541495633868,27.13057661105613,22.066644272889395,0.04109477832455046,0.02880237538269446,0.040495596803867814,Verified debut-season capacity; original four-year role window retained,FAIL: aggregate and debut/swingman subgroup accuracy deteriorates; not release-ready,"MLB opportunity, future role, availability; other professional assignments unverified"
06f1b,Brody Hopkins,How Lowe Can You Go?,24.0,RP,2026,5.333333333333333,94.0,99.33333333333333,"[{""year"":2026,""IP"":5.333333333333333,""role"":""RP""}]",https://statsapi.mlb.com/api/v1/stats?stats=season&group=pitching&season=2026&sportId=11&playerPool=ALL&limit=10000,debut_raw,18.014435603126536,17.58673356761813,0.09824436690587676,76.0242236462221,74.2192425789389,0.41460925483214056,2.0538877419717494,8.667783131256929,Verified debut-season capacity; original four-year role window retained,FAIL: aggregate and debut/swingman subgroup accuracy deteriorates; not release-ready,"MLB opportunity, future role, availability; other professional assignments unverified"
06f1b,Brody Hopkins,How Lowe Can You Go?,24.0,RP,2026,5.333333333333333,94.0,99.33333333333333,"[{""year"":2026,""IP"":5.333333333333333,""role"":""RP""}]",https://statsapi.mlb.com/api/v1/stats?stats=season&group=pitching&season=2026&sportId=11&playerPool=ALL&limit=10000,debut_opportunity,18.014435603126536,17.58673356761813,0.09824436690587676,21.767951401475177,21.251132705160142,0.1187147158751205,2.0538877419717494,2.4818389838184594,Verified debut-season capacity; original four-year role window retained,FAIL: aggregate and debut/swingman subgroup accuracy deteriorates; not release-ready,"MLB opportunity, future role, availability; other professional assignments unverified"
0648f,Zach Maxwell,Free agent,25.0,RP,2025,10.0,49.666666666666664,59.666666666666664,"[{""year"":2025,""IP"":10.0,""role"":""RP""},{""year"":2026,""IP"":13.0,""role"":""RP""}]",https://statsapi.mlb.com/api/v1/stats?stats=season&group=pitching&season=2025&sportId=11&playerPool=ALL&limit=10000,debut_raw,19.844872477661404,18.980755421746892,0.07381535927372487,37.024971891827924,35.41277157446645,0.1377187787611781,0.5052505848023681,0.9426560297474742,Verified debut-season capacity; original four-year role window retained,FAIL: aggregate and debut/swingman subgroup accuracy deteriorates; not release-ready,"MLB opportunity, future role, availability; other professional assignments unverified"
0648f,Zach Maxwell,Free agent,25.0,RP,2025,10.0,49.666666666666664,59.666666666666664,"[{""year"":2025,""IP"":10.0,""role"":""RP""},{""year"":2026,""IP"":13.0,""role"":""RP""}]",https://statsapi.mlb.com/api/v1/stats?stats=season&group=pitching&season=2025&sportId=11&playerPool=ALL&limit=10000,debut_opportunity,19.844872477661404,18.980755421746892,0.07381535927372487,23.588022629351315,22.560915365635505,0.08773845067043255,0.5052505848023681,0.600551212471971,Verified debut-season capacity; original four-year role window retained,FAIL: aggregate and debut/swingman subgroup accuracy deteriorates; not release-ready,"MLB opportunity, future role, availability; other professional assignments unverified"
05r1d,Jordan Wicks,Free agent,27.0,SP,2023,34.666666666666664,91.33333333333333,126.0,"[{""year"":2023,""IP"":34.666666666666664,""role"":""SP""},{""year"":2024,""IP"":46.0,""role"":""SP""},{""year"":2025,""IP"":14.333333333333334,""role"":""RP""},{""year"":2026,""IP"":10.333333333333334,""role"":""SP""}]",https://statsapi.mlb.com/api/v1/stats?stats=season&group=pitching&season=2023&sportId=12&playerPool=ALL&limit=10000;https://statsapi.mlb.com/api/v1/stats?stats=season&group=pitching&season=2023&sportId=11&playerPool=ALL&limit=10000,debut_raw,37.21129606365159,33.16603017637379,2.716810941387185,50.676556393076496,45.16747268604946,3.699914742153282,3.2335396499886926,4.403626633740543,Verified debut-season capacity; original four-year role window retained,FAIL: aggregate and debut/swingman subgroup accuracy deteriorates; not release-ready,"MLB opportunity, future role, availability; other professional assignments unverified"
05r1d,Jordan Wicks,Free agent,27.0,SP,2023,34.666666666666664,91.33333333333333,126.0,"[{""year"":2023,""IP"":34.666666666666664,""role"":""SP""},{""year"":2024,""IP"":46.0,""role"":""SP""},{""year"":2025,""IP"":14.333333333333334,""role"":""RP""},{""year"":2026,""IP"":10.333333333333334,""role"":""SP""}]",https://statsapi.mlb.com/api/v1/stats?stats=season&group=pitching&season=2023&sportId=12&playerPool=ALL&limit=10000;https://statsapi.mlb.com/api/v1/stats?stats=season&group=pitching&season=2023&sportId=11&playerPool=ALL&limit=10000,debut_opportunity,37.21129606365159,33.16603017637379,2.716810941387185,42.12718475534639,37.54750918784268,3.075721852777982,3.2335396499886926,3.6607142631044463,Verified debut-season capacity; original four-year role window retained,FAIL: aggregate and debut/swingman subgroup accuracy deteriorates; not release-ready,"MLB opportunity, future role, availability; other professional assignments unverified"
062pm,Owen Murphy,Young Guns,23.0,RP,2026,12.0,117.33333333333333,129.33333333333331,"[{""year"":2026,""IP"":12.0,""role"":""RP""}]",https://statsapi.mlb.com/api/v1/stats?stats=season&group=pitching&season=2026&sportId=11&playerPool=ALL&limit=10000;https://statsapi.mlb.com/api/v1/stats?stats=season&group=pitching&season=2026&sportId=12&playerPool=ALL&limit=10000,debut_raw,24.11903582631665,21.102645129038994,0.13788409375123362,79.81839194320621,69.83609179394202,0.4563070728458093,2.1632824850042347,7.159064338862934,Verified debut-season capacity; original four-year role window retained,FAIL: aggregate and debut/swingman subgroup accuracy deteriorates; not release-ready,"MLB opportunity, future role, availability; other professional assignments unverified"
062pm,Owen Murphy,Young Guns,23.0,RP,2026,12.0,117.33333333333333,129.33333333333331,"[{""year"":2026,""IP"":12.0,""role"":""RP""}]",https://statsapi.mlb.com/api/v1/stats?stats=season&group=pitching&season=2026&sportId=11&playerPool=ALL&limit=10000;https://statsapi.mlb.com/api/v1/stats?stats=season&group=pitching&season=2026&sportId=12&playerPool=ALL&limit=10000,debut_opportunity,24.11903582631665,21.102645129038994,0.13788409375123362,32.619640902832025,28.540141951199736,0.1864804902138801,2.1632824850042347,2.9257180237374647,Verified debut-season capacity; original four-year role window retained,FAIL: aggregate and debut/swingman subgroup accuracy deteriorates; not release-ready,"MLB opportunity, future role, availability; other professional assignments unverified"
05xzr,Jedixson Paez,Free agent,22.0,RP,2026,11.666666666666666,70.66666666666667,82.33333333333334,"[{""year"":2026,""IP"":11.666666666666666,""role"":""RP""}]",https://statsapi.mlb.com/api/v1/stats?stats=season&group=pitching&season=2026&sportId=11&playerPool=ALL&limit=10000;https://statsapi.mlb.com/api/v1/stats?stats=season&group=pitching&season=2026&sportId=12&playerPool=ALL&limit=10000,debut_raw,16.15628064544887,14.187037659114704,0.5509582140272403,53.521351520014264,46.99778657255818,1.8251743017411493,1.8629272167415465,6.1713697980056335,Verified debut-season capacity; original four-year role window retained,FAIL: aggregate and debut/swingman subgroup accuracy deteriorates; not release-ready,"MLB opportunity, future role, availability; other professional assignments unverified"
05xzr,Jedixson Paez,Free agent,22.0,RP,2026,11.666666666666666,70.66666666666667,82.33333333333334,"[{""year"":2026,""IP"":11.666666666666666,""role"":""RP""}]",https://statsapi.mlb.com/api/v1/stats?stats=season&group=pitching&season=2026&sportId=11&playerPool=ALL&limit=10000;https://statsapi.mlb.com/api/v1/stats?stats=season&group=pitching&season=2026&sportId=12&playerPool=ALL&limit=10000,debut_opportunity,16.15628064544887,14.187037659114704,0.5509582140272403,21.450926315933845,18.83633406385366,0.7315151495332598,1.8629272167415465,2.4734352748154054,Verified debut-season capacity; original four-year role window retained,FAIL: aggregate and debut/swingman subgroup accuracy deteriorates; not release-ready,"MLB opportunity, future role, availability; other professional assignments unverified"
051gc,Bradley Hanner,Free agent,27.0,RP,2026,7.333333333333333,57.333333333333336,64.66666666666667,"[{""year"":2026,""IP"":7.333333333333333,""role"":""RP""}]",https://statsapi.mlb.com/api/v1/stats?stats=season&group=pitching&season=2026&sportId=11&playerPool=ALL&limit=10000,debut_raw,17.217361910504486,15.929893014122861,0.06219082462213526,54.86210235889565,50.75965909584912,0.19816737337222762,2.4622249888642895,7.845733862821806,Verified debut-season capacity; original four-year role window retained,FAIL: aggregate and debut/swingman subgroup accuracy deteriorates; not release-ready,"MLB opportunity, future role, availability; other professional assignments unverified"
051gc,Bradley Hanner,Free agent,27.0,RP,2026,7.333333333333333,57.333333333333336,64.66666666666667,"[{""year"":2026,""IP"":7.333333333333333,""role"":""RP""}]",https://statsapi.mlb.com/api/v1/stats?stats=season&group=pitching&season=2026&sportId=11&playerPool=ALL&limit=10000,debut_opportunity,17.217361910504486,15.929893014122861,0.06219082462213526,21.486353095373588,19.879660301741307,0.07761084561441377,2.4622249888642895,3.072725995189369,Verified debut-season capacity; original four-year role window retained,FAIL: aggregate and debut/swingman subgroup accuracy deteriorates; not release-ready,"MLB opportunity, future role, availability; other professional assignments unverified"
05gd5,Luis Perales,EpSkenes Island,23.0,RP,2026,11.0,96.33333333333333,107.33333333333333,"[{""year"":2026,""IP"":11.0,""role"":""RP""}]",https://statsapi.mlb.com/api/v1/stats?stats=season&group=pitching&season=2026&sportId=11&playerPool=ALL&limit=10000,debut_raw,15.518888226724936,15.709048717756069,0.03051252546210889,53.07575155608529,53.72611457373823,0.10435510566966612,0.013297907389497711,0.04547983196408133,Verified debut-season capacity; original four-year role window retained,FAIL: aggregate and debut/swingman subgroup accuracy deteriorates; not release-ready,"MLB opportunity, future role, availability; other professional assignments unverified"
05gd5,Luis Perales,EpSkenes Island,23.0,RP,2026,11.0,96.33333333333333,107.33333333333333,"[{""year"":2026,""IP"":11.0,""role"":""RP""}]",https://statsapi.mlb.com/api/v1/stats?stats=season&group=pitching&season=2026&sportId=11&playerPool=ALL&limit=10000,debut_opportunity,15.518888226724936,15.709048717756069,0.03051252546210889,20.64496953840181,20.897942398789098,0.04059119116665527,0.013297907389497711,0.017690371176711826,Verified debut-season capacity; original four-year role window retained,FAIL: aggregate and debut/swingman subgroup accuracy deteriorates; not release-ready,"MLB opportunity, future role, availability; other professional assignments unverified"
05yer,Patrick Monteverde,Free agent,29.0,RP,2025,3.6666666666666665,94.66666666666667,98.33333333333334,"[{""year"":2025,""IP"":3.6666666666666665,""role"":""RP""},{""year"":2026,""IP"":4.0,""role"":""RP""}]",https://statsapi.mlb.com/api/v1/stats?stats=season&group=pitching&season=2025&sportId=11&playerPool=ALL&limit=10000,debut_raw,11.281930090442437,10.14108478679897,0.05274337041437245,37.957798093375715,34.11944992561319,0.17745387437287016,1.4935441167485488,5.024995330818201,Verified debut-season capacity; original four-year role window retained,FAIL: aggregate and debut/swingman subgroup accuracy deteriorates; not release-ready,"MLB opportunity, future role, availability; other professional assignments unverified"
05yer,Patrick Monteverde,Free agent,29.0,RP,2025,3.6666666666666665,94.66666666666667,98.33333333333334,"[{""year"":2025,""IP"":3.6666666666666665,""role"":""RP""},{""year"":2026,""IP"":4.0,""role"":""RP""}]",https://statsapi.mlb.com/api/v1/stats?stats=season&group=pitching&season=2025&sportId=11&playerPool=ALL&limit=10000,debut_opportunity,11.281930090442437,10.14108478679897,0.05274337041437245,12.367050144799045,11.116475911089719,0.05781634006692152,1.4935441167485488,1.6371963695242642,Verified debut-season capacity; original four-year role window retained,FAIL: aggregate and debut/swingman subgroup accuracy deteriorates; not release-ready,"MLB opportunity, future role, availability; other professional assignments unverified"
061pi,Yaramil Hiraldo,Free agent,30.0,RP,2025,19.666666666666668,45.666666666666664,65.33333333333333,"[{""year"":2025,""IP"":19.666666666666668,""role"":""RP""},{""year"":2026,""IP"":9.333333333333334,""role"":""RP""}]",https://statsapi.mlb.com/api/v1/stats?stats=season&group=pitching&season=2025&sportId=12&playerPool=ALL&limit=10000;https://statsapi.mlb.com/api/v1/stats?stats=season&group=pitching&season=2025&sportId=13&playerPool=ALL&limit=10000;https://statsapi.mlb.com/api/v1/stats?stats=season&group=pitching&season=2025&sportId=11&playerPool=ALL&limit=10000,debut_raw,17.95923866818795,18.026973957368007,0.055156429121068655,31.069801887770982,31.186985141165966,0.09542160206735499,1.0814445932978314,1.8709183550125899,Verified debut-season capacity; original four-year role window retained,FAIL: aggregate and debut/swingman subgroup accuracy deteriorates; not release-ready,"MLB opportunity, future role, availability; other professional assignments unverified"
061pi,Yaramil Hiraldo,Free agent,30.0,RP,2025,19.666666666666668,45.666666666666664,65.33333333333333,"[{""year"":2025,""IP"":19.666666666666668,""role"":""RP""},{""year"":2026,""IP"":9.333333333333334,""role"":""RP""}]",https://statsapi.mlb.com/api/v1/stats?stats=season&group=pitching&season=2025&sportId=12&playerPool=ALL&limit=10000;https://statsapi.mlb.com/api/v1/stats?stats=season&group=pitching&season=2025&sportId=13&playerPool=ALL&limit=10000;https://statsapi.mlb.com/api/v1/stats?stats=season&group=pitching&season=2025&sportId=11&playerPool=ALL&limit=10000,debut_opportunity,17.95923866818795,18.026973957368007,0.055156429121068655,21.905785759797126,21.988405895348006,0.06727706791612423,1.0814445932978314,1.3190923072833958,Verified debut-season capacity; original four-year role window retained,FAIL: aggregate and debut/swingman subgroup accuracy deteriorates; not release-ready,"MLB opportunity, future role, availability; other professional assignments unverified"
05xpv,Chase Lee,Free agent,28.0,RP,2025,37.333333333333336,32.0,69.33333333333334,"[{""year"":2025,""IP"":37.333333333333336,""role"":""RP""},{""year"":2026,""IP"":9.666666666666666,""role"":""RP""}]",https://statsapi.mlb.com/api/v1/stats?stats=season&group=pitching&season=2025&sportId=11&playerPool=ALL&limit=10000,debut_raw,24.36956863519003,21.715975328002624,0.08449161432682294,34.04127616886213,30.33453420875332,0.11802434504725243,3.030501328941352,4.233235894033372,Verified debut-season capacity; original four-year role window retained,FAIL: aggregate and debut/swingman subgroup accuracy deteriorates; not release-ready,"MLB opportunity, future role, availability; other professional assignments unverified"
05xpv,Chase Lee,Free agent,28.0,RP,2025,37.333333333333336,32.0,69.33333333333334,"[{""year"":2025,""IP"":37.333333333333336,""role"":""RP""},{""year"":2026,""IP"":9.666666666666666,""role"":""RP""}]",https://statsapi.mlb.com/api/v1/stats?stats=season&group=pitching&season=2025&sportId=11&playerPool=ALL&limit=10000,debut_opportunity,24.36956863519003,21.715975328002624,0.08449161432682294,29.577411153321165,26.356737802253,0.10254770009936189,3.030501328941352,3.678127633221672,Verified debut-season capacity; original four-year role window retained,FAIL: aggregate and debut/swingman subgroup accuracy deteriorates; not release-ready,"MLB opportunity, future role, availability; other professional assignments unverified"
05y29,Andrew Hoffmann,Free agent,26.0,RP,2025,12.0,42.333333333333336,54.333333333333336,"[{""year"":2025,""IP"":12.0,""role"":""RP""},{""year"":2026,""IP"":11.666666666666666,""role"":""RP""}]",https://statsapi.mlb.com/api/v1/stats?stats=season&group=pitching&season=2025&sportId=11&playerPool=ALL&limit=10000,debut_raw,17.67729221108655,17.216520743299863,0.06490589441922215,30.63761613492999,29.839024405642228,0.11249244818520736,1.6431967939144747,2.8479267076054593,Verified debut-season capacity; original four-year role window retained,FAIL: aggregate and debut/swingman subgroup accuracy deteriorates; not release-ready,"MLB opportunity, future role, availability; other professional assignments unverified"
05y29,Andrew Hoffmann,Free agent,26.0,RP,2025,12.0,42.333333333333336,54.333333333333336,"[{""year"":2025,""IP"":12.0,""role"":""RP""},{""year"":2026,""IP"":11.666666666666666,""role"":""RP""}]",https://statsapi.mlb.com/api/v1/stats?stats=season&group=pitching&season=2025&sportId=11&playerPool=ALL&limit=10000,debut_opportunity,17.67729221108655,17.216520743299863,0.06490589441922215,20.53969504089246,20.0043129632037,0.07541580813440907,1.6431967939144747,1.9092721122756726,Verified debut-season capacity; original four-year role window retained,FAIL: aggregate and debut/swingman subgroup accuracy deteriorates; not release-ready,"MLB opportunity, future role, availability; other professional assignments unverified"
051hq,Taylor Rashi,Free agent,30.0,RP,2025,16.333333333333332,67.33333333333333,83.66666666666666,"[{""year"":2025,""IP"":16.333333333333332,""role"":""RP""},{""year"":2026,""IP"":5.666666666666667,""role"":""RP""}]",https://statsapi.mlb.com/api/v1/stats?stats=season&group=pitching&season=2025&sportId=11&playerPool=ALL&limit=10000,debut_raw,15.715662967188743,15.53577767480281,0.05249279876361375,35.046566400442565,34.645414895906676,0.11706107220897898,2.0451021161100353,4.560660740662162,Verified debut-season capacity; original four-year role window retained,FAIL: aggregate and debut/swingman subgroup accuracy deteriorates; not release-ready,"MLB opportunity, future role, availability; other professional assignments unverified"
051hq,Taylor Rashi,Free agent,30.0,RP,2025,16.333333333333332,67.33333333333333,83.66666666666666,"[{""year"":2025,""IP"":16.333333333333332,""role"":""RP""},{""year"":2026,""IP"":5.666666666666667,""role"":""RP""}]",https://statsapi.mlb.com/api/v1/stats?stats=season&group=pitching&season=2025&sportId=11&playerPool=ALL&limit=10000,debut_opportunity,15.715662967188743,15.53577767480281,0.05249279876361375,19.48942499200722,19.266344303623885,0.06509776051191213,2.0451021161100353,2.536187265923,Verified debut-season capacity; original four-year role window retained,FAIL: aggregate and debut/swingman subgroup accuracy deteriorates; not release-ready,"MLB opportunity, future role, availability; other professional assignments unverified"
05xsv,Hayden Juenger,Free agent,26.0,RP,2026,16.0,42.333333333333336,58.333333333333336,"[{""year"":2026,""IP"":16.0,""role"":""RP""}]",https://statsapi.mlb.com/api/v1/stats?stats=season&group=pitching&season=2026&sportId=11&playerPool=ALL&limit=10000,debut_raw,22.252524672390855,16.700651342213465,0.07426173279999868,49.25319951373135,36.964817461268666,0.16436912196178052,0.05230468776966896,0.115769929936051,Verified debut-season capacity; original four-year role window retained,FAIL: aggregate and debut/swingman subgroup accuracy deteriorates; not release-ready,"MLB opportunity, future role, availability; other professional assignments unverified"
05xsv,Hayden Juenger,Free agent,26.0,RP,2026,16.0,42.333333333333336,58.333333333333336,"[{""year"":2026,""IP"":16.0,""role"":""RP""}]",https://statsapi.mlb.com/api/v1/stats?stats=season&group=pitching&season=2026&sportId=11&playerPool=ALL&limit=10000,debut_opportunity,22.252524672390855,16.700651342213465,0.07426173279999868,29.65842405744425,22.258822620582894,0.09897690239865885,0.05230468776966896,0.06971229704959085,Verified debut-season capacity; original four-year role window retained,FAIL: aggregate and debut/swingman subgroup accuracy deteriorates; not release-ready,"MLB opportunity, future role, availability; other professional assignments unverified"
061lj,Winston Santos,Ohtani and the Bums,24.0,RP,2026,2.0,83.33333333333333,85.33333333333333,"[{""year"":2026,""IP"":2.0,""role"":""RP""}]",https://statsapi.mlb.com/api/v1/stats?stats=season&group=pitching&season=2026&sportId=11&playerPool=ALL&limit=10000;https://statsapi.mlb.com/api/v1/stats?stats=season&group=pitching&season=2026&sportId=12&playerPool=ALL&limit=10000,debut_raw,15.53538483205408,13.827944110912334,0.09354996864011432,76.0242236462221,67.66866267042207,0.4577977188771552,2.6487830640306793,12.962129887809713,Verified debut-season capacity; original four-year role window retained,FAIL: aggregate and debut/swingman subgroup accuracy deteriorates; not release-ready,"MLB opportunity, future role, availability; other professional assignments unverified"
061lj,Winston Santos,Ohtani and the Bums,24.0,RP,2026,2.0,83.33333333333333,85.33333333333333,"[{""year"":2026,""IP"":2.0,""role"":""RP""}]",https://statsapi.mlb.com/api/v1/stats?stats=season&group=pitching&season=2026&sportId=11&playerPool=ALL&limit=10000;https://statsapi.mlb.com/api/v1/stats?stats=season&group=pitching&season=2026&sportId=12&playerPool=ALL&limit=10000,debut_opportunity,15.53538483205408,13.827944110912334,0.09354996864011432,16.987953643229346,15.120866079394412,0.10229695290874201,2.6487830640306793,2.8964460416764997,Verified debut-season capacity; original four-year role window retained,FAIL: aggregate and debut/swingman subgroup accuracy deteriorates; not release-ready,"MLB opportunity, future role, availability; other professional assignments unverified"
066qr,Tyler Uberstine,Free agent,27.0,RP,2026,2.6666666666666665,56.333333333333336,59.0,"[{""year"":2026,""IP"":2.6666666666666665,""role"":""RP""}]",https://statsapi.mlb.com/api/v1/stats?stats=season&group=pitching&season=2026&sportId=13&playerPool=ALL&limit=10000;https://statsapi.mlb.com/api/v1/stats?stats=season&group=pitching&season=2026&sportId=11&playerPool=ALL&limit=10000,debut_raw,14.153255129821483,12.79219410194059,0.0584262468605048,51.14140126806629,46.22334054361007,0.21111752087223645,2.5970619438456315,9.384228982658701,Verified debut-season capacity; original four-year role window retained,FAIL: aggregate and debut/swingman subgroup accuracy deteriorates; not release-ready,"MLB opportunity, future role, availability; other professional assignments unverified"
066qr,Tyler Uberstine,Free agent,27.0,RP,2026,2.6666666666666665,56.333333333333336,59.0,"[{""year"":2026,""IP"":2.6666666666666665,""role"":""RP""}]",https://statsapi.mlb.com/api/v1/stats?stats=season&group=pitching&season=2026&sportId=13&playerPool=ALL&limit=10000;https://statsapi.mlb.com/api/v1/stats?stats=season&group=pitching&season=2026&sportId=11&playerPool=ALL&limit=10000,debut_opportunity,14.153255129821483,12.79219410194059,0.0584262468605048,15.82503574623933,14.303206370490626,0.06532754738080906,2.5970619438456315,2.9038265557693865,Verified debut-season capacity; original four-year role window retained,FAIL: aggregate and debut/swingman subgroup accuracy deteriorates; not release-ready,"MLB opportunity, future role, availability; other professional assignments unverified"
0310j,Matt Krook,Free agent,31.0,RP,2023,4.0,34.0,38.0,"[{""year"":2023,""IP"":4.0,""role"":""RP""},{""year"":2024,""IP"":1.0,""role"":""RP""},{""year"":2025,""IP"":3.3333333333333335,""role"":""RP""},{""year"":2026,""IP"":8.333333333333334,""role"":""RP""}]",https://statsapi.mlb.com/api/v1/stats?stats=season&group=pitching&season=2023&sportId=11&playerPool=ALL&limit=10000,debut_raw,10.239127398782571,9.493780446807653,0.07083829860035461,15.432362209948415,14.308978967707912,0.10676713354178362,0.35241330214064365,0.5311555872314908,Verified debut-season capacity; original four-year role window retained,FAIL: aggregate and debut/swingman subgroup accuracy deteriorates; not release-ready,"MLB opportunity, future role, availability; other professional assignments unverified"
0310j,Matt Krook,Free agent,31.0,RP,2023,4.0,34.0,38.0,"[{""year"":2023,""IP"":4.0,""role"":""RP""},{""year"":2024,""IP"":1.0,""role"":""RP""},{""year"":2025,""IP"":3.3333333333333335,""role"":""RP""},{""year"":2026,""IP"":8.333333333333334,""role"":""RP""}]",https://statsapi.mlb.com/api/v1/stats?stats=season&group=pitching&season=2023&sportId=11&playerPool=ALL&limit=10000,debut_opportunity,10.239127398782571,9.493780446807653,0.07083829860035461,11.377994681932975,10.549745034724378,0.07871742906996623,0.35241330214064365,0.3916111716781098,Verified debut-season capacity; original four-year role window retained,FAIL: aggregate and debut/swingman subgroup accuracy deteriorates; not release-ready,"MLB opportunity, future role, availability; other professional assignments unverified"
0603p,Hurston Waldrep,Yoho and a Bottle of Rum,24.0,SP,2024,7.0,93.33333333333333,100.33333333333333,"[{""year"":2024,""IP"":7.0,""role"":""SP""},{""year"":2025,""IP"":56.333333333333336,""role"":""SP""},{""year"":2026,""IP"":10.666666666666666,""role"":""SP""}]",https://statsapi.mlb.com/api/v1/stats?stats=season&group=pitching&season=2024&sportId=16&playerPool=ALL&limit=10000;https://statsapi.mlb.com/api/v1/stats?stats=season&group=pitching&season=2024&sportId=14&playerPool=ALL&limit=10000;https://statsapi.mlb.com/api/v1/stats?stats=season&group=pitching&season=2024&sportId=12&playerPool=ALL&limit=10000;https://statsapi.mlb.com/api/v1/stats?stats=season&group=pitching&season=2024&sportId=11&playerPool=ALL&limit=10000,debut_raw,47.931162753565424,41.04762126131039,4.878322133062085,69.6224806173205,59.623782346905635,7.086013955063002,3.3962491556241727,4.933226682289195,Verified debut-season capacity; original four-year role window retained,FAIL: aggregate and debut/swingman subgroup accuracy deteriorates; not release-ready,"MLB opportunity, future role, availability; other professional assignments unverified"
0603p,Hurston Waldrep,Yoho and a Bottle of Rum,24.0,SP,2024,7.0,93.33333333333333,100.33333333333333,"[{""year"":2024,""IP"":7.0,""role"":""SP""},{""year"":2025,""IP"":56.333333333333336,""role"":""SP""},{""year"":2026,""IP"":10.666666666666666,""role"":""SP""}]",https://statsapi.mlb.com/api/v1/stats?stats=season&group=pitching&season=2024&sportId=16&playerPool=ALL&limit=10000;https://statsapi.mlb.com/api/v1/stats?stats=season&group=pitching&season=2024&sportId=14&playerPool=ALL&limit=10000;https://statsapi.mlb.com/api/v1/stats?stats=season&group=pitching&season=2024&sportId=12&playerPool=ALL&limit=10000;https://statsapi.mlb.com/api/v1/stats?stats=season&group=pitching&season=2024&sportId=11&playerPool=ALL&limit=10000,debut_opportunity,47.931162753565424,41.04762126131039,4.878322133062085,59.92294655334358,51.317228159678315,6.098817964263291,3.3962491556241727,4.2459486676894125,Verified debut-season capacity; original four-year role window retained,FAIL: aggregate and debut/swingman subgroup accuracy deteriorates; not release-ready,"MLB opportunity, future role, availability; other professional assignments unverified"
06kvo,Spencer Bivens,Free agent,32.0,RP,2024,48.666666666666664,49.333333333333336,98.0,"[{""year"":2024,""IP"":48.666666666666664,""role"":""RP""},{""year"":2025,""IP"":81.0,""role"":""RP""},{""year"":2026,""IP"":7.666666666666667,""role"":""RP""}]",https://statsapi.mlb.com/api/v1/stats?stats=season&group=pitching&season=2024&sportId=11&playerPool=ALL&limit=10000,debut_raw,38.59076854111794,32.88296762805407,0.6613027252417111,48.34480847046741,41.19432786691014,0.8284508135344459,2.7411649328815457,3.4340102225463753,Verified debut-season capacity; original four-year role window retained,FAIL: aggregate and debut/swingman subgroup accuracy deteriorates; not release-ready,"MLB opportunity, future role, availability; other professional assignments unverified"
06kvo,Spencer Bivens,Free agent,32.0,RP,2024,48.666666666666664,49.333333333333336,98.0,"[{""year"":2024,""IP"":48.666666666666664,""role"":""RP""},{""year"":2025,""IP"":81.0,""role"":""RP""},{""year"":2026,""IP"":7.666666666666667,""role"":""RP""}]",https://statsapi.mlb.com/api/v1/stats?stats=season&group=pitching&season=2024&sportId=11&playerPool=ALL&limit=10000,debut_opportunity,38.59076854111794,32.88296762805407,0.6613027252417111,46.652781135784345,39.75256129486369,0.7994557369938695,2.7411649328815457,3.31382277433921,Verified debut-season capacity; original four-year role window retained,FAIL: aggregate and debut/swingman subgroup accuracy deteriorates; not release-ready,"MLB opportunity, future role, availability; other professional assignments unverified"
0614b,Josh Simpson,Free agent,29.0,RP,2025,30.666666666666668,34.333333333333336,65.0,"[{""year"":2025,""IP"":30.666666666666668,""role"":""RP""},{""year"":2026,""IP"":7.333333333333333,""role"":""RP""}]",https://statsapi.mlb.com/api/v1/stats?stats=season&group=pitching&season=2025&sportId=11&playerPool=ALL&limit=10000,debut_raw,18.378196765257798,19.88504326015953,0.06794399264489655,27.25141989098383,29.485790709205304,0.10074820159376066,1.0773240137947406,1.5974695142050144,Verified debut-season capacity; original four-year role window retained,FAIL: aggregate and debut/swingman subgroup accuracy deteriorates; not release-ready,"MLB opportunity, future role, availability; other professional assignments unverified"
0614b,Josh Simpson,Free agent,29.0,RP,2025,30.666666666666668,34.333333333333336,65.0,"[{""year"":2025,""IP"":30.666666666666668,""role"":""RP""},{""year"":2026,""IP"":7.333333333333333,""role"":""RP""}]",https://statsapi.mlb.com/api/v1/stats?stats=season&group=pitching&season=2025&sportId=11&playerPool=ALL&limit=10000,debut_opportunity,18.378196765257798,19.88504326015953,0.06794399264489655,22.564537932267008,24.41462667201703,0.08342085020025809,1.0773240137947406,1.322725993475486,Verified debut-season capacity; original four-year role window retained,FAIL: aggregate and debut/swingman subgroup accuracy deteriorates; not release-ready,"MLB opportunity, future role, availability; other professional assignments unverified"
05t66,TJ Shook,Free agent,28.0,RP,2026,7.666666666666667,57.333333333333336,65.0,"[{""year"":2026,""IP"":7.666666666666667,""role"":""RP""}]",https://statsapi.mlb.com/api/v1/stats?stats=season&group=pitching&season=2026&sportId=11&playerPool=ALL&limit=10000,debut_raw,16.72119575048925,15.350309964036764,0.07930195144999323,52.82218741263341,48.491564949153805,0.2505145328232004,1.6568767789579284,5.234066812189274,Verified debut-season capacity; original four-year role window retained,FAIL: aggregate and debut/swingman subgroup accuracy deteriorates; not release-ready,"MLB opportunity, future role, availability; other professional assignments unverified"
05t66,TJ Shook,Free agent,28.0,RP,2026,7.666666666666667,57.333333333333336,65.0,"[{""year"":2026,""IP"":7.666666666666667,""role"":""RP""}]",https://statsapi.mlb.com/api/v1/stats?stats=season&group=pitching&season=2026&sportId=11&playerPool=ALL&limit=10000,debut_opportunity,16.72119575048925,15.350309964036764,0.07930195144999323,20.979261433716513,19.25927850074288,0.09949625591965358,1.6568767789579284,2.0788017572364974,Verified debut-season capacity; original four-year role window retained,FAIL: aggregate and debut/swingman subgroup accuracy deteriorates; not release-ready,"MLB opportunity, future role, availability; other professional assignments unverified"
066f4,Duncan Davitt,Free agent,27.0,RP,2026,8.0,76.0,84.0,"[{""year"":2026,""IP"":8.0,""role"":""RP""}]",https://statsapi.mlb.com/api/v1/stats?stats=season&group=pitching&season=2026&sportId=11&playerPool=ALL&limit=10000;https://statsapi.mlb.com/api/v1/stats?stats=season&group=pitching&season=2026&sportId=12&playerPool=ALL&limit=10000,debut_raw,17.655091450602058,15.11605027651166,0.06265314118935304,67.11852948162766,57.46597625781293,0.2381854954305984,0.9333983236595743,3.548456437052929,Verified debut-season capacity; original four-year role window retained,FAIL: aggregate and debut/swingman subgroup accuracy deteriorates; not release-ready,"MLB opportunity, future role, availability; other professional assignments unverified"
066f4,Duncan Davitt,Free agent,27.0,RP,2026,8.0,76.0,84.0,"[{""year"":2026,""IP"":8.0,""role"":""RP""}]",https://statsapi.mlb.com/api/v1/stats?stats=season&group=pitching&season=2026&sportId=11&playerPool=ALL&limit=10000;https://statsapi.mlb.com/api/v1/stats?stats=season&group=pitching&season=2026&sportId=12&playerPool=ALL&limit=10000,debut_opportunity,17.655091450602058,15.11605027651166,0.06265314118935304,22.407583600232837,19.185069713400274,0.07951844956145752,0.9333983236595743,1.1846554875254336,Verified debut-season capacity; original four-year role window retained,FAIL: aggregate and debut/swingman subgroup accuracy deteriorates; not release-ready,"MLB opportunity, future role, availability; other professional assignments unverified"
05tdd,Joe Rock,Free agent,26.0,RP,2025,7.666666666666667,96.66666666666667,104.33333333333334,"[{""year"":2025,""IP"":7.666666666666667,""role"":""RP""},{""year"":2026,""IP"":10.333333333333334,""role"":""RP""}]",https://statsapi.mlb.com/api/v1/stats?stats=season&group=pitching&season=2025&sportId=11&playerPool=ALL&limit=10000,debut_raw,17.442924906212248,17.429537599347235,0.08100366132600414,50.00804222038533,49.969661443622115,0.23223367281446677,0.6484574003767014,1.859096753011316,Verified debut-season capacity; original four-year role window retained,FAIL: aggregate and debut/swingman subgroup accuracy deteriorates; not release-ready,"MLB opportunity, future role, availability; other professional assignments unverified"
05tdd,Joe Rock,Free agent,26.0,RP,2025,7.666666666666667,96.66666666666667,104.33333333333334,"[{""year"":2025,""IP"":7.666666666666667,""role"":""RP""},{""year"":2026,""IP"":10.333333333333334,""role"":""RP""}]",https://statsapi.mlb.com/api/v1/stats?stats=season&group=pitching&season=2025&sportId=11&playerPool=ALL&limit=10000,debut_opportunity,17.442924906212248,17.429537599347235,0.08100366132600414,20.668224065123958,20.652361366671585,0.09598171358204995,0.6484574003767014,0.7683609784331654,Verified debut-season capacity; original four-year role window retained,FAIL: aggregate and debut/swingman subgroup accuracy deteriorates; not release-ready,"MLB opportunity, future role, availability; other professional assignments unverified"
051cl,Joey Estes,Free agent,24.0,SP,2023,10.0,137.0,147.0,"[{""year"":2023,""IP"":10.0,""role"":""SP""},{""year"":2024,""IP"":127.66666666666667,""role"":""SP""},{""year"":2025,""IP"":11.0,""role"":""SP""},{""year"":2026,""IP"":7.333333333333333,""role"":""SP""}]",https://statsapi.mlb.com/api/v1/stats?stats=season&group=pitching&season=2023&sportId=12&playerPool=ALL&limit=10000;https://statsapi.mlb.com/api/v1/stats?stats=season&group=pitching&season=2023&sportId=11&playerPool=ALL&limit=10000,debut_raw,57.62469368009817,43.207195530662446,5.268138109572249,81.54834136778415,61.14522968641759,7.4552747701703534,5.050538960979288,7.1473364798723065,Verified debut-season capacity; original four-year role window retained,FAIL: aggregate and debut/swingman subgroup accuracy deteriorates; not release-ready,"MLB opportunity, future role, availability; other professional assignments unverified"
051cl,Joey Estes,Free agent,24.0,SP,2023,10.0,137.0,147.0,"[{""year"":2023,""IP"":10.0,""role"":""SP""},{""year"":2024,""IP"":127.66666666666667,""role"":""SP""},{""year"":2025,""IP"":11.0,""role"":""SP""},{""year"":2026,""IP"":7.333333333333333,""role"":""SP""}]",https://statsapi.mlb.com/api/v1/stats?stats=season&group=pitching&season=2023&sportId=12&playerPool=ALL&limit=10000;https://statsapi.mlb.com/api/v1/stats?stats=season&group=pitching&season=2023&sportId=11&playerPool=ALL&limit=10000,debut_opportunity,57.62469368009817,43.207195530662446,5.268138109572249,78.3861832337578,58.77423253102727,7.166185410896039,5.050538960979288,6.870187885463493,Verified debut-season capacity; original four-year role window retained,FAIL: aggregate and debut/swingman subgroup accuracy deteriorates; not release-ready,"MLB opportunity, future role, availability; other professional assignments unverified"
05ymh,Luis Curvelo,Free agent,25.0,RP,2025,19.0,40.666666666666664,59.666666666666664,"[{""year"":2025,""IP"":19.0,""role"":""RP""},{""year"":2026,""IP"":10.333333333333334,""role"":""RP""}]",https://statsapi.mlb.com/api/v1/stats?stats=season&group=pitching&season=2025&sportId=11&playerPool=ALL&limit=10000,debut_raw,19.324999816020906,17.940301197657575,0.051858238575296,31.777376458034365,29.500424856711568,0.08527393455867333,2.202711944516789,3.622065063694858,Verified debut-season capacity; original four-year role window retained,FAIL: aggregate and debut/swingman subgroup accuracy deteriorates; not release-ready,"MLB opportunity, future role, availability; other professional assignments unverified"
05ymh,Luis Curvelo,Free agent,25.0,RP,2025,19.0,40.666666666666664,59.666666666666664,"[{""year"":2025,""IP"":19.0,""role"":""RP""},{""year"":2026,""IP"":10.333333333333334,""role"":""RP""}]",https://statsapi.mlb.com/api/v1/stats?stats=season&group=pitching&season=2025&sportId=11&playerPool=ALL&limit=10000,debut_opportunity,19.324999816020906,17.940301197657575,0.051858238575296,23.290281763477704,21.621457893557448,0.06249899092754464,2.202711944516789,2.654684725484106,Verified debut-season capacity; original four-year role window retained,FAIL: aggregate and debut/swingman subgroup accuracy deteriorates; not release-ready,"MLB opportunity, future role, availability; other professional assignments unverified"
0516h,DJ Herz,How Lowe Can You Go?,25.0,SP,2024,88.66666666666667,39.333333333333336,128.0,"[{""year"":2024,""IP"":88.66666666666667,""role"":""SP""},{""year"":2026,""IP"":7.0,""role"":""SP""}]",https://statsapi.mlb.com/api/v1/stats?stats=season&group=pitching&season=2024&sportId=11&playerPool=ALL&limit=10000,debut_raw,57.65320580359103,57.7036874925582,5.932977066733252,68.37772948768603,68.43760167040624,7.036616529318176,8.210319714687312,9.737585493005431,Verified debut-season capacity; original four-year role window retained,FAIL: aggregate and debut/swingman subgroup accuracy deteriorates; not release-ready,"MLB opportunity, future role, availability; other professional assignments unverified"
0516h,DJ Herz,How Lowe Can You Go?,25.0,SP,2024,88.66666666666667,39.333333333333336,128.0,"[{""year"":2024,""IP"":88.66666666666667,""role"":""SP""},{""year"":2026,""IP"":7.0,""role"":""SP""}]",https://statsapi.mlb.com/api/v1/stats?stats=season&group=pitching&season=2024&sportId=11&playerPool=ALL&limit=10000,debut_opportunity,57.65320580359103,57.7036874925582,5.932977066733252,65.08217273059435,65.13915929283836,6.697477319461352,8.210319714687312,9.268269446543096,Verified debut-season capacity; original four-year role window retained,FAIL: aggregate and debut/swingman subgroup accuracy deteriorates; not release-ready,"MLB opportunity, future role, availability; other professional assignments unverified"
052ij,Domingo Gonzalez,Free agent,27.0,RP,2026,7.666666666666667,59.0,66.66666666666667,"[{""year"":2026,""IP"":7.666666666666667,""role"":""RP""}]",https://statsapi.mlb.com/api/v1/stats?stats=season&group=pitching&season=2026&sportId=11&playerPool=ALL&limit=10000,debut_raw,17.436226680553272,15.060773269722693,0.06242402855427168,56.17529097918836,48.522156559357626,0.20111507107443174,0.983589773257794,3.1688875540104644,Verified debut-season capacity; original four-year role window retained,FAIL: aggregate and debut/swingman subgroup accuracy deteriorates; not release-ready,"MLB opportunity, future role, availability; other professional assignments unverified"
052ij,Domingo Gonzalez,Free agent,27.0,RP,2026,7.666666666666667,59.0,66.66666666666667,"[{""year"":2026,""IP"":7.666666666666667,""role"":""RP""}]",https://statsapi.mlb.com/api/v1/stats?stats=season&group=pitching&season=2026&sportId=11&playerPool=ALL&limit=10000,debut_opportunity,17.436226680553272,15.060773269722693,0.06242402855427168,21.89121907489631,18.90883234803071,0.0783734984440901,0.983589773257794,1.2348990180443506,Verified debut-season capacity; original four-year role window retained,FAIL: aggregate and debut/swingman subgroup accuracy deteriorates; not release-ready,"MLB opportunity, future role, availability; other professional assignments unverified"
06fqh,Jared Simpson,Free agent,26.0,RP,2026,4.333333333333333,58.666666666666664,63.0,"[{""year"":2026,""IP"":4.333333333333333,""role"":""RP""}]",https://statsapi.mlb.com/api/v1/stats?stats=season&group=pitching&season=2026&sportId=11&playerPool=ALL&limit=10000;https://statsapi.mlb.com/api/v1/stats?stats=season&group=pitching&season=2026&sportId=12&playerPool=ALL&limit=10000,debut_raw,14.811393810604104,14.002283284266518,0.06622524573055351,52.229651858446054,49.37647263399247,0.23353112968142556,1.8660605741763046,6.580318866832234,Verified debut-season capacity; original four-year role window retained,FAIL: aggregate and debut/swingman subgroup accuracy deteriorates; not release-ready,"MLB opportunity, future role, availability; other professional assignments unverified"
06fqh,Jared Simpson,Free agent,26.0,RP,2026,4.333333333333333,58.666666666666664,63.0,"[{""year"":2026,""IP"":4.333333333333333,""role"":""RP""}]",https://statsapi.mlb.com/api/v1/stats?stats=season&group=pitching&season=2026&sportId=11&playerPool=ALL&limit=10000;https://statsapi.mlb.com/api/v1/stats?stats=season&group=pitching&season=2026&sportId=12&playerPool=ALL&limit=10000,debut_opportunity,14.811393810604104,14.002283284266518,0.06622524573055351,17.385136427651435,16.435428583454023,0.07773305785415846,1.8660605741763046,2.190321726581211,Verified debut-season capacity; original four-year role window retained,FAIL: aggregate and debut/swingman subgroup accuracy deteriorates; not release-ready,"MLB opportunity, future role, availability; other professional assignments unverified"
05jp5,Christian Roa,Free agent,27.0,RP,2025,3.0,60.333333333333336,63.333333333333336,"[{""year"":2025,""IP"":3.0,""role"":""RP""},{""year"":2026,""IP"":8.666666666666666,""role"":""RP""}]",https://statsapi.mlb.com/api/v1/stats?stats=season&group=pitching&season=2025&sportId=11&playerPool=ALL&limit=10000,debut_raw,14.205782674633193,12.641786061792152,0.05286354450216591,33.220753896471706,29.56328934417458,0.12362337522856548,0.9911854938586429,2.3179243348575986,Verified debut-season capacity; original four-year role window retained,FAIL: aggregate and debut/swingman subgroup accuracy deteriorates; not release-ready,"MLB opportunity, future role, availability; other professional assignments unverified"
05jp5,Christian Roa,Free agent,27.0,RP,2025,3.0,60.333333333333336,63.333333333333336,"[{""year"":2025,""IP"":3.0,""role"":""RP""},{""year"":2026,""IP"":8.666666666666666,""role"":""RP""}]",https://statsapi.mlb.com/api/v1/stats?stats=season&group=pitching&season=2025&sportId=11&playerPool=ALL&limit=10000,debut_opportunity,14.205782674633193,12.641786061792152,0.05286354450216591,16.80783136814794,14.957360195170802,0.06254646870683113,0.9911854938586429,1.1727392299953419,Verified debut-season capacity; original four-year role window retained,FAIL: aggregate and debut/swingman subgroup accuracy deteriorates; not release-ready,"MLB opportunity, future role, availability; other professional assignments unverified"
05ocn,Zach Brzykcy,Free agent,27.0,RP,2024,5.666666666666667,35.333333333333336,41.0,"[{""year"":2024,""IP"":5.666666666666667,""role"":""RP""},{""year"":2025,""IP"":23.0,""role"":""RP""},{""year"":2026,""IP"":3.0,""role"":""RP""}]",https://statsapi.mlb.com/api/v1/stats?stats=season&group=pitching&season=2024&sportId=16&playerPool=ALL&limit=10000;https://statsapi.mlb.com/api/v1/stats?stats=season&group=pitching&season=2024&sportId=12&playerPool=ALL&limit=10000;https://statsapi.mlb.com/api/v1/stats?stats=season&group=pitching&season=2024&sportId=11&playerPool=ALL&limit=10000;https://statsapi.mlb.com/api/v1/stats?stats=season&group=pitching&season=2024&sportId=13&playerPool=ALL&limit=10000,debut_raw,16.644530660500255,15.4328701662277,0.05575223068116722,24.520960348058416,22.73592479846045,0.08213498269993386,0.6261673101897858,0.9224786266188835,Verified debut-season capacity; original four-year role window retained,FAIL: aggregate and debut/swingman subgroup accuracy deteriorates; not release-ready,"MLB opportunity, future role, availability; other professional assignments unverified"
05ocn,Zach Brzykcy,Free agent,27.0,RP,2024,5.666666666666667,35.333333333333336,41.0,"[{""year"":2024,""IP"":5.666666666666667,""role"":""RP""},{""year"":2025,""IP"":23.0,""role"":""RP""},{""year"":2026,""IP"":3.0,""role"":""RP""}]",https://statsapi.mlb.com/api/v1/stats?stats=season&group=pitching&season=2024&sportId=16&playerPool=ALL&limit=10000;https://statsapi.mlb.com/api/v1/stats?stats=season&group=pitching&season=2024&sportId=12&playerPool=ALL&limit=10000;https://statsapi.mlb.com/api/v1/stats?stats=season&group=pitching&season=2024&sportId=11&playerPool=ALL&limit=10000;https://statsapi.mlb.com/api/v1/stats?stats=season&group=pitching&season=2024&sportId=13&playerPool=ALL&limit=10000,debut_opportunity,16.644530660500255,15.4328701662277,0.05575223068116722,21.06301560717922,19.529705691626557,0.07055231108193874,0.6261673101897858,0.7923907316012303,Verified debut-season capacity; original four-year role window retained,FAIL: aggregate and debut/swingman subgroup accuracy deteriorates; not release-ready,"MLB opportunity, future role, availability; other professional assignments unverified"
05ynx,River Ryan,Cafécitos de Spokane,28.0,SP,2024,20.333333333333332,24.333333333333332,44.666666666666664,"[{""year"":2024,""IP"":20.333333333333332,""role"":""SP""},{""year"":2026,""IP"":4.333333333333333,""role"":""SP""}]",https://statsapi.mlb.com/api/v1/stats?stats=season&group=pitching&season=2024&sportId=16&playerPool=ALL&limit=10000;https://statsapi.mlb.com/api/v1/stats?stats=season&group=pitching&season=2024&sportId=14&playerPool=ALL&limit=10000;https://statsapi.mlb.com/api/v1/stats?stats=season&group=pitching&season=2024&sportId=11&playerPool=ALL&limit=10000,debut_raw,35.371837873527724,30.23273053723718,3.098912609081783,41.57178732437364,35.53190107403864,3.642087707802767,3.183014342471514,3.740930730508854,Verified debut-season capacity; original four-year role window retained,FAIL: aggregate and debut/swingman subgroup accuracy deteriorates; not release-ready,"MLB opportunity, future role, availability; other professional assignments unverified"
05ynx,River Ryan,Cafécitos de Spokane,28.0,SP,2024,20.333333333333332,24.333333333333332,44.666666666666664,"[{""year"":2024,""IP"":20.333333333333332,""role"":""SP""},{""year"":2026,""IP"":4.333333333333333,""role"":""SP""}]",https://statsapi.mlb.com/api/v1/stats?stats=season&group=pitching&season=2024&sportId=16&playerPool=ALL&limit=10000;https://statsapi.mlb.com/api/v1/stats?stats=season&group=pitching&season=2024&sportId=14&playerPool=ALL&limit=10000;https://statsapi.mlb.com/api/v1/stats?stats=season&group=pitching&season=2024&sportId=11&playerPool=ALL&limit=10000,debut_opportunity,35.371837873527724,30.23273053723718,3.098912609081783,38.19420292204713,32.64503951294531,3.3461788853652163,3.183014342471514,3.4369912056825425,Verified debut-season capacity; original four-year role window retained,FAIL: aggregate and debut/swingman subgroup accuracy deteriorates; not release-ready,"MLB opportunity, future role, availability; other professional assignments unverified"
05gx2,Jeff Criswell,Free agent,27.0,RP,2024,19.666666666666668,57.666666666666664,77.33333333333333,"[{""year"":2024,""IP"":19.666666666666668,""role"":""RP""},{""year"":2026,""IP"":4.0,""role"":""RP""}]",https://statsapi.mlb.com/api/v1/stats?stats=season&group=pitching&season=2024&sportId=11&playerPool=ALL&limit=10000,debut_raw,16.929433146351418,16.641339270668585,0.058205858027103256,32.411440613446864,31.859884193212896,0.11143525565749715,2.457222884764035,4.704359142745211,Verified debut-season capacity; original four-year role window retained,FAIL: aggregate and debut/swingman subgroup accuracy deteriorates; not release-ready,"MLB opportunity, future role, availability; other professional assignments unverified"
05gx2,Jeff Criswell,Free agent,27.0,RP,2024,19.666666666666668,57.666666666666664,77.33333333333333,"[{""year"":2024,""IP"":19.666666666666668,""role"":""RP""},{""year"":2026,""IP"":4.0,""role"":""RP""}]",https://statsapi.mlb.com/api/v1/stats?stats=season&group=pitching&season=2024&sportId=11&playerPool=ALL&limit=10000,debut_opportunity,16.929433146351418,16.641339270668585,0.058205858027103256,20.866667803931726,20.511572677694943,0.07174264449345344,2.457222884764035,3.028692881405799,Verified debut-season capacity; original four-year role window retained,FAIL: aggregate and debut/swingman subgroup accuracy deteriorates; not release-ready,"MLB opportunity, future role, availability; other professional assignments unverified"
04eoi,Ricky Vanasco,Free agent,27.0,RP,2024,4.0,40.333333333333336,44.333333333333336,"[{""year"":2024,""IP"":4.0,""role"":""RP""},{""year"":2026,""IP"":6.333333333333333,""role"":""RP""}]",https://statsapi.mlb.com/api/v1/stats?stats=season&group=pitching&season=2024&sportId=11&playerPool=ALL&limit=10000,debut_raw,13.50954458781548,12.070568491862135,0.05347668434171134,24.163288591184845,21.589523468584243,0.09564886131053613,1.1036676838238029,1.974029589202564,Verified debut-season capacity; original four-year role window retained,FAIL: aggregate and debut/swingman subgroup accuracy deteriorates; not release-ready,"MLB opportunity, future role, availability; other professional assignments unverified"
04eoi,Ricky Vanasco,Free agent,27.0,RP,2024,4.0,40.333333333333336,44.333333333333336,"[{""year"":2024,""IP"":4.0,""role"":""RP""},{""year"":2026,""IP"":6.333333333333333,""role"":""RP""}]",https://statsapi.mlb.com/api/v1/stats?stats=season&group=pitching&season=2024&sportId=11&playerPool=ALL&limit=10000,debut_opportunity,13.50954458781548,12.070568491862135,0.05347668434171134,15.031508016868246,13.430419202822435,0.05950128105154346,1.1036676838238029,1.2280050988779116,Verified debut-season capacity; original four-year role window retained,FAIL: aggregate and debut/swingman subgroup accuracy deteriorates; not release-ready,"MLB opportunity, future role, availability; other professional assignments unverified"
06alu,Andre Granillo,Free agent,26.0,RP,2025,21.0,42.0,63.0,"[{""year"":2025,""IP"":21.0,""role"":""RP""},{""year"":2026,""IP"":9.333333333333334,""role"":""RP""}]",https://statsapi.mlb.com/api/v1/stats?stats=season&group=pitching&season=2025&sportId=11&playerPool=ALL&limit=10000,debut_raw,19.559543979553748,16.7936056748525,0.06772857810656459,32.41781810872126,27.833576014146836,0.11225275640966269,1.7280023733417713,2.8639761074690573,Verified debut-season capacity; original four-year role window retained,FAIL: aggregate and debut/swingman subgroup accuracy deteriorates; not release-ready,"MLB opportunity, future role, availability; other professional assignments unverified"
06alu,Andre Granillo,Free agent,26.0,RP,2025,21.0,42.0,63.0,"[{""year"":2025,""IP"":21.0,""role"":""RP""},{""year"":2026,""IP"":9.333333333333334,""role"":""RP""}]",https://statsapi.mlb.com/api/v1/stats?stats=season&group=pitching&season=2025&sportId=11&playerPool=ALL&limit=10000,debut_opportunity,19.559543979553748,16.7936056748525,0.06772857810656459,23.845635355942914,20.47359578795061,0.08256997087426393,1.7280023733417713,2.106660284717534,Verified debut-season capacity; original four-year role window retained,FAIL: aggregate and debut/swingman subgroup accuracy deteriorates; not release-ready,"MLB opportunity, future role, availability; other professional assignments unverified"
05l9g,Kyle Nicolas,Free agent,27.0,RP,2023,5.333333333333333,98.66666666666667,104.0,"[{""year"":2023,""IP"":5.333333333333333,""role"":""RP""},{""year"":2024,""IP"":54.666666666666664,""role"":""RP""},{""year"":2025,""IP"":38.0,""role"":""RP""},{""year"":2026,""IP"":7.333333333333333,""role"":""RP""}]",https://statsapi.mlb.com/api/v1/stats?stats=season&group=pitching&season=2023&sportId=12&playerPool=ALL&limit=10000;https://statsapi.mlb.com/api/v1/stats?stats=season&group=pitching&season=2023&sportId=11&playerPool=ALL&limit=10000,debut_raw,30.568331954844922,29.81435184444515,0.07710255576983961,42.976462835828826,41.916431223982435,0.10839960543102989,2.2682304853881763,3.188938254870291,Verified debut-season capacity; original four-year role window retained,FAIL: aggregate and debut/swingman subgroup accuracy deteriorates; not release-ready,"MLB opportunity, future role, availability; other professional assignments unverified"
05l9g,Kyle Nicolas,Free agent,27.0,RP,2023,5.333333333333333,98.66666666666667,104.0,"[{""year"":2023,""IP"":5.333333333333333,""role"":""RP""},{""year"":2024,""IP"":54.666666666666664,""role"":""RP""},{""year"":2025,""IP"":38.0,""role"":""RP""},{""year"":2026,""IP"":7.333333333333333,""role"":""RP""}]",https://statsapi.mlb.com/api/v1/stats?stats=season&group=pitching&season=2023&sportId=12&playerPool=ALL&limit=10000;https://statsapi.mlb.com/api/v1/stats?stats=season&group=pitching&season=2023&sportId=11&playerPool=ALL&limit=10000,debut_opportunity,30.568331954844922,29.81435184444515,0.07710255576983961,35.37451233036247,34.50198586239609,0.08922519271943338,2.2682304853881763,2.6248585428866003,Verified debut-season capacity; original four-year role window retained,FAIL: aggregate and debut/swingman subgroup accuracy deteriorates; not release-ready,"MLB opportunity, future role, availability; other professional assignments unverified"
061mh,Robby Snelling,Ohtani and the Bums,22.0,SP,2026,5.0,29.0,34.0,"[{""year"":2026,""IP"":5.0,""role"":""SP""}]",https://statsapi.mlb.com/api/v1/stats?stats=season&group=pitching&season=2026&sportId=11&playerPool=ALL&limit=10000,debut_raw,35.98338963963964,27.206316389335576,2.917939309561487,52.81432995495495,39.93185147466996,4.282781889840248,3.0949889553682977,4.542645079653469,Verified debut-season capacity; original four-year role window retained,FAIL: aggregate and debut/swingman subgroup accuracy deteriorates; not release-ready,"MLB opportunity, future role, availability; other professional assignments unverified"
061mh,Robby Snelling,Ohtani and the Bums,22.0,SP,2026,5.0,29.0,34.0,"[{""year"":2026,""IP"":5.0,""role"":""SP""}]",https://statsapi.mlb.com/api/v1/stats?stats=season&group=pitching&season=2026&sportId=11&playerPool=ALL&limit=10000,debut_opportunity,35.98338963963964,27.206316389335576,2.917939309561487,38.458527921303656,29.077718607767107,3.1186514537201284,3.0949889553682977,3.307879561880824,Verified debut-season capacity; original four-year role window retained,FAIL: aggregate and debut/swingman subgroup accuracy deteriorates; not release-ready,"MLB opportunity, future role, availability; other professional assignments unverified"
05r1e,Eric Cerantola,Free agent,26.0,RP,2026,5.333333333333333,51.0,56.333333333333336,"[{""year"":2026,""IP"":5.333333333333333,""role"":""RP""}]",https://statsapi.mlb.com/api/v1/stats?stats=season&group=pitching&season=2026&sportId=11&playerPool=ALL&limit=10000,debut_raw,15.449205027328683,15.546570591581425,0.06712203970541882,47.977577080282195,48.27994628670012,0.20844780220444284,0.8419800249405792,2.614772829746659,Verified debut-season capacity; original four-year role window retained,FAIL: aggregate and debut/swingman subgroup accuracy deteriorates; not release-ready,"MLB opportunity, future role, availability; other professional assignments unverified"
05r1e,Eric Cerantola,Free agent,26.0,RP,2026,5.333333333333333,51.0,56.333333333333336,"[{""year"":2026,""IP"":5.333333333333333,""role"":""RP""}]",https://statsapi.mlb.com/api/v1/stats?stats=season&group=pitching&season=2026&sportId=11&playerPool=ALL&limit=10000,debut_opportunity,15.449205027328683,15.546570591581425,0.06712203970541882,18.528814215773988,18.64558840887077,0.08050199355148026,0.8419800249405792,1.0098183969932253,Verified debut-season capacity; original four-year role window retained,FAIL: aggregate and debut/swingman subgroup accuracy deteriorates; not release-ready,"MLB opportunity, future role, availability; other professional assignments unverified"
04eoy,Hunter Stratton,Free agent,29.0,RP,2023,12.0,56.333333333333336,68.33333333333334,"[{""year"":2023,""IP"":12.0,""role"":""RP""},{""year"":2024,""IP"":37.666666666666664,""role"":""RP""},{""year"":2025,""IP"":19.0,""role"":""RP""},{""year"":2026,""IP"":3.3333333333333335,""role"":""RP""}]",https://statsapi.mlb.com/api/v1/stats?stats=season&group=pitching&season=2023&sportId=11&playerPool=ALL&limit=10000,debut_raw,19.444071795229952,17.516093143673523,0.06724696893911858,27.054566330272028,24.37196842273509,0.09356772598008248,3.3978709554631896,4.727812472325654,Verified debut-season capacity; original four-year role window retained,FAIL: aggregate and debut/swingman subgroup accuracy deteriorates; not release-ready,"MLB opportunity, future role, availability; other professional assignments unverified"
04eoy,Hunter Stratton,Free agent,29.0,RP,2023,12.0,56.333333333333336,68.33333333333334,"[{""year"":2023,""IP"":12.0,""role"":""RP""},{""year"":2024,""IP"":37.666666666666664,""role"":""RP""},{""year"":2025,""IP"":19.0,""role"":""RP""},{""year"":2026,""IP"":3.3333333333333335,""role"":""RP""}]",https://statsapi.mlb.com/api/v1/stats?stats=season&group=pitching&season=2023&sportId=11&playerPool=ALL&limit=10000,debut_opportunity,19.444071795229952,17.516093143673523,0.06724696893911858,23.322973232820924,21.010381767553245,0.08066207906824151,3.3978709554631896,4.075712853636396,Verified debut-season capacity; original four-year role window retained,FAIL: aggregate and debut/swingman subgroup accuracy deteriorates; not release-ready,"MLB opportunity, future role, availability; other professional assignments unverified"
0515a,Noah Murdock,Free agent,28.0,RP,2025,17.0,21.0,38.0,"[{""year"":2025,""IP"":17.0,""role"":""RP""},{""year"":2026,""IP"":3.3333333333333335,""role"":""RP""}]",https://statsapi.mlb.com/api/v1/stats?stats=season&group=pitching&season=2025&sportId=11&playerPool=ALL&limit=10000,debut_raw,16.30805746671939,16.788048967167118,0.0854550066785454,22.824384868854622,23.496170013244466,0.11960087615475064,0.34110567719619816,0.4774037173443629,Verified debut-season capacity; original four-year role window retained,FAIL: aggregate and debut/swingman subgroup accuracy deteriorates; not release-ready,"MLB opportunity, future role, availability; other professional assignments unverified"
0515a,Noah Murdock,Free agent,28.0,RP,2025,17.0,21.0,38.0,"[{""year"":2025,""IP"":17.0,""role"":""RP""},{""year"":2026,""IP"":3.3333333333333335,""role"":""RP""}]",https://statsapi.mlb.com/api/v1/stats?stats=season&group=pitching&season=2025&sportId=11&playerPool=ALL&limit=10000,debut_opportunity,16.30805746671939,16.788048967167118,0.0854550066785454,19.22325656767463,19.789050487780667,0.1007307903915846,0.34110567719619816,0.40208111620985104,Verified debut-season capacity; original four-year role window retained,FAIL: aggregate and debut/swingman subgroup accuracy deteriorates; not release-ready,"MLB opportunity, future role, availability; other professional assignments unverified"
05gx5,Jose Corniell,Free agent,23.0,RP,2025,1.6666666666666665,38.0,39.666666666666664,"[{""year"":2025,""IP"":1.6666666666666665,""role"":""RP""},{""year"":2026,""IP"":4.333333333333333,""role"":""RP""}]",https://statsapi.mlb.com/api/v1/stats?stats=season&group=pitching&season=2025&sportId=16&playerPool=ALL&limit=10000;https://statsapi.mlb.com/api/v1/stats?stats=season&group=pitching&season=2025&sportId=12&playerPool=ALL&limit=10000;https://statsapi.mlb.com/api/v1/stats?stats=season&group=pitching&season=2025&sportId=11&playerPool=ALL&limit=10000,debut_raw,9.581326976559396,8.932682540284928,0.023270921671482172,19.05188716726261,17.762097074323783,0.04627281534676223,0.8988666950318766,1.7873418675778359,Verified debut-season capacity; original four-year role window retained,FAIL: aggregate and debut/swingman subgroup accuracy deteriorates; not release-ready,"MLB opportunity, future role, availability; other professional assignments unverified"
05gx5,Jose Corniell,Free agent,23.0,RP,2025,1.6666666666666665,38.0,39.666666666666664,"[{""year"":2025,""IP"":1.6666666666666665,""role"":""RP""},{""year"":2026,""IP"":4.333333333333333,""role"":""RP""}]",https://statsapi.mlb.com/api/v1/stats?stats=season&group=pitching&season=2025&sportId=16&playerPool=ALL&limit=10000;https://statsapi.mlb.com/api/v1/stats?stats=season&group=pitching&season=2025&sportId=12&playerPool=ALL&limit=10000;https://statsapi.mlb.com/api/v1/stats?stats=season&group=pitching&season=2025&sportId=11&playerPool=ALL&limit=10000,debut_opportunity,9.581326976559396,8.932682540284928,0.023270921671482172,10.61592598898916,9.897240430558082,0.025783733585588393,0.8988666950318766,0.9959270079990828,Verified debut-season capacity; original four-year role window retained,FAIL: aggregate and debut/swingman subgroup accuracy deteriorates; not release-ready,"MLB opportunity, future role, availability; other professional assignments unverified"
05y4k,Ben Casparius,Free agent,27.0,RP,2024,8.333333333333334,88.66666666666667,97.0,"[{""year"":2024,""IP"":8.333333333333334,""role"":""RP""},{""year"":2025,""IP"":77.66666666666667,""role"":""RP""},{""year"":2026,""IP"":4.666666666666667,""role"":""RP""}]",https://statsapi.mlb.com/api/v1/stats?stats=season&group=pitching&season=2024&sportId=12&playerPool=ALL&limit=10000;https://statsapi.mlb.com/api/v1/stats?stats=season&group=pitching&season=2024&sportId=11&playerPool=ALL&limit=10000,debut_raw,32.90537246486561,30.653828257302823,0.07418473052055824,52.670752624209655,49.066765825226135,0.11874552077822643,4.946202456986663,7.917254433736329,Verified debut-season capacity; original four-year role window retained,FAIL: aggregate and debut/swingman subgroup accuracy deteriorates; not release-ready,"MLB opportunity, future role, availability; other professional assignments unverified"
05y4k,Ben Casparius,Free agent,27.0,RP,2024,8.333333333333334,88.66666666666667,97.0,"[{""year"":2024,""IP"":8.333333333333334,""role"":""RP""},{""year"":2025,""IP"":77.66666666666667,""role"":""RP""},{""year"":2026,""IP"":4.666666666666667,""role"":""RP""}]",https://statsapi.mlb.com/api/v1/stats?stats=season&group=pitching&season=2024&sportId=12&playerPool=ALL&limit=10000;https://statsapi.mlb.com/api/v1/stats?stats=season&group=pitching&season=2024&sportId=11&playerPool=ALL&limit=10000,debut_opportunity,32.90537246486561,30.653828257302823,0.07418473052055824,48.73126104605861,45.39683325155071,0.10986398869937851,4.946202456986663,7.3250859985078725,Verified debut-season capacity; original four-year role window retained,FAIL: aggregate and debut/swingman subgroup accuracy deteriorates; not release-ready,"MLB opportunity, future role, availability; other professional assignments unverified"
06mil,Hancel Rincon,Free agent,24.0,RP,2026,2.3333333333333335,80.0,82.33333333333333,"[{""year"":2026,""IP"":2.3333333333333335,""role"":""RP""}]",https://statsapi.mlb.com/api/v1/stats?stats=season&group=pitching&season=2026&sportId=11&playerPool=ALL&limit=10000;https://statsapi.mlb.com/api/v1/stats?stats=season&group=pitching&season=2026&sportId=12&playerPool=ALL&limit=10000,debut_raw,15.783289909161326,14.88192134581994,0.09406296473925949,75.28050841490035,70.9813107122616,0.44864586846840515,1.9193464550929074,9.154579165390778,Verified debut-season capacity; original four-year role window retained,FAIL: aggregate and debut/swingman subgroup accuracy deteriorates; not release-ready,"MLB opportunity, future role, availability; other professional assignments unverified"
06mil,Hancel Rincon,Free agent,24.0,RP,2026,2.3333333333333335,80.0,82.33333333333333,"[{""year"":2026,""IP"":2.3333333333333335,""role"":""RP""}]",https://statsapi.mlb.com/api/v1/stats?stats=season&group=pitching&season=2026&sportId=11&playerPool=ALL&limit=10000;https://statsapi.mlb.com/api/v1/stats?stats=season&group=pitching&season=2026&sportId=12&playerPool=ALL&limit=10000,debut_opportunity,15.783289909161326,14.88192134581994,0.09406296473925949,17.469445899202515,16.471782582925577,0.10411187294210979,1.9193464550929074,2.124393535951553,Verified debut-season capacity; original four-year role window retained,FAIL: aggregate and debut/swingman subgroup accuracy deteriorates; not release-ready,"MLB opportunity, future role, availability; other professional assignments unverified"
06i08,Woo-Suk Go,Free agent,28.0,RP,2026,4.0,50.666666666666664,54.666666666666664,"[{""year"":2026,""IP"":4.0,""role"":""RP""}]",https://statsapi.mlb.com/api/v1/stats?stats=season&group=pitching&season=2026&sportId=11&playerPool=ALL&limit=10000;https://statsapi.mlb.com/api/v1/stats?stats=season&group=pitching&season=2026&sportId=12&playerPool=ALL&limit=10000,debut_raw,14.412411400003286,13.806184567124559,0.07572363712580778,46.315613333991145,44.367447492409994,0.24334489212274152,1.718469938760492,5.522461647861387,Verified debut-season capacity; original four-year role window retained,FAIL: aggregate and debut/swingman subgroup accuracy deteriorates; not release-ready,"MLB opportunity, future role, availability; other professional assignments unverified"
06i08,Woo-Suk Go,Free agent,28.0,RP,2026,4.0,50.666666666666664,54.666666666666664,"[{""year"":2026,""IP"":4.0,""role"":""RP""}]",https://statsapi.mlb.com/api/v1/stats?stats=season&group=pitching&season=2026&sportId=11&playerPool=ALL&limit=10000;https://statsapi.mlb.com/api/v1/stats?stats=season&group=pitching&season=2026&sportId=12&playerPool=ALL&limit=10000,debut_opportunity,14.412411400003286,13.806184567124559,0.07572363712580778,16.746792029319472,16.0423745372674,0.0879886070036322,1.718469938760492,1.9968107955239727,Verified debut-season capacity; original four-year role window retained,FAIL: aggregate and debut/swingman subgroup accuracy deteriorates; not release-ready,"MLB opportunity, future role, availability; other professional assignments unverified"
065ns,Troy Taylor,Free agent,25.0,RP,2024,19.333333333333332,42.666666666666664,62.0,"[{""year"":2024,""IP"":19.333333333333332,""role"":""RP""},{""year"":2025,""IP"":6.666666666666667,""role"":""RP""},{""year"":2026,""IP"":3.0,""role"":""RP""}]",https://statsapi.mlb.com/api/v1/stats?stats=season&group=pitching&season=2024&sportId=12&playerPool=ALL&limit=10000;https://statsapi.mlb.com/api/v1/stats?stats=season&group=pitching&season=2024&sportId=13&playerPool=ALL&limit=10000,debut_raw,16.59848517225433,15.161555205793842,0.06804003996242441,27.037410990788413,24.696783779028497,0.11083098880425647,1.9235088147366495,3.133219557611944,Verified debut-season capacity; original four-year role window retained,FAIL: aggregate and debut/swingman subgroup accuracy deteriorates; not release-ready,"MLB opportunity, future role, availability; other professional assignments unverified"
065ns,Troy Taylor,Free agent,25.0,RP,2024,19.333333333333332,42.666666666666664,62.0,"[{""year"":2024,""IP"":19.333333333333332,""role"":""RP""},{""year"":2025,""IP"":6.666666666666667,""role"":""RP""},{""year"":2026,""IP"":3.0,""role"":""RP""}]",https://statsapi.mlb.com/api/v1/stats?stats=season&group=pitching&season=2024&sportId=12&playerPool=ALL&limit=10000;https://statsapi.mlb.com/api/v1/stats?stats=season&group=pitching&season=2024&sportId=13&playerPool=ALL&limit=10000,debut_opportunity,16.59848517225433,15.161555205793842,0.06804003996242441,19.853634083410117,18.134906051211097,0.08138345411740429,1.9235088147366495,2.3007304442353975,Verified debut-season capacity; original four-year role window retained,FAIL: aggregate and debut/swingman subgroup accuracy deteriorates; not release-ready,"MLB opportunity, future role, availability; other professional assignments unverified"
0630k,Blake Burkhalter,Free agent,26.0,RP,2026,1.0,41.0,42.0,"[{""year"":2026,""IP"":1.0,""role"":""RP""}]",https://statsapi.mlb.com/api/v1/stats?stats=season&group=pitching&season=2026&sportId=13&playerPool=ALL&limit=10000;https://statsapi.mlb.com/api/v1/stats?stats=season&group=pitching&season=2026&sportId=16&playerPool=ALL&limit=10000;https://statsapi.mlb.com/api/v1/stats?stats=season&group=pitching&season=2026&sportId=11&playerPool=ALL&limit=10000;https://statsapi.mlb.com/api/v1/stats?stats=season&group=pitching&season=2026&sportId=12&playerPool=ALL&limit=10000,debut_raw,13.958706894724573,12.853507508251017,0.08195007828527086,42.73391831457579,39.35040287442211,0.25088627318619233,2.4223938821146014,7.41604384021677,Verified debut-season capacity; original four-year role window retained,FAIL: aggregate and debut/swingman subgroup accuracy deteriorates; not release-ready,"MLB opportunity, future role, availability; other professional assignments unverified"
06tae,Matt Seelinger,Free agent,31.0,RP,2026,2.0,61.0,63.0,"[{""year"":2026,""IP"":2.0,""role"":""RP""}]",https://statsapi.mlb.com/api/v1/stats?stats=season&group=pitching&season=2026&sportId=11&playerPool=ALL&limit=10000,debut_raw,7.675028068309401,7.420752457058011,0.050589714204082564,30.087743012468238,29.090928515168905,0.19832244344898325,0.5955102521610801,2.334526892780403,Verified debut-season capacity; original four-year role window retained,FAIL: aggregate and debut/swingman subgroup accuracy deteriorates; not release-ready,"MLB opportunity, future role, availability; other professional assignments unverified"
05koh,Luke Little,Free agent,26.0,RP,2023,6.666666666666667,63.666666666666664,70.33333333333333,"[{""year"":2023,""IP"":6.666666666666667,""role"":""RP""},{""year"":2024,""IP"":26.0,""role"":""RP""},{""year"":2025,""IP"":2.6666666666666665,""role"":""RP""},{""year"":2026,""IP"":1.0,""role"":""RP""}]",https://statsapi.mlb.com/api/v1/stats?stats=season&group=pitching&season=2023&sportId=12&playerPool=ALL&limit=10000;https://statsapi.mlb.com/api/v1/stats?stats=season&group=pitching&season=2023&sportId=13&playerPool=ALL&limit=10000;https://statsapi.mlb.com/api/v1/stats?stats=season&group=pitching&season=2023&sportId=11&playerPool=ALL&limit=10000,debut_raw,15.473332424977366,15.018012278828962,0.07597421159264679,26.70803053287189,25.92211680520369,0.13113668776687246,2.042219443104011,3.52501049826869,Verified debut-season capacity; original four-year role window retained,FAIL: aggregate and debut/swingman subgroup accuracy deteriorates; not release-ready,"MLB opportunity, future role, availability; other professional assignments unverified"
05koh,Luke Little,Free agent,26.0,RP,2023,6.666666666666667,63.666666666666664,70.33333333333333,"[{""year"":2023,""IP"":6.666666666666667,""role"":""RP""},{""year"":2024,""IP"":26.0,""role"":""RP""},{""year"":2025,""IP"":2.6666666666666665,""role"":""RP""},{""year"":2026,""IP"":1.0,""role"":""RP""}]",https://statsapi.mlb.com/api/v1/stats?stats=season&group=pitching&season=2023&sportId=12&playerPool=ALL&limit=10000;https://statsapi.mlb.com/api/v1/stats?stats=season&group=pitching&season=2023&sportId=13&playerPool=ALL&limit=10000;https://statsapi.mlb.com/api/v1/stats?stats=season&group=pitching&season=2023&sportId=11&playerPool=ALL&limit=10000,debut_opportunity,15.473332424977366,15.018012278828962,0.07597421159264679,19.62644357386729,19.048913478152325,0.09636602742956436,2.042219443104011,2.590360212311808,Verified debut-season capacity; original four-year role window retained,FAIL: aggregate and debut/swingman subgroup accuracy deteriorates; not release-ready,"MLB opportunity, future role, availability; other professional assignments unverified"
03qld,Jose Espada,Free agent,29.0,RP,2023,1.0,83.33333333333333,84.33333333333333,"[{""year"":2023,""IP"":1.0,""role"":""RP""},{""year"":2025,""IP"":3.0,""role"":""RP""},{""year"":2026,""IP"":1.0,""role"":""RP""}]",https://statsapi.mlb.com/api/v1/stats?stats=season&group=pitching&season=2023&sportId=12&playerPool=ALL&limit=10000;https://statsapi.mlb.com/api/v1/stats?stats=season&group=pitching&season=2023&sportId=11&playerPool=ALL&limit=10000,debut_raw,9.700188203543908,8.833852555218263,0.08853241414745097,24.29040161926068,22.1209962022375,0.2216954816586581,1.7104017753212288,4.283045357580837,Verified debut-season capacity; original four-year role window retained,FAIL: aggregate and debut/swingman subgroup accuracy deteriorates; not release-ready,"MLB opportunity, future role, availability; other professional assignments unverified"
06kv1,Rolddy Munoz,Free agent,26.0,RP,2025,3.6666666666666665,60.0,63.666666666666664,"[{""year"":2025,""IP"":3.6666666666666665,""role"":""RP""},{""year"":2026,""IP"":2.0,""role"":""RP""}]",https://statsapi.mlb.com/api/v1/stats?stats=season&group=pitching&season=2025&sportId=12&playerPool=ALL&limit=10000;https://statsapi.mlb.com/api/v1/stats?stats=season&group=pitching&season=2025&sportId=11&playerPool=ALL&limit=10000,debut_raw,12.66421228884509,12.161012217728539,0.07045415624980053,32.87704372522838,31.57070659479281,0.18290315440219151,1.2136643512519654,3.1507443995555975,Verified debut-season capacity; original four-year role window retained,FAIL: aggregate and debut/swingman subgroup accuracy deteriorates; not release-ready,"MLB opportunity, future role, availability; other professional assignments unverified"
06kv1,Rolddy Munoz,Free agent,26.0,RP,2025,3.6666666666666665,60.0,63.666666666666664,"[{""year"":2025,""IP"":3.6666666666666665,""role"":""RP""},{""year"":2026,""IP"":2.0,""role"":""RP""}]",https://statsapi.mlb.com/api/v1/stats?stats=season&group=pitching&season=2025&sportId=12&playerPool=ALL&limit=10000;https://statsapi.mlb.com/api/v1/stats?stats=season&group=pitching&season=2025&sportId=11&playerPool=ALL&limit=10000,debut_opportunity,12.66421228884509,12.161012217728539,0.07045415624980053,13.828302057432607,13.278848019548994,0.0769302765622419,1.2136643512519654,1.3252239351856827,Verified debut-season capacity; original four-year role window retained,FAIL: aggregate and debut/swingman subgroup accuracy deteriorates; not release-ready,"MLB opportunity, future role, availability; other professional assignments unverified"
04yk8,Wilkin Ramos,Free agent,25.0,RP,2026,2.0,63.0,65.0,"[{""year"":2026,""IP"":2.0,""role"":""RP""}]",https://statsapi.mlb.com/api/v1/stats?stats=season&group=pitching&season=2026&sportId=11&playerPool=ALL&limit=10000;https://statsapi.mlb.com/api/v1/stats?stats=season&group=pitching&season=2026&sportId=12&playerPool=ALL&limit=10000,debut_raw,13.325630741681078,12.277646247426436,0.049221913993968,53.51516601047454,49.306504876632765,0.1976731120502438,1.4606804795616555,5.866030649303461,Verified debut-season capacity; original four-year role window retained,FAIL: aggregate and debut/swingman subgroup accuracy deteriorates; not release-ready,"MLB opportunity, future role, availability; other professional assignments unverified"
04yk8,Wilkin Ramos,Free agent,25.0,RP,2026,2.0,63.0,65.0,"[{""year"":2026,""IP"":2.0,""role"":""RP""}]",https://statsapi.mlb.com/api/v1/stats?stats=season&group=pitching&season=2026&sportId=11&playerPool=ALL&limit=10000;https://statsapi.mlb.com/api/v1/stats?stats=season&group=pitching&season=2026&sportId=12&playerPool=ALL&limit=10000,debut_opportunity,13.325630741681078,12.277646247426436,0.049221913993968,14.562231826874724,13.416995743709709,0.05378964316493034,1.4606804795616555,1.5962297155537115,Verified debut-season capacity; original four-year role window retained,FAIL: aggregate and debut/swingman subgroup accuracy deteriorates; not release-ready,"MLB opportunity, future role, availability; other professional assignments unverified"
04er0,Seth Lonsway,Free agent,28.0,RP,2026,2.3333333333333335,95.33333333333333,97.66666666666666,"[{""year"":2026,""IP"":2.3333333333333335,""role"":""RP""}]",https://statsapi.mlb.com/api/v1/stats?stats=season&group=pitching&season=2026&sportId=11&playerPool=ALL&limit=10000;https://statsapi.mlb.com/api/v1/stats?stats=season&group=pitching&season=2026&sportId=12&playerPool=ALL&limit=10000,debut_raw,13.362963967964214,12.215460185498479,0.07382884088104232,64.36610916506324,58.838865814966496,0.355615359217586,2.053513345960019,9.891268472687,Verified debut-season capacity; original four-year role window retained,FAIL: aggregate and debut/swingman subgroup accuracy deteriorates; not release-ready,"MLB opportunity, future role, availability; other professional assignments unverified"
04er0,Seth Lonsway,Free agent,28.0,RP,2026,2.3333333333333335,95.33333333333333,97.66666666666666,"[{""year"":2026,""IP"":2.3333333333333335,""role"":""RP""}]",https://statsapi.mlb.com/api/v1/stats?stats=season&group=pitching&season=2026&sportId=11&playerPool=ALL&limit=10000;https://statsapi.mlb.com/api/v1/stats?stats=season&group=pitching&season=2026&sportId=12&playerPool=ALL&limit=10000,debut_opportunity,13.362963967964214,12.215460185498479,0.07382884088104232,14.797089400689282,13.526434469831054,0.08175221915475064,2.053513345960019,2.2738982637777885,Verified debut-season capacity; original four-year role window retained,FAIL: aggregate and debut/swingman subgroup accuracy deteriorates; not release-ready,"MLB opportunity, future role, availability; other professional assignments unverified"
05zyb,Josh White,Free agent,25.0,RP,2026,0.6666666666666666,56.0,56.666666666666664,"[{""year"":2026,""IP"":0.6666666666666666,""role"":""RP""}]",https://statsapi.mlb.com/api/v1/stats?stats=season&group=pitching&season=2026&sportId=11&playerPool=ALL&limit=10000,debut_raw,12.475058566680158,11.993704382314816,0.04808357185719723,48.19908991671879,46.339312386216335,0.1857774367209893,1.819807884644528,7.031075917944766,Verified debut-season capacity; original four-year role window retained,FAIL: aggregate and debut/swingman subgroup accuracy deteriorates; not release-ready,"MLB opportunity, future role, availability; other professional assignments unverified"
065nn,Blake Adams,Free agent,26.0,RP,2026,1.0,88.66666666666667,89.66666666666667,"[{""year"":2026,""IP"":1.0,""role"":""RP""}]",https://statsapi.mlb.com/api/v1/stats?stats=season&group=pitching&season=2026&sportId=11&playerPool=ALL&limit=10000;https://statsapi.mlb.com/api/v1/stats?stats=season&group=pitching&season=2026&sportId=12&playerPool=ALL&limit=10000,debut_raw,12.685356421522176,11.591475955600034,0.06281807148912975,65.19847993184582,59.57630100084935,0.322863831117315,1.5903149020639222,8.17368553016094,Verified debut-season capacity; original four-year role window retained,FAIL: aggregate and debut/swingman subgroup accuracy deteriorates; not release-ready,"MLB opportunity, future role, availability; other professional assignments unverified"
05192,Kade Strowd,Free agent,29.0,RP,2025,26.333333333333332,34.666666666666664,61.0,"[{""year"":2025,""IP"":26.333333333333332,""role"":""RP""},{""year"":2026,""IP"":2.6666666666666665,""role"":""RP""}]",https://statsapi.mlb.com/api/v1/stats?stats=season&group=pitching&season=2025&sportId=11&playerPool=ALL&limit=10000,debut_raw,17.20990075776094,15.466347243288805,0.06363158619584146,26.978528477144955,24.24530480527687,0.09974993954896917,2.3767070389724823,3.7257657342291473,Verified debut-season capacity; original four-year role window retained,FAIL: aggregate and debut/swingman subgroup accuracy deteriorates; not release-ready,"MLB opportunity, future role, availability; other professional assignments unverified"
05192,Kade Strowd,Free agent,29.0,RP,2025,26.333333333333332,34.666666666666664,61.0,"[{""year"":2025,""IP"":26.333333333333332,""role"":""RP""},{""year"":2026,""IP"":2.6666666666666665,""role"":""RP""}]",https://statsapi.mlb.com/api/v1/stats?stats=season&group=pitching&season=2025&sportId=11&playerPool=ALL&limit=10000,debut_opportunity,17.20990075776094,15.466347243288805,0.06363158619584146,21.426958625691743,19.256170453108787,0.07922366223353045,2.3767070389724823,2.9590875686188025,Verified debut-season capacity; original four-year role window retained,FAIL: aggregate and debut/swingman subgroup accuracy deteriorates; not release-ready,"MLB opportunity, future role, availability; other professional assignments unverified"
05uo4,Emiliano Teodo,Free agent,25.0,RP,2026,1.6666666666666665,60.333333333333336,62.0,"[{""year"":2026,""IP"":1.6666666666666665,""role"":""RP""}]",https://statsapi.mlb.com/api/v1/stats?stats=season&group=pitching&season=2026&sportId=11&playerPool=ALL&limit=10000,debut_raw,14.813191608970945,13.312077244961372,0.07258209955913741,58.291910763950526,52.384822888280425,0.28562037015703806,1.5294968400724265,6.018776754447168,Verified debut-season capacity; original four-year role window retained,FAIL: aggregate and debut/swingman subgroup accuracy deteriorates; not release-ready,"MLB opportunity, future role, availability; other professional assignments unverified"
05uo4,Emiliano Teodo,Free agent,25.0,RP,2026,1.6666666666666665,60.333333333333336,62.0,"[{""year"":2026,""IP"":1.6666666666666665,""role"":""RP""}]",https://statsapi.mlb.com/api/v1/stats?stats=season&group=pitching&season=2026&sportId=11&playerPool=ALL&limit=10000,debut_opportunity,14.813191608970945,13.312077244961372,0.07258209955913741,15.981974381954267,14.362419869781778,0.07830893479026377,1.5294968400724265,1.6501764076631447,Verified debut-season capacity; original four-year role window retained,FAIL: aggregate and debut/swingman subgroup accuracy deteriorates; not release-ready,"MLB opportunity, future role, availability; other professional assignments unverified"
0622r,Alexander Cornielle,Free agent,25.0,RP,2026,1.0,85.0,86.0,"[{""year"":2026,""IP"":1.0,""role"":""RP""}]",https://statsapi.mlb.com/api/v1/stats?stats=season&group=pitching&season=2026&sportId=14&playerPool=ALL&limit=10000;https://statsapi.mlb.com/api/v1/stats?stats=season&group=pitching&season=2026&sportId=16&playerPool=ALL&limit=10000;https://statsapi.mlb.com/api/v1/stats?stats=season&group=pitching&season=2026&sportId=11&playerPool=ALL&limit=10000;https://statsapi.mlb.com/api/v1/stats?stats=season&group=pitching&season=2026&sportId=12&playerPool=ALL&limit=10000,debut_raw,14.33276377300432,13.620148804383799,0.07173836692840058,73.66560151488254,70.00299944152567,0.36871115963200296,2.0935932569444726,10.760367577591705,Verified debut-season capacity; original four-year role window retained,FAIL: aggregate and debut/swingman subgroup accuracy deteriorates; not release-ready,"MLB opportunity, future role, availability; other professional assignments unverified"
04yi6,Carlos Duran,Free agent,25.0,RP,2025,0.3333333333333333,62.666666666666664,63.0,"[{""year"":2025,""IP"":0.3333333333333333,""role"":""RP""},{""year"":2026,""IP"":1.3333333333333333,""role"":""RP""}]",https://statsapi.mlb.com/api/v1/stats?stats=season&group=pitching&season=2025&sportId=11&playerPool=ALL&limit=10000,debut_raw,11.568702290076336,10.492085306571216,0.05808212268323223,33.24560624889047,30.151673721541865,0.16691374126576702,0.7418536251138287,2.1319049359583446,Verified debut-season capacity; original four-year role window retained,FAIL: aggregate and debut/swingman subgroup accuracy deteriorates; not release-ready,"MLB opportunity, future role, availability; other professional assignments unverified"
04pvw,Nolan Kingham,Free agent,30.0,RP,2026,1.0,77.33333333333333,78.33333333333333,"[{""year"":2026,""IP"":1.0,""role"":""RP""}]",https://statsapi.mlb.com/api/v1/stats?stats=season&group=pitching&season=2026&sportId=11&playerPool=ALL&limit=10000,debut_raw,11.895736092383224,10.92637950292246,0.051574385645057334,58.1495479376275,53.411072989146106,0.25210942703589484,1.49793791789587,7.322322224351321,Verified debut-season capacity; original four-year role window retained,FAIL: aggregate and debut/swingman subgroup accuracy deteriorates; not release-ready,"MLB opportunity, future role, availability; other professional assignments unverified"
051dm,Joe La Sorsa,Free agent,28.0,RP,2023,32.666666666666664,36.666666666666664,69.33333333333333,"[{""year"":2023,""IP"":32.666666666666664,""role"":""RP""},{""year"":2024,""IP"":17.666666666666668,""role"":""RP""},{""year"":2025,""IP"":6.666666666666667,""role"":""RP""},{""year"":2026,""IP"":0.3333333333333333,""role"":""RP""}]",https://statsapi.mlb.com/api/v1/stats?stats=season&group=pitching&season=2023&sportId=12&playerPool=ALL&limit=10000;https://statsapi.mlb.com/api/v1/stats?stats=season&group=pitching&season=2023&sportId=11&playerPool=ALL&limit=10000,debut_raw,16.729591329945563,14.685728285359165,0.07676044367483051,22.534534839738843,19.78147876816314,0.10339528672215975,1.9286207884796545,2.597826300326057,Verified debut-season capacity; original four-year role window retained,FAIL: aggregate and debut/swingman subgroup accuracy deteriorates; not release-ready,"MLB opportunity, future role, availability; other professional assignments unverified"
051dm,Joe La Sorsa,Free agent,28.0,RP,2023,32.666666666666664,36.666666666666664,69.33333333333333,"[{""year"":2023,""IP"":32.666666666666664,""role"":""RP""},{""year"":2024,""IP"":17.666666666666668,""role"":""RP""},{""year"":2025,""IP"":6.666666666666667,""role"":""RP""},{""year"":2026,""IP"":0.3333333333333333,""role"":""RP""}]",https://statsapi.mlb.com/api/v1/stats?stats=season&group=pitching&season=2023&sportId=12&playerPool=ALL&limit=10000;https://statsapi.mlb.com/api/v1/stats?stats=season&group=pitching&season=2023&sportId=11&playerPool=ALL&limit=10000,debut_opportunity,16.729591329945563,14.685728285359165,0.07676044367483051,19.464612791290477,17.08661072437258,0.08930955241828371,1.9286207884796545,2.2439195392534406,Verified debut-season capacity; original four-year role window retained,FAIL: aggregate and debut/swingman subgroup accuracy deteriorates; not release-ready,"MLB opportunity, future role, availability; other professional assignments unverified"
05xpj,Tanner McDougal,How Lowe Can You Go?,23.0,RP,2026,0.3333333333333333,49.666666666666664,50.0,"[{""year"":2026,""IP"":0.3333333333333333,""role"":""RP""}]",https://statsapi.mlb.com/api/v1/stats?stats=season&group=pitching&season=2026&sportId=13&playerPool=ALL&limit=10000;https://statsapi.mlb.com/api/v1/stats?stats=season&group=pitching&season=2026&sportId=11&playerPool=ALL&limit=10000,debut_raw,15.00932805018986,13.690805663866268,0.11880771110717807,53.79065543998678,49.06531509593692,0.4257848606153203,1.5030500590072733,5.386653390661903,Verified debut-season capacity; original four-year role window retained,FAIL: aggregate and debut/swingman subgroup accuracy deteriorates; not release-ready,"MLB opportunity, future role, availability; other professional assignments unverified"
05xpw,Grant Holman,Free agent,26.0,RP,2024,15.666666666666666,48.666666666666664,64.33333333333333,"[{""year"":2024,""IP"":15.666666666666666,""role"":""RP""},{""year"":2025,""IP"":23.0,""role"":""RP""},{""year"":2026,""IP"":0.3333333333333333,""role"":""RP""}]",https://statsapi.mlb.com/api/v1/stats?stats=season&group=pitching&season=2024&sportId=12&playerPool=ALL&limit=10000;https://statsapi.mlb.com/api/v1/stats?stats=season&group=pitching&season=2024&sportId=11&playerPool=ALL&limit=10000,debut_raw,19.52717097356359,17.401801354218705,0.08605856581350403,31.123324125295255,27.735809997494563,0.13716419245767186,1.6201986154501598,2.5823488064030373,Verified debut-season capacity; original four-year role window retained,FAIL: aggregate and debut/swingman subgroup accuracy deteriorates; not release-ready,"MLB opportunity, future role, availability; other professional assignments unverified"
05xpw,Grant Holman,Free agent,26.0,RP,2024,15.666666666666666,48.666666666666664,64.33333333333333,"[{""year"":2024,""IP"":15.666666666666666,""role"":""RP""},{""year"":2025,""IP"":23.0,""role"":""RP""},{""year"":2026,""IP"":0.3333333333333333,""role"":""RP""}]",https://statsapi.mlb.com/api/v1/stats?stats=season&group=pitching&season=2024&sportId=12&playerPool=ALL&limit=10000;https://statsapi.mlb.com/api/v1/stats?stats=season&group=pitching&season=2024&sportId=11&playerPool=ALL&limit=10000,debut_opportunity,19.52717097356359,17.401801354218705,0.08605856581350403,23.67294593454538,21.096343304405412,0.10432948932877648,1.6201986154501598,1.9641797718011895,Verified debut-season capacity; original four-year role window retained,FAIL: aggregate and debut/swingman subgroup accuracy deteriorates; not release-ready,"MLB opportunity, future role, availability; other professional assignments unverified"
0516e,Ty Adcock,Free agent,29.0,RP,2023,15.666666666666666,20.666666666666668,36.333333333333336,"[{""year"":2023,""IP"":15.666666666666666,""role"":""RP""},{""year"":2024,""IP"":4.333333333333333,""role"":""RP""},{""year"":2025,""IP"":3.0,""role"":""RP""}]",https://statsapi.mlb.com/api/v1/stats?stats=season&group=pitching&season=2023&sportId=12&playerPool=ALL&limit=10000;https://statsapi.mlb.com/api/v1/stats?stats=season&group=pitching&season=2023&sportId=13&playerPool=ALL&limit=10000,debut_raw,11.886091420190663,11.005608728248713,0.05291348642919679,15.480909313126377,14.334134294841009,0.0689165896419295,2.1658010302194297,2.820823780822378,Verified debut-season capacity; original four-year role window retained,FAIL: aggregate and debut/swingman subgroup accuracy deteriorates; not release-ready,"MLB opportunity, future role, availability; other professional assignments unverified"
0516e,Ty Adcock,Free agent,29.0,RP,2023,15.666666666666666,20.666666666666668,36.333333333333336,"[{""year"":2023,""IP"":15.666666666666666,""role"":""RP""},{""year"":2024,""IP"":4.333333333333333,""role"":""RP""},{""year"":2025,""IP"":3.0,""role"":""RP""}]",https://statsapi.mlb.com/api/v1/stats?stats=season&group=pitching&season=2023&sportId=12&playerPool=ALL&limit=10000;https://statsapi.mlb.com/api/v1/stats?stats=season&group=pitching&season=2023&sportId=13&playerPool=ALL&limit=10000,debut_opportunity,11.886091420190663,11.005608728248713,0.05291348642919679,13.436150511640006,12.440844523017867,0.059813907080558594,2.1658010302194297,2.4482420327729937,Verified debut-season capacity; original four-year role window retained,FAIL: aggregate and debut/swingman subgroup accuracy deteriorates; not release-ready,"MLB opportunity, future role, availability; other professional assignments unverified"
05l1p,Luarbert Arias,Free agent,25.0,RP,2025,10.333333333333334,29.666666666666668,40.0,"[{""year"":2025,""IP"":10.333333333333334,""role"":""RP""}]",https://statsapi.mlb.com/api/v1/stats?stats=season&group=pitching&season=2025&sportId=12&playerPool=ALL&limit=10000;https://statsapi.mlb.com/api/v1/stats?stats=season&group=pitching&season=2025&sportId=11&playerPool=ALL&limit=10000,debut_raw,18.641706835436825,17.94099510511941,0.054631391090192716,37.56693772920729,36.154857055944056,0.11009367786236555,1.85090324441438,3.729957108515671,Verified debut-season capacity; original four-year role window retained,FAIL: aggregate and debut/swingman subgroup accuracy deteriorates; not release-ready,"MLB opportunity, future role, availability; other professional assignments unverified"
05l1p,Luarbert Arias,Free agent,25.0,RP,2025,10.333333333333334,29.666666666666668,40.0,"[{""year"":2025,""IP"":10.333333333333334,""role"":""RP""}]",https://statsapi.mlb.com/api/v1/stats?stats=season&group=pitching&season=2025&sportId=12&playerPool=ALL&limit=10000;https://statsapi.mlb.com/api/v1/stats?stats=season&group=pitching&season=2025&sportId=11&playerPool=ALL&limit=10000,debut_opportunity,18.641706835436825,17.94099510511941,0.054631391090192716,23.53072481632753,22.646242775749112,0.06895914850633736,1.85090324441438,2.336325492640547,Verified debut-season capacity; original four-year role window retained,FAIL: aggregate and debut/swingman subgroup accuracy deteriorates; not release-ready,"MLB opportunity, future role, availability; other professional assignments unverified"
066sq,Nick Avila,Free agent,29.0,RP,2024,11.666666666666666,18.0,29.666666666666664,"[{""year"":2024,""IP"":11.666666666666666,""role"":""RP""}]",https://statsapi.mlb.com/api/v1/stats?stats=season&group=pitching&season=2024&sportId=11&playerPool=ALL&limit=10000;https://statsapi.mlb.com/api/v1/stats?stats=season&group=pitching&season=2024&sportId=13&playerPool=ALL&limit=10000,debut_raw,17.93785138108042,17.92233217120411,0.06814224593808758,28.504876558298704,28.48021512296799,0.10828422354525193,2.093824356983562,3.327277250915697,Verified debut-season capacity; original four-year role window retained,FAIL: aggregate and debut/swingman subgroup accuracy deteriorates; not release-ready,"MLB opportunity, future role, availability; other professional assignments unverified"
066sq,Nick Avila,Free agent,29.0,RP,2024,11.666666666666666,18.0,29.666666666666664,"[{""year"":2024,""IP"":11.666666666666666,""role"":""RP""}]",https://statsapi.mlb.com/api/v1/stats?stats=season&group=pitching&season=2024&sportId=11&playerPool=ALL&limit=10000;https://statsapi.mlb.com/api/v1/stats?stats=season&group=pitching&season=2024&sportId=13&playerPool=ALL&limit=10000,debut_opportunity,17.93785138108042,17.92233217120411,0.06814224593808758,22.09342307998649,22.074308612909007,0.08392841690719717,2.093824356983562,2.5788901017883337,Verified debut-season capacity; original four-year role window retained,FAIL: aggregate and debut/swingman subgroup accuracy deteriorates; not release-ready,"MLB opportunity, future role, availability; other professional assignments unverified"
05xpo,Ryan Bergert,Free agent,26.0,SP,2025,76.33333333333333,44.666666666666664,121.0,"[{""year"":2025,""IP"":76.33333333333333,""role"":""SP""}]",https://statsapi.mlb.com/api/v1/stats?stats=season&group=pitching&season=2025&sportId=11&playerPool=ALL&limit=10000,debut_raw,89.44917217331934,82.71209449149815,8.924651537692002,119.41464485138133,110.42064614615005,11.914409802818824,12.613553481238133,16.839093897452912,Verified debut-season capacity; original four-year role window retained,FAIL: aggregate and debut/swingman subgroup accuracy deteriorates; not release-ready,"MLB opportunity, future role, availability; other professional assignments unverified"
05xpo,Ryan Bergert,Free agent,26.0,SP,2025,76.33333333333333,44.666666666666664,121.0,"[{""year"":2025,""IP"":76.33333333333333,""role"":""SP""}]",https://statsapi.mlb.com/api/v1/stats?stats=season&group=pitching&season=2025&sportId=11&playerPool=ALL&limit=10000,debut_opportunity,89.44917217331934,82.71209449149815,8.924651537692002,108.35301030906642,100.1921449843777,10.81075248180782,12.613553481238133,15.279252531687677,Verified debut-season capacity; original four-year role window retained,FAIL: aggregate and debut/swingman subgroup accuracy deteriorates; not release-ready,"MLB opportunity, future role, availability; other professional assignments unverified"
0509b,Prelander Berroa,Free agent,26.0,RP,2023,1.6666666666666665,65.33333333333333,67.0,"[{""year"":2023,""IP"":1.6666666666666665,""role"":""RP""},{""year"":2024,""IP"":19.0,""role"":""RP""}]",https://statsapi.mlb.com/api/v1/stats?stats=season&group=pitching&season=2023&sportId=12&playerPool=ALL&limit=10000,debut_raw,19.855155818373216,21.10826488460059,0.08360496826356335,38.60401263220365,41.04040943838766,0.16255159518692816,2.9284935423962484,5.69381589034813,Verified debut-season capacity; original four-year role window retained,FAIL: aggregate and debut/swingman subgroup accuracy deteriorates; not release-ready,"MLB opportunity, future role, availability; other professional assignments unverified"
0509b,Prelander Berroa,Free agent,26.0,RP,2023,1.6666666666666665,65.33333333333333,67.0,"[{""year"":2023,""IP"":1.6666666666666665,""role"":""RP""},{""year"":2024,""IP"":19.0,""role"":""RP""}]",https://statsapi.mlb.com/api/v1/stats?stats=season&group=pitching&season=2023&sportId=12&playerPool=ALL&limit=10000,debut_opportunity,19.855155818373216,21.10826488460059,0.08360496826356335,25.17199581035498,26.760664086420807,0.10599281768959218,2.9284935423962484,3.712689432113945,Verified debut-season capacity; original four-year role window retained,FAIL: aggregate and debut/swingman subgroup accuracy deteriorates; not release-ready,"MLB opportunity, future role, availability; other professional assignments unverified"
06dqi,Jake Bloss,Ohtani and the Bums,25.0,SP,2024,11.666666666666666,93.33333333333333,105.0,"[{""year"":2024,""IP"":11.666666666666666,""role"":""SP""}]",https://statsapi.mlb.com/api/v1/stats?stats=season&group=pitching&season=2024&sportId=12&playerPool=ALL&limit=10000;https://statsapi.mlb.com/api/v1/stats?stats=season&group=pitching&season=2024&sportId=11&playerPool=ALL&limit=10000;https://statsapi.mlb.com/api/v1/stats?stats=season&group=pitching&season=2024&sportId=13&playerPool=ALL&limit=10000,debut_raw,47.13940238802352,39.82774419028626,3.2373944027057284,111.21237650766713,93.9625421188307,7.637736309296039,3.504634326827069,8.268214965232799,Verified debut-season capacity; original four-year role window retained,FAIL: aggregate and debut/swingman subgroup accuracy deteriorates; not release-ready,"MLB opportunity, future role, availability; other professional assignments unverified"
06dqi,Jake Bloss,Ohtani and the Bums,25.0,SP,2024,11.666666666666666,93.33333333333333,105.0,"[{""year"":2024,""IP"":11.666666666666666,""role"":""SP""}]",https://statsapi.mlb.com/api/v1/stats?stats=season&group=pitching&season=2024&sportId=12&playerPool=ALL&limit=10000;https://statsapi.mlb.com/api/v1/stats?stats=season&group=pitching&season=2024&sportId=11&playerPool=ALL&limit=10000;https://statsapi.mlb.com/api/v1/stats?stats=season&group=pitching&season=2024&sportId=13&playerPool=ALL&limit=10000,debut_opportunity,47.13940238802352,39.82774419028626,3.2373944027057284,54.25862173465058,45.84272173790231,3.7263212812157627,3.504634326827069,4.033921064427706,Verified debut-season capacity; original four-year role window retained,FAIL: aggregate and debut/swingman subgroup accuracy deteriorates; not release-ready,"MLB opportunity, future role, availability; other professional assignments unverified"
060hu,Caleb Boushley,Free agent,33.0,RP,2023,2.3333333333333335,135.66666666666666,138.0,"[{""year"":2023,""IP"":2.3333333333333335,""role"":""RP""},{""year"":2024,""IP"":4.0,""role"":""RP""},{""year"":2025,""IP"":43.333333333333336,""role"":""RP""}]",https://statsapi.mlb.com/api/v1/stats?stats=season&group=pitching&season=2023&sportId=11&playerPool=ALL&limit=10000,debut_raw,22.930068069100162,20.868763698504456,0.14512511306124723,46.59946155718808,42.41039096717618,0.29492943966413404,0.7602746177877202,1.5450624794370713,Verified debut-season capacity; original four-year role window retained,FAIL: aggregate and debut/swingman subgroup accuracy deteriorates; not release-ready,"MLB opportunity, future role, availability; other professional assignments unverified"
060hu,Caleb Boushley,Free agent,33.0,RP,2023,2.3333333333333335,135.66666666666666,138.0,"[{""year"":2023,""IP"":2.3333333333333335,""role"":""RP""},{""year"":2024,""IP"":4.0,""role"":""RP""},{""year"":2025,""IP"":43.333333333333336,""role"":""RP""}]",https://statsapi.mlb.com/api/v1/stats?stats=season&group=pitching&season=2023&sportId=11&playerPool=ALL&limit=10000,debut_opportunity,22.930068069100162,20.868763698504456,0.14512511306124723,30.249502877328567,27.5302160308403,0.1914500433182144,0.7602746177877202,1.002959483985171,Verified debut-season capacity; original four-year role window retained,FAIL: aggregate and debut/swingman subgroup accuracy deteriorates; not release-ready,"MLB opportunity, future role, availability; other professional assignments unverified"
05rg5,McCade Brown,Free agent,26.0,SP,2025,25.666666666666668,76.66666666666667,102.33333333333334,"[{""year"":2025,""IP"":25.666666666666668,""role"":""SP""}]",https://statsapi.mlb.com/api/v1/stats?stats=season&group=pitching&season=2025&sportId=12&playerPool=ALL&limit=10000;https://statsapi.mlb.com/api/v1/stats?stats=season&group=pitching&season=2025&sportId=13&playerPool=ALL&limit=10000,debut_raw,45.416254551815165,41.88464817207256,2.98418034811421,87.5361680474502,80.72928155746243,5.751766961284647,0.0,0.0,Verified debut-season capacity; original four-year role window retained,FAIL: aggregate and debut/swingman subgroup accuracy deteriorates; not release-ready,"MLB opportunity, future role, availability; other professional assignments unverified"
05rg5,McCade Brown,Free agent,26.0,SP,2025,25.666666666666668,76.66666666666667,102.33333333333334,"[{""year"":2025,""IP"":25.666666666666668,""role"":""SP""}]",https://statsapi.mlb.com/api/v1/stats?stats=season&group=pitching&season=2025&sportId=12&playerPool=ALL&limit=10000;https://statsapi.mlb.com/api/v1/stats?stats=season&group=pitching&season=2025&sportId=13&playerPool=ALL&limit=10000,debut_opportunity,45.416254551815165,41.88464817207256,2.98418034811421,55.98053252954774,51.627438956030275,3.678330736433831,0.0,0.0,Verified debut-season capacity; original four-year role window retained,FAIL: aggregate and debut/swingman subgroup accuracy deteriorates; not release-ready,"MLB opportunity, future role, availability; other professional assignments unverified"
06tl5,Alex Carrillo,Free agent,29.0,RP,2025,4.666666666666667,41.666666666666664,46.33333333333333,"[{""year"":2025,""IP"":4.666666666666667,""role"":""RP""}]",https://statsapi.mlb.com/api/v1/stats?stats=season&group=pitching&season=2025&sportId=12&playerPool=ALL&limit=10000;https://statsapi.mlb.com/api/v1/stats?stats=season&group=pitching&season=2025&sportId=11&playerPool=ALL&limit=10000,debut_raw,13.828452701051088,12.597940682799399,0.06313879431326298,38.28915912979712,34.88203387171343,0.17482298236738383,1.5374095543881896,4.256884002008808,Verified debut-season capacity; original four-year role window retained,FAIL: aggregate and debut/swingman subgroup accuracy deteriorates; not release-ready,"MLB opportunity, future role, availability; other professional assignments unverified"
06tl5,Alex Carrillo,Free agent,29.0,RP,2025,4.666666666666667,41.666666666666664,46.33333333333333,"[{""year"":2025,""IP"":4.666666666666667,""role"":""RP""}]",https://statsapi.mlb.com/api/v1/stats?stats=season&group=pitching&season=2025&sportId=12&playerPool=ALL&limit=10000;https://statsapi.mlb.com/api/v1/stats?stats=season&group=pitching&season=2025&sportId=11&playerPool=ALL&limit=10000,debut_opportunity,13.828452701051088,12.597940682799399,0.06313879431326298,16.292120974449972,14.842381723409448,0.07438756145540466,1.5374095543881896,1.8113134555873887,Verified debut-season capacity; original four-year role window retained,FAIL: aggregate and debut/swingman subgroup accuracy deteriorates; not release-ready,"MLB opportunity, future role, availability; other professional assignments unverified"
04pra,Austin Cox,Free agent,29.0,RP,2023,35.666666666666664,47.333333333333336,83.0,"[{""year"":2023,""IP"":35.666666666666664,""role"":""RP""},{""year"":2025,""IP"":21.333333333333332,""role"":""RP""}]",https://statsapi.mlb.com/api/v1/stats?stats=season&group=pitching&season=2023&sportId=11&playerPool=ALL&limit=10000,debut_raw,25.14691077976045,24.00961664636229,0.07247951070230799,34.779863114153024,33.20690909898416,0.10024402133863514,1.6314752065370866,2.2564395624755536,Verified debut-season capacity; original four-year role window retained,FAIL: aggregate and debut/swingman subgroup accuracy deteriorates; not release-ready,"MLB opportunity, future role, availability; other professional assignments unverified"
04pra,Austin Cox,Free agent,29.0,RP,2023,35.666666666666664,47.333333333333336,83.0,"[{""year"":2023,""IP"":35.666666666666664,""role"":""RP""},{""year"":2025,""IP"":21.333333333333332,""role"":""RP""}]",https://statsapi.mlb.com/api/v1/stats?stats=season&group=pitching&season=2023&sportId=11&playerPool=ALL&limit=10000,debut_opportunity,25.14691077976045,24.00961664636229,0.07247951070230799,29.28637222466007,27.96186681676606,0.08441044499181403,1.6314752065370866,1.9000341867998003,Verified debut-season capacity; original four-year role window retained,FAIL: aggregate and debut/swingman subgroup accuracy deteriorates; not release-ready,"MLB opportunity, future role, availability; other professional assignments unverified"
06ejy,Declan Cronin,Free agent,29.0,RP,2023,11.0,51.666666666666664,62.666666666666664,"[{""year"":2023,""IP"":11.0,""role"":""RP""},{""year"":2024,""IP"":70.33333333333333,""role"":""RP""}]",https://statsapi.mlb.com/api/v1/stats?stats=season&group=pitching&season=2023&sportId=11&playerPool=ALL&limit=10000,debut_raw,38.67096357858715,37.67265199724804,0.07598437174648595,51.07308530921535,49.75460633065837,0.10035323512146097,3.5825744111479296,4.73153786704415,Verified debut-season capacity; original four-year role window retained,FAIL: aggregate and debut/swingman subgroup accuracy deteriorates; not release-ready,"MLB opportunity, future role, availability; other professional assignments unverified"
06ejy,Declan Cronin,Free agent,29.0,RP,2023,11.0,51.666666666666664,62.666666666666664,"[{""year"":2023,""IP"":11.0,""role"":""RP""},{""year"":2024,""IP"":70.33333333333333,""role"":""RP""}]",https://statsapi.mlb.com/api/v1/stats?stats=season&group=pitching&season=2023&sportId=11&playerPool=ALL&limit=10000,debut_opportunity,38.67096357858715,37.67265199724804,0.07598437174648595,51.07308530921535,49.75460633065837,0.10035323512146097,3.5825744111479296,4.73153786704415,Verified debut-season capacity; original four-year role window retained,FAIL: aggregate and debut/swingman subgroup accuracy deteriorates; not release-ready,"MLB opportunity, future role, availability; other professional assignments unverified"
063e5,Caden Dana,Free agent,22.0,SP,2024,10.333333333333334,135.66666666666666,146.0,"[{""year"":2024,""IP"":10.333333333333334,""role"":""SP""},{""year"":2025,""IP"":32.333333333333336,""role"":""SP""}]",https://statsapi.mlb.com/api/v1/stats?stats=season&group=pitching&season=2024&sportId=12&playerPool=ALL&limit=10000,debut_raw,40.625375875875875,36.806424519901526,3.3195410221783757,76.7398018018018,69.5259468200385,6.270487709288842,2.5681954954971773,4.851224365649873,Verified debut-season capacity; original four-year role window retained,FAIL: aggregate and debut/swingman subgroup accuracy deteriorates; not release-ready,"MLB opportunity, future role, availability; other professional assignments unverified"
063e5,Caden Dana,Free agent,22.0,SP,2024,10.333333333333334,135.66666666666666,146.0,"[{""year"":2024,""IP"":10.333333333333334,""role"":""SP""},{""year"":2025,""IP"":32.333333333333336,""role"":""SP""}]",https://statsapi.mlb.com/api/v1/stats?stats=season&group=pitching&season=2024&sportId=12&playerPool=ALL&limit=10000,debut_opportunity,40.625375875875875,36.806424519901526,3.3195410221783757,48.6233195170056,44.05252877358483,3.973061178912886,2.5681954954971773,3.0737977795264326,Verified debut-season capacity; original four-year role window retained,FAIL: aggregate and debut/swingman subgroup accuracy deteriorates; not release-ready,"MLB opportunity, future role, availability; other professional assignments unverified"
06ofp,Dugan Darnell,Free agent,29.0,RP,2025,11.666666666666666,53.666666666666664,65.33333333333333,"[{""year"":2025,""IP"":11.666666666666666,""role"":""RP""}]",https://statsapi.mlb.com/api/v1/stats?stats=season&group=pitching&season=2025&sportId=11&playerPool=ALL&limit=10000,debut_raw,16.451836297024393,13.500939120944498,0.0690940862703961,45.34724332052542,37.21349764973065,0.19044842688349176,1.5089994981348118,4.159351343949772,Verified debut-season capacity; original four-year role window retained,FAIL: aggregate and debut/swingman subgroup accuracy deteriorates; not release-ready,"MLB opportunity, future role, availability; other professional assignments unverified"
06ofp,Dugan Darnell,Free agent,29.0,RP,2025,11.666666666666666,53.666666666666664,65.33333333333333,"[{""year"":2025,""IP"":11.666666666666666,""role"":""RP""}]",https://statsapi.mlb.com/api/v1/stats?stats=season&group=pitching&season=2025&sportId=11&playerPool=ALL&limit=10000,debut_opportunity,16.451836297024393,13.500939120944498,0.0690940862703961,21.611730408363865,17.735324572513452,0.09076450423702032,1.5089994981348118,1.9822766134589112,Verified debut-season capacity; original four-year role window retained,FAIL: aggregate and debut/swingman subgroup accuracy deteriorates; not release-ready,"MLB opportunity, future role, availability; other professional assignments unverified"
04pxb,Shawn Dubin,Free agent,31.0,RP,2023,9.0,55.666666666666664,64.66666666666666,"[{""year"":2023,""IP"":9.0,""role"":""RP""},{""year"":2024,""IP"":45.333333333333336,""role"":""RP""},{""year"":2025,""IP"":33.666666666666664,""role"":""RP""}]",https://statsapi.mlb.com/api/v1/stats?stats=season&group=pitching&season=2023&sportId=11&playerPool=ALL&limit=10000,debut_raw,31.451114755472997,29.327246039404482,0.11980850456485403,38.973582407729914,36.34172744575304,0.14846426468850935,1.5596737676239185,1.9327160447019651,Verified debut-season capacity; original four-year role window retained,FAIL: aggregate and debut/swingman subgroup accuracy deteriorates; not release-ready,"MLB opportunity, future role, availability; other professional assignments unverified"
04pxb,Shawn Dubin,Free agent,31.0,RP,2023,9.0,55.666666666666664,64.66666666666666,"[{""year"":2023,""IP"":9.0,""role"":""RP""},{""year"":2024,""IP"":45.333333333333336,""role"":""RP""},{""year"":2025,""IP"":33.666666666666664,""role"":""RP""}]",https://statsapi.mlb.com/api/v1/stats?stats=season&group=pitching&season=2023&sportId=11&playerPool=ALL&limit=10000,debut_opportunity,31.451114755472997,29.327246039404482,0.11980850456485403,35.97792518641405,33.54836456935575,0.1370527387484851,1.5596737676239185,1.784160166120063,Verified debut-season capacity; original four-year role window retained,FAIL: aggregate and debut/swingman subgroup accuracy deteriorates; not release-ready,"MLB opportunity, future role, availability; other professional assignments unverified"
041y7,Parker Dunshee,Free agent,31.0,RP,2024,2.3333333333333335,59.333333333333336,61.66666666666667,"[{""year"":2024,""IP"":2.3333333333333335,""role"":""RP""}]",https://statsapi.mlb.com/api/v1/stats?stats=season&group=pitching&season=2024&sportId=12&playerPool=ALL&limit=10000;https://statsapi.mlb.com/api/v1/stats?stats=season&group=pitching&season=2024&sportId=11&playerPool=ALL&limit=10000,debut_raw,12.89244456054801,12.044387242335038,0.09636736763460049,48.93728956228956,45.71822382561729,0.3657923640580385,1.007547662588519,3.8244610229145324,Verified debut-season capacity; original four-year role window retained,FAIL: aggregate and debut/swingman subgroup accuracy deteriorates; not release-ready,"MLB opportunity, future role, availability; other professional assignments unverified"
041y7,Parker Dunshee,Free agent,31.0,RP,2024,2.3333333333333335,59.333333333333336,61.66666666666667,"[{""year"":2024,""IP"":2.3333333333333335,""role"":""RP""}]",https://statsapi.mlb.com/api/v1/stats?stats=season&group=pitching&season=2024&sportId=12&playerPool=ALL&limit=10000;https://statsapi.mlb.com/api/v1/stats?stats=season&group=pitching&season=2024&sportId=11&playerPool=ALL&limit=10000,debut_opportunity,12.89244456054801,12.044387242335038,0.09636736763460049,14.256303560613905,13.318532410351121,0.10656182695873057,1.007547662588519,1.1141335735197733,Verified debut-season capacity; original four-year role window retained,FAIL: aggregate and debut/swingman subgroup accuracy deteriorates; not release-ready,"MLB opportunity, future role, availability; other professional assignments unverified"
03qvm,Nic Enright,Free agent,29.0,RP,2025,31.0,13.0,44.0,"[{""year"":2025,""IP"":31.0,""role"":""RP""}]",https://statsapi.mlb.com/api/v1/stats?stats=season&group=pitching&season=2025&sportId=11&playerPool=ALL&limit=10000,debut_raw,33.09981889847661,30.87964929237411,0.1572395016122498,41.724938745072976,38.92623941978563,0.198212823858649,5.5053093633758134,6.939877727551696,Verified debut-season capacity; original four-year role window retained,FAIL: aggregate and debut/swingman subgroup accuracy deteriorates; not release-ready,"MLB opportunity, future role, availability; other professional assignments unverified"
03qvm,Nic Enright,Free agent,29.0,RP,2025,31.0,13.0,44.0,"[{""year"":2025,""IP"":31.0,""role"":""RP""}]",https://statsapi.mlb.com/api/v1/stats?stats=season&group=pitching&season=2025&sportId=11&playerPool=ALL&limit=10000,debut_opportunity,33.09981889847661,30.87964929237411,0.1572395016122498,39.17660788130586,36.54883779123222,0.1861070695585765,5.5053093633758134,6.516027983590639,Verified debut-season capacity; original four-year role window retained,FAIL: aggregate and debut/swingman subgroup accuracy deteriorates; not release-ready,"MLB opportunity, future role, availability; other professional assignments unverified"
06hv8,Logan Evans,Sodo Mojo,25.0,SP,2025,81.33333333333333,44.0,125.33333333333333,"[{""year"":2025,""IP"":81.33333333333333,""role"":""SP""}]",https://statsapi.mlb.com/api/v1/stats?stats=season&group=pitching&season=2025&sportId=11&playerPool=ALL&limit=10000,debut_raw,80.03416942655883,65.06815010516111,5.975900109644446,105.49082090681371,85.76452556029669,7.876668337290392,10.066119381884498,13.267873016604387,Verified debut-season capacity; original four-year role window retained,FAIL: aggregate and debut/swingman subgroup accuracy deteriorates; not release-ready,"MLB opportunity, future role, availability; other professional assignments unverified"
06hv8,Logan Evans,Sodo Mojo,25.0,SP,2025,81.33333333333333,44.0,125.33333333333333,"[{""year"":2025,""IP"":81.33333333333333,""role"":""SP""}]",https://statsapi.mlb.com/api/v1/stats?stats=season&group=pitching&season=2025&sportId=11&playerPool=ALL&limit=10000,debut_opportunity,80.03416942655883,65.06815010516111,5.975900109644446,96.55391134459659,78.49877673030228,7.209377363755113,10.066119381884498,12.14385312356443,Verified debut-season capacity; original four-year role window retained,FAIL: aggregate and debut/swingman subgroup accuracy deteriorates; not release-ready,"MLB opportunity, future role, availability; other professional assignments unverified"
04anh,Brady Feigl,Free agent,35.0,RP,2024,1.6666666666666665,60.0,61.666666666666664,"[{""year"":2024,""IP"":1.6666666666666665,""role"":""RP""}]",https://statsapi.mlb.com/api/v1/stats?stats=season&group=pitching&season=2024&sportId=11&playerPool=ALL&limit=10000,debut_raw,8.58854779800175,7.442254055508012,0.013631048617152796,33.657822451628476,29.1655902175314,0.053418974310463656,0.3466925073713429,1.3586598261849923,Verified debut-season capacity; original four-year role window retained,FAIL: aggregate and debut/swingman subgroup accuracy deteriorates; not release-ready,"MLB opportunity, future role, availability; other professional assignments unverified"
05yav,David Festa,Ohtani and the Bums,26.0,SP,2024,64.33333333333333,60.333333333333336,124.66666666666666,"[{""year"":2024,""IP"":64.33333333333333,""role"":""SP""},{""year"":2025,""IP"":53.333333333333336,""role"":""SP""}]",https://statsapi.mlb.com/api/v1/stats?stats=season&group=pitching&season=2024&sportId=11&playerPool=ALL&limit=10000,debut_raw,70.82904179947055,71.13331058435685,5.693780445902516,89.05620858710707,89.43877799204265,7.159019607734922,11.035315703636366,13.875147145290974,Verified debut-season capacity; original four-year role window retained,FAIL: aggregate and debut/swingman subgroup accuracy deteriorates; not release-ready,"MLB opportunity, future role, availability; other professional assignments unverified"
05yav,David Festa,Ohtani and the Bums,26.0,SP,2024,64.33333333333333,60.333333333333336,124.66666666666666,"[{""year"":2024,""IP"":64.33333333333333,""role"":""SP""},{""year"":2025,""IP"":53.333333333333336,""role"":""SP""}]",https://statsapi.mlb.com/api/v1/stats?stats=season&group=pitching&season=2024&sportId=11&playerPool=ALL&limit=10000,debut_opportunity,70.82904179947055,71.13331058435685,5.693780445902516,80.23503963373217,80.57971488832305,6.449906537436352,11.035315703636366,12.500790217645298,Verified debut-season capacity; original four-year role window retained,FAIL: aggregate and debut/swingman subgroup accuracy deteriorates; not release-ready,"MLB opportunity, future role, availability; other professional assignments unverified"
05rav,Richard Fitts,Free agent,26.0,SP,2024,20.666666666666668,116.66666666666667,137.33333333333334,"[{""year"":2024,""IP"":20.666666666666668,""role"":""SP""},{""year"":2025,""IP"":45.0,""role"":""SP""}]",https://statsapi.mlb.com/api/v1/stats?stats=season&group=pitching&season=2024&sportId=11&playerPool=ALL&limit=10000,debut_raw,55.305826826948866,44.00433400329244,5.379715360720566,91.20476125917438,72.56748533381739,8.871681037372191,5.8572877654702875,9.659245018568186,Verified debut-season capacity; original four-year role window retained,FAIL: aggregate and debut/swingman subgroup accuracy deteriorates; not release-ready,"MLB opportunity, future role, availability; other professional assignments unverified"
05rav,Richard Fitts,Free agent,26.0,SP,2024,20.666666666666668,116.66666666666667,137.33333333333334,"[{""year"":2024,""IP"":20.666666666666668,""role"":""SP""},{""year"":2025,""IP"":45.0,""role"":""SP""}]",https://statsapi.mlb.com/api/v1/stats?stats=season&group=pitching&season=2024&sportId=11&playerPool=ALL&limit=10000,debut_opportunity,55.305826826948866,44.00433400329244,5.379715360720566,67.06882718702276,53.36361902664406,6.52392741496321,5.8572877654702875,7.103074729470812,Verified debut-season capacity; original four-year role window retained,FAIL: aggregate and debut/swingman subgroup accuracy deteriorates; not release-ready,"MLB opportunity, future role, availability; other professional assignments unverified"
051bd,Caleb Freeman,Free agent,28.0,RP,2025,3.3333333333333335,50.666666666666664,54.0,"[{""year"":2025,""IP"":3.3333333333333335,""role"":""RP""}]",https://statsapi.mlb.com/api/v1/stats?stats=season&group=pitching&season=2025&sportId=12&playerPool=ALL&limit=10000;https://statsapi.mlb.com/api/v1/stats?stats=season&group=pitching&season=2025&sportId=11&playerPool=ALL&limit=10000,debut_raw,13.992632427187656,12.828932014944034,0.07498845618283877,45.89583436117552,42.07889700901644,0.2459621362797112,2.179846346203703,7.149896015548146,Verified debut-season capacity; original four-year role window retained,FAIL: aggregate and debut/swingman subgroup accuracy deteriorates; not release-ready,"MLB opportunity, future role, availability; other professional assignments unverified"
051bd,Caleb Freeman,Free agent,28.0,RP,2025,3.3333333333333335,50.666666666666664,54.0,"[{""year"":2025,""IP"":3.3333333333333335,""role"":""RP""}]",https://statsapi.mlb.com/api/v1/stats?stats=season&group=pitching&season=2025&sportId=12&playerPool=ALL&limit=10000;https://statsapi.mlb.com/api/v1/stats?stats=season&group=pitching&season=2025&sportId=11&playerPool=ALL&limit=10000,debut_opportunity,13.992632427187656,12.828932014944034,0.07498845618283877,15.961965879902959,14.634485409639861,0.08554238705301609,2.179846346203703,2.48663953566941,Verified debut-season capacity; original four-year role window retained,FAIL: aggregate and debut/swingman subgroup accuracy deteriorates; not release-ready,"MLB opportunity, future role, availability; other professional assignments unverified"
03mey,Gerson Garabito,Free agent,31.0,RP,2024,26.333333333333332,59.666666666666664,86.0,"[{""year"":2024,""IP"":26.333333333333332,""role"":""RP""},{""year"":2025,""IP"":8.0,""role"":""RP""}]",https://statsapi.mlb.com/api/v1/stats?stats=season&group=pitching&season=2024&sportId=12&playerPool=ALL&limit=10000;https://statsapi.mlb.com/api/v1/stats?stats=season&group=pitching&season=2024&sportId=11&playerPool=ALL&limit=10000,debut_raw,19.47231626610937,17.494605071028467,0.10381142773626684,36.097764774178565,32.43148529639797,0.1924455441296163,1.1995734919211518,2.223768407874241,Verified debut-season capacity; original four-year role window retained,FAIL: aggregate and debut/swingman subgroup accuracy deteriorates; not release-ready,"MLB opportunity, future role, availability; other professional assignments unverified"
03mey,Gerson Garabito,Free agent,31.0,RP,2024,26.333333333333332,59.666666666666664,86.0,"[{""year"":2024,""IP"":26.333333333333332,""role"":""RP""},{""year"":2025,""IP"":8.0,""role"":""RP""}]",https://statsapi.mlb.com/api/v1/stats?stats=season&group=pitching&season=2024&sportId=12&playerPool=ALL&limit=10000;https://statsapi.mlb.com/api/v1/stats?stats=season&group=pitching&season=2024&sportId=11&playerPool=ALL&limit=10000,debut_opportunity,19.47231626610937,17.494605071028467,0.10381142773626684,24.563054375169315,22.068300953990448,0.13095133159314518,1.1995734919211518,1.5131835630850818,Verified debut-season capacity; original four-year role window retained,FAIL: aggregate and debut/swingman subgroup accuracy deteriorates; not release-ready,"MLB opportunity, future role, availability; other professional assignments unverified"
052ht,Wikelman Gonzalez,Free agent,24.0,RP,2025,20.333333333333332,49.333333333333336,69.66666666666667,"[{""year"":2025,""IP"":20.333333333333332,""role"":""RP""}]",https://statsapi.mlb.com/api/v1/stats?stats=season&group=pitching&season=2025&sportId=12&playerPool=ALL&limit=10000;https://statsapi.mlb.com/api/v1/stats?stats=season&group=pitching&season=2025&sportId=11&playerPool=ALL&limit=10000,debut_raw,29.170164072952605,30.44252485998529,0.11167469836819058,65.86011548482502,68.73283941475434,0.2521380583553765,5.126060826103264,11.57357076035213,Verified debut-season capacity; original four-year role window retained,FAIL: aggregate and debut/swingman subgroup accuracy deteriorates; not release-ready,"MLB opportunity, future role, availability; other professional assignments unverified"
052ht,Wikelman Gonzalez,Free agent,24.0,RP,2025,20.333333333333332,49.333333333333336,69.66666666666667,"[{""year"":2025,""IP"":20.333333333333332,""role"":""RP""}]",https://statsapi.mlb.com/api/v1/stats?stats=season&group=pitching&season=2025&sportId=12&playerPool=ALL&limit=10000;https://statsapi.mlb.com/api/v1/stats?stats=season&group=pitching&season=2025&sportId=11&playerPool=ALL&limit=10000,debut_opportunity,29.170164072952605,30.44252485998529,0.11167469836819058,39.8787144850302,41.61816690707099,0.15267118142665154,5.126060826103264,7.0078699456687215,Verified debut-season capacity; original four-year role window retained,FAIL: aggregate and debut/swingman subgroup accuracy deteriorates; not release-ready,"MLB opportunity, future role, availability; other professional assignments unverified"
06aop,Luis Guerrero,Free agent,26.0,RP,2024,10.0,54.333333333333336,64.33333333333334,"[{""year"":2024,""IP"":10.0,""role"":""RP""},{""year"":2025,""IP"":17.333333333333332,""role"":""RP""}]",https://statsapi.mlb.com/api/v1/stats?stats=season&group=pitching&season=2024&sportId=11&playerPool=ALL&limit=10000,debut_raw,21.220977596914015,17.770594338912147,0.08698578665408926,38.71131531760667,32.417124880002845,0.15867950474657652,1.8815742023164754,3.432368367889874,Verified debut-season capacity; original four-year role window retained,FAIL: aggregate and debut/swingman subgroup accuracy deteriorates; not release-ready,"MLB opportunity, future role, availability; other professional assignments unverified"
06aop,Luis Guerrero,Free agent,26.0,RP,2024,10.0,54.333333333333336,64.33333333333334,"[{""year"":2024,""IP"":10.0,""role"":""RP""},{""year"":2025,""IP"":17.333333333333332,""role"":""RP""}]",https://statsapi.mlb.com/api/v1/stats?stats=season&group=pitching&season=2024&sportId=11&playerPool=ALL&limit=10000,debut_opportunity,21.220977596914015,17.770594338912147,0.08698578665408926,25.933400195235354,21.716809821485807,0.10630222883444852,1.8815742023164754,2.299404754698945,Verified debut-season capacity; original four-year role window retained,FAIL: aggregate and debut/swingman subgroup accuracy deteriorates; not release-ready,"MLB opportunity, future role, availability; other professional assignments unverified"
05zya,Thomas Harrington,Free agent,25.0,RP,2025,8.666666666666666,96.0,104.66666666666667,"[{""year"":2025,""IP"":8.666666666666666,""role"":""RP""}]",https://statsapi.mlb.com/api/v1/stats?stats=season&group=pitching&season=2025&sportId=11&playerPool=ALL&limit=10000,debut_raw,17.578491616685675,16.232512573604037,0.05373602936392104,65.21053341673719,60.21738535369241,0.19934333473712648,0.20963381380256296,0.7776738253966047,Verified debut-season capacity; original four-year role window retained,FAIL: aggregate and debut/swingman subgroup accuracy deteriorates; not release-ready,"MLB opportunity, future role, availability; other professional assignments unverified"
05zya,Thomas Harrington,Free agent,25.0,RP,2025,8.666666666666666,96.0,104.66666666666667,"[{""year"":2025,""IP"":8.666666666666666,""role"":""RP""}]",https://statsapi.mlb.com/api/v1/stats?stats=season&group=pitching&season=2025&sportId=11&playerPool=ALL&limit=10000,debut_opportunity,17.578491616685675,16.232512573604037,0.05373602936392104,22.64941872369753,20.915160540183056,0.0692374440396854,0.20963381380256296,0.2701075911970152,Verified debut-season capacity; original four-year role window retained,FAIL: aggregate and debut/swingman subgroup accuracy deteriorates; not release-ready,"MLB opportunity, future role, availability; other professional assignments unverified"
0664g,Hayden Harris,Free agent,27.0,RP,2025,2.6666666666666665,52.0,54.666666666666664,"[{""year"":2025,""IP"":2.6666666666666665,""role"":""RP""}]",https://statsapi.mlb.com/api/v1/stats?stats=season&group=pitching&season=2025&sportId=12&playerPool=ALL&limit=10000;https://statsapi.mlb.com/api/v1/stats?stats=season&group=pitching&season=2025&sportId=11&playerPool=ALL&limit=10000,debut_raw,14.153255129821483,11.922826232324894,0.0584262468605048,48.29615925743207,40.685108071129285,0.1993720382559494,1.7438521215007363,5.95067064140973,Verified debut-season capacity; original four-year role window retained,FAIL: aggregate and debut/swingman subgroup accuracy deteriorates; not release-ready,"MLB opportunity, future role, availability; other professional assignments unverified"
0664g,Hayden Harris,Free agent,27.0,RP,2025,2.6666666666666665,52.0,54.666666666666664,"[{""year"":2025,""IP"":2.6666666666666665,""role"":""RP""}]",https://statsapi.mlb.com/api/v1/stats?stats=season&group=pitching&season=2025&sportId=12&playerPool=ALL&limit=10000;https://statsapi.mlb.com/api/v1/stats?stats=season&group=pitching&season=2025&sportId=11&playerPool=ALL&limit=10000,debut_opportunity,14.153255129821483,11.922826232324894,0.0584262468605048,15.818762648241515,13.32586437080316,0.06530165131881918,1.7438521215007363,1.9490627810084922,Verified debut-season capacity; original four-year role window retained,FAIL: aggregate and debut/swingman subgroup accuracy deteriorates; not release-ready,"MLB opportunity, future role, availability; other professional assignments unverified"
0424v,Blair Henley,Free agent,29.0,SP,2024,0.3333333333333333,66.66666666666667,67.0,"[{""year"":2024,""IP"":0.3333333333333333,""role"":""SP""}]",https://statsapi.mlb.com/api/v1/stats?stats=season&group=pitching&season=2024&sportId=12&playerPool=ALL&limit=10000;https://statsapi.mlb.com/api/v1/stats?stats=season&group=pitching&season=2024&sportId=11&playerPool=ALL&limit=10000,debut_raw,28.24432244675684,23.056548729765307,2.670851783327407,61.08655784996247,49.86648911321334,5.776493391847648,0.006282083929636196,0.013586832685026943,Verified debut-season capacity; original four-year role window retained,FAIL: aggregate and debut/swingman subgroup accuracy deteriorates; not release-ready,"MLB opportunity, future role, availability; other professional assignments unverified"
051z5,Daysbel Hernandez,Free agent,30.0,RP,2023,3.6666666666666665,24.666666666666668,28.333333333333336,"[{""year"":2023,""IP"":3.6666666666666665,""role"":""RP""},{""year"":2024,""IP"":18.0,""role"":""RP""},{""year"":2025,""IP"":37.0,""role"":""RP""}]",https://statsapi.mlb.com/api/v1/stats?stats=season&group=pitching&season=2023&sportId=12&playerPool=ALL&limit=10000;https://statsapi.mlb.com/api/v1/stats?stats=season&group=pitching&season=2023&sportId=13&playerPool=ALL&limit=10000;https://statsapi.mlb.com/api/v1/stats?stats=season&group=pitching&season=2023&sportId=11&playerPool=ALL&limit=10000,debut_raw,24.696020708240656,24.05495406263628,0.06022714133725358,27.63857243562409,26.921122157705966,0.06740325609966816,1.4791266634678764,1.6553658547945183,Verified debut-season capacity; original four-year role window retained,FAIL: aggregate and debut/swingman subgroup accuracy deteriorates; not release-ready,"MLB opportunity, future role, availability; other professional assignments unverified"
051z5,Daysbel Hernandez,Free agent,30.0,RP,2023,3.6666666666666665,24.666666666666668,28.333333333333336,"[{""year"":2023,""IP"":3.6666666666666665,""role"":""RP""},{""year"":2024,""IP"":18.0,""role"":""RP""},{""year"":2025,""IP"":37.0,""role"":""RP""}]",https://statsapi.mlb.com/api/v1/stats?stats=season&group=pitching&season=2023&sportId=12&playerPool=ALL&limit=10000;https://statsapi.mlb.com/api/v1/stats?stats=season&group=pitching&season=2023&sportId=13&playerPool=ALL&limit=10000;https://statsapi.mlb.com/api/v1/stats?stats=season&group=pitching&season=2023&sportId=11&playerPool=ALL&limit=10000,debut_opportunity,24.696020708240656,24.05495406263628,0.06022714133725358,27.63857243562409,26.921122157705966,0.06740325609966816,1.4791266634678764,1.6553658547945183,Verified debut-season capacity; original four-year role window retained,FAIL: aggregate and debut/swingman subgroup accuracy deteriorates; not release-ready,"MLB opportunity, future role, availability; other professional assignments unverified"
041ue,Nick Hernandez,Free agent,31.0,RP,2023,3.0,61.0,64.0,"[{""year"":2023,""IP"":3.0,""role"":""RP""},{""year"":2024,""IP"":8.0,""role"":""RP""},{""year"":2025,""IP"":10.666666666666666,""role"":""RP""}]",https://statsapi.mlb.com/api/v1/stats?stats=season&group=pitching&season=2023&sportId=12&playerPool=ALL&limit=10000;https://statsapi.mlb.com/api/v1/stats?stats=season&group=pitching&season=2023&sportId=11&playerPool=ALL&limit=10000,debut_raw,13.556191706335381,12.966211291131625,0.08509855296397238,24.0298966678277,22.984089060462374,0.1508468955444357,0.9232330241052243,1.6365358833931634,Verified debut-season capacity; original four-year role window retained,FAIL: aggregate and debut/swingman subgroup accuracy deteriorates; not release-ready,"MLB opportunity, future role, availability; other professional assignments unverified"
041ue,Nick Hernandez,Free agent,31.0,RP,2023,3.0,61.0,64.0,"[{""year"":2023,""IP"":3.0,""role"":""RP""},{""year"":2024,""IP"":8.0,""role"":""RP""},{""year"":2025,""IP"":10.666666666666666,""role"":""RP""}]",https://statsapi.mlb.com/api/v1/stats?stats=season&group=pitching&season=2023&sportId=12&playerPool=ALL&limit=10000;https://statsapi.mlb.com/api/v1/stats?stats=season&group=pitching&season=2023&sportId=11&playerPool=ALL&limit=10000,debut_opportunity,13.556191706335381,12.966211291131625,0.08509855296397238,14.879936014035628,14.232344786503539,0.09340831484399514,0.9232330241052243,1.0133855158089993,Verified debut-season capacity; original four-year role window retained,FAIL: aggregate and debut/swingman subgroup accuracy deteriorates; not release-ready,"MLB opportunity, future role, availability; other professional assignments unverified"
051aa,Porter Hodge,Free agent,25.0,RP,2024,43.0,19.666666666666668,62.66666666666667,"[{""year"":2024,""IP"":43.0,""role"":""RP""},{""year"":2025,""IP"":33.0,""role"":""RP""}]",https://statsapi.mlb.com/api/v1/stats?stats=season&group=pitching&season=2024&sportId=12&playerPool=ALL&limit=10000;https://statsapi.mlb.com/api/v1/stats?stats=season&group=pitching&season=2024&sportId=11&playerPool=ALL&limit=10000,debut_raw,42.52311231616137,46.08675744192703,0.15637622972423332,49.510232519924415,53.65943254750792,0.1820709508907087,7.730086992375831,9.000244421110128,Verified debut-season capacity; original four-year role window retained,FAIL: aggregate and debut/swingman subgroup accuracy deteriorates; not release-ready,"MLB opportunity, future role, availability; other professional assignments unverified"
051aa,Porter Hodge,Free agent,25.0,RP,2024,43.0,19.666666666666668,62.66666666666667,"[{""year"":2024,""IP"":43.0,""role"":""RP""},{""year"":2025,""IP"":33.0,""role"":""RP""}]",https://statsapi.mlb.com/api/v1/stats?stats=season&group=pitching&season=2024&sportId=12&playerPool=ALL&limit=10000;https://statsapi.mlb.com/api/v1/stats?stats=season&group=pitching&season=2024&sportId=11&playerPool=ALL&limit=10000,debut_opportunity,42.52311231616137,46.08675744192703,0.15637622972423332,47.317466072998776,51.28290153033094,0.17400718201399568,7.730086992375831,8.601631185496705,Verified debut-season capacity; original four-year role window retained,FAIL: aggregate and debut/swingman subgroup accuracy deteriorates; not release-ready,"MLB opportunity, future role, availability; other professional assignments unverified"
04pmd,Gunnar Hoglund,Free agent,26.0,SP,2025,32.333333333333336,29.666666666666668,62.0,"[{""year"":2025,""IP"":32.333333333333336,""role"":""SP""}]",https://statsapi.mlb.com/api/v1/stats?stats=season&group=pitching&season=2025&sportId=11&playerPool=ALL&limit=10000,debut_raw,49.078855725348646,40.42153945120924,3.6078705002933527,65.37743094757263,53.845110388364546,4.8060065992713685,2.9963644018428726,3.99142571439517,Verified debut-season capacity; original four-year role window retained,FAIL: aggregate and debut/swingman subgroup accuracy deteriorates; not release-ready,"MLB opportunity, future role, availability; other professional assignments unverified"
04pmd,Gunnar Hoglund,Free agent,26.0,SP,2025,32.333333333333336,29.666666666666668,62.0,"[{""year"":2025,""IP"":32.333333333333336,""role"":""SP""}]",https://statsapi.mlb.com/api/v1/stats?stats=season&group=pitching&season=2025&sportId=11&playerPool=ALL&limit=10000,debut_opportunity,49.078855725348646,40.42153945120924,3.6078705002933527,57.57865033048697,47.42200386467196,4.232704917502319,2.9963644018428726,3.515294226130899,Verified debut-season capacity; original four-year role window retained,FAIL: aggregate and debut/swingman subgroup accuracy deteriorates; not release-ready,"MLB opportunity, future role, availability; other professional assignments unverified"
05mrs,Bailey Horn,Free agent,28.0,RP,2024,18.0,39.666666666666664,57.666666666666664,"[{""year"":2024,""IP"":18.0,""role"":""RP""},{""year"":2025,""IP"":11.333333333333334,""role"":""RP""}]",https://statsapi.mlb.com/api/v1/stats?stats=season&group=pitching&season=2024&sportId=11&playerPool=ALL&limit=10000,debut_raw,19.052368312858718,16.7993598464664,0.07735172874132826,30.508416333645798,26.900690555557883,0.12386275059436899,0.7992908997368124,1.279898600553882,Verified debut-season capacity; original four-year role window retained,FAIL: aggregate and debut/swingman subgroup accuracy deteriorates; not release-ready,"MLB opportunity, future role, availability; other professional assignments unverified"
05mrs,Bailey Horn,Free agent,28.0,RP,2024,18.0,39.666666666666664,57.666666666666664,"[{""year"":2024,""IP"":18.0,""role"":""RP""},{""year"":2025,""IP"":11.333333333333334,""role"":""RP""}]",https://statsapi.mlb.com/api/v1/stats?stats=season&group=pitching&season=2024&sportId=11&playerPool=ALL&limit=10000,debut_opportunity,19.052368312858718,16.7993598464664,0.07735172874132826,22.628244573682434,19.95237636837935,0.0918696199555722,0.7992908997368124,0.9493071762924291,Verified debut-season capacity; original four-year role window retained,FAIL: aggregate and debut/swingman subgroup accuracy deteriorates; not release-ready,"MLB opportunity, future role, availability; other professional assignments unverified"
060q2,Jairo Iriarte,Free agent,24.0,RP,2024,6.0,126.0,132.0,"[{""year"":2024,""IP"":6.0,""role"":""RP""}]",https://statsapi.mlb.com/api/v1/stats?stats=season&group=pitching&season=2024&sportId=12&playerPool=ALL&limit=10000,debut_raw,18.51024575734103,17.220973230401874,0.09907892659756787,76.0242236462221,70.72899719629343,0.4069313056685824,0.869511889860232,3.5712095476402377,Verified debut-season capacity; original four-year role window retained,FAIL: aggregate and debut/swingman subgroup accuracy deteriorates; not release-ready,"MLB opportunity, future role, availability; other professional assignments unverified"
060q2,Jairo Iriarte,Free agent,24.0,RP,2024,6.0,126.0,132.0,"[{""year"":2024,""IP"":6.0,""role"":""RP""}]",https://statsapi.mlb.com/api/v1/stats?stats=season&group=pitching&season=2024&sportId=12&playerPool=ALL&limit=10000,debut_opportunity,18.51024575734103,17.220973230401874,0.09907892659756787,22.769705718547346,21.18375400217049,0.12187833868394003,0.869511889860232,1.0695984326973873,Verified debut-season capacity; original four-year role window retained,FAIL: aggregate and debut/swingman subgroup accuracy deteriorates; not release-ready,"MLB opportunity, future role, availability; other professional assignments unverified"
05gvt,Bryce Jarvis,Free agent,28.0,RP,2023,23.666666666666668,106.33333333333333,130.0,"[{""year"":2023,""IP"":23.666666666666668,""role"":""RP""},{""year"":2024,""IP"":59.333333333333336,""role"":""RP""},{""year"":2025,""IP"":22.0,""role"":""RP""}]",https://statsapi.mlb.com/api/v1/stats?stats=season&group=pitching&season=2023&sportId=12&playerPool=ALL&limit=10000;https://statsapi.mlb.com/api/v1/stats?stats=season&group=pitching&season=2023&sportId=11&playerPool=ALL&limit=10000,debut_raw,34.54177076773624,29.251250104168115,1.1999470769963474,54.909284399728584,46.49921458333563,1.907494429236338,3.6981105194599184,5.878696944058276,Verified debut-season capacity; original four-year role window retained,FAIL: aggregate and debut/swingman subgroup accuracy deteriorates; not release-ready,"MLB opportunity, future role, availability; other professional assignments unverified"
05gvt,Bryce Jarvis,Free agent,28.0,RP,2023,23.666666666666668,106.33333333333333,130.0,"[{""year"":2023,""IP"":23.666666666666668,""role"":""RP""},{""year"":2024,""IP"":59.333333333333336,""role"":""RP""},{""year"":2025,""IP"":22.0,""role"":""RP""}]",https://statsapi.mlb.com/api/v1/stats?stats=season&group=pitching&season=2023&sportId=12&playerPool=ALL&limit=10000;https://statsapi.mlb.com/api/v1/stats?stats=season&group=pitching&season=2023&sportId=11&playerPool=ALL&limit=10000,debut_opportunity,34.54177076773624,29.251250104168115,1.1999470769963474,43.83771288695325,37.12339799465995,1.5228789454545995,3.6981105194599184,4.693352528635578,Verified debut-season capacity; original four-year role window retained,FAIL: aggregate and debut/swingman subgroup accuracy deteriorates; not release-ready,"MLB opportunity, future role, availability; other professional assignments unverified"
03n6f,Tyler Jay,Free agent,32.0,RP,2024,7.666666666666667,56.666666666666664,64.33333333333333,"[{""year"":2024,""IP"":7.666666666666667,""role"":""RP""}]",https://statsapi.mlb.com/api/v1/stats?stats=season&group=pitching&season=2024&sportId=11&playerPool=ALL&limit=10000,debut_raw,15.465066256533706,13.584143519416545,0.09242781039838492,48.46583525583157,42.57122801691627,0.2896587028802941,0.48577181885562887,1.522356034823708,Verified debut-season capacity; original four-year role window retained,FAIL: aggregate and debut/swingman subgroup accuracy deteriorates; not release-ready,"MLB opportunity, future role, availability; other professional assignments unverified"
03n6f,Tyler Jay,Free agent,32.0,RP,2024,7.666666666666667,56.666666666666664,64.33333333333333,"[{""year"":2024,""IP"":7.666666666666667,""role"":""RP""}]",https://statsapi.mlb.com/api/v1/stats?stats=season&group=pitching&season=2024&sportId=11&playerPool=ALL&limit=10000,debut_opportunity,15.465066256533706,13.584143519416545,0.09242781039838492,19.397800385983718,17.038562915491646,0.11593201002058139,0.48577181885562887,0.6093025803440529,Verified debut-season capacity; original four-year role window retained,FAIL: aggregate and debut/swingman subgroup accuracy deteriorates; not release-ready,"MLB opportunity, future role, availability; other professional assignments unverified"
06mi2,Austin Kitchen,Free agent,29.0,RP,2024,7.0,52.333333333333336,59.333333333333336,"[{""year"":2024,""IP"":7.0,""role"":""RP""}]",https://statsapi.mlb.com/api/v1/stats?stats=season&group=pitching&season=2024&sportId=12&playerPool=ALL&limit=10000;https://statsapi.mlb.com/api/v1/stats?stats=season&group=pitching&season=2024&sportId=11&playerPool=ALL&limit=10000,debut_raw,13.939192208024304,12.484499305661629,0.0659251519287563,42.11670092038245,37.72140562740681,0.19919015861735812,0.44639530627091484,1.348765217230574,Verified debut-season capacity; original four-year role window retained,FAIL: aggregate and debut/swingman subgroup accuracy deteriorates; not release-ready,"MLB opportunity, future role, availability; other professional assignments unverified"
06mi2,Austin Kitchen,Free agent,29.0,RP,2024,7.0,52.333333333333336,59.333333333333336,"[{""year"":2024,""IP"":7.0,""role"":""RP""}]",https://statsapi.mlb.com/api/v1/stats?stats=season&group=pitching&season=2024&sportId=12&playerPool=ALL&limit=10000;https://statsapi.mlb.com/api/v1/stats?stats=season&group=pitching&season=2024&sportId=11&playerPool=ALL&limit=10000,debut_opportunity,13.939192208024304,12.484499305661629,0.0659251519287563,17.263505033639593,15.461887130137184,0.08164742799875989,0.44639530627091484,0.5528546777886282,Verified debut-season capacity; original four-year role window retained,FAIL: aggregate and debut/swingman subgroup accuracy deteriorates; not release-ready,"MLB opportunity, future role, availability; other professional assignments unverified"
0513u,Evan Kravetz,Free agent,29.0,RP,2024,0.6666666666666666,49.0,49.666666666666664,"[{""year"":2024,""IP"":0.6666666666666666,""role"":""RP""}]",https://statsapi.mlb.com/api/v1/stats?stats=season&group=pitching&season=2024&sportId=11&playerPool=ALL&limit=10000,debut_raw,12.974539256418451,11.499485148412127,0.12260021951988337,45.48460637051241,40.313536003240245,0.4297973604759548,2.1882734413242986,7.671390416460748,Verified debut-season capacity; original four-year role window retained,FAIL: aggregate and debut/swingman subgroup accuracy deteriorates; not release-ready,"MLB opportunity, future role, availability; other professional assignments unverified"
051ae,Zac Kristofak,Free agent,28.0,RP,2024,2.0,18.666666666666668,20.666666666666668,"[{""year"":2024,""IP"":2.0,""role"":""RP""}]",https://statsapi.mlb.com/api/v1/stats?stats=season&group=pitching&season=2024&sportId=11&playerPool=ALL&limit=10000,debut_raw,13.153074481556398,12.148840092863782,0.07342619667902965,24.90688572039403,23.005250388614396,0.13904109583901358,1.8503642424663531,3.503881225095859,Verified debut-season capacity; original four-year role window retained,FAIL: aggregate and debut/swingman subgroup accuracy deteriorates; not release-ready,"MLB opportunity, future role, availability; other professional assignments unverified"
051ae,Zac Kristofak,Free agent,28.0,RP,2024,2.0,18.666666666666668,20.666666666666668,"[{""year"":2024,""IP"":2.0,""role"":""RP""}]",https://statsapi.mlb.com/api/v1/stats?stats=season&group=pitching&season=2024&sportId=11&playerPool=ALL&limit=10000,debut_opportunity,13.153074481556398,12.148840092863782,0.07342619667902965,14.290540085314879,13.199460444065453,0.07977602562999582,1.8503642424663531,2.010382014978885,Verified debut-season capacity; original four-year role window retained,FAIL: aggregate and debut/swingman subgroup accuracy deteriorates; not release-ready,"MLB opportunity, future role, availability; other professional assignments unverified"
045ok,Sauryn Lao,Free agent,27.0,RP,2025,11.0,74.66666666666667,85.66666666666667,"[{""year"":2025,""IP"":11.0,""role"":""RP""}]",https://statsapi.mlb.com/api/v1/stats?stats=season&group=pitching&season=2025&sportId=11&playerPool=ALL&limit=10000,debut_raw,19.624874381041128,17.493998245796217,0.06454751151356246,67.11852948162766,59.830774669637634,0.22075728844787165,2.9379623791203646,10.048049772456263,Verified debut-season capacity; original four-year role window retained,FAIL: aggregate and debut/swingman subgroup accuracy deteriorates; not release-ready,"MLB opportunity, future role, availability; other professional assignments unverified"
045ok,Sauryn Lao,Free agent,27.0,RP,2025,11.0,74.66666666666667,85.66666666666667,"[{""year"":2025,""IP"":11.0,""role"":""RP""}]",https://statsapi.mlb.com/api/v1/stats?stats=season&group=pitching&season=2025&sportId=11&playerPool=ALL&limit=10000,debut_opportunity,19.624874381041128,17.493998245796217,0.06454751151356246,25.920004265090256,23.105600593427265,0.08525261060263371,2.9379623791203646,3.8803813934749165,Verified debut-season capacity; original four-year role window retained,FAIL: aggregate and debut/swingman subgroup accuracy deteriorates; not release-ready,"MLB opportunity, future role, availability; other professional assignments unverified"
062sf,Ryan Loutos,Free agent,27.0,RP,2024,2.3333333333333335,53.0,55.333333333333336,"[{""year"":2024,""IP"":2.3333333333333335,""role"":""RP""},{""year"":2025,""IP"":12.0,""role"":""RP""}]",https://statsapi.mlb.com/api/v1/stats?stats=season&group=pitching&season=2024&sportId=11&playerPool=ALL&limit=10000,debut_raw,15.166368304904328,13.382297561019701,0.05597679910247282,30.870208998623983,27.23884283206191,0.11393732847754579,0.7803337700668782,1.5883213493410335,Verified debut-season capacity; original four-year role window retained,FAIL: aggregate and debut/swingman subgroup accuracy deteriorates; not release-ready,"MLB opportunity, future role, availability; other professional assignments unverified"
062sf,Ryan Loutos,Free agent,27.0,RP,2024,2.3333333333333335,53.0,55.333333333333336,"[{""year"":2024,""IP"":2.3333333333333335,""role"":""RP""},{""year"":2025,""IP"":12.0,""role"":""RP""}]",https://statsapi.mlb.com/api/v1/stats?stats=season&group=pitching&season=2024&sportId=11&playerPool=ALL&limit=10000,debut_opportunity,15.166368304904328,13.382297561019701,0.05597679910247282,18.572020503542326,16.387331475221625,0.06854655246092238,0.7803337700668782,0.9555599920781405,Verified debut-season capacity; original four-year role window retained,FAIL: aggregate and debut/swingman subgroup accuracy deteriorates; not release-ready,"MLB opportunity, future role, availability; other professional assignments unverified"
04puv,Josh Maciejewski,Free agent,31.0,RP,2024,7.0,73.0,80.0,"[{""year"":2024,""IP"":7.0,""role"":""RP""}]",https://statsapi.mlb.com/api/v1/stats?stats=season&group=pitching&season=2024&sportId=12&playerPool=ALL&limit=10000;https://statsapi.mlb.com/api/v1/stats?stats=season&group=pitching&season=2024&sportId=11&playerPool=ALL&limit=10000,debut_raw,17.049525457500916,15.437261546931035,0.04198909744755366,65.12479681191338,58.96636384879238,0.16038753960653546,2.3803491166945263,9.092320660335318,Verified debut-season capacity; original four-year role window retained,FAIL: aggregate and debut/swingman subgroup accuracy deteriorates; not release-ready,"MLB opportunity, future role, availability; other professional assignments unverified"
04puv,Josh Maciejewski,Free agent,31.0,RP,2024,7.0,73.0,80.0,"[{""year"":2024,""IP"":7.0,""role"":""RP""}]",https://statsapi.mlb.com/api/v1/stats?stats=season&group=pitching&season=2024&sportId=12&playerPool=ALL&limit=10000;https://statsapi.mlb.com/api/v1/stats?stats=season&group=pitching&season=2024&sportId=11&playerPool=ALL&limit=10000,debut_opportunity,17.049525457500916,15.437261546931035,0.04198909744755366,21.256111701012006,19.2460579983439,0.05234896113646456,2.3803491166945263,2.967646626763095,Verified debut-season capacity; original four-year role window retained,FAIL: aggregate and debut/swingman subgroup accuracy deteriorates; not release-ready,"MLB opportunity, future role, availability; other professional assignments unverified"
0518d,Anthony Maldonado,Free agent,28.0,RP,2024,19.0,46.333333333333336,65.33333333333334,"[{""year"":2024,""IP"":19.0,""role"":""RP""},{""year"":2025,""IP"":6.0,""role"":""RP""}]",https://statsapi.mlb.com/api/v1/stats?stats=season&group=pitching&season=2024&sportId=11&playerPool=ALL&limit=10000,debut_raw,17.76072727911779,16.18519679000619,0.08852773428671352,31.499030235929883,28.704793168143507,0.1570058328801763,1.8025574697107245,3.1968742804342893,Verified debut-season capacity; original four-year role window retained,FAIL: aggregate and debut/swingman subgroup accuracy deteriorates; not release-ready,"MLB opportunity, future role, availability; other professional assignments unverified"
0518d,Anthony Maldonado,Free agent,28.0,RP,2024,19.0,46.333333333333336,65.33333333333334,"[{""year"":2024,""IP"":19.0,""role"":""RP""},{""year"":2025,""IP"":6.0,""role"":""RP""}]",https://statsapi.mlb.com/api/v1/stats?stats=season&group=pitching&season=2024&sportId=11&playerPool=ALL&limit=10000,debut_opportunity,17.76072727911779,16.18519679000619,0.08852773428671352,21.756050077782533,19.826099818342044,0.10844228336746545,1.8025574697107245,2.2080475626252305,Verified debut-season capacity; original four-year role window retained,FAIL: aggregate and debut/swingman subgroup accuracy deteriorates; not release-ready,"MLB opportunity, future role, availability; other professional assignments unverified"
060gg,Adam Mazur,Free agent,25.0,SP,2024,33.666666666666664,93.33333333333333,127.0,"[{""year"":2024,""IP"":33.666666666666664,""role"":""SP""},{""year"":2025,""IP"":30.0,""role"":""SP""}]",https://statsapi.mlb.com/api/v1/stats?stats=season&group=pitching&season=2024&sportId=12&playerPool=ALL&limit=10000;https://statsapi.mlb.com/api/v1/stats?stats=season&group=pitching&season=2024&sportId=11&playerPool=ALL&limit=10000,debut_raw,45.869286036906914,35.66931982664642,2.7402949484645642,70.63680796193871,54.92928084166224,4.2199411579682575,0.10618633715475759,0.16352257804377257,Verified debut-season capacity; original four-year role window retained,FAIL: aggregate and debut/swingman subgroup accuracy deteriorates; not release-ready,"MLB opportunity, future role, availability; other professional assignments unverified"
060gg,Adam Mazur,Free agent,25.0,SP,2024,33.666666666666664,93.33333333333333,127.0,"[{""year"":2024,""IP"":33.666666666666664,""role"":""SP""},{""year"":2025,""IP"":30.0,""role"":""SP""}]",https://statsapi.mlb.com/api/v1/stats?stats=season&group=pitching&season=2024&sportId=12&playerPool=ALL&limit=10000;https://statsapi.mlb.com/api/v1/stats?stats=season&group=pitching&season=2024&sportId=11&playerPool=ALL&limit=10000,debut_opportunity,45.869286036906914,35.66931982664642,2.7402949484645642,52.43495457871323,40.77497878338289,3.132537119487852,0.10618633715475759,0.12138570809908927,Verified debut-season capacity; original four-year role window retained,FAIL: aggregate and debut/swingman subgroup accuracy deteriorates; not release-ready,"MLB opportunity, future role, availability; other professional assignments unverified"
04pw3,James McArthur,Free agent,29.0,RP,2023,23.333333333333332,56.666666666666664,80.0,"[{""year"":2023,""IP"":23.333333333333332,""role"":""RP""},{""year"":2024,""IP"":56.666666666666664,""role"":""RP""}]",https://statsapi.mlb.com/api/v1/stats?stats=season&group=pitching&season=2023&sportId=11&playerPool=ALL&limit=10000,debut_raw,41.08604097865843,36.51420784290162,0.15757734097114423,56.45890415823301,50.176461686513605,0.21653690108570633,8.645598403976791,11.880458668048488,Verified debut-season capacity; original four-year role window retained,FAIL: aggregate and debut/swingman subgroup accuracy deteriorates; not release-ready,"MLB opportunity, future role, availability; other professional assignments unverified"
04pw3,James McArthur,Free agent,29.0,RP,2023,23.333333333333332,56.666666666666664,80.0,"[{""year"":2023,""IP"":23.333333333333332,""role"":""RP""},{""year"":2024,""IP"":56.666666666666664,""role"":""RP""}]",https://statsapi.mlb.com/api/v1/stats?stats=season&group=pitching&season=2023&sportId=11&playerPool=ALL&limit=10000,debut_opportunity,41.08604097865843,36.51420784290162,0.15757734097114423,51.97515239752376,46.19163764879344,0.19934036271895905,8.645598403976791,10.93695775769424,Verified debut-season capacity; original four-year role window retained,FAIL: aggregate and debut/swingman subgroup accuracy deteriorates; not release-ready,"MLB opportunity, future role, availability; other professional assignments unverified"
06qyw,Garrett McDaniels,Free agent,26.0,RP,2025,10.666666666666666,38.333333333333336,49.0,"[{""year"":2025,""IP"":10.666666666666666,""role"":""RP""}]",https://statsapi.mlb.com/api/v1/stats?stats=season&group=pitching&season=2025&sportId=16&playerPool=ALL&limit=10000;https://statsapi.mlb.com/api/v1/stats?stats=season&group=pitching&season=2025&sportId=11&playerPool=ALL&limit=10000,debut_raw,18.850864849859768,16.003119700061916,0.07116006284907463,43.30029482430195,36.75904562683395,0.1634541293262579,1.280486567516516,2.941268017866886,Verified debut-season capacity; original four-year role window retained,FAIL: aggregate and debut/swingman subgroup accuracy deteriorates; not release-ready,"MLB opportunity, future role, availability; other professional assignments unverified"
06qyw,Garrett McDaniels,Free agent,26.0,RP,2025,10.666666666666666,38.333333333333336,49.0,"[{""year"":2025,""IP"":10.666666666666666,""role"":""RP""}]",https://statsapi.mlb.com/api/v1/stats?stats=season&group=pitching&season=2025&sportId=16&playerPool=ALL&limit=10000;https://statsapi.mlb.com/api/v1/stats?stats=season&group=pitching&season=2025&sportId=11&playerPool=ALL&limit=10000,debut_opportunity,18.850864849859768,16.003119700061916,0.07116006284907463,24.173189742255342,20.521416500447664,0.09125128820465193,1.280486567516516,1.6420172233751005,Verified debut-season capacity; original four-year role window retained,FAIL: aggregate and debut/swingman subgroup accuracy deteriorates; not release-ready,"MLB opportunity, future role, availability; other professional assignments unverified"
0423z,John McMillon,Free agent,28.0,RP,2023,4.0,51.333333333333336,55.333333333333336,"[{""year"":2023,""IP"":4.0,""role"":""RP""},{""year"":2024,""IP"":12.0,""role"":""RP""}]",https://statsapi.mlb.com/api/v1/stats?stats=season&group=pitching&season=2023&sportId=12&playerPool=ALL&limit=10000;https://statsapi.mlb.com/api/v1/stats?stats=season&group=pitching&season=2023&sportId=13&playerPool=ALL&limit=10000;https://statsapi.mlb.com/api/v1/stats?stats=season&group=pitching&season=2023&sportId=14&playerPool=ALL&limit=10000,debut_raw,16.40747663551402,16.179170346232116,0.1852131677741329,30.384215991692628,29.961426567096513,0.34298734772987577,3.7696013586068515,6.9807432566793555,Verified debut-season capacity; original four-year role window retained,FAIL: aggregate and debut/swingman subgroup accuracy deteriorates; not release-ready,"MLB opportunity, future role, availability; other professional assignments unverified"
0423z,John McMillon,Free agent,28.0,RP,2023,4.0,51.333333333333336,55.333333333333336,"[{""year"":2023,""IP"":4.0,""role"":""RP""},{""year"":2024,""IP"":12.0,""role"":""RP""}]",https://statsapi.mlb.com/api/v1/stats?stats=season&group=pitching&season=2023&sportId=12&playerPool=ALL&limit=10000;https://statsapi.mlb.com/api/v1/stats?stats=season&group=pitching&season=2023&sportId=13&playerPool=ALL&limit=10000;https://statsapi.mlb.com/api/v1/stats?stats=season&group=pitching&season=2023&sportId=14&playerPool=ALL&limit=10000,debut_opportunity,16.40747663551402,16.179170346232116,0.1852131677741329,19.43857673685396,19.16809338208223,0.21942925499345067,3.7696013586068515,4.465993577465949,Verified debut-season capacity; original four-year role window retained,FAIL: aggregate and debut/swingman subgroup accuracy deteriorates; not release-ready,"MLB opportunity, future role, availability; other professional assignments unverified"
05upb,James Meeker,Free agent,31.0,RP,2024,1.0,51.0,52.0,"[{""year"":2024,""IP"":1.0,""role"":""RP""}]",https://statsapi.mlb.com/api/v1/stats?stats=season&group=pitching&season=2024&sportId=12&playerPool=ALL&limit=10000;https://statsapi.mlb.com/api/v1/stats?stats=season&group=pitching&season=2024&sportId=11&playerPool=ALL&limit=10000,debut_raw,12.08244804365494,10.612434555578933,0.09419729799243194,43.06481481481481,37.8253253992143,0.3357423246881094,1.5584769196748605,5.554794831019894,Verified debut-season capacity; original four-year role window retained,FAIL: aggregate and debut/swingman subgroup accuracy deteriorates; not release-ready,"MLB opportunity, future role, availability; other professional assignments unverified"
06lte,Ryan Miller,Free agent,30.0,RP,2024,13.0,62.333333333333336,75.33333333333334,"[{""year"":2024,""IP"":13.0,""role"":""RP""}]",https://statsapi.mlb.com/api/v1/stats?stats=season&group=pitching&season=2024&sportId=11&playerPool=ALL&limit=10000,debut_raw,19.073051723541816,17.072494310308507,0.059615084979092514,56.355219029837855,50.44416437331574,0.17614492007759744,1.0852819970479202,3.2066868762949023,Verified debut-season capacity; original four-year role window retained,FAIL: aggregate and debut/swingman subgroup accuracy deteriorates; not release-ready,"MLB opportunity, future role, availability; other professional assignments unverified"
06lte,Ryan Miller,Free agent,30.0,RP,2024,13.0,62.333333333333336,75.33333333333334,"[{""year"":2024,""IP"":13.0,""role"":""RP""}]",https://statsapi.mlb.com/api/v1/stats?stats=season&group=pitching&season=2024&sportId=11&playerPool=ALL&limit=10000,debut_opportunity,19.073051723541816,17.072494310308507,0.059615084979092514,25.506700064008832,22.831322330030996,0.07972421581467523,1.0852819970479202,1.4513651399268235,Verified debut-season capacity; original four-year role window retained,FAIL: aggregate and debut/swingman subgroup accuracy deteriorates; not release-ready,"MLB opportunity, future role, availability; other professional assignments unverified"
069xv,Christian Montes De Oca,Free agent,27.0,RP,2025,2.6666666666666665,24.333333333333332,27.0,"[{""year"":2025,""IP"":2.6666666666666665,""role"":""RP""}]",https://statsapi.mlb.com/api/v1/stats?stats=season&group=pitching&season=2025&sportId=11&playerPool=ALL&limit=10000,debut_raw,14.879117471675608,13.376056430835828,0.19626200309589617,31.67564698867024,28.47583147389277,0.4178155014361089,2.715122716217567,5.780132380401317,Verified debut-season capacity; original four-year role window retained,FAIL: aggregate and debut/swingman subgroup accuracy deteriorates; not release-ready,"MLB opportunity, future role, availability; other professional assignments unverified"
069xv,Christian Montes De Oca,Free agent,27.0,RP,2025,2.6666666666666665,24.333333333333332,27.0,"[{""year"":2025,""IP"":2.6666666666666665,""role"":""RP""}]",https://statsapi.mlb.com/api/v1/stats?stats=season&group=pitching&season=2025&sportId=11&playerPool=ALL&limit=10000,debut_opportunity,14.879117471675608,13.376056430835828,0.19626200309589617,16.538033967181253,14.867392237557503,0.2181438300924604,2.715122716217567,3.017839720087567,Verified debut-season capacity; original four-year role window retained,FAIL: aggregate and debut/swingman subgroup accuracy deteriorates; not release-ready,"MLB opportunity, future role, availability; other professional assignments unverified"
05y7r,Jack Neely,Free agent,26.0,RP,2024,6.0,50.333333333333336,56.333333333333336,"[{""year"":2024,""IP"":6.0,""role"":""RP""}]",https://statsapi.mlb.com/api/v1/stats?stats=season&group=pitching&season=2024&sportId=12&playerPool=ALL&limit=10000;https://statsapi.mlb.com/api/v1/stats?stats=season&group=pitching&season=2024&sportId=11&playerPool=ALL&limit=10000,debut_raw,17.46787901909667,16.774106364772432,0.08830871254080087,52.793545071109136,50.69674111138812,0.266897314241617,2.4007475509503844,7.255830767827724,Verified debut-season capacity; original four-year role window retained,FAIL: aggregate and debut/swingman subgroup accuracy deteriorates; not release-ready,"MLB opportunity, future role, availability; other professional assignments unverified"
05y7r,Jack Neely,Free agent,26.0,RP,2024,6.0,50.333333333333336,56.333333333333336,"[{""year"":2024,""IP"":6.0,""role"":""RP""}]",https://statsapi.mlb.com/api/v1/stats?stats=season&group=pitching&season=2024&sportId=12&playerPool=ALL&limit=10000;https://statsapi.mlb.com/api/v1/stats?stats=season&group=pitching&season=2024&sportId=11&playerPool=ALL&limit=10000,debut_opportunity,17.46787901909667,16.774106364772432,0.08830871254080087,21.23037599505066,20.387168053761087,0.10732998372787006,2.4007475509503844,2.9178570060024085,Verified debut-season capacity; original four-year role window retained,FAIL: aggregate and debut/swingman subgroup accuracy deteriorates; not release-ready,"MLB opportunity, future role, availability; other professional assignments unverified"
06l0i,Eduarniel Nunez,Free agent,27.0,RP,2025,12.666666666666666,46.666666666666664,59.33333333333333,"[{""year"":2025,""IP"":12.666666666666666,""role"":""RP""}]",https://statsapi.mlb.com/api/v1/stats?stats=season&group=pitching&season=2025&sportId=12&playerPool=ALL&limit=10000;https://statsapi.mlb.com/api/v1/stats?stats=season&group=pitching&season=2025&sportId=11&playerPool=ALL&limit=10000,debut_raw,20.38490363562409,19.16843479367782,0.06724363467450951,50.531592110842816,47.51612005193376,0.166688446517094,0.7679697393616804,1.903699635600785,Verified debut-season capacity; original four-year role window retained,FAIL: aggregate and debut/swingman subgroup accuracy deteriorates; not release-ready,"MLB opportunity, future role, availability; other professional assignments unverified"
06l0i,Eduarniel Nunez,Free agent,27.0,RP,2025,12.666666666666666,46.666666666666664,59.33333333333333,"[{""year"":2025,""IP"":12.666666666666666,""role"":""RP""}]",https://statsapi.mlb.com/api/v1/stats?stats=season&group=pitching&season=2025&sportId=12&playerPool=ALL&limit=10000;https://statsapi.mlb.com/api/v1/stats?stats=season&group=pitching&season=2025&sportId=11&playerPool=ALL&limit=10000,debut_opportunity,20.38490363562409,19.16843479367782,0.06724363467450951,26.820713534828094,25.220187826339206,0.08847342596674666,0.7679697393616804,1.0104289306936234,Verified debut-season capacity; original four-year role window retained,FAIL: aggregate and debut/swingman subgroup accuracy deteriorates; not release-ready,"MLB opportunity, future role, availability; other professional assignments unverified"
04px8,Reese Olson,TheMissingSox,27.0,SP,2023,103.66666666666667,36.666666666666664,140.33333333333334,"[{""year"":2023,""IP"":103.66666666666667,""role"":""SP""},{""year"":2024,""IP"":112.33333333333333,""role"":""SP""},{""year"":2025,""IP"":68.66666666666667,""role"":""SP""}]",https://statsapi.mlb.com/api/v1/stats?stats=season&group=pitching&season=2023&sportId=11&playerPool=ALL&limit=10000,debut_raw,94.06228935913984,85.50553980847748,9.940269303802946,101.19528213229192,91.98965157817547,10.694066278023861,22.581853343188698,24.294295149557453,Verified debut-season capacity; original four-year role window retained,FAIL: aggregate and debut/swingman subgroup accuracy deteriorates; not release-ready,"MLB opportunity, future role, availability; other professional assignments unverified"
04px8,Reese Olson,TheMissingSox,27.0,SP,2023,103.66666666666667,36.666666666666664,140.33333333333334,"[{""year"":2023,""IP"":103.66666666666667,""role"":""SP""},{""year"":2024,""IP"":112.33333333333333,""role"":""SP""},{""year"":2025,""IP"":68.66666666666667,""role"":""SP""}]",https://statsapi.mlb.com/api/v1/stats?stats=season&group=pitching&season=2023&sportId=11&playerPool=ALL&limit=10000,debut_opportunity,94.06228935913984,85.50553980847748,9.940269303802946,99.77207217280314,90.69590956236874,10.543664981504724,22.581853343188698,23.952620299830667,Verified debut-season capacity; original four-year role window retained,FAIL: aggregate and debut/swingman subgroup accuracy deteriorates; not release-ready,"MLB opportunity, future role, availability; other professional assignments unverified"
057p2,Michel Otanez,Free agent,29.0,RP,2024,34.0,37.0,71.0,"[{""year"":2024,""IP"":34.0,""role"":""RP""},{""year"":2025,""IP"":5.333333333333333,""role"":""RP""}]",https://statsapi.mlb.com/api/v1/stats?stats=season&group=pitching&season=2024&sportId=11&playerPool=ALL&limit=10000,debut_raw,19.929670398435594,22.692207133045823,0.06740452361739036,29.89241828403814,34.03593405449824,0.1010997258823468,3.075353043457568,4.612707471235426,Verified debut-season capacity; original four-year role window retained,FAIL: aggregate and debut/swingman subgroup accuracy deteriorates; not release-ready,"MLB opportunity, future role, availability; other professional assignments unverified"
057p2,Michel Otanez,Free agent,29.0,RP,2024,34.0,37.0,71.0,"[{""year"":2024,""IP"":34.0,""role"":""RP""},{""year"":2025,""IP"":5.333333333333333,""role"":""RP""}]",https://statsapi.mlb.com/api/v1/stats?stats=season&group=pitching&season=2024&sportId=11&playerPool=ALL&limit=10000,debut_opportunity,19.929670398435594,22.692207133045823,0.06740452361739036,24.70056375210442,28.12441439120614,0.08354025427948217,3.075353043457568,3.8115509384497823,Verified debut-season capacity; original four-year role window retained,FAIL: aggregate and debut/swingman subgroup accuracy deteriorates; not release-ready,"MLB opportunity, future role, availability; other professional assignments unverified"
051a6,Tyler Owens,Free agent,25.0,RP,2025,3.0,30.333333333333332,33.33333333333333,"[{""year"":2025,""IP"":3.0,""role"":""RP""}]",https://statsapi.mlb.com/api/v1/stats?stats=season&group=pitching&season=2025&sportId=14&playerPool=ALL&limit=10000;https://statsapi.mlb.com/api/v1/stats?stats=season&group=pitching&season=2025&sportId=11&playerPool=ALL&limit=10000,debut_raw,15.774047280904194,13.602813302727386,0.07416729419870363,37.63351381738564,32.453412448131324,0.17694735164157718,1.5389447483813201,3.671594069742235,Verified debut-season capacity; original four-year role window retained,FAIL: aggregate and debut/swingman subgroup accuracy deteriorates; not release-ready,"MLB opportunity, future role, availability; other professional assignments unverified"
051a6,Tyler Owens,Free agent,25.0,RP,2025,3.0,30.333333333333332,33.33333333333333,"[{""year"":2025,""IP"":3.0,""role"":""RP""}]",https://statsapi.mlb.com/api/v1/stats?stats=season&group=pitching&season=2025&sportId=14&playerPool=ALL&limit=10000;https://statsapi.mlb.com/api/v1/stats?stats=season&group=pitching&season=2025&sportId=11&playerPool=ALL&limit=10000,debut_opportunity,15.774047280904194,13.602813302727386,0.07416729419870363,17.741399269187525,15.299367225813743,0.08341749936856226,1.5389447483813201,1.7308831873038015,Verified debut-season capacity; original four-year role window retained,FAIL: aggregate and debut/swingman subgroup accuracy deteriorates; not release-ready,"MLB opportunity, future role, availability; other professional assignments unverified"
06kyc,Walter Pennington,Free agent,28.0,RP,2024,18.0,63.333333333333336,81.33333333333334,"[{""year"":2024,""IP"":18.0,""role"":""RP""}]",https://statsapi.mlb.com/api/v1/stats?stats=season&group=pitching&season=2024&sportId=11&playerPool=ALL&limit=10000,debut_raw,23.847229910812352,23.002027172500547,0.10202639020333379,64.78976319142393,62.4934593662515,0.277192180612672,2.5863311009561687,7.0267188345255,Verified debut-season capacity; original four-year role window retained,FAIL: aggregate and debut/swingman subgroup accuracy deteriorates; not release-ready,"MLB opportunity, future role, availability; other professional assignments unverified"
06kyc,Walter Pennington,Free agent,28.0,RP,2024,18.0,63.333333333333336,81.33333333333334,"[{""year"":2024,""IP"":18.0,""role"":""RP""}]",https://statsapi.mlb.com/api/v1/stats?stats=season&group=pitching&season=2024&sportId=11&playerPool=ALL&limit=10000,debut_opportunity,23.847229910812352,23.002027172500547,0.10202639020333379,32.90828235816081,31.74193429734707,0.14079258972015452,2.5863311009561687,3.5690398616641343,Verified debut-season capacity; original four-year role window retained,FAIL: aggregate and debut/swingman subgroup accuracy deteriorates; not release-ready,"MLB opportunity, future role, availability; other professional assignments unverified"
06fuv,Zach Penrod,Free agent,29.0,RP,2024,4.0,62.666666666666664,66.66666666666666,"[{""year"":2024,""IP"":4.0,""role"":""RP""}]",https://statsapi.mlb.com/api/v1/stats?stats=season&group=pitching&season=2024&sportId=12&playerPool=ALL&limit=10000;https://statsapi.mlb.com/api/v1/stats?stats=season&group=pitching&season=2024&sportId=11&playerPool=ALL&limit=10000,debut_raw,13.43708139819115,12.084288320586333,0.06255482470252245,50.22598386702518,45.16942721772561,0.2338214321404966,1.989262395045355,7.435592447499626,Verified debut-season capacity; original four-year role window retained,FAIL: aggregate and debut/swingman subgroup accuracy deteriorates; not release-ready,"MLB opportunity, future role, availability; other professional assignments unverified"
06fuv,Zach Penrod,Free agent,29.0,RP,2024,4.0,62.666666666666664,66.66666666666666,"[{""year"":2024,""IP"":4.0,""role"":""RP""}]",https://statsapi.mlb.com/api/v1/stats?stats=season&group=pitching&season=2024&sportId=12&playerPool=ALL&limit=10000;https://statsapi.mlb.com/api/v1/stats?stats=season&group=pitching&season=2024&sportId=11&playerPool=ALL&limit=10000,debut_opportunity,13.43708139819115,12.084288320586333,0.06255482470252245,15.644415546321193,14.06939665441469,0.07283082114880092,1.989262395045355,2.316042198192611,Verified debut-season capacity; original four-year role window retained,FAIL: aggregate and debut/swingman subgroup accuracy deteriorates; not release-ready,"MLB opportunity, future role, availability; other professional assignments unverified"
060x5,Luis Peralta,Free agent,25.0,RP,2024,12.333333333333334,47.666666666666664,60.0,"[{""year"":2024,""IP"":12.333333333333334,""role"":""RP""},{""year"":2025,""IP"":19.0,""role"":""RP""}]",https://statsapi.mlb.com/api/v1/stats?stats=season&group=pitching&season=2024&sportId=12&playerPool=ALL&limit=10000;https://statsapi.mlb.com/api/v1/stats?stats=season&group=pitching&season=2024&sportId=11&playerPool=ALL&limit=10000;https://statsapi.mlb.com/api/v1/stats?stats=season&group=pitching&season=2024&sportId=13&playerPool=ALL&limit=10000,debut_raw,20.6178695220223,19.673087362741793,0.0525982072893877,34.56498499957071,32.98109772506294,0.08817866676380408,1.118638266945543,1.8753496754656886,Verified debut-season capacity; original four-year role window retained,FAIL: aggregate and debut/swingman subgroup accuracy deteriorates; not release-ready,"MLB opportunity, future role, availability; other professional assignments unverified"
060x5,Luis Peralta,Free agent,25.0,RP,2024,12.333333333333334,47.666666666666664,60.0,"[{""year"":2024,""IP"":12.333333333333334,""role"":""RP""},{""year"":2025,""IP"":19.0,""role"":""RP""}]",https://statsapi.mlb.com/api/v1/stats?stats=season&group=pitching&season=2024&sportId=12&playerPool=ALL&limit=10000;https://statsapi.mlb.com/api/v1/stats?stats=season&group=pitching&season=2024&sportId=11&playerPool=ALL&limit=10000;https://statsapi.mlb.com/api/v1/stats?stats=season&group=pitching&season=2024&sportId=13&playerPool=ALL&limit=10000,debut_opportunity,20.6178695220223,19.673087362741793,0.0525982072893877,25.03445608991263,23.887290644143487,0.06386535278961955,1.118638266945543,1.3582635463102548,Verified debut-season capacity; original four-year role window retained,FAIL: aggregate and debut/swingman subgroup accuracy deteriorates; not release-ready,"MLB opportunity, future role, availability; other professional assignments unverified"
04zv4,Robinson Pina,Free agent,27.0,RP,2025,2.3333333333333335,65.33333333333333,67.66666666666666,"[{""year"":2025,""IP"":2.3333333333333335,""role"":""RP""}]",https://statsapi.mlb.com/api/v1/stats?stats=season&group=pitching&season=2025&sportId=11&playerPool=ALL&limit=10000,debut_raw,13.9343903597727,12.291841604229496,0.05811576622037034,56.831885289334714,50.13269429159569,0.23702713029145805,1.7959791111209455,7.32496192441474,Verified debut-season capacity; original four-year role window retained,FAIL: aggregate and debut/swingman subgroup accuracy deteriorates; not release-ready,"MLB opportunity, future role, availability; other professional assignments unverified"
04zv4,Robinson Pina,Free agent,27.0,RP,2025,2.3333333333333335,65.33333333333333,67.66666666666666,"[{""year"":2025,""IP"":2.3333333333333335,""role"":""RP""}]",https://statsapi.mlb.com/api/v1/stats?stats=season&group=pitching&season=2025&sportId=11&playerPool=ALL&limit=10000,debut_opportunity,13.9343903597727,12.291841604229496,0.05811576622037034,15.413614322861044,13.59669859344902,0.06428512360213197,1.7959791111209455,1.986633690889697,Verified debut-season capacity; original four-year role window retained,FAIL: aggregate and debut/swingman subgroup accuracy deteriorates; not release-ready,"MLB opportunity, future role, availability; other professional assignments unverified"
051bb,Austin Pope,Free agent,27.0,RP,2025,2.0,37.0,39.0,"[{""year"":2025,""IP"":2.0,""role"":""RP""}]",https://statsapi.mlb.com/api/v1/stats?stats=season&group=pitching&season=2025&sportId=16&playerPool=ALL&limit=10000;https://statsapi.mlb.com/api/v1/stats?stats=season&group=pitching&season=2025&sportId=11&playerPool=ALL&limit=10000,debut_raw,13.715525589723912,12.224804946265767,0.057798817233566405,38.00951506513914,33.87831583513013,0.16017650946110687,2.547235249985597,7.059093432140937,Verified debut-season capacity; original four-year role window retained,FAIL: aggregate and debut/swingman subgroup accuracy deteriorates; not release-ready,"MLB opportunity, future role, availability; other professional assignments unverified"
051bb,Austin Pope,Free agent,27.0,RP,2025,2.0,37.0,39.0,"[{""year"":2025,""IP"":2.0,""role"":""RP""}]",https://statsapi.mlb.com/api/v1/stats?stats=season&group=pitching&season=2025&sportId=16&playerPool=ALL&limit=10000;https://statsapi.mlb.com/api/v1/stats?stats=season&group=pitching&season=2025&sportId=11&playerPool=ALL&limit=10000,debut_opportunity,13.715525589723912,12.224804946265767,0.057798817233566405,14.961371203847769,13.335241402104964,0.06304895529651719,2.547235249985597,2.778612592660229,Verified debut-season capacity; original four-year role window retained,FAIL: aggregate and debut/swingman subgroup accuracy deteriorates; not release-ready,"MLB opportunity, future role, availability; other professional assignments unverified"
050vn,Quinn Priester,Shea Stadiums,26.0,SP,2023,50.0,108.0,158.0,"[{""year"":2023,""IP"":50.0,""role"":""SP""},{""year"":2024,""IP"":49.666666666666664,""role"":""SP""},{""year"":2025,""IP"":157.33333333333334,""role"":""SP""}]",https://statsapi.mlb.com/api/v1/stats?stats=season&group=pitching&season=2023&sportId=11&playerPool=ALL&limit=10000,debut_raw,102.70918371493825,83.47415117163162,10.765264928941049,124.1769850365349,100.92153443401928,13.01537110552481,13.530832395742342,16.358984768112652,Verified debut-season capacity; original four-year role window retained,FAIL: aggregate and debut/swingman subgroup accuracy deteriorates; not release-ready,"MLB opportunity, future role, availability; other professional assignments unverified"
050vn,Quinn Priester,Shea Stadiums,26.0,SP,2023,50.0,108.0,158.0,"[{""year"":2023,""IP"":50.0,""role"":""SP""},{""year"":2024,""IP"":49.666666666666664,""role"":""SP""},{""year"":2025,""IP"":157.33333333333334,""role"":""SP""}]",https://statsapi.mlb.com/api/v1/stats?stats=season&group=pitching&season=2023&sportId=11&playerPool=ALL&limit=10000,debut_opportunity,102.70918371493825,83.47415117163162,10.765264928941049,124.0864035963594,100.84791678312313,13.005876986636272,13.530832395742342,16.347051635739785,Verified debut-season capacity; original four-year role window retained,FAIL: aggregate and debut/swingman subgroup accuracy deteriorates; not release-ready,"MLB opportunity, future role, availability; other professional assignments unverified"
05lg4,Carson Ragsdale,Free agent,28.0,RP,2025,5.0,89.66666666666667,94.66666666666667,"[{""year"":2025,""IP"":5.0,""role"":""RP""}]",https://statsapi.mlb.com/api/v1/stats?stats=season&group=pitching&season=2025&sportId=11&playerPool=ALL&limit=10000,debut_raw,15.042079859226732,13.56602697706836,0.0767738956157635,64.36610916506324,58.049975901873914,0.3285208556581509,1.1581648531241822,4.955868208717432,Verified debut-season capacity; original four-year role window retained,FAIL: aggregate and debut/swingman subgroup accuracy deteriorates; not release-ready,"MLB opportunity, future role, availability; other professional assignments unverified"
05lg4,Carson Ragsdale,Free agent,28.0,RP,2025,5.0,89.66666666666667,94.66666666666667,"[{""year"":2025,""IP"":5.0,""role"":""RP""}]",https://statsapi.mlb.com/api/v1/stats?stats=season&group=pitching&season=2025&sportId=11&playerPool=ALL&limit=10000,debut_opportunity,15.042079859226732,13.56602697706836,0.0767738956157635,18.02413647068988,16.25545960984616,0.0919941381055902,1.1581648531241822,1.3877682849464594,Verified debut-season capacity; original four-year role window retained,FAIL: aggregate and debut/swingman subgroup accuracy deteriorates; not release-ready,"MLB opportunity, future role, availability; other professional assignments unverified"
041rm,Sean Reynolds,Free agent,28.0,RP,2024,11.0,54.0,65.0,"[{""year"":2024,""IP"":11.0,""role"":""RP""},{""year"":2025,""IP"":27.0,""role"":""RP""}]",https://statsapi.mlb.com/api/v1/stats?stats=season&group=pitching&season=2024&sportId=11&playerPool=ALL&limit=10000,debut_raw,23.02851474336836,23.233288950345028,0.08129973758067771,38.624143141414635,38.967596827858486,0.13635845544836203,2.2109240751319468,3.708230813161223,Verified debut-season capacity; original four-year role window retained,FAIL: aggregate and debut/swingman subgroup accuracy deteriorates; not release-ready,"MLB opportunity, future role, availability; other professional assignments unverified"
041rm,Sean Reynolds,Free agent,28.0,RP,2024,11.0,54.0,65.0,"[{""year"":2024,""IP"":11.0,""role"":""RP""},{""year"":2025,""IP"":27.0,""role"":""RP""}]",https://statsapi.mlb.com/api/v1/stats?stats=season&group=pitching&season=2024&sportId=11&playerPool=ALL&limit=10000,debut_opportunity,23.02851474336836,23.233288950345028,0.08129973758067771,29.506698847172203,29.769078376389082,0.10417028192571583,2.2109240751319468,2.8328822586210305,Verified debut-season capacity; original four-year role window retained,FAIL: aggregate and debut/swingman subgroup accuracy deteriorates; not release-ready,"MLB opportunity, future role, availability; other professional assignments unverified"
04et8,Daniel Robert,Free agent,32.0,RP,2024,5.666666666666667,43.333333333333336,49.0,"[{""year"":2024,""IP"":5.666666666666667,""role"":""RP""},{""year"":2025,""IP"":13.0,""role"":""RP""}]",https://statsapi.mlb.com/api/v1/stats?stats=season&group=pitching&season=2024&sportId=11&playerPool=ALL&limit=10000,debut_raw,14.916865246804198,14.307552088255537,0.0838112700984285,26.49172320483244,25.409608747521006,0.14884527896159,1.3751777829984912,2.4422577117827156,Verified debut-season capacity; original four-year role window retained,FAIL: aggregate and debut/swingman subgroup accuracy deteriorates; not release-ready,"MLB opportunity, future role, availability; other professional assignments unverified"
04et8,Daniel Robert,Free agent,32.0,RP,2024,5.666666666666667,43.333333333333336,49.0,"[{""year"":2024,""IP"":5.666666666666667,""role"":""RP""},{""year"":2025,""IP"":13.0,""role"":""RP""}]",https://statsapi.mlb.com/api/v1/stats?stats=season&group=pitching&season=2024&sportId=11&playerPool=ALL&limit=10000,debut_opportunity,14.916865246804198,14.307552088255537,0.0838112700984285,17.987745929546385,17.25299569173413,0.10106519081722645,1.3751777829984912,1.6582806212473673,Verified debut-season capacity; original four-year role window retained,FAIL: aggregate and debut/swingman subgroup accuracy deteriorates; not release-ready,"MLB opportunity, future role, availability; other professional assignments unverified"
05w9g,Randy Rodriguez,TheMissingSox,27.0,RP,2024,52.333333333333336,10.666666666666666,63.0,"[{""year"":2024,""IP"":52.333333333333336,""role"":""RP""},{""year"":2025,""IP"":50.666666666666664,""role"":""RP""}]",https://statsapi.mlb.com/api/v1/stats?stats=season&group=pitching&season=2024&sportId=11&playerPool=ALL&limit=10000,debut_raw,48.26356207513416,52.60033618057495,0.2556905489310923,51.64066156231366,56.280888562190576,0.27358173608233477,16.46563661783504,17.617770662388363,Verified debut-season capacity; original four-year role window retained,FAIL: aggregate and debut/swingman subgroup accuracy deteriorates; not release-ready,"MLB opportunity, future role, availability; other professional assignments unverified"
05w9g,Randy Rodriguez,TheMissingSox,27.0,RP,2024,52.333333333333336,10.666666666666666,63.0,"[{""year"":2024,""IP"":52.333333333333336,""role"":""RP""},{""year"":2025,""IP"":50.666666666666664,""role"":""RP""}]",https://statsapi.mlb.com/api/v1/stats?stats=season&group=pitching&season=2024&sportId=11&playerPool=ALL&limit=10000,debut_opportunity,48.26356207513416,52.60033618057495,0.2556905489310923,51.068877522156285,55.65772625419217,0.2705525403741879,16.46563661783504,17.42270034796664,Verified debut-season capacity; original four-year role window retained,FAIL: aggregate and debut/swingman subgroup accuracy deteriorates; not release-ready,"MLB opportunity, future role, availability; other professional assignments unverified"
04ppm,John Rooney,Free agent,29.0,RP,2025,1.3333333333333333,38.666666666666664,40.0,"[{""year"":2025,""IP"":1.3333333333333333,""role"":""RP""}]",https://statsapi.mlb.com/api/v1/stats?stats=season&group=pitching&season=2025&sportId=11&playerPool=ALL&limit=10000,debut_raw,11.871596186751406,11.204313601362255,0.05997044855286239,34.57113175262772,32.6279462017692,0.17463921831328058,2.262028902758181,6.587227024515583,Verified debut-season capacity; original four-year role window retained,FAIL: aggregate and debut/swingman subgroup accuracy deteriorates; not release-ready,"MLB opportunity, future role, availability; other professional assignments unverified"
0514i,Andrew Saalfrank,Free agent,29.0,RP,2023,10.333333333333334,64.0,74.33333333333333,"[{""year"":2023,""IP"":10.333333333333334,""role"":""RP""},{""year"":2024,""IP"":1.0,""role"":""RP""},{""year"":2025,""IP"":29.0,""role"":""RP""}]",https://statsapi.mlb.com/api/v1/stats?stats=season&group=pitching&season=2023&sportId=12&playerPool=ALL&limit=10000;https://statsapi.mlb.com/api/v1/stats?stats=season&group=pitching&season=2023&sportId=11&playerPool=ALL&limit=10000,debut_raw,18.800317770716205,15.39122587814394,0.06391877701721241,29.932657052065508,24.504920152943125,0.10176736664652551,3.6306408461165987,5.780472896862586,Verified debut-season capacity; original four-year role window retained,FAIL: aggregate and debut/swingman subgroup accuracy deteriorates; not release-ready,"MLB opportunity, future role, availability; other professional assignments unverified"
0514i,Andrew Saalfrank,Free agent,29.0,RP,2023,10.333333333333334,64.0,74.33333333333333,"[{""year"":2023,""IP"":10.333333333333334,""role"":""RP""},{""year"":2024,""IP"":1.0,""role"":""RP""},{""year"":2025,""IP"":29.0,""role"":""RP""}]",https://statsapi.mlb.com/api/v1/stats?stats=season&group=pitching&season=2023&sportId=12&playerPool=ALL&limit=10000;https://statsapi.mlb.com/api/v1/stats?stats=season&group=pitching&season=2023&sportId=11&playerPool=ALL&limit=10000,debut_opportunity,18.800317770716205,15.39122587814394,0.06391877701721241,23.143427714561003,18.946792702841385,0.07868481871115968,3.6306408461165987,4.469364560981625,Verified debut-season capacity; original four-year role window retained,FAIL: aggregate and debut/swingman subgroup accuracy deteriorates; not release-ready,"MLB opportunity, future role, availability; other professional assignments unverified"
05rlb,Eduardo Salazar,Free agent,28.0,RP,2023,12.333333333333334,46.0,58.333333333333336,"[{""year"":2023,""IP"":12.333333333333334,""role"":""RP""},{""year"":2024,""IP"":29.333333333333332,""role"":""RP""},{""year"":2025,""IP"":29.0,""role"":""RP""}]",https://statsapi.mlb.com/api/v1/stats?stats=season&group=pitching&season=2023&sportId=12&playerPool=ALL&limit=10000;https://statsapi.mlb.com/api/v1/stats?stats=season&group=pitching&season=2023&sportId=11&playerPool=ALL&limit=10000,debut_raw,27.666138716810913,24.955753673662343,0.10085534516000758,34.6814382789274,31.28378121704882,0.12642922324904457,0.2280949340504138,0.285932939828667,Verified debut-season capacity; original four-year role window retained,FAIL: aggregate and debut/swingman subgroup accuracy deteriorates; not release-ready,"MLB opportunity, future role, availability; other professional assignments unverified"
05rlb,Eduardo Salazar,Free agent,28.0,RP,2023,12.333333333333334,46.0,58.333333333333336,"[{""year"":2023,""IP"":12.333333333333334,""role"":""RP""},{""year"":2024,""IP"":29.333333333333332,""role"":""RP""},{""year"":2025,""IP"":29.0,""role"":""RP""}]",https://statsapi.mlb.com/api/v1/stats?stats=season&group=pitching&season=2023&sportId=12&playerPool=ALL&limit=10000;https://statsapi.mlb.com/api/v1/stats?stats=season&group=pitching&season=2023&sportId=11&playerPool=ALL&limit=10000,debut_opportunity,27.666138716810913,24.955753673662343,0.10085534516000758,30.30110028222879,27.332574394444016,0.11046094863376212,0.2280949340504138,0.24981901310030882,Verified debut-season capacity; original four-year role window retained,FAIL: aggregate and debut/swingman subgroup accuracy deteriorates; not release-ready,"MLB opportunity, future role, availability; other professional assignments unverified"
04ej0,Bryan Sammons,Free agent,31.0,RP,2024,27.333333333333332,102.0,129.33333333333334,"[{""year"":2024,""IP"":27.333333333333332,""role"":""RP""}]",https://statsapi.mlb.com/api/v1/stats?stats=season&group=pitching&season=2024&sportId=11&playerPool=ALL&limit=10000,debut_raw,28.079879252293043,22.086899365930037,2.4735328604279667,62.099732961801934,48.84602744388375,5.470313056715696,4.5094819680831435,9.972892814030033,Verified debut-season capacity; original four-year role window retained,FAIL: aggregate and debut/swingman subgroup accuracy deteriorates; not release-ready,"MLB opportunity, future role, availability; other professional assignments unverified"
04ej0,Bryan Sammons,Free agent,31.0,RP,2024,27.333333333333332,102.0,129.33333333333334,"[{""year"":2024,""IP"":27.333333333333332,""role"":""RP""}]",https://statsapi.mlb.com/api/v1/stats?stats=season&group=pitching&season=2024&sportId=11&playerPool=ALL&limit=10000,debut_opportunity,28.079879252293043,22.086899365930037,2.4735328604279667,41.17551881536062,32.387587291372085,3.6271166951918916,4.5094819680831435,6.6125732933546715,Verified debut-season capacity; original four-year role window retained,FAIL: aggregate and debut/swingman subgroup accuracy deteriorates; not release-ready,"MLB opportunity, future role, availability; other professional assignments unverified"
04yl9,Jayvien Sandridge,Free agent,27.0,RP,2025,0.6666666666666666,36.666666666666664,37.33333333333333,"[{""year"":2025,""IP"":0.6666666666666666,""role"":""RP""}]",https://statsapi.mlb.com/api/v1/stats?stats=season&group=pitching&season=2025&sportId=13&playerPool=ALL&limit=10000;https://statsapi.mlb.com/api/v1/stats?stats=season&group=pitching&season=2025&sportId=14&playerPool=ALL&limit=10000;https://statsapi.mlb.com/api/v1/stats?stats=season&group=pitching&season=2025&sportId=11&playerPool=ALL&limit=10000,debut_raw,12.84006650952877,12.362156200709958,0.056462119332697604,36.91519121489521,35.54119907704113,0.16232859308150563,1.8342648967919177,5.273511578276765,Verified debut-season capacity; original four-year role window retained,FAIL: aggregate and debut/swingman subgroup accuracy deteriorates; not release-ready,"MLB opportunity, future role, availability; other professional assignments unverified"
05tq1,Spencer Schwellenbach,Ohtani and the Bums,26.0,SP,2024,123.66666666666667,45.0,168.66666666666669,"[{""year"":2024,""IP"":123.66666666666667,""role"":""SP""},{""year"":2025,""IP"":110.66666666666667,""role"":""SP""}]",https://statsapi.mlb.com/api/v1/stats?stats=season&group=pitching&season=2024&sportId=12&playerPool=ALL&limit=10000;https://statsapi.mlb.com/api/v1/stats?stats=season&group=pitching&season=2024&sportId=13&playerPool=ALL&limit=10000,debut_raw,115.13953720330453,110.84901409191801,12.267804892005806,129.15121414484122,124.33856435822938,13.760711004917082,53.59598649900821,60.11960149942128,Verified debut-season capacity; original four-year role window retained,FAIL: aggregate and debut/swingman subgroup accuracy deteriorates; not release-ready,"MLB opportunity, future role, availability; other professional assignments unverified"
05tq1,Spencer Schwellenbach,Ohtani and the Bums,26.0,SP,2024,123.66666666666667,45.0,168.66666666666669,"[{""year"":2024,""IP"":123.66666666666667,""role"":""SP""},{""year"":2025,""IP"":110.66666666666667,""role"":""SP""}]",https://statsapi.mlb.com/api/v1/stats?stats=season&group=pitching&season=2024&sportId=12&playerPool=ALL&limit=10000;https://statsapi.mlb.com/api/v1/stats?stats=season&group=pitching&season=2024&sportId=13&playerPool=ALL&limit=10000,debut_opportunity,115.13953720330453,110.84901409191801,12.267804892005806,125.41292088968815,120.7395736745297,13.362406014318223,53.59598649900821,58.37837075900927,Verified debut-season capacity; original four-year role window retained,FAIL: aggregate and debut/swingman subgroup accuracy deteriorates; not release-ready,"MLB opportunity, future role, availability; other professional assignments unverified"
04q7i,Colin Selby,Free agent,28.0,RP,2023,24.0,30.333333333333332,54.33333333333333,"[{""year"":2023,""IP"":24.0,""role"":""RP""},{""year"":2024,""IP"":7.0,""role"":""RP""},{""year"":2025,""IP"":14.0,""role"":""RP""}]",https://statsapi.mlb.com/api/v1/stats?stats=season&group=pitching&season=2023&sportId=11&playerPool=ALL&limit=10000,debut_raw,18.446953749842397,17.570404187287124,0.07604598569310958,24.106196198171627,22.960734675422405,0.09937572761665943,2.5234017816210264,3.2975427411743783,Verified debut-season capacity; original four-year role window retained,FAIL: aggregate and debut/swingman subgroup accuracy deteriorates; not release-ready,"MLB opportunity, future role, availability; other professional assignments unverified"
04q7i,Colin Selby,Free agent,28.0,RP,2023,24.0,30.333333333333332,54.33333333333333,"[{""year"":2023,""IP"":24.0,""role"":""RP""},{""year"":2024,""IP"":7.0,""role"":""RP""},{""year"":2025,""IP"":14.0,""role"":""RP""}]",https://statsapi.mlb.com/api/v1/stats?stats=season&group=pitching&season=2023&sportId=11&playerPool=ALL&limit=10000,debut_opportunity,18.446953749842397,17.570404187287124,0.07604598569310958,20.94674182517801,19.951409065481855,0.08635114776976964,2.5234017816210264,2.8653536165157583,Verified debut-season capacity; original four-year role window retained,FAIL: aggregate and debut/swingman subgroup accuracy deteriorates; not release-ready,"MLB opportunity, future role, availability; other professional assignments unverified"
051g5,Chase Solesky,Free agent,29.0,SP,2026,3.0,78.33333333333333,81.33333333333333,"[{""year"":2026,""IP"":3.0,""role"":""SP""}]",https://statsapi.mlb.com/api/v1/stats?stats=season&group=pitching&season=2026&sportId=11&playerPool=ALL&limit=10000,debut_raw,36.57767412718856,30.33589757053683,3.1818358369407207,84.33185979324027,69.94109717651547,7.335899290724439,2.6173243937853212,6.03438679678282,Verified debut-season capacity; original four-year role window retained,FAIL: aggregate and debut/swingman subgroup accuracy deteriorates; not release-ready,"MLB opportunity, future role, availability; other professional assignments unverified"
051g5,Chase Solesky,Free agent,29.0,SP,2026,3.0,78.33333333333333,81.33333333333333,"[{""year"":2026,""IP"":3.0,""role"":""SP""}]",https://statsapi.mlb.com/api/v1/stats?stats=season&group=pitching&season=2026&sportId=11&playerPool=ALL&limit=10000,debut_opportunity,36.57767412718856,30.33589757053683,3.1818358369407207,38.33909900831342,31.796745096986864,3.335059488924547,2.6173243937853212,2.74336358078113,Verified debut-season capacity; original four-year role window retained,FAIL: aggregate and debut/swingman subgroup accuracy deteriorates; not release-ready,"MLB opportunity, future role, availability; other professional assignments unverified"
05mrx,Gavin Stone,Yoho and a Bottle of Rum,27.0,SP,2023,31.0,100.66666666666667,131.66666666666669,"[{""year"":2023,""IP"":31.0,""role"":""SP""},{""year"":2024,""IP"":140.33333333333334,""role"":""SP""}]",https://statsapi.mlb.com/api/v1/stats?stats=season&group=pitching&season=2023&sportId=11&playerPool=ALL&limit=10000,debut_raw,98.86717055921834,80.91645908631976,9.411584200292387,125.8921348150261,103.0346647773031,11.984204870680443,15.261851641969207,19.433620620172277,Verified debut-season capacity; original four-year role window retained,FAIL: aggregate and debut/swingman subgroup accuracy deteriorates; not release-ready,"MLB opportunity, future role, availability; other professional assignments unverified"
05mrx,Gavin Stone,Yoho and a Bottle of Rum,27.0,SP,2023,31.0,100.66666666666667,131.66666666666669,"[{""year"":2023,""IP"":31.0,""role"":""SP""},{""year"":2024,""IP"":140.33333333333334,""role"":""SP""}]",https://statsapi.mlb.com/api/v1/stats?stats=season&group=pitching&season=2023&sportId=11&playerPool=ALL&limit=10000,debut_opportunity,98.86717055921834,80.91645908631976,9.411584200292387,125.8921348150261,103.0346647773031,11.984204870680443,15.261851641969207,19.433620620172277,Verified debut-season capacity; original four-year role window retained,FAIL: aggregate and debut/swingman subgroup accuracy deteriorates; not release-ready,"MLB opportunity, future role, availability; other professional assignments unverified"
05yb1,Drew Thorpe,TheMissingSox,26.0,SP,2024,44.333333333333336,60.0,104.33333333333334,"[{""year"":2024,""IP"":44.333333333333336,""role"":""SP""}]",https://statsapi.mlb.com/api/v1/stats?stats=season&group=pitching&season=2024&sportId=12&playerPool=ALL&limit=10000,debut_raw,55.67153783770892,40.11318433508684,6.201499090376189,88.63494839951025,63.86441190191458,9.873439341256827,3.6681667186147835,5.840107538847213,Verified debut-season capacity; original four-year role window retained,FAIL: aggregate and debut/swingman subgroup accuracy deteriorates; not release-ready,"MLB opportunity, future role, availability; other professional assignments unverified"
05yb1,Drew Thorpe,TheMissingSox,26.0,SP,2024,44.333333333333336,60.0,104.33333333333334,"[{""year"":2024,""IP"":44.333333333333336,""role"":""SP""}]",https://statsapi.mlb.com/api/v1/stats?stats=season&group=pitching&season=2024&sportId=12&playerPool=ALL&limit=10000,debut_opportunity,55.67153783770892,40.11318433508684,6.201499090376189,69.67835446620596,50.20555898808393,7.761780411037929,3.6681667186147835,4.591068089512271,Verified debut-season capacity; original four-year role window retained,FAIL: aggregate and debut/swingman subgroup accuracy deteriorates; not release-ready,"MLB opportunity, future role, availability; other professional assignments unverified"
05r5p,Brian Van Belle,Free agent,30.0,RP,2025,8.333333333333334,105.0,113.33333333333333,"[{""year"":2025,""IP"":8.333333333333334,""role"":""RP""}]",https://statsapi.mlb.com/api/v1/stats?stats=season&group=pitching&season=2025&sportId=11&playerPool=ALL&limit=10000,debut_raw,16.281873422535696,14.221220549011116,0.05708634330447565,61.14009611727692,53.40213430649073,0.21436504424537797,2.278974248055624,8.557780849841528,Verified debut-season capacity; original four-year role window retained,FAIL: aggregate and debut/swingman subgroup accuracy deteriorates; not release-ready,"MLB opportunity, future role, availability; other professional assignments unverified"
05r5p,Brian Van Belle,Free agent,30.0,RP,2025,8.333333333333334,105.0,113.33333333333333,"[{""year"":2025,""IP"":8.333333333333334,""role"":""RP""}]",https://statsapi.mlb.com/api/v1/stats?stats=season&group=pitching&season=2025&sportId=11&playerPool=ALL&limit=10000,debut_opportunity,16.281873422535696,14.221220549011116,0.05708634330447565,20.899631641112002,18.254549906398726,0.07327679781309795,2.278974248055624,2.9253219864747613,Verified debut-season capacity; original four-year role window retained,FAIL: aggregate and debut/swingman subgroup accuracy deteriorates; not release-ready,"MLB opportunity, future role, availability; other professional assignments unverified"
066pb,Eli Villalobos,Free agent,29.0,RP,2024,4.333333333333333,24.0,28.333333333333332,"[{""year"":2024,""IP"":4.333333333333333,""role"":""RP""}]",https://statsapi.mlb.com/api/v1/stats?stats=season&group=pitching&season=2024&sportId=16&playerPool=ALL&limit=10000;https://statsapi.mlb.com/api/v1/stats?stats=season&group=pitching&season=2024&sportId=14&playerPool=ALL&limit=10000;https://statsapi.mlb.com/api/v1/stats?stats=season&group=pitching&season=2024&sportId=11&playerPool=ALL&limit=10000,debut_raw,13.632767049621119,12.14124132426522,0.06284964431182835,27.722133952578833,24.6891270947977,0.1278043006341007,2.4249005824596574,4.931017930839018,Verified debut-season capacity; original four-year role window retained,FAIL: aggregate and debut/swingman subgroup accuracy deteriorates; not release-ready,"MLB opportunity, future role, availability; other professional assignments unverified"
066pb,Eli Villalobos,Free agent,29.0,RP,2024,4.333333333333333,24.0,28.333333333333332,"[{""year"":2024,""IP"":4.333333333333333,""role"":""RP""}]",https://statsapi.mlb.com/api/v1/stats?stats=season&group=pitching&season=2024&sportId=16&playerPool=ALL&limit=10000;https://statsapi.mlb.com/api/v1/stats?stats=season&group=pitching&season=2024&sportId=14&playerPool=ALL&limit=10000;https://statsapi.mlb.com/api/v1/stats?stats=season&group=pitching&season=2024&sportId=11&playerPool=ALL&limit=10000,debut_opportunity,13.632767049621119,12.14124132426522,0.06284964431182835,15.787611399485241,14.060329736229011,0.07278388586699942,2.4249005824596574,2.8081891180941483,Verified debut-season capacity; original four-year role window retained,FAIL: aggregate and debut/swingman subgroup accuracy deteriorates; not release-ready,"MLB opportunity, future role, availability; other professional assignments unverified"
061a8,Andrew Walters,Free agent,25.0,RP,2024,8.666666666666666,50.333333333333336,59.0,"[{""year"":2024,""IP"":8.666666666666666,""role"":""RP""},{""year"":2025,""IP"":1.3333333333333333,""role"":""RP""}]",https://statsapi.mlb.com/api/v1/stats?stats=season&group=pitching&season=2024&sportId=12&playerPool=ALL&limit=10000;https://statsapi.mlb.com/api/v1/stats?stats=season&group=pitching&season=2024&sportId=11&playerPool=ALL&limit=10000,debut_raw,15.411874127023253,14.030187978156238,0.11081641353557561,33.29416481801003,30.30931781056662,0.23939592981264718,2.2064952714322397,4.766676436087269,Verified debut-season capacity; original four-year role window retained,FAIL: aggregate and debut/swingman subgroup accuracy deteriorates; not release-ready,"MLB opportunity, future role, availability; other professional assignments unverified"
061a8,Andrew Walters,Free agent,25.0,RP,2024,8.666666666666666,50.333333333333336,59.0,"[{""year"":2024,""IP"":8.666666666666666,""role"":""RP""},{""year"":2025,""IP"":1.3333333333333333,""role"":""RP""}]",https://statsapi.mlb.com/api/v1/stats?stats=season&group=pitching&season=2024&sportId=12&playerPool=ALL&limit=10000;https://statsapi.mlb.com/api/v1/stats?stats=season&group=pitching&season=2024&sportId=11&playerPool=ALL&limit=10000,debut_opportunity,15.411874127023253,14.030187978156238,0.11081641353557561,18.03865129067103,16.421472586306916,0.12970380010734883,2.2064952714322397,2.582567080929589,Verified debut-season capacity; original four-year role window retained,FAIL: aggregate and debut/swingman subgroup accuracy deteriorates; not release-ready,"MLB opportunity, future role, availability; other professional assignments unverified"
041m3,Forrest Whitley,Free agent,29.0,RP,2024,3.3333333333333335,34.0,37.333333333333336,"[{""year"":2024,""IP"":3.3333333333333335,""role"":""RP""},{""year"":2025,""IP"":12.0,""role"":""RP""}]",https://statsapi.mlb.com/api/v1/stats?stats=season&group=pitching&season=2024&sportId=16&playerPool=ALL&limit=10000;https://statsapi.mlb.com/api/v1/stats?stats=season&group=pitching&season=2024&sportId=11&playerPool=ALL&limit=10000,debut_raw,12.887710481637031,12.917232512879794,0.058526755429041406,21.284249128764184,21.33300521066511,0.09665782336008352,0.7631441536765655,1.2603441325870548,Verified debut-season capacity; original four-year role window retained,FAIL: aggregate and debut/swingman subgroup accuracy deteriorates; not release-ready,"MLB opportunity, future role, availability; other professional assignments unverified"
041m3,Forrest Whitley,Free agent,29.0,RP,2024,3.3333333333333335,34.0,37.333333333333336,"[{""year"":2024,""IP"":3.3333333333333335,""role"":""RP""},{""year"":2025,""IP"":12.0,""role"":""RP""}]",https://statsapi.mlb.com/api/v1/stats?stats=season&group=pitching&season=2024&sportId=16&playerPool=ALL&limit=10000;https://statsapi.mlb.com/api/v1/stats?stats=season&group=pitching&season=2024&sportId=11&playerPool=ALL&limit=10000,debut_opportunity,12.887710481637031,12.917232512879794,0.058526755429041406,15.5865979039279,15.6223023085965,0.07078317012116209,0.7631441536765655,0.9229584326120798,Verified debut-season capacity; original four-year role window retained,FAIL: aggregate and debut/swingman subgroup accuracy deteriorates; not release-ready,"MLB opportunity, future role, availability; other professional assignments unverified"
051d7,Amos Willingham,Free agent,28.0,RP,2023,24.333333333333332,35.666666666666664,60.0,"[{""year"":2023,""IP"":24.333333333333332,""role"":""RP""},{""year"":2024,""IP"":1.0,""role"":""RP""}]",https://statsapi.mlb.com/api/v1/stats?stats=season&group=pitching&season=2023&sportId=12&playerPool=ALL&limit=10000;https://statsapi.mlb.com/api/v1/stats?stats=season&group=pitching&season=2023&sportId=11&playerPool=ALL&limit=10000,debut_raw,16.194139929065184,13.881249578456075,0.07460169623691011,25.377038169947536,21.752621747253407,0.1169046396560428,0.9424399978617028,1.4768512501054012,Verified debut-season capacity; original four-year role window retained,FAIL: aggregate and debut/swingman subgroup accuracy deteriorates; not release-ready,"MLB opportunity, future role, availability; other professional assignments unverified"
051d7,Amos Willingham,Free agent,28.0,RP,2023,24.333333333333332,35.666666666666664,60.0,"[{""year"":2023,""IP"":24.333333333333332,""role"":""RP""},{""year"":2024,""IP"":1.0,""role"":""RP""}]",https://statsapi.mlb.com/api/v1/stats?stats=season&group=pitching&season=2023&sportId=12&playerPool=ALL&limit=10000;https://statsapi.mlb.com/api/v1/stats?stats=season&group=pitching&season=2023&sportId=11&playerPool=ALL&limit=10000,debut_opportunity,16.194139929065184,13.881249578456075,0.07460169623691011,19.91831532675636,17.073528291357214,0.09175788995689169,0.9424399978617028,1.1591734501605369,Verified debut-season capacity; original four-year role window retained,FAIL: aggregate and debut/swingman subgroup accuracy deteriorates; not release-ready,"MLB opportunity, future role, availability; other professional assignments unverified"
058py,Randy Wynne,Free agent,33.0,RP,2023,2.3333333333333335,74.0,76.33333333333333,"[{""year"":2023,""IP"":2.3333333333333335,""role"":""RP""},{""year"":2025,""IP"":3.0,""role"":""RP""}]",https://statsapi.mlb.com/api/v1/stats?stats=season&group=pitching&season=2023&sportId=11&playerPool=ALL&limit=10000,debut_raw,11.277582145071296,9.90921752118148,0.012569418152707979,27.279107253564785,23.969198723801806,0.030403902316284783,1.2093319959034474,2.9252278366986046,Verified debut-season capacity; original four-year role window retained,FAIL: aggregate and debut/swingman subgroup accuracy deteriorates; not release-ready,"MLB opportunity, future role, availability; other professional assignments unverified"
05it9,Yosver Zulueta,Free agent,28.0,RP,2024,16.333333333333332,54.0,70.33333333333333,"[{""year"":2024,""IP"":16.333333333333332,""role"":""RP""},{""year"":2025,""IP"":7.333333333333333,""role"":""RP""}]",https://statsapi.mlb.com/api/v1/stats?stats=season&group=pitching&season=2024&sportId=11&playerPool=ALL&limit=10000,debut_raw,17.03966806453204,16.06667692769201,0.07436314527786136,32.63529646257832,30.771771064901653,0.14242432909149716,2.1419710729069807,4.1024191735337086,Verified debut-season capacity; original four-year role window retained,FAIL: aggregate and debut/swingman subgroup accuracy deteriorates; not release-ready,"MLB opportunity, future role, availability; other professional assignments unverified"
05it9,Yosver Zulueta,Free agent,28.0,RP,2024,16.333333333333332,54.0,70.33333333333333,"[{""year"":2024,""IP"":16.333333333333332,""role"":""RP""},{""year"":2025,""IP"":7.333333333333333,""role"":""RP""}]",https://statsapi.mlb.com/api/v1/stats?stats=season&group=pitching&season=2024&sportId=11&playerPool=ALL&limit=10000,debut_opportunity,17.03966806453204,16.06667692769201,0.07436314527786136,20.66140167355701,19.48160400220989,0.09016882303553035,2.1419710729069807,2.5972410109672164,Verified debut-season capacity; original four-year role window retained,FAIL: aggregate and debut/swingman subgroup accuracy deteriorates; not release-ready,"MLB opportunity, future role, availability; other professional assignments unverified"
