id,name,role,age,method,baseline_IP,candidate_IP,baseline_neutral,candidate_neutral,neutral_delta
05jp7,Gavin Williams,SP,27.0,future_role_caps,141.73822819499082,145.71417403819228,36.87658331757927,37.158667513414095,0.2820841958348268
05jp7,Gavin Williams,SP,27.0,linear_SP,141.73822819499082,150.2576928905614,36.87658331757927,37.48101970639539,0.6044363888161186
05jp7,Gavin Williams,SP,27.0,pooled_linear_SP,141.73822819499082,151.22827573435657,36.87658331757927,37.54988032265634,0.6732970050770746
04n0m,Logan Gilbert,SP,29.0,future_role_caps,165.12949634806634,145.76163817826708,69.32027664275337,67.07029487196753,-2.249981770785837
04n0m,Logan Gilbert,SP,29.0,linear_SP,165.12949634806634,150.2746625789315,69.32027664275337,67.59263655359474,-1.7276400891586263
04n0m,Logan Gilbert,SP,29.0,pooled_linear_SP,165.12949634806634,153.64753793433073,69.32027664275337,67.98377796115223,-1.3364986816011424
0596g,Reid Detmers,SP,27.0,future_role_caps,142.34205941110218,132.31956708370853,42.98283958855136,42.173031989536945,-0.8098075990144125
0596g,Reid Detmers,SP,27.0,linear_SP,142.34205941110218,137.92531531389463,42.98283958855136,42.62597097583666,-0.35686861271469894
0596g,Reid Detmers,SP,27.0,pooled_linear_SP,142.34205941110218,138.41678141411012,42.98283958855136,42.66568095710794,-0.3171586314434194
02hjp,Jacob deGrom,SP,38.0,future_role_caps,105.17415459388727,110.19187271665118,31.3904898603696,31.98361027766547,0.5931204172958715
02hjp,Jacob deGrom,SP,38.0,linear_SP,105.17415459388727,126.69597604555615,31.3904898603696,33.934571295238904,2.5440814348693053
02hjp,Jacob deGrom,SP,38.0,pooled_linear_SP,105.17415459388727,125.53712717077802,31.3904898603696,33.79750916597563,2.4070193056060347
05wru,Paul Skenes,SP,24.0,future_role_caps,165.31663391067949,120.50395569993353,94.90674535679459,88.86267201188504,-6.044073344909549
05wru,Paul Skenes,SP,24.0,linear_SP,165.31663391067949,154.78637738073607,94.90674535679459,93.46079900259902,-1.44594635419557
05wru,Paul Skenes,SP,24.0,pooled_linear_SP,165.31663391067949,158.22519502101812,94.90674535679459,93.93091126071401,-0.9758340960805754
05y62,Bryan Woo,SP,26.0,future_role_caps,149.9027025173924,144.17337609280668,67.49055066587349,66.84884163369564,-0.6417090321778431
05y62,Bryan Woo,SP,26.0,linear_SP,149.9027025173924,143.7039383058688,67.49055066587349,66.79634304310133,-0.6942076227721543
05y62,Bryan Woo,SP,26.0,pooled_linear_SP,149.9027025173924,145.3639653771357,67.49055066587349,66.98204332885838,-0.5085073370151036
03btv,Sandy Alcantara,SP,31.0,linear_SP,156.51670678129202,142.10387060141738,19.719608548663487,19.19786599341974,-0.5217425552437476
03btv,Sandy Alcantara,SP,31.0,pooled_linear_SP,156.51670678129202,132.96069696496596,19.719608548663487,18.866884449150156,-0.8527240995133312
05ge9,Shota Imanaga,SP,33.0,future_role_caps,144.5048769905574,134.08332614941992,44.317162848291694,43.22728619476809,-1.0898766535236035
05ge9,Shota Imanaga,SP,33.0,linear_SP,144.5048769905574,146.1198003850153,44.317162848291694,44.48639640333686,0.16923355504516735
05ge9,Shota Imanaga,SP,33.0,pooled_linear_SP,144.5048769905574,146.4064000619782,44.317162848291694,44.51644362693181,0.19928077864011584
041r1,Jesus Luzardo,SP,29.0,future_role_caps,151.92750226023708,131.4636376370355,51.000818057437954,49.09347746321569,-1.907340594222262
041r1,Jesus Luzardo,SP,29.0,linear_SP,151.92750226023708,145.08835135168493,51.000818057437954,50.36337296101643,-0.6374450964215228
041r1,Jesus Luzardo,SP,29.0,pooled_linear_SP,151.92750226023708,146.20178758662746,51.000818057437954,50.46715111676009,-0.5336669406778611
04pr8,Taj Bradley,SP,25.0,future_role_caps,139.60650681548793,128.73049434322638,29.144374874719237,28.551527224867343,-0.592847649851894
04pr8,Taj Bradley,SP,25.0,linear_SP,139.60650681548793,146.80734482343357,29.144374874719237,29.536507595803073,0.39213272108383634
04pr8,Taj Bradley,SP,25.0,pooled_linear_SP,139.60650681548793,147.50819861781068,29.144374874719237,29.574673668302932,0.43029879358369527
05r8n,Yoshinobu Yamamoto,SP,28.0,future_role_caps,151.1933195841589,99.2947260677911,70.93644663157778,64.3762504260836,-6.560196205494179
05r8n,Yoshinobu Yamamoto,SP,28.0,linear_SP,151.1933195841589,146.20608170043315,70.93644663157778,70.2983321240913,-0.6381145074864776
05r8n,Yoshinobu Yamamoto,SP,28.0,pooled_linear_SP,151.1933195841589,149.23278384531065,70.93644663157778,70.68529840516982,-0.2511482264079632
052c8,Cristopher Sanchez,SP,29.0,future_role_caps,174.5931039912232,144.85641172321323,64.36019421249607,61.3342204289915,-3.0259737835045684
052c8,Cristopher Sanchez,SP,29.0,linear_SP,174.5931039912232,168.08357258807126,64.36019421249607,63.69436698752602,-0.6658272249700516
052c8,Cristopher Sanchez,SP,29.0,pooled_linear_SP,174.5931039912232,168.93049540262413,64.36019421249607,63.780885847557826,-0.5793083649382424
04pmq,Braxton Ashcraft,SP,27.0,future_role_caps,149.44982643547814,128.22063524161874,59.26597880094227,57.064417545543655,-2.201561255398616
04pmq,Braxton Ashcraft,SP,27.0,linear_SP,149.44982643547814,135.8997542851167,59.26597880094227,57.85863752015313,-1.4073412807891401
04pmq,Braxton Ashcraft,SP,27.0,pooled_linear_SP,149.44982643547814,134.77986972036683,59.26597880094227,57.742751836419956,-1.5232269645223155
02iug,Michael Wacha,SP,35.0,future_role_caps,151.0892327917025,133.21584872112666,22.879588880639773,21.771367809120584,-1.1082210715191891
02iug,Michael Wacha,SP,35.0,linear_SP,151.0892327917025,127.35637913730093,22.879588880639773,21.408057333886543,-1.47153154675323
02iug,Michael Wacha,SP,35.0,pooled_linear_SP,151.0892327917025,127.45685463143202,22.879588880639773,21.414287215107002,-1.4653016655327704
05u6q,Cam Schlittler,SP,25.0,future_role_caps,134.0777527597879,121.2336798521798,79.48814759042055,77.64280215879323,-1.8453454316273223
05u6q,Cam Schlittler,SP,25.0,linear_SP,134.0777527597879,161.18225026206582,79.48814759042055,83.47399557077863,3.9858479803580735
05u6q,Cam Schlittler,SP,25.0,pooled_linear_SP,134.0777527597879,163.0917504202683,79.48814759042055,83.76032892684277,4.272181336422221
01sb3,Zack Wheeler,SP,36.0,future_role_caps,142.42533592391857,104.34286838350722,53.01369209090248,47.84101227117473,-5.1726798197277475
01sb3,Zack Wheeler,SP,36.0,linear_SP,142.42533592391857,155.25535055010397,53.01369209090248,54.79287348398818,1.7791813930857003
01sb3,Zack Wheeler,SP,36.0,pooled_linear_SP,142.42533592391857,155.76306457650801,53.01369209090248,54.86387064677487,1.8501785558723896
05y23,Tanner Bibee,SP,27.0,future_role_caps,156.99902366247244,140.49827199137567,36.60941139542447,35.61216557187608,-0.9972458235483899
05y23,Tanner Bibee,SP,27.0,linear_SP,156.99902366247244,142.19941012639856,36.60941139542447,35.71497621555132,-0.894435179873156
05y23,Tanner Bibee,SP,27.0,pooled_linear_SP,156.99902366247244,143.53901514854698,36.60941139542447,35.79593710388963,-0.8134742915348454
061yu,Jacob Misiorowski,SP,24.0,future_role_caps,129.0654038970866,104.62091214534153,93.40712846448892,89.23452699187979,-4.172601472609131
061yu,Jacob Misiorowski,SP,24.0,linear_SP,129.0654038970866,159.52626370829103,93.40712846448892,98.82978989586562,5.422661431376696
061yu,Jacob Misiorowski,SP,24.0,pooled_linear_SP,129.0654038970866,161.53183423959607,93.40712846448892,99.1958297781466,5.788701313657683
05tzn,Parker Messick,SP,25.0,future_role_caps,120.0650508606685,122.97130344729759,54.16314843118789,54.47686246760621,0.3137140364183182
05tzn,Parker Messick,SP,25.0,linear_SP,120.0650508606685,153.4142698336339,54.16314843118789,57.77836335868883,3.6152149275009364
05tzn,Parker Messick,SP,25.0,pooled_linear_SP,120.0650508606685,154.1691282622243,54.16314843118789,57.860847134219654,3.6976987030317616
04eee,Drew Rasmussen,SP,31.0,future_role_caps,137.78378802096617,93.17157286784577,57.74989985560455,52.388503989464674,-5.36139586613988
04eee,Drew Rasmussen,SP,31.0,linear_SP,137.78378802096617,123.3029955064832,57.74989985560455,56.003164225824065,-1.7467356297804884
04eee,Drew Rasmussen,SP,31.0,pooled_linear_SP,137.78378802096617,127.34326180584172,57.74989985560455,56.489150538015295,-1.2607493175892586
04ptt,Tarik Skubal,SP,29.0,future_role_caps,160.4238350890381,135.55472042931106,94.82778322180556,90.65779080090803,-4.169992420897529
04ptt,Tarik Skubal,SP,29.0,linear_SP,160.4238350890381,153.28427149474047,94.82778322180556,93.6153331572705,-1.2124500645350622
04ptt,Tarik Skubal,SP,29.0,pooled_linear_SP,160.4238350890381,158.4367266179919,94.82778322180556,94.48909187325523,-0.3386913485503271
05y7s,Nolan McLean,SP,25.0,future_role_caps,120.12640244516551,116.98605551133407,42.900822540382514,42.630481780774005,-0.27034075960850856
05y7s,Nolan McLean,SP,25.0,linear_SP,120.12640244516551,149.32385788598341,42.900822540382514,45.41265212125651,2.511829580873993
05y7s,Nolan McLean,SP,25.0,pooled_linear_SP,120.12640244516551,148.58404229491353,42.900822540382514,45.349006483032724,2.4481839426502106
05ycf,Noah Cameron,SP,27.0,future_role_caps,141.84020974801717,117.50501766081264,29.89341901309515,28.569553075562585,-1.3238659375325668
05ycf,Noah Cameron,SP,27.0,linear_SP,141.84020974801717,128.77152627241273,29.89341901309515,29.182465722085613,-0.7109532910095382
05ycf,Noah Cameron,SP,27.0,pooled_linear_SP,141.84020974801717,131.3925224284092,29.89341901309515,29.325051304352375,-0.5683677087427768
05gef,Cade Cavalli,SP,28.0,future_role_caps,114.59625743026977,136.63837790840893,35.134993081732965,36.9936127919607,1.8586197102277353
05gef,Cade Cavalli,SP,28.0,linear_SP,114.59625743026977,144.38179948560827,35.134993081732965,37.64654797495542,2.5115548932224527
05gef,Cade Cavalli,SP,28.0,pooled_linear_SP,114.59625743026977,145.73819009677334,35.134993081732965,37.76092056116733,2.6259274794343668
04ak5,Trevor Rogers,SP,28.0,future_role_caps,111.24692033775749,132.00385913619144,26.21630449724544,27.563407106149576,1.3471026089041374
04ak5,Trevor Rogers,SP,28.0,pooled_linear_SP,111.24692033775749,116.41621516172049,26.21630449724544,26.551786073366895,0.335481576121456
03df2,Dylan Cease,SP,30.0,future_role_caps,160.97537312998475,147.27566545347855,43.51492867022228,42.40788163530434,-1.1070470349179402
03df2,Dylan Cease,SP,30.0,linear_SP,160.97537312998475,165.65659609331996,43.51492867022228,43.89298676486146,0.3780580946391794
03df2,Dylan Cease,SP,30.0,pooled_linear_SP,160.97537312998475,167.40028766676056,43.51492867022228,44.03380823802275,0.5188795678004681
05xod,Sean Burke,SP,26.0,future_role_caps,123.03485035904608,147.81837677537453,25.85283492691378,27.156343260590827,1.3035083336770477
05xod,Sean Burke,SP,26.0,linear_SP,123.03485035904608,131.78415942475038,25.85283492691378,26.313011460691786,0.46017653377800727
05xod,Sean Burke,SP,26.0,pooled_linear_SP,123.03485035904608,135.30789165060548,25.85283492691378,26.498344824672717,0.645509897758938
01uca,Chris Sale,SP,37.0,future_role_caps,125.90660675096666,99.64334758634935,48.86626780360724,44.906314900083785,-3.959952903523458
01uca,Chris Sale,SP,37.0,linear_SP,125.90660675096666,120.88921613064589,48.86626780360724,48.10465368844949,-0.7616141151577551
01uca,Chris Sale,SP,37.0,pooled_linear_SP,125.90660675096666,124.37873138626038,48.86626780360724,48.634077850834146,-0.23218995277309773
05aoc,Eury Perez,SP,23.0,future_role_caps,118.08879151291512,104.59949463416844,32.7334053547117,31.794298180241345,-0.9391071744703545
05aoc,Eury Perez,SP,23.0,linear_SP,118.08879151291512,140.10626801815783,32.7334053547117,34.26487324783192,1.5314678931202224
05aoc,Eury Perez,SP,23.0,pooled_linear_SP,118.08879151291512,144.77359235075184,32.7334053547117,34.589517961791046,1.8561126070793463
041wv,Michael King,SP,31.0,future_role_caps,129.2198938550802,139.52290664849247,21.51247536184147,22.165203324683507,0.6527279628420359
041wv,Michael King,SP,31.0,linear_SP,129.2198938550802,130.60547293226836,21.51247536184147,21.600256113602534,0.0877807517610627
041wv,Michael King,SP,31.0,pooled_linear_SP,129.2198938550802,132.7779713407083,21.51247536184147,21.737890656900902,0.22541529505943103
03caf,Foster Griffin,SP,31.0,future_role_caps,153.1315116978244,116.89818606098083,36.09892254746632,33.53426018661445,-2.5646623608518695
03caf,Foster Griffin,SP,31.0,linear_SP,153.1315116978244,115.11759482658982,36.09892254746632,33.40822661838295,-2.6906959290833754
03caf,Foster Griffin,SP,31.0,pooled_linear_SP,153.1315116978244,120.69577677537816,36.09892254746632,33.80306073958473,-2.295861807881593
04c0o,Jose Soriano,SP,27.0,future_role_caps,135.39289375396015,116.72287241033195,11.347823405495681,10.819645981285367,-0.5281774242103143
04c0o,Jose Soriano,SP,27.0,linear_SP,135.39289375396015,113.77314433245091,11.347823405495681,10.736197775757324,-0.6116256297383575
04c0o,Jose Soriano,SP,27.0,pooled_linear_SP,135.39289375396015,116.37807814739428,11.347823405495681,10.809891705040627,-0.5379317004550543
04ps7,Joe Ryan,SP,30.0,future_role_caps,145.33444412278726,142.0020830780214,55.0772310029869,54.71413729529197,-0.36309370769492944
04ps7,Joe Ryan,SP,30.0,linear_SP,145.33444412278726,150.44065193468109,55.0772310029869,55.63444773391288,0.5572167309259797
04ps7,Joe Ryan,SP,30.0,pooled_linear_SP,145.33444412278726,150.75779472173178,55.0772310029869,55.669100633871544,0.591869630884645
06gwk,Payton Tolle,SP,23.0,linear_SP,157.43548522498318,152.34595071793396,76.80502005032439,76.22111098321005,-0.5839090671143339
06gwk,Payton Tolle,SP,23.0,pooled_linear_SP,157.43548522498318,152.28367032255716,76.80502005032439,76.21397572416825,-0.5910443261561369
03dbm,Logan Webb,SP,29.0,future_role_caps,175.8191901748255,146.375999088598,44.893181293991105,42.781331668808896,-2.1118496251822094
03dbm,Logan Webb,SP,29.0,linear_SP,175.8191901748255,153.24309451961716,44.893181293991105,43.27388265859858,-1.619298635392525
03dbm,Logan Webb,SP,29.0,pooled_linear_SP,175.8191901748255,154.18139798156727,44.893181293991105,43.34118364539119,-1.5519976485999152
03dc4,Freddy Peralta,SP,30.0,future_role_caps,141.82055560028988,154.06905686541407,25.38490448790019,26.183981661953506,0.7990771740533162
03dc4,Freddy Peralta,SP,30.0,linear_SP,141.82055560028988,133.12881233538087,25.38490448790019,24.817449244928316,-0.5674552429718744
03dc4,Freddy Peralta,SP,30.0,pooled_linear_SP,141.82055560028988,135.22365340560967,25.38490448790019,24.954214507346194,-0.4306899805539963
05rb3,Chase Burns,SP,23.0,future_role_caps,120.1374792925901,131.13586976733234,49.28607919864499,50.31568532878666,1.0296061301416657
05rb3,Chase Burns,SP,23.0,linear_SP,120.1374792925901,143.78785351684778,49.28607919864499,51.500091361366536,2.214012162721545
05rb3,Chase Burns,SP,23.0,pooled_linear_SP,120.1374792925901,143.68147278086985,49.28607919864499,51.49013260802501,2.204053409380016
01ut7,Nathan Eovaldi,SP,36.0,future_role_caps,123.354907058905,102.62858227489505,31.72050189542652,29.7707042087412,-1.9497976866853186
01ut7,Nathan Eovaldi,SP,36.0,linear_SP,123.354907058905,103.31118259848897,31.72050189542652,29.83491880277771,-1.8855830926488082
01ut7,Nathan Eovaldi,SP,36.0,pooled_linear_SP,123.354907058905,103.92745389081644,31.72050189542652,29.892893593420663,-1.8276083020058564
04cwf,Shane Baz,SP,27.0,future_role_caps,131.85444139103112,137.82425647346332,15.764908416228893,16.00159583680462,0.23668742057572523
04cwf,Shane Baz,SP,27.0,linear_SP,131.85444139103112,122.62203099607584,15.764908416228893,15.39837929376626,-0.3665291224626337
04cwf,Shane Baz,SP,27.0,pooled_linear_SP,131.85444139103112,123.84554390869509,15.764908416228893,15.446953078400993,-0.3179553378279003
03poo,Peter Lambert,SP,29.0,future_role_caps,127.11677243659882,137.19870927096574,20.56452578892669,21.083033576644368,0.5185077877176774
03poo,Peter Lambert,SP,29.0,pooled_linear_SP,127.11677243659882,128.59968725489338,20.56452578892669,20.6407911826144,0.07626539368770935
0260v,Sonny Gray,SP,36.0,future_role_caps,141.7993564880636,120.54981576008831,34.93440771005116,33.01131135081292,-1.9230963592382437
0260v,Sonny Gray,SP,36.0,linear_SP,141.7993564880636,128.34672938069252,34.93440771005116,33.71693677533511,-1.2174709347160544
0260v,Sonny Gray,SP,36.0,pooled_linear_SP,141.7993564880636,127.30754222406733,34.93440771005116,33.62288970565694,-1.3115180043942232
04yie,George Kirby,SP,28.0,future_role_caps,156.38798182441698,133.08896809415626,39.2683600617368,37.64404809162291,-1.6243119701138866
04yie,George Kirby,SP,28.0,linear_SP,156.38798182441698,144.31104739982888,39.2683600617368,38.42640557493976,-0.841954486797043
04yie,George Kirby,SP,28.0,pooled_linear_SP,156.38798182441698,144.59984706541644,39.2683600617368,38.44653950675377,-0.8218205549830273
05y72,Landen Roupp,SP,28.0,future_role_caps,116.98296521905817,89.64384907600672,7.584264870629325,6.958306773357129,-0.6259580972721963
05y72,Landen Roupp,SP,28.0,linear_SP,116.98296521905817,112.92942569615995,7.584264870629325,7.491454778536574,-0.09281009209275126
05y72,Landen Roupp,SP,28.0,pooled_linear_SP,116.98296521905817,114.83586871260891,7.584264870629325,7.535104815973415,-0.04916005465591056
0312g,Tyler Mahle,SP,32.0,future_role_caps,92.83361239269637,96.67096999527163,12.182946062326764,12.37871248871884,0.1957664263920762
0312g,Tyler Mahle,SP,32.0,linear_SP,92.83361239269637,123.58694591940497,12.182946062326764,13.751856450070393,1.56891038774363
0312g,Tyler Mahle,SP,32.0,pooled_linear_SP,92.83361239269637,123.96781829677157,12.182946062326764,13.771287014524036,1.5883409521972727
029si,Eduardo Rodriguez,SP,33.0,future_role_caps,105.46861450784178,131.02514317498893,10.161676998465524,10.794143650420299,0.6324666519547755
029si,Eduardo Rodriguez,SP,33.0,linear_SP,105.46861450784178,121.50110970419686,10.161676998465524,10.558445225143927,0.39676822667840383
029si,Eduardo Rodriguez,SP,33.0,pooled_linear_SP,105.46861450784178,123.45872965533295,10.161676998465524,10.606891919623465,0.44521492115794103
05yaz,Will Warren,SP,27.0,future_role_caps,125.39341973696988,136.37929172310317,17.714032643529926,18.102640869839252,0.38860822630932645
05yaz,Will Warren,SP,27.0,linear_SP,125.39341973696988,135.57034828641105,17.714032643529926,18.0740257472059,0.3599931036759756
05yaz,Will Warren,SP,27.0,pooled_linear_SP,125.39341973696988,133.57790266857458,17.714032643529926,18.003546065798496,0.2895134222685698
04mnw,Ryan Weathers,SP,26.0,future_role_caps,93.92439206257374,110.57575999751509,23.03682800361183,24.061986612190648,1.025158608578817
04mnw,Ryan Weathers,SP,26.0,linear_SP,93.92439206257374,103.18462448458543,23.03682800361183,23.6069437455711,0.5701157419592704
04mnw,Ryan Weathers,SP,26.0,pooled_linear_SP,93.92439206257374,106.1800987015655,23.03682800361183,23.791363199414842,0.7545351958030118
01spo,Gerrit Cole,SP,36.0,future_role_caps,118.1026085082473,119.47494438815113,33.4366291799893,33.57844857849402,0.14181939850471537
01spo,Gerrit Cole,SP,36.0,linear_SP,118.1026085082473,122.24297663680183,33.4366291799893,33.864501486017495,0.42787230602819193
01spo,Gerrit Cole,SP,36.0,pooled_linear_SP,118.1026085082473,123.22058921538536,33.4366291799893,33.965529543285136,0.5289003632958327
03et8,Ranger Suarez,SP,31.0,future_role_caps,125.5090094116054,135.88912534588349,22.943211069143846,23.653039311310813,0.7098282421669673
03et8,Ranger Suarez,SP,31.0,linear_SP,125.5090094116054,120.0048113287318,22.943211069143846,22.566517672860318,-0.37669339628352816
03et8,Ranger Suarez,SP,31.0,pooled_linear_SP,125.5090094116054,120.95400205583633,22.943211069143846,22.631477885652505,-0.3117331834913415
05a1v,Keider Montero,SP,26.0,future_role_caps,114.80831270092654,87.33936611662438,17.779889510360835,16.708071742059207,-1.071817768301628
05a1v,Keider Montero,SP,26.0,linear_SP,114.80831270092654,108.55072418868005,17.779889510360835,17.535723082880185,-0.24416642748064987
05a1v,Keider Montero,SP,26.0,pooled_linear_SP,114.80831270092654,111.27180021798904,17.779889510360835,17.641897436096176,-0.13799207426465898
0510l,Emerson Hancock,SP,27.0,future_role_caps,97.44094254966706,106.98067876149815,17.499203887976947,17.942202430055126,0.442998542078179
0510l,Emerson Hancock,SP,27.0,linear_SP,97.44094254966706,105.20820137196655,17.499203887976947,17.859893560921492,0.36068967294454524
0510l,Emerson Hancock,SP,27.0,pooled_linear_SP,97.44094254966706,105.0674027593596,17.499203887976947,17.853355269010002,0.35415138103305566
04auj,Framber Valdez,SP,32.0,future_role_caps,156.43831818732582,141.76909303643566,18.11528522901398,17.44431608324847,-0.6709691457655111
04auj,Framber Valdez,SP,32.0,linear_SP,156.43831818732582,136.5882738602297,18.11528522901398,17.207345842402894,-0.907939386611087
04auj,Framber Valdez,SP,32.0,pooled_linear_SP,156.43831818732582,136.84543304302025,18.11528522901398,17.219108282165585,-0.8961769468483958
02c4q,Nick Martinez,SP,36.0,future_role_caps,139.8858477626129,97.17241893618079,22.457137792177864,19.709932208281433,-2.747205583896431
02c4q,Nick Martinez,SP,36.0,linear_SP,139.8858477626129,119.32183748768223,22.457137792177864,21.134519463310912,-1.3226183288669517
02c4q,Nick Martinez,SP,36.0,pooled_linear_SP,139.8858477626129,112.35875743613535,22.457137792177864,20.686674068447886,-1.7704637237299785
0629b,Walbert Urena,SP,22.0,future_role_caps,146.36153292761176,99.34152729544977,28.573602399820697,26.112549870226978,-2.4610525295937187
0629b,Walbert Urena,SP,22.0,linear_SP,146.36153292761176,135.35085962730898,28.573602399820697,27.99729780321501,-0.5763045966056879
0629b,Walbert Urena,SP,22.0,pooled_linear_SP,146.36153292761176,136.42897850599118,28.573602399820697,28.053727128518382,-0.5198752713023147
05y9r,Justin Wrobleski,SP,26.0,future_role_caps,100.47619329464636,79.99345884431813,23.429147539757835,22.22234886768294,-1.2067986720748962
05y9r,Justin Wrobleski,SP,26.0,linear_SP,100.47619329464636,88.33382166163761,23.429147539757835,22.713745111527842,-0.7154024282299929
05y9r,Justin Wrobleski,SP,26.0,pooled_linear_SP,100.47619329464636,87.79578230632072,23.429147539757835,22.682044989598566,-0.7471025501592692
04eos,Joey Cantillo,SP,26.0,future_role_caps,111.36223159640095,110.1362630665487,12.565041835964427,12.524560897077905,-0.04048093888652282
04eos,Joey Cantillo,SP,26.0,linear_SP,111.36223159640095,119.35831139595129,12.565041835964427,12.828549154343449,0.2635073183790215
04eos,Joey Cantillo,SP,26.0,pooled_linear_SP,111.36223159640095,121.86189161502621,12.565041835964427,12.911053547297646,0.34601171133321884
05rik,Bubba Chandler,SP,24.0,future_role_caps,105.38955790305066,96.74989966990877,9.762171336778616,9.571453552581378,-0.19071778419723806
05rik,Bubba Chandler,SP,24.0,linear_SP,105.38955790305066,112.53711992494914,9.762171336778616,9.915061863370328,0.15289052659171176
05rik,Bubba Chandler,SP,24.0,pooled_linear_SP,105.38955790305066,109.8894410575021,9.762171336778616,9.858426465867028,0.09625512908841216
02hi7,Kevin Gausman,SP,35.0,future_role_caps,155.0225785058699,115.02965960230041,31.374630237642084,28.45070666302531,-2.923923574616772
02hi7,Kevin Gausman,SP,35.0,linear_SP,155.0225785058699,131.30273377684682,31.374630237642084,29.64044791009885,-1.734182327543234
02hi7,Kevin Gausman,SP,35.0,pooled_linear_SP,155.0225785058699,131.87378415459182,31.374630237642084,29.682197992552407,-1.6924322450896767
05vy6,Bryce Miller,SP,28.0,future_role_caps,111.30421567589318,133.5931484368113,24.652090165964438,26.010637958873147,1.358547792908709
05vy6,Bryce Miller,SP,28.0,linear_SP,111.30421567589318,117.91143006707023,24.652090165964438,25.054810952315744,0.40272078635130626
05vy6,Bryce Miller,SP,28.0,pooled_linear_SP,111.30421567589318,119.8043950412885,24.652090165964438,25.170190338819477,0.5181001728550392
04eud,Shane Drohan,SP,27.0,future_role_caps,119.27498711015062,103.9339995769795,19.93805816338358,19.28511658851427,-0.6529415748693097
04eud,Shane Drohan,SP,27.0,linear_SP,119.27498711015062,118.26649571907699,19.93805816338358,19.89513485380485,-0.04292330957872892
04eud,Shane Drohan,SP,27.0,pooled_linear_SP,119.27498711015062,102.3085769611212,19.93805816338358,19.215935513936643,-0.7221226494469377
025j1,Robbie Ray,SP,35.0,future_role_caps,86.85503466291571,108.09027351388113,6.645045625825236,7.372910609534795,0.7278649837095594
025j1,Robbie Ray,SP,35.0,linear_SP,86.85503466291571,109.35296329951983,6.645045625825236,7.416190917644553,0.7711452918193169
025j1,Robbie Ray,SP,35.0,pooled_linear_SP,86.85503466291571,109.53128470860193,6.645045625825236,7.422303112116562,0.777257486291326
05jp9,Bryce Elder,SP,27.0,future_role_caps,120.6879793314576,109.82821443977093,9.339250675333416,9.051511550645559,-0.2877391246878567
05jp9,Bryce Elder,SP,27.0,linear_SP,120.6879793314576,118.42856964232026,9.339250675333416,9.27938560709779,-0.05986506823562543
05jp9,Bryce Elder,SP,27.0,pooled_linear_SP,120.6879793314576,115.74283703343872,9.339250675333416,9.208224734120074,-0.1310259412133412
041mb,Anthony Kay,SP,31.0,future_role_caps,131.16019818331955,108.01967279658199,8.290343538381133,7.953256507940501,-0.3370870304406326
041mb,Anthony Kay,SP,31.0,linear_SP,131.16019818331955,101.91034214158863,8.290343538381133,7.864262153056412,-0.4260813853247214
041mb,Anthony Kay,SP,31.0,pooled_linear_SP,131.16019818331955,104.11015740046388,8.290343538381133,7.896306766596484,-0.39403677178464935
05sr2,Michael McGreevy,SP,26.0,future_role_caps,113.46931175646641,123.61244630942771,14.495443337298816,14.88097725589155,0.3855339185927331
05sr2,Michael McGreevy,SP,26.0,linear_SP,113.46931175646641,122.21184883265035,14.495443337298816,14.827741460706775,0.33229812340795917
05sr2,Michael McGreevy,SP,26.0,pooled_linear_SP,113.46931175646641,122.24895365017258,14.495443337298816,14.82915179058294,0.3337084532841246
05h2u,Jared Jones,SP,25.0,future_role_caps,111.96664170706183,101.5305213623842,41.331078678746756,40.404336502923194,-0.9267421758235628
05h2u,Jared Jones,SP,25.0,linear_SP,111.96664170706183,116.26324781425016,41.331078678746756,41.71235103606818,0.3812723573214214
05h2u,Jared Jones,SP,25.0,pooled_linear_SP,111.96664170706183,121.39711925207342,41.331078678746756,42.167920668576315,0.8368419898295585
04azu,Kumar Rocker,SP,26.0,future_role_caps,96.09850338256132,92.36523849655224,6.268893206259282,6.196465948196282,-0.07242725806299966
04azu,Kumar Rocker,SP,26.0,linear_SP,96.09850338256132,108.24406204709734,6.268893206259282,6.503542339647662,0.23464913338838045
04azu,Kumar Rocker,SP,26.0,pooled_linear_SP,96.09850338256132,110.8063734636279,6.268893206259282,6.553045550653972,0.2841523443946903
03pjf,Michael Soroka,SP,29.0,future_role_caps,100.66157400823279,104.2471339931147,24.515842776830432,24.761229431958583,0.24538665512815072
04pkt,J.T. Ginn,SP,27.0,future_role_caps,94.14128994733754,91.36685326478585,10.392062963215553,10.290672609086343,-0.10139035412920983
04pkt,J.T. Ginn,SP,27.0,linear_SP,94.14128994733754,83.53541507082632,10.392062963215553,10.004476749285253,-0.3875862139302999
04pkt,J.T. Ginn,SP,27.0,pooled_linear_SP,94.14128994733754,84.23453475851133,10.392062963215553,10.030025716814004,-0.3620372464015489
02i3o,Aaron Nola,SP,33.0,future_role_caps,141.86617966992895,144.3087586401518,18.463929591111985,18.58989613518942,0.12596654407743557
02i3o,Aaron Nola,SP,33.0,linear_SP,141.86617966992895,131.95499185601125,18.463929591111985,17.95233891803132,-0.511590673080665
02i3o,Aaron Nola,SP,33.0,pooled_linear_SP,141.86617966992895,130.79885672047615,18.463929591111985,17.892662120127234,-0.5712674709847505
04mlf,Casey Mize,SP,29.0,future_role_caps,111.43933234362574,75.74014302274905,15.195281711540952,13.645119199699264,-1.5501625118416875
04mlf,Casey Mize,SP,29.0,linear_SP,111.43933234362574,96.59598987833787,15.195281711540952,14.55074065954958,-0.6445410519913715
04mlf,Casey Mize,SP,29.0,pooled_linear_SP,111.43933234362574,100.79450618525527,15.195281711540952,14.733052434919035,-0.46222927662191715
05r3a,Brandon Young,SP,28.0,future_role_caps,102.93614704692126,139.68437904873275,5.566930608107396,6.278848938904407,0.711918330797011
05r3a,Brandon Young,SP,28.0,linear_SP,102.93614704692126,129.2697723682944,5.566930608107396,6.077088228253632,0.5101576201462361
05r3a,Brandon Young,SP,28.0,pooled_linear_SP,102.93614704692126,130.31910951902648,5.566930608107396,6.097416889310182,0.5304862812027862
05133,Andre Pallante,SP,28.0,future_role_caps,131.6401979762984,96.5644270353454,3.2717028524342378,2.923152412312981,-0.3485504401212567
05133,Andre Pallante,SP,28.0,linear_SP,131.6401979762984,101.98420276322798,3.2717028524342378,2.977009110672996,-0.29469374176124186
05133,Andre Pallante,SP,28.0,pooled_linear_SP,131.6401979762984,103.3998103541573,3.2717028524342378,2.991076104373236,-0.28062674806100185
05js3,Kyle Harrison,SP,25.0,future_role_caps,94.65868339730204,143.68845184894954,21.027243848205707,23.80669843762106,2.7794545894153515
05js3,Kyle Harrison,SP,25.0,linear_SP,94.65868339730204,129.8589343679095,21.027243848205707,23.02271521587723,1.9954713676715237
05js3,Kyle Harrison,SP,25.0,pooled_linear_SP,94.65868339730204,129.07269323589276,21.027243848205707,22.97814389539616,1.9509000471904514
04pq4,Kyle Bradish,SP,30.0,future_role_caps,101.75144805003086,113.80025873910085,10.529154214555549,11.018928535163395,0.48977432060784665
04pq4,Kyle Bradish,SP,30.0,linear_SP,101.75144805003086,126.59630927779217,10.529154214555549,11.539077545782048,1.0099233312264992
04pq4,Kyle Bradish,SP,30.0,pooled_linear_SP,101.75144805003086,128.9000740113923,10.529154214555549,11.632723701934445,1.1035694873788966
04pxf,Davis Martin,SP,29.0,future_role_caps,111.08022478254647,96.36314572554946,9.319463221215228,8.890521966805238,-0.42894125440999
04pxf,Davis Martin,SP,29.0,linear_SP,111.08022478254647,122.66645937157607,9.319463221215228,9.656423307125552,0.33696008591032367
04pxf,Davis Martin,SP,29.0,pooled_linear_SP,111.08022478254647,124.22167911926077,9.319463221215228,9.701653444299318,0.38219022308408945
0317q,Griffin Jax,SP,31.0,future_role_caps,112.9039302503553,102.38810328079768,28.660416512891846,27.862321907480265,-0.7980946054115812
0317q,Griffin Jax,SP,31.0,linear_SP,112.9039302503553,111.6569425851302,28.660416512891846,28.56577686814379,-0.09463964474805664
0317q,Griffin Jax,SP,31.0,pooled_linear_SP,112.9039302503553,106.55138615520214,28.660416512891846,28.17829264496801,-0.48212386792383555
05gdz,Roki Sasaki,SP,24.0,future_role_caps,94.09737637805641,74.16255472102321,12.700579543247686,12.042676253603583,-0.6579032896441035
05gdz,Roki Sasaki,SP,24.0,linear_SP,94.09737637805641,71.96337774696664,12.700579543247686,11.970097436966368,-0.7304821062813183
05gdz,Roki Sasaki,SP,24.0,pooled_linear_SP,94.09737637805641,69.45460555500314,12.700579543247686,11.887301136780852,-0.8132784064668339
04cd5,MacKenzie Gore,SP,27.0,future_role_caps,145.71870509121624,126.89753450579396,21.258013274288786,20.562733752135333,-0.6952795221534522
04cd5,MacKenzie Gore,SP,27.0,linear_SP,145.71870509121624,128.2695982256603,21.258013274288786,20.613419643492783,-0.6445936307960025
04cd5,MacKenzie Gore,SP,27.0,pooled_linear_SP,145.71870509121624,131.51559438195056,21.258013274288786,20.733331136043923,-0.524682138244863
05xpq,Christian Scott,SP,27.0,future_role_caps,90.15195029820346,129.56132157354995,19.23723766626068,21.38102757032927,2.1437899040685906
05xpq,Christian Scott,SP,27.0,linear_SP,90.15195029820346,108.02383667245401,19.23723766626068,20.20943205393789,0.9721943876772094
05xpq,Christian Scott,SP,27.0,pooled_linear_SP,90.15195029820346,112.83259644565183,19.23723766626068,20.471018836960777,1.233781170700098
04q08,Kyle Leahy,SP,29.0,future_role_caps,117.75237070537602,90.02074401232537,17.24588495903228,15.960747321408693,-1.2851376376235883
04q08,Kyle Leahy,SP,29.0,linear_SP,117.75237070537602,115.79923007983557,17.24588495903228,17.155372615229435,-0.09051234380284612
04q08,Kyle Leahy,SP,29.0,pooled_linear_SP,117.75237070537602,115.84064625956508,17.24588495903228,17.157291921729772,-0.088593037302509
05uo2,Logan Henderson,SP,24.0,future_role_caps,82.89493946273173,112.67683637148441,50.468500603955675,54.66164660267951,4.1931459987238355
05uo2,Logan Henderson,SP,24.0,linear_SP,82.89493946273173,124.06137482098791,50.468500603955675,56.28344597254777,5.814945368592092
05uo2,Logan Henderson,SP,24.0,pooled_linear_SP,82.89493946273173,123.55544865475308,50.468500603955675,56.21110352082839,5.742602916872713
04mlt,Shane McClanahan,SP,29.0,future_role_caps,101.93569693875071,99.16992631042211,21.307956809340038,21.127951773687833,-0.18000503565220427
04mlt,Shane McClanahan,SP,29.0,linear_SP,101.93569693875071,92.13420737699224,21.307956809340038,20.670045096800365,-0.6379117125396725
04mlt,Shane McClanahan,SP,29.0,pooled_linear_SP,101.93569693875071,97.29349954218816,21.307956809340038,21.00582802855326,-0.3021287807867772
03d6p,Grant Holmes,SP,30.0,future_role_caps,111.39351476601959,74.73304886507862,8.173147465322147,7.446714940131393,-0.726432525190754
03d6p,Grant Holmes,SP,30.0,linear_SP,111.39351476601959,97.03188009438931,8.173147465322147,7.88856956146873,-0.2845779038534175
03d6p,Grant Holmes,SP,30.0,pooled_linear_SP,111.39351476601959,99.64036524973785,8.173147465322147,7.940257078573464,-0.23289038674868312
05a2d,Max Meyer,SP,27.0,future_role_caps,86.84013417632339,109.36592947341458,19.794827024992724,21.114046651494178,1.3192196265014537
05a2d,Max Meyer,SP,27.0,linear_SP,86.84013417632339,99.4128091295677,19.794827024992724,20.531143738218155,0.7363167132254311
05a2d,Max Meyer,SP,27.0,pooled_linear_SP,86.84013417632339,100.9709478819984,19.794827024992724,20.622395886961804,0.8275688619690804
02i2j,Max Fried,SP,32.0,future_role_caps,141.6715049409959,95.01345063755763,38.993235325329394,34.96191248628449,-4.031322839044904
02i2j,Max Fried,SP,32.0,linear_SP,141.6715049409959,99.05240041008516,38.993235325329394,35.31088354191091,-3.6823517834184827
02i2j,Max Fried,SP,32.0,pooled_linear_SP,141.6715049409959,100.11377584742101,38.993235325329394,35.402587902609426,-3.590647422719968
05lg3,Brandon Pfaadt,SP,27.0,future_role_caps,142.2545717827484,132.6905510456015,26.934096669667973,26.46391581534039,-0.47018085432758383
05lg3,Brandon Pfaadt,SP,27.0,linear_SP,142.2545717827484,123.60685954758681,26.934096669667973,26.01734862917818,-0.916748040489793
05lg3,Brandon Pfaadt,SP,27.0,pooled_linear_SP,142.2545717827484,123.79492435396608,26.934096669667973,26.026594162386715,-0.9075025072812579
02bzn,Colin Rea,SP,36.0,future_role_caps,92.77212384853152,73.40208434386709,7.963434630527266,7.262340238212371,-0.7010943923148956
02bzn,Colin Rea,SP,36.0,linear_SP,92.77212384853152,81.77794119376121,7.963434630527266,7.56550256614046,-0.39793206438680606
02bzn,Colin Rea,SP,36.0,pooled_linear_SP,92.77212384853152,78.2192514544614,7.963434630527266,7.436696560370006,-0.5267380701572604
02x0f,Sean Manaea,SP,34.0,future_role_caps,108.6921808137259,115.1608384801052,15.655870890077393,16.01867310749282,0.3628022174154264
02x0f,Sean Manaea,SP,34.0,linear_SP,108.6921808137259,101.22779035266412,15.655870890077393,15.236763377912236,-0.41910751216515685
02x0f,Sean Manaea,SP,34.0,pooled_linear_SP,108.6921808137259,107.02169732635446,15.655870890077393,15.562077273283446,-0.09379361679394727
02n4s,Matthew Boyd,SP,35.0,future_role_caps,113.97083197200661,128.73254062289845,16.585726707860655,17.46528779410937,0.8795610862487138
02n4s,Matthew Boyd,SP,35.0,linear_SP,113.97083197200661,104.65075818153109,16.585726707860655,16.029823615975467,-0.5559030918851882
02n4s,Matthew Boyd,SP,35.0,pooled_linear_SP,113.97083197200661,103.64252303820666,16.585726707860655,15.969686642157289,-0.6160400657033662
0425t,Bailey Ober,SP,31.0,linear_SP,125.97147863768703,117.43751618557909,18.530616643180302,18.05332970579582,-0.4772869373844806
0425t,Bailey Ober,SP,31.0,pooled_linear_SP,125.97147863768703,116.01386292416066,18.530616643180302,17.973707712044025,-0.5569089311362774
060u3,Andrew Alvarez,SP,27.0,future_role_caps,75.50761523321911,86.09508133292907,9.087393617949688,9.470849517468695,0.3834558995190065
060u3,Andrew Alvarez,SP,27.0,linear_SP,75.50761523321911,88.75152286285007,9.087393617949688,9.567060279022247,0.4796666610725584
060u3,Andrew Alvarez,SP,27.0,pooled_linear_SP,75.50761523321911,84.96397479370165,9.087393617949688,9.429883202075898,0.3424895841262092
05u6r,Robert Gasser,SP,27.0,future_role_caps,68.93335023538958,123.68746654946732,14.617833860109931,17.612222533919056,2.9943886738091248
05u6r,Robert Gasser,SP,27.0,linear_SP,68.93335023538958,105.25003333920469,14.617833860109931,16.60391768132612,1.986083821216189
05u6r,Robert Gasser,SP,27.0,pooled_linear_SP,68.93335023538958,109.28049520466674,14.617833860109931,16.824335253055903,2.206501392945972
05144,Hunter Brown,SP,28.0,future_role_caps,144.15903806584362,112.62398108130441,38.42489622615472,36.06928643119125,-2.3556097949634704
05144,Hunter Brown,SP,28.0,linear_SP,144.15903806584362,111.13585615455862,38.42489622615472,35.95812628154287,-2.4667699446118547
05144,Hunter Brown,SP,28.0,pooled_linear_SP,144.15903806584362,110.23966742362391,38.42489622615472,35.8911826589656,-2.5337135671891247
02btx,Tyler Glasnow,SP,33.0,future_role_caps,98.53256276043007,104.6514276194101,31.105423904731122,31.768603407509662,0.6631795027785401
02btx,Tyler Glasnow,SP,33.0,linear_SP,98.53256276043007,106.64502902125197,31.105423904731122,31.984675443235655,0.8792515385045334
02btx,Tyler Glasnow,SP,33.0,pooled_linear_SP,98.53256276043007,105.39365161099938,31.105423904731122,31.849047697265473,0.7436237925343505
060i2,Jake Bennett,SP,25.0,future_role_caps,117.56497379241492,105.8725399660116,36.42149980060523,35.545907235557756,-0.8755925650474765
060i2,Jake Bennett,SP,25.0,linear_SP,117.56497379241492,111.0987728774661,36.42149980060523,35.937275769125385,-0.4842240314798474
060i2,Jake Bennett,SP,25.0,pooled_linear_SP,117.56497379241492,114.4525334436927,36.42149980060523,36.188423465177024,-0.23307633542820838
041r5,Dustin May,SP,29.0,future_role_caps,112.32111861417616,82.58453414756087,9.551534695121612,8.680295957052573,-0.8712387380690387
041r5,Dustin May,SP,29.0,linear_SP,112.32111861417616,105.12895796174203,9.551534695121612,9.340814833267562,-0.21071986185405045
041r5,Dustin May,SP,29.0,pooled_linear_SP,112.32111861417616,105.68560102136456,9.551534695121612,9.357123666495024,-0.19441102862658788
06apx,Trey Yesavage,SP,23.0,future_role_caps,72.3538007380074,93.67250475481956,12.915775830137939,13.904316506520706,0.9885406763827671
06apx,Trey Yesavage,SP,23.0,linear_SP,72.3538007380074,101.69398684493741,12.915775830137939,14.276269760560165,1.3604939304222263
06apx,Trey Yesavage,SP,23.0,pooled_linear_SP,72.3538007380074,103.0195671046023,12.915775830137939,14.33773644284326,1.4219606127053215
05itb,Randy Vasquez,SP,27.0,future_role_caps,113.01177169847773,86.87445198999397,3.2944100851964815,3.0022415948519736,-0.29216849034450787
05itb,Randy Vasquez,SP,27.0,linear_SP,113.01177169847773,95.77145954907277,3.2944100851964815,3.1016942279494675,-0.192715857247014
05itb,Randy Vasquez,SP,27.0,pooled_linear_SP,113.01177169847773,96.80096518692112,3.2944100851964815,3.113202259812188,-0.18120782538429347
04mlx,Matthew Liberatore,SP,26.0,future_role_caps,133.91907658920775,124.05434014015044,12.533506448757109,12.262398884678113,-0.2711075640789957
04mlx,Matthew Liberatore,SP,26.0,linear_SP,133.91907658920775,125.22410013402677,12.533506448757109,12.294546807142591,-0.23895964161451744
04mlx,Matthew Liberatore,SP,26.0,pooled_linear_SP,133.91907658920775,124.32400658452501,12.533506448757109,12.269809991221686,-0.26369645753542237
01fhm,Martin Perez,SP,35.0,future_role_caps,77.38926554807595,69.54900080349792,2.217856279326846,2.116446670006783,-0.10140960932006271
01fhm,Martin Perez,SP,35.0,linear_SP,77.38926554807595,73.01240948775629,2.217856279326846,2.1612439993098844,-0.0566122800169615
01fhm,Martin Perez,SP,35.0,pooled_linear_SP,77.38926554807595,75.92324677708295,2.217856279326846,2.1988941146977634,-0.018962164629082512
05y2l,Emmet Sheehan,SP,26.0,future_role_caps,94.9618725749468,132.63854404308557,32.39077616378987,35.59675944334581,3.2059832795559373
05y2l,Emmet Sheehan,SP,26.0,linear_SP,94.9618725749468,122.42812385673399,32.39077616378987,34.7279343821308,2.3371582183409245
05y2l,Emmet Sheehan,SP,26.0,pooled_linear_SP,94.9618725749468,122.81015430475387,32.39077616378987,34.76044211651675,2.3696659527268764
05uc4,Troy Melton,SP,25.0,future_role_caps,114.24937030817858,136.01753094797377,29.355995995688883,30.80163401011072,1.4456380144218386
05uc4,Troy Melton,SP,25.0,linear_SP,114.24937030817858,109.89844262781278,29.355995995688883,29.066756284785868,-0.2892397109030149
05uc4,Troy Melton,SP,25.0,pooled_linear_SP,114.24937030817858,110.76821359041335,29.355995995688883,29.124576667071167,-0.23141932861771508
03qt6,Tyler Phillips,SP,28.0,future_role_caps,89.67586206896551,62.32209321201703,2.4271181741793475,2.1482369404844643,-0.27888123369488316
03qt6,Tyler Phillips,SP,28.0,linear_SP,89.67586206896551,64.99166095698763,2.4271181741793475,2.175454116663841,-0.25166405751550647
03qt6,Tyler Phillips,SP,28.0,pooled_linear_SP,89.67586206896551,64.1956355354115,2.4271181741793475,2.1673383592783537,-0.2597798149009938
04etg,Janson Junk,SP,30.0,linear_SP,97.25896140322624,106.38461973456938,10.13497764578,10.485255178447224,0.3502775326672243
04etg,Janson Junk,SP,30.0,pooled_linear_SP,97.25896140322624,101.74538244980289,10.13497764578,10.307183577411658,0.17220593163165887
03aac,Walker Buehler,SP,32.0,future_role_caps,85.08556924930669,73.46572228405645,1.5611448890511852,1.5137537346841734,-0.0473911543670118
03aac,Walker Buehler,SP,32.0,linear_SP,85.08556924930669,93.54083923573971,1.5611448890511852,1.5951083904298977,0.03396350137871251
03aac,Walker Buehler,SP,32.0,pooled_linear_SP,85.08556924930669,94.16713826891726,1.5611448890511852,1.5976241360076189,0.036479246956433675
03sef,Seth Lugo,SP,36.0,future_role_caps,140.86978824122843,135.03922491125826,12.415609535630429,12.20199348808832,-0.21361604754210894
03sef,Seth Lugo,SP,36.0,linear_SP,140.86978824122843,112.95891386790767,12.415609535630429,11.393030698963612,-1.022578836666817
03sef,Seth Lugo,SP,36.0,pooled_linear_SP,140.86978824122843,112.34901870177902,12.415609535630429,11.370685792060062,-1.0449237435703669
02c2r,Carlos Rodon,SP,33.0,future_role_caps,131.19462446627912,81.07401880583153,27.894154678061575,24.11056667877357,-3.783587999288006
02c2r,Carlos Rodon,SP,33.0,linear_SP,131.19462446627912,81.63949964564449,27.894154678061575,24.153254640962977,-3.740900037098598
02c2r,Carlos Rodon,SP,33.0,pooled_linear_SP,131.19462446627912,82.61930949161203,27.894154678061575,24.227220163245413,-3.6669345148161625
05joq,Connor Prielipp,SP,25.0,linear_SP,121.80672165152114,106.35415830593004,18.54697758305825,17.923565055096564,-0.6234125279616869
05joq,Connor Prielipp,SP,25.0,pooled_linear_SP,121.80672165152114,109.50618880726138,18.54697758305825,18.05072941346873,-0.49624816958952067
066cf,Zebby Matthews,SP,26.0,future_role_caps,97.327049111485,101.38202322649575,13.156022350555464,13.315816239068193,0.1597938885127288
066cf,Zebby Matthews,SP,26.0,linear_SP,97.327049111485,99.46231810242534,13.156022350555464,13.240166644798906,0.08414429424344227
066cf,Zebby Matthews,SP,26.0,pooled_linear_SP,97.327049111485,98.5122158372243,13.156022350555464,13.202726076466,0.046703725910536065
05jq2,Andrew Abbott,SP,27.0,future_role_caps,131.11745795803768,133.3314658383362,13.424001860474124,13.500224362833894,0.07622250235976935
05jq2,Andrew Abbott,SP,27.0,linear_SP,131.11745795803768,129.14084672676879,13.424001860474124,13.355848818329294,-0.06815304214483042
06f1r,Connelly Early,SP,24.0,future_role_caps,78.70575593189581,123.43545545702938,20.823447457974286,23.904063778987403,3.0806163210131174
06f1r,Connelly Early,SP,24.0,linear_SP,78.70575593189581,113.09778830442612,20.823447457974286,23.19208971053616,2.368642252561873
06f1r,Connelly Early,SP,24.0,pooled_linear_SP,78.70575593189581,114.53366734525149,20.823447457974286,23.290981329642207,2.4675338716679214
04g1x,David Peterson,SP,31.0,future_role_caps,123.9012147232868,119.57038128130998,8.036489957687545,7.973375775154017,-0.06311418253352752
04g1x,David Peterson,SP,31.0,linear_SP,123.9012147232868,104.46034573357223,8.036489957687545,7.753173923841831,-0.2833160338457139
04g1x,David Peterson,SP,31.0,pooled_linear_SP,123.9012147232868,105.0007173759434,8.036489957687545,7.76104887791926,-0.27544107976828514
04b01,Tomoyuki Sugano,SP,36.0,future_role_caps,94.55758968970471,81.80727251254338,3.6340360459030734,3.4357580276760653,-0.19827801822700808
04b01,Tomoyuki Sugano,SP,36.0,linear_SP,94.55758968970471,75.25692647870338,3.6340360459030734,3.3338947083370485,-0.3001413375660249
04b01,Tomoyuki Sugano,SP,36.0,pooled_linear_SP,94.55758968970471,74.11010296015064,3.6340360459030734,3.316060650457918,-0.3179753954451554
03pov,Brady Singer,SP,30.0,future_role_caps,132.03094291484229,125.41894187461924,8.564971974734222,8.455276177373028,-0.10969579736119428
03pov,Brady Singer,SP,30.0,linear_SP,132.03094291484229,115.34872374621467,8.564971974734222,8.288207146307172,-0.27676482842704964
03pov,Brady Singer,SP,30.0,pooled_linear_SP,132.03094291484229,117.61036462885113,8.564971974734222,8.325728692123064,-0.23924328261115768
03d6w,Jack Flaherty,SP,30.0,future_role_caps,118.50774834259333,104.21132217194811,18.030194881903007,17.219555562329766,-0.8106393195732409
03d6w,Jack Flaherty,SP,30.0,linear_SP,118.50774834259333,102.59405819631255,18.030194881903007,17.12785307996592,-0.9023418019370872
03d6w,Jack Flaherty,SP,30.0,pooled_linear_SP,118.50774834259333,101.10221265183824,18.030194881903007,17.043262102987065,-0.9869327789159428
04mlr,Jeffrey Springs,SP,34.0,future_role_caps,91.05983745829623,93.867830851495,4.06052948337197,4.109175005706013,0.04864552233404318
04mlr,Jeffrey Springs,SP,34.0,linear_SP,91.05983745829623,95.97865131772444,4.06052948337197,4.145742742788949,0.08521325941697899
04mlr,Jeffrey Springs,SP,34.0,pooled_linear_SP,91.05983745829623,94.56434472447341,4.06052948337197,4.121241373542207,0.06071189017023748
02bx4,Clay Holmes,SP,33.0,future_role_caps,92.92218836710121,82.98693948215933,9.248144460088723,8.983842920324923,-0.26430153976379955
02bx4,Clay Holmes,SP,33.0,linear_SP,92.92218836710121,78.17036552236533,9.248144460088723,8.855710456941019,-0.39243400314770405
02bx4,Clay Holmes,SP,33.0,pooled_linear_SP,92.92218836710121,77.09932946288768,9.248144460088723,8.827218319205896,-0.42092614088282687
02hj7,Merrill Kelly,SP,37.0,future_role_caps,90.71836779209447,125.82487085674433,7.185430666842255,8.471069623086187,1.2856389562439317
02hj7,Merrill Kelly,SP,37.0,linear_SP,90.71836779209447,121.27039242778037,7.185430666842255,8.304279587551582,1.1188489207093264
02hj7,Merrill Kelly,SP,37.0,pooled_linear_SP,90.71836779209447,118.94331111417668,7.185430666842255,8.219059297008638,1.0336286301663824
02brc,Adrian Houser,SP,33.0,future_role_caps,84.23786385529553,45.33952947059876,7.468140488336934,6.58985063915789,-0.8782898491790432
02brc,Adrian Houser,SP,33.0,linear_SP,84.23786385529553,40.2097597728993,7.468140488336934,6.4740249945542425,-0.994115493782691
02brc,Adrian Houser,SP,33.0,pooled_linear_SP,84.23786385529553,40.97121244932999,7.468140488336934,6.491217919827732,-0.9769225685092016
05r3i,Andrew Painter,SP,23.0,future_role_caps,140.41624807447593,102.70793106898921,11.917201979623993,11.221454784942184,-0.6957471946818092
05r3i,Andrew Painter,SP,23.0,linear_SP,140.41624807447593,107.98164839844796,11.917201979623993,11.318758889948564,-0.5984430896754294
05r3i,Andrew Painter,SP,23.0,pooled_linear_SP,140.41624807447593,109.43386721348548,11.917201979623993,11.345553434146318,-0.5716485454776752
03ca3,Kyle Freeland,SP,33.0,future_role_caps,100.72942179541833,68.82337082441776,2.9188721050778033,2.9188721050778033,0.0
03ca3,Kyle Freeland,SP,33.0,linear_SP,100.72942179541833,62.095317257391535,2.9188721050778033,2.9188721050778033,0.0
03ca3,Kyle Freeland,SP,33.0,pooled_linear_SP,100.72942179541833,61.96055680523431,2.9188721050778033,2.9188721050778033,0.0
03nuc,Luis Castillo,SP,33.0,future_role_caps,142.00722111572094,128.97869036475157,17.246590545675033,16.618179504839485,-0.6284110408355481
03nuc,Luis Castillo,SP,33.0,linear_SP,142.00722111572094,98.21348607967991,17.246590545675033,15.134267434028155,-2.1123231116468784
03nuc,Luis Castillo,SP,33.0,pooled_linear_SP,142.00722111572094,98.52547746849854,17.246590545675033,15.149315856381126,-2.097274689293908
04ppz,Jake Irvin,SP,29.0,future_role_caps,129.63127710675624,89.22781657380229,2.1719988965773003,1.9170310734382847,-0.25496782313901556
04ppz,Jake Irvin,SP,29.0,linear_SP,129.63127710675624,75.50591868958429,2.1719988965773003,1.830438430463525,-0.3415604661137752
04ppz,Jake Irvin,SP,29.0,pooled_linear_SP,129.63127710675624,76.13208957498759,2.1719988965773003,1.834389909506615,-0.3376089870706853
051ui,Jacob Lopez,SP,28.0,future_role_caps,101.21906753849758,112.58637181283528,5.377651114611066,5.585226374624556,0.20757526001349014
051ui,Jacob Lopez,SP,28.0,linear_SP,101.21906753849758,109.97823031792976,5.377651114611066,5.537599810235043,0.15994869562397707
051ui,Jacob Lopez,SP,28.0,pooled_linear_SP,101.21906753849758,107.07802645741788,5.377651114611066,5.484639974208045,0.10698885959697968
06ekq,Zac Thornton,SP,24.0,future_role_caps,100.74235383329119,82.37512169760988,27.61162358087653,26.300564328516515,-1.311059252360014
06ekq,Zac Thornton,SP,24.0,linear_SP,100.74235383329119,102.37141609267368,27.61162358087653,27.727768715935333,0.11614513505880453
06ekq,Zac Thornton,SP,24.0,pooled_linear_SP,100.74235383329119,102.62642217431438,27.61162358087653,27.745949553176146,0.1343259722996173
061bo,Rhett Lowder,SP,24.0,future_role_caps,90.66230055625968,74.94122306766833,5.888399997319445,5.725095287541704,-0.16330470977774159
061bo,Rhett Lowder,SP,24.0,linear_SP,90.66230055625968,85.37244683185294,5.888399997319445,5.833450962950913,-0.0549490343685326
061bo,Rhett Lowder,SP,24.0,pooled_linear_SP,90.66230055625968,86.64483635114107,5.888399997319445,5.846668072358484,-0.041731924960961564
05y0j,Spencer Arrighetti,SP,26.0,future_role_caps,102.70228177264094,106.92078758271671,4.735527948497846,4.79388554777348,0.05835759927563444
05y0j,Spencer Arrighetti,SP,26.0,linear_SP,102.70228177264094,94.21934774285552,4.735527948497846,4.617511084839857,-0.11801686365798858
05y0j,Spencer Arrighetti,SP,26.0,pooled_linear_SP,102.70228177264094,96.29527949974155,4.735527948497846,4.646392006730265,-0.089135941767581
041yb,Dean Kremer,SP,30.0,future_role_caps,120.94208336688406,92.14844155066088,14.46037827066323,13.150278417946259,-1.31009985271697
041yb,Dean Kremer,SP,30.0,linear_SP,120.94208336688406,80.81138697016448,14.46037827066323,12.634446706523628,-1.8259315641396014
041yb,Dean Kremer,SP,30.0,pooled_linear_SP,120.94208336688406,83.47867470669024,14.46037827066323,12.755807293457352,-1.7045709772058775
04tk1,Slade Cecconi,SP,27.0,future_role_caps,98.80854346941304,71.04286254333869,8.548085394421662,7.742231084317581,-0.8058543101040812
04tk1,Slade Cecconi,SP,27.0,linear_SP,98.80854346941304,67.64139100738967,8.548085394421662,7.643508834168596,-0.9045765602530658
04tk1,Slade Cecconi,SP,27.0,pooled_linear_SP,98.80854346941304,68.6865755476538,8.548085394421662,7.6738436373693,-0.8742417570523617
03d7h,Mitch Keller,SP,30.0,future_role_caps,135.4189822046864,105.08373141218925,11.51459693807873,10.470558379527779,-1.0440385585509517
03d7h,Mitch Keller,SP,30.0,linear_SP,135.4189822046864,86.11151836556752,11.51459693807873,9.8175978321696,-1.6969991059091303
03d7h,Mitch Keller,SP,30.0,pooled_linear_SP,135.4189822046864,84.33978704783986,11.51459693807873,9.756620725906235,-1.7579762121724958
0518s,Ryan Gusto,SP,27.0,future_role_caps,89.71785788017672,77.21218725182995,2.574764611155385,2.4469787638825053,-0.12778584727287967
0518s,Ryan Gusto,SP,27.0,linear_SP,89.71785788017672,69.71536741792785,2.574764611155385,2.370374517473213,-0.20439009368217187
0518s,Ryan Gusto,SP,27.0,pooled_linear_SP,89.71785788017672,71.73022955099736,2.574764611155385,2.3909628467571067,-0.18380176439827833
02c2h,Chris Bassitt,SP,37.0,future_role_caps,89.24389511241294,51.204876844126,5.171100549075688,4.1607056390937665,-1.0103949099819216
02c2h,Chris Bassitt,SP,37.0,linear_SP,89.24389511241294,44.84863139425966,5.171100549075688,3.991870628583126,-1.179229920492562
02c2h,Chris Bassitt,SP,37.0,pooled_linear_SP,89.24389511241294,45.60625777141151,5.171100549075688,4.011994750339981,-1.1591057987357072
02hir,Michael Lorenzen,SP,34.0,future_role_caps,79.83030280683965,57.17017905286916,0.1889624144421415,0.1889624144421415,0.0
02hir,Michael Lorenzen,SP,34.0,linear_SP,79.83030280683965,47.45290686305222,0.1889624144421415,0.1889624144421415,0.0
02hir,Michael Lorenzen,SP,34.0,pooled_linear_SP,79.83030280683965,46.70941194147888,0.1889624144421415,0.1889624144421415,0.0
0515o,Brandon Sproat,SP,26.0,future_role_caps,61.76610619046863,69.64973558218107,6.20018421042513,6.368809074543514,0.1686248641183843
0515o,Brandon Sproat,SP,26.0,linear_SP,61.76610619046863,65.33418083071199,6.20018421042513,6.276502625647411,0.07631841522228111
0515o,Brandon Sproat,SP,26.0,pooled_linear_SP,61.76610619046863,65.91739224838261,6.20018421042513,6.288977076331303,0.08879286590617319
05t9g,Gage Jump,SP,23.0,future_role_caps,93.48166638461105,102.35989485823488,14.92871046316706,15.196679826902376,0.26796936373531466
05t9g,Gage Jump,SP,23.0,linear_SP,93.48166638461105,104.82141591304662,14.92871046316706,15.270975305199496,0.342264842032435
05t9g,Gage Jump,SP,23.0,pooled_linear_SP,93.48166638461105,106.30810322284175,14.92871046316706,15.315847618821827,0.3871371556547665
03r06,Ryan Feltner,SP,30.0,future_role_caps,81.83662465034703,60.94724099946248,1.9313538173539226,1.8704103987203353,-0.06094341863358732
03r06,Ryan Feltner,SP,30.0,linear_SP,81.83662465034703,62.437414540391444,1.9313538173539226,1.8747578831391831,-0.05659593421473952
03r06,Ryan Feltner,SP,30.0,pooled_linear_SP,81.83662465034703,62.67688384530098,1.9313538173539226,1.8754565192666475,-0.05589729808727517
04pmb,Kris Bubic,SP,29.0,future_role_caps,73.77787073171719,55.88869751143931,14.087121251131935,13.016230734845001,-1.0708905162869335
04pmb,Kris Bubic,SP,29.0,linear_SP,73.77787073171719,39.45584531858214,14.087121251131935,12.032519226650303,-2.054602024481632
04pmb,Kris Bubic,SP,29.0,pooled_linear_SP,73.77787073171719,39.046551223484,14.087121251131935,12.008017861527629,-2.079103389604306
02bu3,Brandon Woodruff,SP,33.0,future_role_caps,66.5107275349598,118.18016697312365,23.575635995975635,29.77080654998653,6.195170554010897
02bu3,Brandon Woodruff,SP,33.0,linear_SP,66.5107275349598,78.68571229112948,23.575635995975635,25.035417791116288,1.4597817951406533
02bu3,Brandon Woodruff,SP,33.0,pooled_linear_SP,66.5107275349598,79.27098593334092,23.575635995975635,25.105592154796124,1.5299561588204895
031ey,Eric Lauer,SP,31.0,future_role_caps,91.930759062598,54.730491110180026,10.455294582258292,9.265237398138893,-1.1900571841193983
031ey,Eric Lauer,SP,31.0,linear_SP,91.930759062598,44.394196814841706,10.455294582258292,8.934573616386746,-1.5207209658715453
031ey,Eric Lauer,SP,31.0,pooled_linear_SP,91.930759062598,45.22644264662455,10.455294582258292,8.961197621685136,-1.494096960573156
05u2q,Blade Tidwell,SP,25.0,future_role_caps,59.069179950300025,70.075084436214,3.779742956053134,3.9039062935448863,0.12416333749175212
05u2q,Blade Tidwell,SP,25.0,linear_SP,59.069179950300025,68.01540206399417,3.779742956053134,3.880669944561934,0.1009269885088
05u2q,Blade Tidwell,SP,25.0,pooled_linear_SP,59.069179950300025,60.19973286577572,3.779742956053134,3.7924973119878183,0.012754355934684103
031d4,Zack Littell,SP,31.0,future_role_caps,127.63449928905138,68.50728322440813,12.867668060459819,10.507626898978357,-2.360041161481462
031d4,Zack Littell,SP,31.0,linear_SP,127.63449928905138,68.17799780385008,12.867668060459819,10.494483592086604,-2.373184468373214
031d4,Zack Littell,SP,31.0,pooled_linear_SP,127.63449928905138,69.43605252213489,12.867668060459819,10.544698385140652,-2.3229696753191664
02bqr,Blake Snell,SP,33.0,future_role_caps,90.88081459951646,95.55273874977944,22.93430788631619,23.34751615340057,0.41320826708437863
02bqr,Blake Snell,SP,33.0,linear_SP,90.88081459951646,88.46043693949039,22.93430788631619,22.72001714121242,-0.21429074510377077
02bqr,Blake Snell,SP,33.0,pooled_linear_SP,90.88081459951646,88.86266768916208,22.93430788631619,22.75562907420715,-0.17867881210904102
05rb0,Jackson Jobe,SP,24.0,future_role_caps,67.08300365287789,35.63369469879698,11.523079126659658,10.153560130645882,-1.3695189960137757
05rb0,Jackson Jobe,SP,24.0,linear_SP,67.08300365287789,40.17640897541401,11.523079126659658,10.35138112265476,-1.1716980040048988
05rb0,Jackson Jobe,SP,24.0,pooled_linear_SP,67.08300365287789,39.427947154377144,11.523079126659658,10.318787952381998,-1.2042911742776603
0514f,Hayden Wesneski,SP,28.0,future_role_caps,58.20289629174697,84.48907829032383,11.708737759828827,13.172760491950145,1.4640227321213182
0514f,Hayden Wesneski,SP,28.0,linear_SP,58.20289629174697,74.19504302281085,11.708737759828827,12.599428783385031,0.8906910235562044
0514f,Hayden Wesneski,SP,28.0,pooled_linear_SP,58.20289629174697,72.54012546710331,11.708737759828827,12.507257279684964,0.7985195198561374
05152,Tanner Gordon,SP,28.0,future_role_caps,63.8397111575935,59.60755502202279,2.163903024107078,2.143321492783039,-0.02058153132403895
05152,Tanner Gordon,SP,28.0,linear_SP,63.8397111575935,59.24414988814904,2.163903024107078,2.1415542058714645,-0.02234881823561352
05152,Tanner Gordon,SP,28.0,pooled_linear_SP,63.8397111575935,59.88501390206363,2.163903024107078,2.144670811770281,-0.019232212336797172
06ktn,Tatsuya Imai,SP,28.0,future_role_caps,83.29220357393879,79.76155346213504,1.9707605688023366,1.938184349391167,-0.032576219411169616
06ktn,Tatsuya Imai,SP,28.0,linear_SP,83.29220357393879,67.30761257518476,1.9707605688023366,1.8232756787441724,-0.14748489005816423
06ktn,Tatsuya Imai,SP,28.0,pooled_linear_SP,83.29220357393879,71.70505005874949,1.9707605688023366,1.8638494778392978,-0.10691109096303886
05zq4,Ryan Johnson,SP,24.0,future_role_caps,97.59799786121673,62.192679598130084,11.510429985748667,10.676695143957163,-0.8337348417915038
05zq4,Ryan Johnson,SP,24.0,linear_SP,97.59799786121673,73.882101897446,11.510429985748667,10.951961096347011,-0.5584688894016558
05zq4,Ryan Johnson,SP,24.0,pooled_linear_SP,97.59799786121673,74.26345649032423,11.510429985748667,10.960941346398632,-0.5494886393500344
01srb,Jameson Taillon,SP,34.0,future_role_caps,104.2974349584324,94.69824126596305,13.095418989912984,12.623843355614644,-0.4715756342983397
01srb,Jameson Taillon,SP,34.0,linear_SP,104.2974349584324,75.74455082392244,13.095418989912984,11.692713212932793,-1.4027057769801914
01srb,Jameson Taillon,SP,34.0,pooled_linear_SP,104.2974349584324,74.52807971176497,13.095418989912984,11.632952137711305,-1.462466852201679
04pko,Grayson Rodriguez,SP,26.0,future_role_caps,108.08441637609421,102.37786669960136,9.331352166149154,9.185317985605733,-0.14603418054342043
04pko,Grayson Rodriguez,SP,26.0,linear_SP,108.08441637609421,100.82766952196036,9.331352166149154,9.145647468857224,-0.1857046972919303
04pko,Grayson Rodriguez,SP,26.0,pooled_linear_SP,108.08441637609421,101.20252009138892,9.331352166149154,9.155240129718166,-0.17611203643098783
0316j,Nick Pivetta,SP,33.0,future_role_caps,114.23203246909134,109.65058384997235,36.42326851103602,35.92450068950545,-0.49876782153057064
0316j,Nick Pivetta,SP,33.0,linear_SP,114.23203246909134,82.66659923692549,36.42326851103602,32.986839626255964,-3.4364288847800566
0316j,Nick Pivetta,SP,33.0,pooled_linear_SP,114.23203246909134,82.07764638127311,36.42326851103602,32.92272219152755,-3.500546319508473
041ps,Nick Lodolo,SP,28.0,future_role_caps,103.94061881869588,107.21264119011572,16.97561957829831,17.122978908500794,0.14735933020248382
041ps,Nick Lodolo,SP,28.0,linear_SP,103.94061881869588,100.63282817278204,16.97561957829831,16.826431581965636,-0.14918799633267454
041ps,Nick Lodolo,SP,28.0,pooled_linear_SP,103.94061881869588,102.179335553749,16.97561957829831,16.89618216843796,-0.07943740986035053
04yid,Ryne Nelson,SP,28.0,future_role_caps,111.49672801202907,82.0622624749974,19.801435195154532,18.351285437300895,-1.4501497578536373
04yid,Ryne Nelson,SP,28.0,linear_SP,111.49672801202907,87.10360402132157,19.801435195154532,18.5996575442604,-1.2017776508941331
04yid,Ryne Nelson,SP,28.0,pooled_linear_SP,111.49672801202907,82.8199409294274,19.801435195154532,18.388614031762387,-1.4128211633921453
004ee,Max Scherzer,SP,42.0,future_role_caps,100.70074169622703,40.67326593305988,11.380862543964477,8.879461180710516,-2.5014013632539616
004ee,Max Scherzer,SP,42.0,linear_SP,100.70074169622703,28.51234400787839,11.380862543964477,8.372704128288541,-3.0081584156759362
004ee,Max Scherzer,SP,42.0,pooled_linear_SP,100.70074169622703,27.63339916464706,11.380862543964477,8.336077670135309,-3.044784873829169
03ab0,Luis Severino,SP,32.0,future_role_caps,105.77210217743837,57.371356686625525,9.578067242871676,8.406380850690608,-1.1716863921810674
03ab0,Luis Severino,SP,32.0,linear_SP,105.77210217743837,42.29612434011169,9.578067242871676,8.041439269310814,-1.5366279735608614
03ab0,Luis Severino,SP,32.0,pooled_linear_SP,105.77210217743837,41.29096107556837,9.578067242871676,8.017106253216895,-1.560960989654781
04y9o,Jack Leiter,SP,26.0,future_role_caps,100.46329169138903,70.75580672214168,6.758353716927927,6.174548118136114,-0.5838055987918134
04y9o,Jack Leiter,SP,26.0,linear_SP,100.46329169138903,64.69595666616853,6.758353716927927,6.0554611474895506,-0.7028925694383767
04y9o,Jack Leiter,SP,26.0,pooled_linear_SP,100.46329169138903,64.84026064262177,6.758353716927927,6.058296980595872,-0.7000567363320549
05y6w,Hunter Dobbins,SP,27.0,future_role_caps,65.46978818283168,62.98501034766448,6.264011116010187,6.184368648184229,-0.07964246782595819
05y6w,Hunter Dobbins,SP,27.0,linear_SP,65.46978818283168,61.14993487745055,6.264011116010187,6.125550536952609,-0.13846057905757814
05y6w,Hunter Dobbins,SP,27.0,pooled_linear_SP,65.46978818283168,58.22304090944397,6.264011116010187,6.0317372972424765,-0.2322738187677107
05uc7,Noah Schultz,SP,23.0,future_role_caps,100.40653673565065,70.64925423897321,7.637548537724739,7.171259237884405,-0.4662892998403345
05uc7,Noah Schultz,SP,23.0,linear_SP,100.40653673565065,66.93857646053502,7.637548537724739,7.113113829497929,-0.5244347082268099
05uc7,Noah Schultz,SP,23.0,pooled_linear_SP,100.40653673565065,65.67918250380937,7.637548537724739,7.09337943586268,-0.5441691018620594
04pvl,Mike Burrows,SP,26.0,future_role_caps,98.76381263563435,84.44056970593215,4.889354226661278,4.681624093373507,-0.2077301332877708
04pvl,Mike Burrows,SP,26.0,linear_SP,98.76381263563435,80.01033405904785,4.889354226661278,4.617372342150668,-0.2719818845106099
04pvl,Mike Burrows,SP,26.0,pooled_linear_SP,98.76381263563435,79.66451640540572,4.889354226661278,4.61235694531373,-0.27699728134754853
06879,Anthony Molina,SP,24.0,future_role_caps,64.86477027473703,63.56081778597851,17.195529329879808,17.105523053780406,-0.09000627609940182
06879,Anthony Molina,SP,24.0,linear_SP,64.86477027473703,51.11370228037422,17.195529329879808,16.2463517845072,-0.9491775453726063
06879,Anthony Molina,SP,24.0,pooled_linear_SP,64.86477027473703,54.087035600586404,17.195529329879808,16.45158829585385,-0.7439410340259585
0506h,Randy Dobnak,SP,31.0,future_role_caps,80.11956292128356,69.28565398058818,3.0968309390191657,3.022212347178029,-0.07461859184113662
0506h,Randy Dobnak,SP,31.0,pooled_linear_SP,80.11956292128356,81.78465627836206,3.0968309390191657,3.108153118145076,0.011322179125910381
041qo,Zac Gallen,SP,31.0,future_role_caps,135.27947085273144,104.28059575771864,12.550385995932437,11.794870866488846,-0.7555151294435909
041qo,Zac Gallen,SP,31.0,linear_SP,135.27947085273144,103.89826931146453,12.550385995932437,11.785552676275621,-0.764833319656816
041qo,Zac Gallen,SP,31.0,pooled_linear_SP,135.27947085273144,104.75562838237148,12.550385995932437,11.806448523220086,-0.7439374727123518
04pvu,Stephen Kolek,SP,29.0,future_role_caps,78.51751987745277,67.9172621006532,9.751000827220006,9.327156905070838,-0.42384392214916744
04pvu,Stephen Kolek,SP,29.0,linear_SP,78.51751987745277,60.4703462736437,9.751000827220006,9.029397163893357,-0.7216036633266487
04pvu,Stephen Kolek,SP,29.0,pooled_linear_SP,78.51751987745277,61.26271014748555,9.751000827220006,9.061079281359733,-0.6899215458602725
04ali,Edward Cabrera,SP,28.0,future_role_caps,96.7625736253906,80.96943744633225,8.09318936212999,7.636981923116765,-0.4562074390132258
04ali,Edward Cabrera,SP,28.0,linear_SP,96.7625736253906,70.2622477671396,8.09318936212999,7.32768935910719,-0.765500003022801
04ali,Edward Cabrera,SP,28.0,pooled_linear_SP,96.7625736253906,71.02853426771252,8.09318936212999,7.349824646108661,-0.7433647160213299
03i81,Reynaldo Lopez,SP,32.0,future_role_caps,80.37594553950223,122.27535638163592,8.13353332947654,9.771224846297894,1.637691516821354
03i81,Reynaldo Lopez,SP,32.0,linear_SP,80.37594553950223,96.88021970645005,8.13353332947654,8.778623779467408,0.6450904499908674
03i81,Reynaldo Lopez,SP,32.0,pooled_linear_SP,80.37594553950223,99.38541768477592,8.13353332947654,8.876542613995186,0.7430092845186458
060gd,Quinn Mathews,SP,26.0,future_role_caps,71.33571480822218,104.0153128166816,8.772774915227716,9.960972590294356,1.1881976750666396
060gd,Quinn Mathews,SP,26.0,linear_SP,71.33571480822218,90.06364053245467,8.772774915227716,9.453703664675414,0.6809287494476983
060gd,Quinn Mathews,SP,26.0,pooled_linear_SP,71.33571480822218,89.01590048063116,8.772774915227716,9.415608878646266,0.6428339634185498
0518g,Trevor McDonald,SP,25.0,future_role_caps,64.57335353657797,48.09595874073203,10.092309005436803,9.426029921813535,-0.6662790836232677
0518g,Trevor McDonald,SP,25.0,linear_SP,64.57335353657797,47.91986513298035,10.092309005436803,9.418909409799445,-0.673399595637358
0518g,Trevor McDonald,SP,25.0,pooled_linear_SP,64.57335353657797,47.85148379785966,10.092309005436803,9.416144345669728,-0.6761646597670747
041rf,Shane Bieber,SP,31.0,future_role_caps,63.587182883065886,106.7001796290847,6.981639118185017,8.854982193840412,1.873343075655395
041rf,Shane Bieber,SP,31.0,linear_SP,63.587182883065886,73.10626760949008,6.981639118185017,7.395261756478433,0.4136226382934165
041rf,Shane Bieber,SP,31.0,pooled_linear_SP,63.587182883065886,71.80953866817111,6.981639118185017,7.338916376510242,0.35727725832522506
05tzo,J.R. Ritchie,SP,23.0,future_role_caps,78.26837592373215,83.68401757123365,4.865459033216752,4.877395140037407,0.011936106820654935
05tzo,J.R. Ritchie,SP,23.0,linear_SP,78.26837592373215,87.02908277666123,4.865459033216752,4.8847676839043865,0.0193086506876341
05tzo,J.R. Ritchie,SP,23.0,pooled_linear_SP,78.26837592373215,72.64882074907507,4.865459033216752,4.81987400580822,-0.04558502740853232
05ydp,Kade Anderson,SP,22.0,future_role_caps,66.05276973031829,79.63544781518463,11.445362313007532,12.07082016356903,0.6254578505614976
05ydp,Kade Anderson,SP,22.0,linear_SP,66.05276973031829,76.09228737312803,11.445362313007532,11.907664009794582,0.46230169678704947
05ydp,Kade Anderson,SP,22.0,pooled_linear_SP,66.05276973031829,79.5994606734137,11.445362313007532,12.069163020537344,0.6238007075298118
0658b,Jonah Tong,SP,23.0,future_role_caps,55.46654164713237,83.51423588375748,7.884059422533492,8.791397451408026,0.9073380288745332
0658b,Jonah Tong,SP,23.0,linear_SP,55.46654164713237,81.95462652704873,7.884059422533492,8.740944360056131,0.8568849375226391
0658b,Jonah Tong,SP,23.0,pooled_linear_SP,55.46654164713237,82.78413660169056,7.884059422533492,8.767778866654336,0.8837194441208434
06f14,Ethan Pecko,SP,24.0,future_role_caps,63.751189653470234,49.59531546784138,8.594805687356853,8.113529598369025,-0.48127608898782803
06f14,Ethan Pecko,SP,24.0,linear_SP,63.751189653470234,52.97992040872554,8.594805687356853,8.228600515739238,-0.3662051716176151
06f14,Ethan Pecko,SP,24.0,pooled_linear_SP,63.751189653470234,47.893391255916356,8.594805687356853,8.055667016537058,-0.5391386708197956
01xfr,Patrick Corbin,SP,37.0,future_role_caps,70.81394059944577,49.73476824919163,1.0261049975414673,0.8623877079424592,-0.1637172895990081
01xfr,Patrick Corbin,SP,37.0,linear_SP,70.81394059944577,41.85176128971264,1.0261049975414673,0.801162128880269,-0.22494286866119828
01xfr,Patrick Corbin,SP,37.0,pooled_linear_SP,70.81394059944577,39.97032172305477,1.0261049975414673,0.786549402095773,-0.23955559544569438
05ubl,Gabriel Hughes,SP,25.0,future_role_caps,70.00579157070088,49.71155151723904,9.417488140972878,8.868383040284472,-0.549105100688406
05ubl,Gabriel Hughes,SP,25.0,linear_SP,70.00579157070088,48.54300758758387,9.417488140972878,8.83676552563688,-0.5807226153359988
05ubl,Gabriel Hughes,SP,25.0,pooled_linear_SP,70.00579157070088,44.197697120202236,9.417488140972878,8.719193636498467,-0.6982945044744113
03qpi,Patrick Sandoval,SP,29.0,future_role_caps,69.17851973958562,70.96843225782817,2.346317564757804,2.357526049110595,0.011208484352791093
03qpi,Patrick Sandoval,SP,29.0,linear_SP,69.17851973958562,65.50413052297546,2.346317564757804,2.3229954835547444,-0.023322081203059675
03qpi,Patrick Sandoval,SP,29.0,pooled_linear_SP,69.17851973958562,66.92368375962047,2.346317564757804,2.332005671073107,-0.014311893684697097
04ml0,Yusei Kikuchi,SP,35.0,future_role_caps,125.61266507496157,99.52532491393367,11.125789496965035,10.14474828683414,-0.9810412101308952
04ml0,Yusei Kikuchi,SP,35.0,linear_SP,125.61266507496157,76.71596785432581,11.125789496965035,9.286978996674982,-1.8388105002900534
04ml0,Yusei Kikuchi,SP,35.0,pooled_linear_SP,125.61266507496157,76.04612363833422,11.125789496965035,9.261788817216317,-1.8640006797487185
045kb,Cristian Javier,SP,29.0,future_role_caps,72.35644540359915,52.68972162049979,3.265558096242189,2.9532743030945636,-0.3122837931476252
045kb,Cristian Javier,SP,29.0,linear_SP,72.35644540359915,46.58791368727421,3.265558096242189,2.856384971273906,-0.40917312496828284
045kb,Cristian Javier,SP,29.0,pooled_linear_SP,72.35644540359915,49.01739914681354,3.265558096242189,2.8949622626961777,-0.3705958335460111
06am5,Luinder Avila,SP,25.0,future_role_caps,73.47715313619017,51.0697864763261,0.18346896149987552,0.18346896149987552,0.0
06am5,Luinder Avila,SP,25.0,linear_SP,73.47715313619017,44.897925293713456,0.18346896149987552,0.18346896149987552,0.0
06am5,Luinder Avila,SP,25.0,pooled_linear_SP,73.47715313619017,45.74036601084744,0.18346896149987552,0.18346896149987552,0.0
062pn,David Sandlin,SP,25.0,future_role_caps,64.90431153694192,57.74524191749672,10.690787983764682,10.376749549193345,-0.3140384345713372
062pn,David Sandlin,SP,25.0,linear_SP,64.90431153694192,53.34754879172734,10.690787983764682,10.183841149309847,-0.5069468344548351
062pn,David Sandlin,SP,25.0,pooled_linear_SP,64.90431153694192,52.79447393229233,10.690787983764682,10.159580068989303,-0.5312079147753792
05gww,Cade Horton,SP,25.0,future_role_caps,73.53600917812838,48.11730239027265,21.303060139002447,19.517381756006994,-1.785678382995453
05gww,Cade Horton,SP,25.0,linear_SP,73.53600917812838,37.10840789703939,21.303060139002447,18.744000754317458,-2.559059384684989
05gww,Cade Horton,SP,25.0,pooled_linear_SP,73.53600917812838,37.17708097368765,21.303060139002447,18.748825076399935,-2.554235062602512
05mre,Spencer Strider,SP,27.0,future_role_caps,95.19488355255217,68.60355594824887,18.433625796505396,17.11895888526008,-1.3146669112453147
05mre,Spencer Strider,SP,27.0,linear_SP,95.19488355255217,79.48613186025865,18.433625796505396,17.656990031110777,-0.7766357653946194
05mre,Spencer Strider,SP,27.0,pooled_linear_SP,95.19488355255217,77.40310705615792,18.433625796505396,17.554005936972835,-0.8796198595325606
06657,Mason Adams,SP,26.0,future_role_caps,57.69471605179098,50.752700788284834,6.664339368618716,6.428938334413182,-0.23540103420553393
06657,Mason Adams,SP,26.0,linear_SP,57.69471605179098,59.037361535590044,6.664339368618716,6.709647738211437,0.04530836959272122
06657,Mason Adams,SP,26.0,pooled_linear_SP,57.69471605179098,59.09406368251804,6.664339368618716,6.711561185849489,0.04722181723077323
05xop,Cade Povich,SP,26.0,future_role_caps,84.3168878810292,42.448584810192735,3.363379104836624,2.8665279912714015,-0.4968511135652225
05xop,Cade Povich,SP,26.0,linear_SP,84.3168878810292,42.020173072955465,3.363379104836624,2.8614440295844275,-0.5019350752521965
05xop,Cade Povich,SP,26.0,pooled_linear_SP,84.3168878810292,41.827099596070035,3.363379104836624,2.859152826813965,-0.5042262780226587
0512u,Jack Kochanowicz,SP,25.0,future_role_caps,74.97117191694774,17.370451554050504,0.0,0.0,0.0
0512u,Jack Kochanowicz,SP,25.0,linear_SP,74.97117191694774,14.828859771818625,0.0,0.0,0.0
0512u,Jack Kochanowicz,SP,25.0,pooled_linear_SP,74.97117191694774,14.13627332246353,0.0,0.0,0.0
0514o,Cody Bradford,SP,28.0,future_role_caps,63.62176204964574,58.73371706976609,8.483224412778988,8.30202337524045,-0.18120103753853734
0514o,Cody Bradford,SP,28.0,linear_SP,63.62176204964574,61.765307325834414,8.483224412778988,8.414405176564387,-0.06881923621460118
026l1,Lance McCullers Jr.,SP,33.0,future_role_caps,46.95844599986321,33.361815460018065,0.0,0.0,0.0
026l1,Lance McCullers Jr.,SP,33.0,linear_SP,46.95844599986321,27.384236196916458,0.0,0.0,0.0
026l1,Lance McCullers Jr.,SP,33.0,pooled_linear_SP,46.95844599986321,26.61574641435632,0.0,0.0,0.0
041ma,Cole Ragans,SP,28.0,future_role_caps,95.03843973860691,78.63740608170524,23.766439571929716,22.60424882268164,-1.1621907492480759
041ma,Cole Ragans,SP,28.0,linear_SP,95.03843973860691,90.49726529103984,23.766439571929716,23.44464821145267,-0.3217913604770466
041ma,Cole Ragans,SP,28.0,pooled_linear_SP,95.03843973860691,89.44588477456982,23.766439571929716,23.370146522367545,-0.39629304956217126
04pmp,Simeon Woods-Richardson,SP,26.0,future_role_caps,84.39469623842257,59.36905353909345,5.725946614721252,5.3862431121540055,-0.3397035025672466
04pmp,Simeon Woods-Richardson,SP,26.0,linear_SP,84.39469623842257,54.30462273224802,5.725946614721252,5.317497429804718,-0.4084491849165337
04pmp,Simeon Woods-Richardson,SP,26.0,pooled_linear_SP,84.39469623842257,57.10972363199934,5.725946614721252,5.355574477900893,-0.3703721368203592
06uhk,Cesar Perdomo,SP,24.0,future_role_caps,57.003800967519005,43.13329186790141,5.222228096921208,4.909538223098299,-0.3126898738229089
06uhk,Cesar Perdomo,SP,24.0,linear_SP,57.003800967519005,52.735232154556236,5.222228096921208,5.1259995999032775,-0.09622849701793079
06uhk,Cesar Perdomo,SP,24.0,pooled_linear_SP,57.003800967519005,53.77365810919573,5.222228096921208,5.149409359299896,-0.0728187376213123
03qne,Chris Paddack,SP,30.0,future_role_caps,90.97402744980513,21.203143603968613,3.1119131851617543,2.6639722558127312,-0.4479409293490231
03qne,Chris Paddack,SP,30.0,linear_SP,90.97402744980513,18.28601364201166,3.1119131851617543,2.645243785795379,-0.4666693993663751
03qne,Chris Paddack,SP,30.0,pooled_linear_SP,90.97402744980513,17.58646736175274,3.1119131851617543,2.6407525798133227,-0.4711606053484316
03amq,German Marquez,SP,31.0,future_role_caps,57.46503406665468,19.203965200103298,0.0,0.0,0.0
03amq,German Marquez,SP,31.0,linear_SP,57.46503406665468,18.387064195245536,0.0,0.0,0.0
03amq,German Marquez,SP,31.0,pooled_linear_SP,57.46503406665468,16.366261011933013,0.0,0.0,0.0
05120,Brandon Williamson,SP,28.0,future_role_caps,52.33902162545066,21.722231640164793,1.7677136347683002,1.6453301163262433,-0.12238351844205697
05120,Brandon Williamson,SP,28.0,linear_SP,52.33902162545066,19.31080570330517,1.7677136347683002,1.6356910003131941,-0.1320226344551061
05120,Brandon Williamson,SP,28.0,pooled_linear_SP,52.33902162545066,19.81800227206506,1.7677136347683002,1.6377184009863672,-0.129995233781933
05jpk,Joe Boyle,SP,27.0,future_role_caps,47.38437944235046,36.226710855653735,1.8640181422408362,1.706054733421924,-0.15796340881891213
05jpk,Joe Boyle,SP,27.0,linear_SP,47.38437944235046,36.09121424108764,1.8640181422408362,1.7041364556962533,-0.1598816865445829
05jpk,Joe Boyle,SP,27.0,pooled_linear_SP,47.38437944235046,35.44005755697616,1.8640181422408362,1.6949177798861372,-0.16910036235469894
04aea,Hunter Greene,SP,27.0,future_role_caps,97.63500505173546,91.87474820908037,33.079778647159685,32.56191590262502,-0.5178627445346677
04aea,Hunter Greene,SP,27.0,linear_SP,97.63500505173546,91.43034189906678,33.079778647159685,32.521962567612604,-0.5578160795470808
04aea,Hunter Greene,SP,27.0,pooled_linear_SP,97.63500505173546,92.65649638426757,33.079778647159685,32.63219718809471,-0.4475814590649776
067xm,George Klassen,SP,24.0,future_role_caps,52.21803707224335,54.02547541744593,2.5903148037089534,2.602485965499397,0.012171161790443641
05g4k,Mick Abel,SP,25.0,future_role_caps,52.34456876174313,38.55853845972108,4.612868505795939,4.321287584006051,-0.2915809217898877
05g4k,Mick Abel,SP,25.0,linear_SP,52.34456876174313,42.21827219800234,4.612868505795939,4.3986926464885485,-0.21417585930739058
05g4k,Mick Abel,SP,25.0,pooled_linear_SP,52.34456876174313,41.22860381544334,4.612868505795939,4.377760702126686,-0.2351078036692531
04ydi,Ronel Blanco,SP,33.0,future_role_caps,79.71634331484474,44.68882458146356,7.591554832831145,6.246541938300013,-1.3450128945311315
04ydi,Ronel Blanco,SP,33.0,linear_SP,79.71634331484474,42.553654447793505,7.591554832831145,6.164554076594377,-1.427000756236768
04ydi,Ronel Blanco,SP,33.0,pooled_linear_SP,79.71634331484474,43.23977975705446,7.591554832831145,6.190900430021368,-1.400654402809777
05ajh,Garrett Crochet,SP,27.0,future_role_caps,124.62035890841109,66.04921974013656,59.38290891546941,52.14517422645377,-7.237734689015639
05ajh,Garrett Crochet,SP,27.0,linear_SP,124.62035890841109,69.74125812126894,59.38290891546941,52.60122836404612,-6.781680551423285
05ajh,Garrett Crochet,SP,27.0,pooled_linear_SP,124.62035890841109,71.7849049934868,59.38290891546941,52.85366712974681,-6.529241785722597
04eld,J.P. Sears,SP,30.0,future_role_caps,104.94543650412041,62.69261602386021,12.53805449428787,11.02551749307783,-1.51253700121004
04eld,J.P. Sears,SP,30.0,linear_SP,104.94543650412041,56.505955285195775,12.53805449428787,10.80405172641889,-1.7340027678689793
04eld,J.P. Sears,SP,30.0,pooled_linear_SP,104.94543650412041,56.296145779459835,12.53805449428787,10.796541112049857,-1.741513382238013
03pj4,Cody Ponce,SP,32.0,future_role_caps,33.55741243814884,1.2972912036427995,4.051328621088839,2.9110049714981097,-1.1403236495907292
03pj4,Cody Ponce,SP,32.0,linear_SP,33.55741243814884,0.8226278689975247,4.051328621088839,2.8942266766443803,-1.1571019444444586
03pj4,Cody Ponce,SP,32.0,pooled_linear_SP,33.55741243814884,0.887385542202036,4.051328621088839,2.8965157165928286,-1.1548129044960103
06mc1,Trey Gibson,SP,24.0,future_role_caps,60.09218551964512,70.85553439955751,0.0,0.0,0.0
06mc1,Trey Gibson,SP,24.0,linear_SP,60.09218551964512,67.99450938967718,0.0,0.0,0.0
06mc1,Trey Gibson,SP,24.0,pooled_linear_SP,60.09218551964512,68.18078792813118,0.0,0.0,0.0
025kd,Jose Quintana,SP,37.0,future_role_caps,68.95234252060514,29.850912260886545,1.5084038202944305,1.1180396575977762,-0.3903641626966543
025kd,Jose Quintana,SP,37.0,linear_SP,68.95234252060514,32.37226367171509,1.5084038202944305,1.1432112491690967,-0.3651925711253339
025kd,Jose Quintana,SP,37.0,pooled_linear_SP,68.95234252060514,31.909497164082406,1.5084038202944305,1.1385912785164582,-0.3698125417779723
05xq2,Mitch Bratt,SP,23.0,future_role_caps,60.65298696903029,44.675715678767304,0.005072024999343942,0.005072024999343942,0.0
05xq2,Mitch Bratt,SP,23.0,linear_SP,60.65298696903029,48.36815533099814,0.005072024999343942,0.005072024999343942,0.0
05xq2,Mitch Bratt,SP,23.0,pooled_linear_SP,60.65298696903029,50.776874921263826,0.005072024999343942,0.005072024999343942,0.0
05uy5,AJ Smith-Shawver,SP,23.0,future_role_caps,41.39387633069813,49.02969993943279,6.409395763787586,6.633407132630248,0.22401136884266215
05uy5,AJ Smith-Shawver,SP,23.0,linear_SP,41.39387633069813,48.74609296883973,6.409395763787586,6.625086984215191,0.2156912204276047
05uy5,AJ Smith-Shawver,SP,23.0,pooled_linear_SP,41.39387633069813,48.195546003818166,6.409395763787586,6.60893564474402,0.1995398809564337
06aw2,Samuel Aldegheri,SP,25.0,future_role_caps,36.63262623224853,52.427558059407836,1.159886693690723,1.1911250979967487,0.031238404306025647
06aw2,Samuel Aldegheri,SP,25.0,linear_SP,36.63262623224853,51.68054339870714,1.159886693690723,1.1896476907974742,0.029760997106751175
06aw2,Samuel Aldegheri,SP,25.0,pooled_linear_SP,36.63262623224853,52.440325726423964,1.159886693690723,1.1911503492323134,0.031263655541590385
06rtp,Mike Paredes,SP,26.0,future_role_caps,50.17763607740869,23.263226342831448,1.5924464796271822,1.4694420144838916,-0.12300446514329066
06rtp,Mike Paredes,SP,26.0,linear_SP,50.17763607740869,22.65000479171384,1.5924464796271822,1.4666394641157656,-0.1258070155114166
06rtp,Mike Paredes,SP,26.0,pooled_linear_SP,50.17763607740869,24.429060106371992,1.5924464796271822,1.4747701179030086,-0.11767636172417362
06nuj,Jackson Kent,SP,23.0,future_role_caps,56.04896485586958,54.4725276319913,0.0,0.0,0.0
06nuj,Jackson Kent,SP,23.0,linear_SP,56.04896485586958,50.20686834602914,0.0,0.0,0.0
06nuj,Jackson Kent,SP,23.0,pooled_linear_SP,56.04896485586958,51.00136122708629,0.0,0.0,0.0
01shb,Robert Stock,SP,36.0,future_role_caps,35.06010871397269,5.025620803077514,0.05813236411913578,0.05813236411913578,0.0
01shb,Robert Stock,SP,36.0,linear_SP,35.06010871397269,4.880076726599506,0.05813236411913578,0.05813236411913578,0.0
01shb,Robert Stock,SP,36.0,pooled_linear_SP,35.06010871397269,4.069631041537587,0.05813236411913578,0.05813236411913578,0.0
02hqe,Kent Emanuel,SP,34.0,future_role_caps,31.435577266115974,2.572032436329441,1.751986968367821,1.1126816345331527,-0.6393053338346684
02hqe,Kent Emanuel,SP,34.0,linear_SP,31.435577266115974,2.79155591606896,1.751986968367821,1.117543910886492,-0.6344430574813291
02hqe,Kent Emanuel,SP,34.0,pooled_linear_SP,31.435577266115974,2.8343551405297602,1.751986968367821,1.1184918808133715,-0.6334950875544496
05y7v,Carson Whisenhunt,SP,25.0,future_role_caps,44.6288528375054,34.45197684240867,0.21480391011092392,0.21480391011092392,0.0
05y7v,Carson Whisenhunt,SP,25.0,linear_SP,44.6288528375054,32.063416874706604,0.21480391011092392,0.21480391011092392,0.0
05y7v,Carson Whisenhunt,SP,25.0,pooled_linear_SP,44.6288528375054,31.674080853072084,0.21480391011092392,0.21480391011092392,0.0
05xoo,Elmer Rodriguez,SP,23.0,linear_SP,50.243893495797366,58.40858042442364,1.051568224980501,1.051568224980501,0.0
05xoo,Elmer Rodriguez,SP,23.0,pooled_linear_SP,50.243893495797366,60.151228029572245,1.051568224980501,1.051568224980501,0.0
066m0,Kohl Drake,SP,26.0,linear_SP,42.669303671665055,37.49002731118511,4.888252221684066,4.751289647303537,-0.1369625743805294
066m0,Kohl Drake,SP,26.0,pooled_linear_SP,42.669303671665055,37.06963589645499,4.888252221684066,4.740172671417051,-0.14807955026701514
05xze,Jason Alexander,SP,33.0,future_role_caps,44.80266903779363,5.076909173913515,1.0824764882075857,0.7854646981561707,-0.297011790051415
05xze,Jason Alexander,SP,33.0,linear_SP,44.80266903779363,5.199670960782165,1.0824764882075857,0.7863825332886566,-0.2960939549189291
05xze,Jason Alexander,SP,33.0,pooled_linear_SP,44.80266903779363,4.691218044170424,1.0824764882075857,0.7825810575853052,-0.2998954306222805
05y40,Eduardo Rivera,SP,23.0,future_role_caps,51.22262407072533,23.050613849437884,3.6738760288641776,3.2480780281318595,-0.4257980007323181
05y40,Eduardo Rivera,SP,23.0,linear_SP,51.22262407072533,22.70126103150583,3.6738760288641776,3.2427978322829567,-0.43107819658122093
05y40,Eduardo Rivera,SP,23.0,pooled_linear_SP,51.22262407072533,23.675198287482807,3.6738760288641776,3.2575181356328526,-0.416357893231325
0569p,Coleman Crow,SP,25.0,future_role_caps,51.94487544699679,41.227806901905986,2.615737819046451,2.4882148887663873,-0.12752293028006356
0569p,Coleman Crow,SP,25.0,linear_SP,51.94487544699679,39.84665040875822,2.615737819046451,2.4717804391367615,-0.14395737990968938
0569p,Coleman Crow,SP,25.0,pooled_linear_SP,51.94487544699679,39.044499165453594,2.615737819046451,2.4622356016988354,-0.1535022173476155
03djk,Tanner Houck,SP,30.0,future_role_caps,76.23430777352772,17.264092343583275,7.790980789669921,6.031759562081629,-1.7592212275882915
03djk,Tanner Houck,SP,30.0,linear_SP,76.23430777352772,10.617428828002934,7.790980789669921,5.833473843367638,-1.9575069463022832
03djk,Tanner Houck,SP,30.0,pooled_linear_SP,76.23430777352772,10.985943583407524,7.790980789669921,5.844467511538265,-1.9465132781316559
025dq,Taijuan Walker,SP,34.0,future_role_caps,61.675033414757806,20.936226551424298,0.012456001669204578,0.012456001669204578,0.0
025dq,Taijuan Walker,SP,34.0,linear_SP,61.675033414757806,21.305937784748473,0.012456001669204578,0.012456001669204578,0.0
025dq,Taijuan Walker,SP,34.0,pooled_linear_SP,61.675033414757806,19.212580715999742,0.012456001669204578,0.012456001669204578,0.0
02i37,Lucas Giolito,SP,32.0,future_role_caps,93.11553535623041,61.77468181551591,4.04979426723739,3.819257796295756,-0.230536470941634
02i37,Lucas Giolito,SP,32.0,linear_SP,93.11553535623041,47.34865631877177,4.04979426723739,3.713143104702783,-0.3366511625346069
02i37,Lucas Giolito,SP,32.0,pooled_linear_SP,93.11553535623041,47.644703400962044,4.04979426723739,3.7153207623556614,-0.33447350488172845
06gip,Andrew Sears,SP,24.0,future_role_caps,47.24489068441065,30.489523535160913,3.8775090853527923,3.640274195544486,-0.2372348898083061
06gip,Andrew Sears,SP,24.0,linear_SP,47.24489068441065,27.459534436921217,3.8775090853527923,3.5973733672046273,-0.28013571814816496
06gip,Andrew Sears,SP,24.0,pooled_linear_SP,47.24489068441065,27.952047023833952,3.8775090853527923,3.6043467249499206,-0.2731623604028717
05uce,Brendan Beck,SP,28.0,future_role_caps,34.44103539530268,28.729782811324476,0.39563682681893947,0.39563682681893947,0.0
05uce,Brendan Beck,SP,28.0,linear_SP,34.44103539530268,27.924707141953892,0.39563682681893947,0.39563682681893947,0.0
05uce,Brendan Beck,SP,28.0,pooled_linear_SP,34.44103539530268,27.439583095616896,0.39563682681893947,0.39563682681893947,0.0
05ybw,Carson Palmquist,SP,25.0,future_role_caps,41.46091398662924,16.79412733735718,0.0,0.0,0.0
05ybw,Carson Palmquist,SP,25.0,linear_SP,41.46091398662924,15.554334359468632,0.0,0.0,0.0
05ybw,Carson Palmquist,SP,25.0,pooled_linear_SP,41.46091398662924,15.612223205510183,0.0,0.0,0.0
041rd,Corbin Burnes,SP,31.0,future_role_caps,109.6273032532134,59.761807629178264,25.138059201357642,21.698058563291752,-3.4400006380658894
041rd,Corbin Burnes,SP,31.0,linear_SP,109.6273032532134,58.14326931439174,25.138059201357642,21.586402742650193,-3.5516564587074484
041rd,Corbin Burnes,SP,31.0,pooled_linear_SP,109.6273032532134,57.38798382974799,25.138059201357642,21.53429892784635,-3.6037602735112912
000dp,Justin Verlander,SP,43.0,future_role_caps,79.58187326926212,31.840192617094367,3.9918638929181576,2.1932578966276552,-1.7986059962905023
000dp,Justin Verlander,SP,43.0,linear_SP,79.58187326926212,16.795125377759007,3.9918638929181576,1.626454470740433,-2.3654094221777244
000dp,Justin Verlander,SP,43.0,pooled_linear_SP,79.58187326926212,15.15601724775724,3.9918638929181576,1.5647031944778986,-2.427160698440259
05r1d,Jordan Wicks,SP,27.0,future_role_caps,37.21129606365159,17.684095556923715,3.2335396499886926,2.8440106182758056,-0.389529031712887
05r1d,Jordan Wicks,SP,27.0,linear_SP,37.21129606365159,23.323419255154853,3.2335396499886926,2.9565039733233287,-0.2770356766653639
05r1d,Jordan Wicks,SP,27.0,pooled_linear_SP,37.21129606365159,18.024533198284068,3.2335396499886926,2.850801675946977,-0.3827379740417154
02mwq,Zach Eflin,SP,32.0,future_role_caps,95.8955031736711,15.437754302616826,16.21745090999463,11.042480757085922,-5.174970152908706
02mwq,Zach Eflin,SP,32.0,linear_SP,95.8955031736711,14.150794632083016,16.21745090999463,10.959704666821661,-5.257746243172967
02mwq,Zach Eflin,SP,32.0,pooled_linear_SP,95.8955031736711,13.734892499083267,16.21745090999463,10.932954215124907,-5.284496694869722
0603p,Hurston Waldrep,SP,24.0,future_role_caps,47.931162753565424,20.473894997465216,3.3962491556241727,2.940820260553515,-0.45542889507065754
0603p,Hurston Waldrep,SP,24.0,linear_SP,47.931162753565424,30.86121720326563,3.3962491556241727,3.1131129561324333,-0.2831361994917394
0603p,Hurston Waldrep,SP,24.0,pooled_linear_SP,47.931162753565424,28.733533294482065,3.3962491556241727,3.077821435495911,-0.3184277201282617
06dqb,Shane Smith,SP,26.0,future_role_caps,80.99324376386824,13.041936128489967,11.424165439970604,8.601609889848492,-2.8225555501221127
06dqb,Shane Smith,SP,26.0,linear_SP,80.99324376386824,13.326856489394633,11.424165439970604,8.613444887201737,-2.810720552768867
06dqb,Shane Smith,SP,26.0,pooled_linear_SP,80.99324376386824,13.025801073466134,11.424165439970604,8.600939673325898,-2.823225766644706
051cl,Joey Estes,SP,24.0,future_role_caps,57.62469368009817,22.543900519316082,5.050538960979288,4.307558989715588,-0.7429799712636997
051cl,Joey Estes,SP,24.0,linear_SP,57.62469368009817,24.921161011771172,5.050538960979288,4.357907250778998,-0.6926317102002892
051cl,Joey Estes,SP,24.0,pooled_linear_SP,57.62469368009817,24.11006796816192,5.050538960979288,4.340729022126327,-0.7098099388529606
0516h,DJ Herz,SP,25.0,future_role_caps,57.65320580359103,45.17062405395248,8.210319714687312,7.735171753599522,-0.47514796108779045
0516h,DJ Herz,SP,25.0,linear_SP,57.65320580359103,43.08389284226675,8.210319714687312,7.655740582992574,-0.5545791316947382
0516h,DJ Herz,SP,25.0,pooled_linear_SP,57.65320580359103,42.7256551960906,8.210319714687312,7.642104310418559,-0.568215404268753
031ce,Thomas Pannone,SP,32.0,future_role_caps,33.93446201610556,3.880913266889792,1.9375692236014552,1.5537570522113697,-0.3838121713900855
031ce,Thomas Pannone,SP,32.0,linear_SP,33.93446201610556,4.132402812353464,1.9375692236014552,1.5569688109734305,-0.3806004126280247
031ce,Thomas Pannone,SP,32.0,pooled_linear_SP,33.93446201610556,4.205005399521305,1.9375692236014552,1.557896014508093,-0.37967320909336233
041e3,Braxton Garrett,SP,29.0,future_role_caps,60.304090581207795,42.10242763713724,6.3082095280831725,5.684416728647911,-0.6237927994352619
041e3,Braxton Garrett,SP,29.0,linear_SP,60.304090581207795,40.444381476738876,6.3082095280831725,5.627593499959089,-0.6806160281240832
041e3,Braxton Garrett,SP,29.0,pooled_linear_SP,60.304090581207795,42.76643169754451,6.3082095280831725,5.707172943448205,-0.6010365846349677
05ynx,River Ryan,SP,28.0,future_role_caps,35.371837873527724,18.90023169027917,3.183014342471514,2.6745497229711983,-0.5084646195003155
05ynx,River Ryan,SP,28.0,linear_SP,35.371837873527724,23.49244842366472,3.183014342471514,2.816307588477873,-0.3667067539936406
05ynx,River Ryan,SP,28.0,pooled_linear_SP,35.371837873527724,24.694391523166736,3.183014342471514,2.8534105603404996,-0.32960378213101427
061mh,Robby Snelling,SP,22.0,future_role_caps,35.98338963963964,15.33194767865526,3.0949889553682977,2.8140545261155143,-0.28093442925278334
061mh,Robby Snelling,SP,22.0,linear_SP,35.98338963963964,19.256031699856408,3.0949889553682977,2.867436285457978,-0.22755266991031986
061mh,Robby Snelling,SP,22.0,pooled_linear_SP,35.98338963963964,19.982161194709974,3.0949889553682977,2.8773142772992104,-0.21767467806908725
026mq,Tyler Anderson,SP,36.0,future_role_caps,83.97525473497264,23.941606094548405,1.3793848435557028,1.1100067102077773,-0.2693781333479255
026mq,Tyler Anderson,SP,36.0,linear_SP,83.97525473497264,14.494529190223643,1.3793848435557028,1.0676165506936723,-0.31176829286203045
026mq,Tyler Anderson,SP,36.0,pooled_linear_SP,83.97525473497264,15.264059412704423,1.3793848435557028,1.07106952447723,-0.30831531907847287
05xpo,Ryan Bergert,SP,26.0,future_role_caps,89.44917217331934,60.55322545588402,12.613553481238133,11.412703086675927,-1.200850394562206
05xpo,Ryan Bergert,SP,26.0,linear_SP,89.44917217331934,50.20384635610497,12.613553481238133,10.982606225791814,-1.6309472554463191
05xpo,Ryan Bergert,SP,26.0,pooled_linear_SP,89.44917217331934,52.21899361868999,12.613553481238133,11.066351202519504,-1.547202278718629
02mwk,Jose Berrios,SP,32.0,future_role_caps,153.52373927395132,89.16193853681983,18.720070080662847,15.64302771620052,-3.0770423644623275
02mwk,Jose Berrios,SP,32.0,linear_SP,153.52373927395132,60.77033291380798,18.720070080662847,14.285667103281659,-4.434402977381188
02mwk,Jose Berrios,SP,32.0,pooled_linear_SP,153.52373927395132,61.09693141914972,18.720070080662847,14.301281294084227,-4.41878878657862
06dqi,Jake Bloss,SP,25.0,future_role_caps,47.13940238802352,10.383212989743608,3.504634326827069,2.868484101615119,-0.6361502252119502
06dqi,Jake Bloss,SP,25.0,linear_SP,47.13940238802352,11.783195191284106,3.504634326827069,2.892714007037371,-0.6119203197896983
06dqi,Jake Bloss,SP,25.0,pooled_linear_SP,47.13940238802352,12.167304225638928,3.504634326827069,2.899361895534817,-0.6052724312922524
05rg5,McCade Brown,SP,26.0,future_role_caps,45.416254551815165,7.801475661625536,0.0,0.0,0.0
05rg5,McCade Brown,SP,26.0,linear_SP,45.416254551815165,6.573443543647743,0.0,0.0,0.0
05rg5,McCade Brown,SP,26.0,pooled_linear_SP,45.416254551815165,6.565832583350735,0.0,0.0,0.0
03zu0,Yonny Chirinos,SP,32.0,future_role_caps,40.35839892977626,0.997213171971808,0.0178422254128243,0.0178422254128243,0.0
03zu0,Yonny Chirinos,SP,32.0,linear_SP,40.35839892977626,0.7517632493434283,0.0178422254128243,0.0178422254128243,0.0
03zu0,Yonny Chirinos,SP,32.0,pooled_linear_SP,40.35839892977626,0.7677924402800775,0.0178422254128243,0.0178422254128243,0.0
04ep8,Kutter Crawford,SP,30.0,future_role_caps,150.71448617648494,38.08326415911359,35.41633415181047,27.498120317491175,-7.9182138343192925
04ep8,Kutter Crawford,SP,30.0,linear_SP,150.71448617648494,41.38179968621621,35.41633415181047,27.73001436228516,-7.686319789525307
04ep8,Kutter Crawford,SP,30.0,pooled_linear_SP,150.71448617648494,41.02318106396769,35.41633415181047,27.7048027123974,-7.7115314394130685
0484h,Nabil Crismatt,SP,31.0,future_role_caps,55.51431644038176,4.050292136710682,5.475972394545402,4.081601091813087,-1.3943713027323152
0484h,Nabil Crismatt,SP,31.0,linear_SP,55.51431644038176,2.546495833511284,5.475972394545402,4.040857087847066,-1.4351153066983358
0484h,Nabil Crismatt,SP,31.0,pooled_linear_SP,55.51431644038176,2.859722656337864,5.475972394545402,4.04934368598829,-1.4266287085571125
063e5,Caden Dana,SP,22.0,future_role_caps,40.625375875875875,27.614524778021188,2.5681954954971773,2.4728558355562362,-0.09533965994094107
063e5,Caden Dana,SP,22.0,linear_SP,40.625375875875875,28.033499529059995,2.5681954954971773,2.4759259583320214,-0.09226953716515585
063e5,Caden Dana,SP,22.0,pooled_linear_SP,40.625375875875875,27.628473230659463,2.5681954954971773,2.4729580456823252,-0.09523744981485205
04pv6,Davis Daniel,SP,29.0,future_role_caps,39.98725524731108,19.18540364809875,0.9585180697681087,0.7783244454807964,-0.18019362428731234
04pv6,Davis Daniel,SP,29.0,linear_SP,39.98725524731108,23.758459792965557,0.9585180697681087,0.8179380133828058,-0.1405800563853029
04pv6,Davis Daniel,SP,29.0,pooled_linear_SP,39.98725524731108,24.733863244323313,0.9585180697681087,0.826387332531355,-0.13213073723675373
01c5l,Yu Darvish,SP,40.0,future_role_caps,102.47657315668931,8.48443122726389,16.58374043110015,10.638196123882128,-5.945544307218022
01c5l,Yu Darvish,SP,40.0,linear_SP,102.47657315668931,5.308889264072037,16.58374043110015,10.43732480576956,-6.14641562533059
01c5l,Yu Darvish,SP,40.0,pooled_linear_SP,102.47657315668931,5.3953230528355425,16.58374043110015,10.44279224070811,-6.14094819039204
06hv8,Logan Evans,SP,25.0,future_role_caps,80.03416942655883,22.824898336327255,10.066119381884498,8.588143139898566,-1.4779762419859317
06hv8,Logan Evans,SP,25.0,linear_SP,80.03416942655883,17.604219408150595,10.066119381884498,8.45326920642873,-1.6128501754557671
06hv8,Logan Evans,SP,25.0,pooled_linear_SP,80.03416942655883,19.046042749307738,10.066119381884498,8.490518075410296,-1.5756013064742014
05yav,David Festa,SP,26.0,future_role_caps,70.82904179947055,27.229914785644883,11.035315703636366,9.340003543677215,-1.6953121599591512
05yav,David Festa,SP,26.0,linear_SP,70.82904179947055,19.538071881303075,11.035315703636366,9.040913270514384,-1.9944024331219818
05yav,David Festa,SP,26.0,pooled_linear_SP,70.82904179947055,20.09492484054237,11.035315703636366,9.062565988304083,-1.9727497153322826
05rav,Richard Fitts,SP,26.0,future_role_caps,55.305826826948866,20.259937783381197,5.8572877654702875,4.750251164636722,-1.107036600833566
05rav,Richard Fitts,SP,26.0,linear_SP,55.305826826948866,20.542760986270732,5.8572877654702875,4.7591850409260195,-1.098102724544268
05rav,Richard Fitts,SP,26.0,pooled_linear_SP,55.305826826948866,20.522659236136164,5.8572877654702875,4.758550062794573,-1.0987377026757148
0421k,Bowden Francis,SP,30.0,future_role_caps,62.779822974993905,2.8106408624390737,0.32014858116061007,0.32014858116061007,0.0
0421k,Bowden Francis,SP,30.0,linear_SP,62.779822974993905,2.495984517772171,0.32014858116061007,0.32014858116061007,0.0
0421k,Bowden Francis,SP,30.0,pooled_linear_SP,62.779822974993905,2.4043945815460295,0.32014858116061007,0.32014858116061007,0.0
0516q,Connor Gillispie,SP,28.0,future_role_caps,41.03262111689171,8.907563860015266,0.09716970600986669,0.09716970600986669,0.0
0516q,Connor Gillispie,SP,28.0,linear_SP,41.03262111689171,8.836676745070081,0.09716970600986669,0.09716970600986669,0.0
0516q,Connor Gillispie,SP,28.0,pooled_linear_SP,41.03262111689171,8.718691647866919,0.09716970600986669,0.09716970600986669,0.0
03dbe,Austin Gomber,SP,32.0,future_role_caps,79.73747528015821,7.626409798757534,0.4491007510706415,0.4491007510706415,0.0
03dbe,Austin Gomber,SP,32.0,linear_SP,79.73747528015821,9.05266045203218,0.4491007510706415,0.4491007510706415,0.0
03dbe,Austin Gomber,SP,32.0,pooled_linear_SP,79.73747528015821,9.071876544243691,0.4491007510706415,0.4491007510706415,0.0
0424v,Blair Henley,SP,29.0,future_role_caps,28.24432244675684,1.1448807193555592,0.006282083929636196,0.006282083929636196,0.0
0424v,Blair Henley,SP,29.0,linear_SP,28.24432244675684,0.935971923761618,0.006282083929636196,0.006282083929636196,0.0
0424v,Blair Henley,SP,29.0,pooled_linear_SP,28.24432244675684,0.8666942041029682,0.006282083929636196,0.006282083929636196,0.0
04pmd,Gunnar Hoglund,SP,26.0,future_role_caps,49.078855725348646,2.3569688476902186,2.9963644018428726,2.4213624366040256,-0.575001965238847
04pmd,Gunnar Hoglund,SP,26.0,linear_SP,49.078855725348646,1.852304179331393,2.9963644018428726,2.4151515749397094,-0.5812128269031631
04pmd,Gunnar Hoglund,SP,26.0,pooled_linear_SP,49.078855725348646,1.8905938956480948,2.9963644018428726,2.415622802957281,-0.5807415988855915
041md,Dakota Hudson,SP,32.0,future_role_caps,63.73774968655886,0.985309923618523,0.0,0.0,0.0
041md,Dakota Hudson,SP,32.0,linear_SP,63.73774968655886,0.7433494728728663,0.0,0.0,0.0
041md,Dakota Hudson,SP,32.0,pooled_linear_SP,63.73774968655886,0.7394004651973305,0.0,0.0,0.0
0311w,Ben Lively,SP,34.0,future_role_caps,74.00380570064837,28.87564800471342,6.588830301013609,4.977727532278239,-1.6111027687353703
0311w,Ben Lively,SP,34.0,linear_SP,74.00380570064837,28.894195175495444,6.588830301013609,4.978389677593376,-1.6104406234202333
0311w,Ben Lively,SP,34.0,pooled_linear_SP,74.00380570064837,29.14154259047454,6.588830301013609,4.987220131249327,-1.6016101697642826
043f9,Pablo Lopez,SP,30.0,future_role_caps,140.09677701493405,58.23236122075579,43.64965196201246,36.23794940864568,-7.41170255336678
043f9,Pablo Lopez,SP,30.0,linear_SP,140.09677701493405,48.68100144556843,43.64965196201246,35.37320448929191,-8.276447472720555
043f9,Pablo Lopez,SP,30.0,pooled_linear_SP,140.09677701493405,49.53919258120233,43.64965196201246,35.450901952463774,-8.19875000954869
051am,Easton Lucas,SP,30.0,future_role_caps,42.19910965812262,1.8833542418814122,1.5524358490358408,1.2611686358287577,-0.29126721320708304
051am,Easton Lucas,SP,30.0,linear_SP,42.19910965812262,1.8676199139346572,1.5524358490358408,1.2610549608199324,-0.29138088821590835
051am,Easton Lucas,SP,30.0,pooled_linear_SP,42.19910965812262,1.8186886052058628,1.5524358490358408,1.2607014492514437,-0.2917343997843971
0512c,Alec Marsh,SP,28.0,future_role_caps,111.8977953789788,15.926871743772178,18.582820280015046,14.191609741424621,-4.391210538590425
0512c,Alec Marsh,SP,28.0,linear_SP,111.8977953789788,14.126557093218189,18.582820280015046,14.109235201649,-4.473585078366046
0512c,Alec Marsh,SP,28.0,pooled_linear_SP,111.8977953789788,14.548788423068665,18.582820280015046,14.128554664202158,-4.454265615812888
060gg,Adam Mazur,SP,25.0,future_role_caps,45.869286036906914,1.2019242165747546,0.10618633715475759,0.10618633715475759,0.0
060gg,Adam Mazur,SP,25.0,linear_SP,45.869286036906914,1.0833152812606037,0.10618633715475759,0.10618633715475759,0.0
060gg,Adam Mazur,SP,25.0,pooled_linear_SP,45.869286036906914,1.1407369009646862,0.10618633715475759,0.10618633715475759,0.0
04ywk,Tylor Megill,SP,31.0,future_role_caps,82.49573533166756,40.49100879159593,9.818599448590993,8.461378531679939,-1.3572209169110536
04ywk,Tylor Megill,SP,31.0,linear_SP,82.49573533166756,35.50047239121775,9.818599448590993,8.300128573708239,-1.5184708748827536
04ywk,Tylor Megill,SP,31.0,pooled_linear_SP,82.49573533166756,36.60451539319402,9.818599448590993,8.335801470043418,-1.4827979785475751
02yg3,Frankie Montas,SP,33.0,future_role_caps,66.24625916721764,6.3566898099020435,1.6646128285429929,1.2121448098047072,-0.4524680187382857
02yg3,Frankie Montas,SP,33.0,linear_SP,66.24625916721764,4.129191208030936,1.6646128285429929,1.1953159714953563,-0.4692968570476366
02yg3,Frankie Montas,SP,33.0,pooled_linear_SP,66.24625916721764,4.12165982205495,1.6646128285429929,1.1952590715822746,-0.46935375696071824
005jn,Charlie Morton,SP,42.0,future_role_caps,87.49697958197414,26.641966596385686,0.9267113000391074,0.4389254827882873,-0.4877858172508201
005jn,Charlie Morton,SP,42.0,linear_SP,87.49697958197414,13.819575352556273,0.9267113000391074,0.33614708730158643,-0.590564212737521
005jn,Charlie Morton,SP,42.0,pooled_linear_SP,87.49697958197414,13.56136648520138,0.9267113000391074,0.33407740368466016,-0.5926338963544473
02bqy,Joe Musgrove,SP,33.0,future_role_caps,97.52649501860522,41.067977740125826,23.98568299139655,19.162596527960442,-4.823086463436109
02bqy,Joe Musgrove,SP,33.0,linear_SP,97.52649501860522,34.253066684784336,23.98568299139655,18.580418552963085,-5.405264438433466
02bqy,Joe Musgrove,SP,33.0,pooled_linear_SP,97.52649501860522,35.03097092381162,23.98568299139655,18.64687264325731,-5.338810348139241
0422w,Adam Oller,SP,31.0,future_role_caps,50.58917462736827,0.7431508211733966,0.26106018655305374,0.26106018655305374,0.0
0422w,Adam Oller,SP,31.0,linear_SP,50.58917462736827,0.47945962707678286,0.26106018655305374,0.26106018655305374,0.0
0422w,Adam Oller,SP,31.0,pooled_linear_SP,50.58917462736827,0.504610630145094,0.26106018655305374,0.26106018655305374,0.0
04px8,Reese Olson,SP,27.0,future_role_caps,94.06228935913984,48.85087801927947,22.581853343188698,19.778175524821492,-2.8036778183672055
04px8,Reese Olson,SP,27.0,linear_SP,94.06228935913984,44.01385688853493,22.581853343188698,19.478219198545837,-3.103634144642861
04px8,Reese Olson,SP,27.0,pooled_linear_SP,94.06228935913984,45.268747739438396,22.581853343188698,19.556038261010013,-3.025815082178685
0512m,Ryan Pepiot,SP,29.0,future_role_caps,142.16743795776148,46.65601016192344,30.39011280564749,24.49701916788591,-5.893093637761581
0512m,Ryan Pepiot,SP,29.0,linear_SP,142.16743795776148,56.18156581164152,30.39011280564749,25.084749795423903,-5.305363010223587
0512m,Ryan Pepiot,SP,29.0,pooled_linear_SP,142.16743795776148,55.58627805542141,30.39011280564749,25.048020300642218,-5.342092505005272
050vn,Quinn Priester,SP,26.0,future_role_caps,102.70918371493825,56.92572518757608,13.530832395742342,11.73850308948878,-1.7923293062535617
050vn,Quinn Priester,SP,26.0,linear_SP,102.70918371493825,66.44655989168695,13.530832395742342,12.111224408695701,-1.419607987046641
050vn,Quinn Priester,SP,26.0,pooled_linear_SP,102.70918371493825,66.30529265159828,13.530832395742342,12.105694083495978,-1.4251383122463643
0440n,Sixto Sanchez,SP,28.0,future_role_caps,45.81152076504375,1.1922379814369806,0.0,0.0,0.0
0440n,Sixto Sanchez,SP,28.0,linear_SP,45.81152076504375,0.866306303834914,0.0,0.0,0.0
0440n,Sixto Sanchez,SP,28.0,pooled_linear_SP,45.81152076504375,0.8388341063485466,0.0,0.0,0.0
05tq1,Spencer Schwellenbach,SP,26.0,future_role_caps,115.13953720330453,71.91553141125958,53.59598649900821,48.641827557226144,-4.954158941782069
05tq1,Spencer Schwellenbach,SP,26.0,linear_SP,115.13953720330453,59.515236213702856,53.59598649900821,47.22055638607941,-6.375430112928804
05tq1,Spencer Schwellenbach,SP,26.0,pooled_linear_SP,115.13953720330453,61.53344336867287,53.59598649900821,47.45187504430991,-6.144111454698304
051g5,Chase Solesky,SP,29.0,future_role_caps,36.57767412718856,18.972891894585533,2.6173243937853212,2.180540052216753,-0.4367843415685684
051g5,Chase Solesky,SP,29.0,linear_SP,36.57767412718856,27.884800083940053,2.6173243937853212,2.401649401890951,-0.21567499189437012
051g5,Chase Solesky,SP,29.0,pooled_linear_SP,36.57767412718856,23.069971225570892,2.6173243937853212,2.2821908465460634,-0.3351335472392578
03deg,Justin Steele,SP,31.0,future_role_caps,103.701058128753,50.86551622618323,27.77551020900172,23.58576728128302,-4.189742927718701
03deg,Justin Steele,SP,31.0,linear_SP,103.701058128753,49.514696649486226,27.77551020900172,23.478650242935487,-4.296859966066233
03deg,Justin Steele,SP,31.0,pooled_linear_SP,103.701058128753,51.96712594453314,27.77551020900172,23.673122522856463,-4.102387686145256
05mrx,Gavin Stone,SP,27.0,future_role_caps,98.86717055921834,13.760500456090616,15.261851641969207,11.873817023279747,-3.38803461868946
05mrx,Gavin Stone,SP,27.0,linear_SP,98.86717055921834,14.825566613728379,15.261851641969207,11.916216532141965,-3.345635109827242
05mrx,Gavin Stone,SP,27.0,pooled_linear_SP,98.86717055921834,14.570030799703039,15.261851641969207,11.906043837296968,-3.3558078046722386
02hg4,Marcus Stroman,SP,35.0,future_role_caps,58.011267866774546,6.788294376749727,0.29239019090199253,0.20896414314125958,-0.08342604776073295
02hg4,Marcus Stroman,SP,35.0,linear_SP,58.011267866774546,5.7463787444585055,0.29239019090199253,0.20726719160994908,-0.08512299929204345
02hg4,Marcus Stroman,SP,35.0,pooled_linear_SP,58.011267866774546,5.271248341236604,0.29239019090199253,0.206493354227793,-0.08589683667419953
05yb1,Drew Thorpe,SP,26.0,future_role_caps,55.67153783770892,8.023221381547925,3.6681667186147835,2.9781753925703827,-0.6899913260444008
05yb1,Drew Thorpe,SP,26.0,linear_SP,55.67153783770892,8.080876843975577,3.6681667186147835,2.9790102965488,-0.6891564220659836
05yb1,Drew Thorpe,SP,26.0,pooled_linear_SP,55.67153783770892,7.97564046415834,3.6681667186147835,2.9774863772446407,-0.6906803413701428
05rk4,Brandon Walter,SP,30.0,future_role_caps,76.05774818531742,9.367719089587409,30.623384065955108,23.01376666716574,-7.609617398789368
05rk4,Brandon Walter,SP,30.0,linear_SP,76.05774818531742,9.709096036235389,30.623384065955108,23.052719236057694,-7.570664829897414
05rk4,Brandon Walter,SP,30.0,pooled_linear_SP,76.05774818531742,9.578193561565342,30.623384065955108,23.0377827041308,-7.585601361824306
05ucd,Mason Miller,RP,28.0,future_role_caps,54.27416531746378,57.459033162693686,37.72417221706016,38.06580972965131,0.3416375125911557
05ucd,Mason Miller,RP,28.0,linear_SP,54.27416531746378,57.46784901229784,37.72417221706016,38.0667553968113,0.34258317975114494
05ucd,Mason Miller,RP,28.0,pooled_linear_SP,54.27416531746378,57.462877439867746,37.72417221706016,38.066222101327405,0.34204988426724725
05jpd,Ian Seymour,RP,27.0,future_role_caps,70.56076326774001,135.2610652717691,25.1779618772362,31.537929651227156,6.359967773990956
05jpd,Ian Seymour,RP,27.0,linear_SP,70.56076326774001,133.4830679218411,25.1779618772362,31.36252923674024,6.18456735950404
05jpd,Ian Seymour,RP,27.0,pooled_linear_SP,70.56076326774001,129.2523462265603,25.1779618772362,30.945758272221127,5.767796394984927
04eor,Cade Smith,RP,27.0,future_role_caps,61.02604008066736,63.677127512215655,39.23292976251089,39.47644123296283,0.243511470451935
04eor,Cade Smith,RP,27.0,linear_SP,61.02604008066736,63.69274624187866,39.23292976251089,39.47787586683479,0.24494610432390118
04eor,Cade Smith,RP,27.0,pooled_linear_SP,61.02604008066736,63.68310823864052,39.23292976251089,39.476990583191245,0.24406082068035317
043ia,Adrian Morejon,RP,27.0,future_role_caps,65.0728012948292,54.980219527879235,22.026950653983892,21.01341543507221,-1.0135352189116809
043ia,Adrian Morejon,RP,27.0,linear_SP,65.0728012948292,55.01220404047419,22.026950653983892,21.016627440753542,-1.0103232132303503
043ia,Adrian Morejon,RP,27.0,pooled_linear_SP,65.0728012948292,55.00750797618731,22.026950653983892,21.016155844223043,-1.0107948097608492
051bm,Louis Varland,RP,28.0,future_role_caps,57.77368398022141,61.06098073479573,18.506782670909224,18.617858566421813,0.11107589551258812
051bm,Louis Varland,RP,28.0,linear_SP,57.77368398022141,61.177922415269016,18.506782670909224,18.621809959572808,0.11502728866358325
051bm,Louis Varland,RP,28.0,pooled_linear_SP,57.77368398022141,61.564488375611525,18.506782670909224,18.63487180443363,0.12808913352440499
05y2k,Mason Montgomery,RP,26.0,future_role_caps,50.58727458762651,52.34097898297686,16.140753814593708,16.19535093783004,0.0545971232363307
05y2k,Mason Montgomery,RP,26.0,linear_SP,50.58727458762651,52.30712641560083,16.140753814593708,16.19429702429832,0.05354320970461046
05y2k,Mason Montgomery,RP,26.0,pooled_linear_SP,50.58727458762651,52.32983703436391,16.140753814593708,16.19500406161582,0.0542502470221109
03div,Jake Latz,RP,30.0,future_role_caps,60.34363541215534,56.274434635333485,15.984205307971136,15.491813154903697,-0.49239215306743844
03div,Jake Latz,RP,30.0,linear_SP,60.34363541215534,55.70400289145856,15.984205307971136,15.422788270178312,-0.5614170377928236
03div,Jake Latz,RP,30.0,pooled_linear_SP,60.34363541215534,55.83933303703108,15.984205307971136,15.43916384499215,-0.5450414629789861
03dfa,Tanner Scott,RP,32.0,future_role_caps,56.639577994464794,50.572650726921616,17.19331570018143,16.38830212804658,-0.8050135721348504
03dfa,Tanner Scott,RP,32.0,linear_SP,56.639577994464794,50.55853454181478,17.19331570018143,16.38642906774824,-0.8068866324331907
03dfa,Tanner Scott,RP,32.0,pooled_linear_SP,56.639577994464794,50.559488401113036,17.19331570018143,16.386555634236863,-0.806760065944566
04aqc,David Bednar,RP,31.0,future_role_caps,54.43280675804489,49.302189501928225,17.420520782319414,16.73853516329218,-0.681985619027234
04aqc,David Bednar,RP,31.0,linear_SP,54.43280675804489,49.291256651546824,17.420520782319414,16.7370819177346,-0.6834388645848151
04aqc,David Bednar,RP,31.0,pooled_linear_SP,54.43280675804489,49.29279366283418,17.420520782319414,16.73728622445676,-0.6832345578626544
066er,Grant Taylor,RP,24.0,future_role_caps,68.48557895213513,72.44069719040809,23.34873273122466,23.540634034128516,0.19190130290385454
066er,Grant Taylor,RP,24.0,linear_SP,68.48557895213513,72.3480072507064,23.34873273122466,23.536136742486843,0.1874040112621813
066er,Grant Taylor,RP,24.0,pooled_linear_SP,68.48557895213513,72.2872431347547,23.34873273122466,23.5331884834669,0.18445575224223987
04apj,Jhoan Duran,RP,28.0,future_role_caps,52.036811672115576,55.2315122679988,28.91779507924994,29.130851226361802,0.21305614711186038
04apj,Jhoan Duran,RP,28.0,linear_SP,52.036811672115576,55.23568836565031,28.91779507924994,29.131129732359117,0.21333465310917532
04apj,Jhoan Duran,RP,28.0,pooled_linear_SP,52.036811672115576,55.23102702473656,28.91779507924994,29.130818865251033,0.2130237860010915
03dau,Trevor Megill,RP,32.0,future_role_caps,45.28934956309805,49.62396722954699,15.522475931722115,15.714839288762715,0.19236335704060004
03dau,Trevor Megill,RP,32.0,linear_SP,45.28934956309805,49.60145857974941,15.522475931722115,15.713840391104211,0.1913644593820969
03dau,Trevor Megill,RP,32.0,pooled_linear_SP,45.28934956309805,49.59302966458793,15.522475931722115,15.713466329412627,0.19099039769051274
0403o,Andres Munoz,RP,27.0,future_role_caps,50.248008312523325,48.332770038110844,24.737950076450307,24.45520160706199,-0.28274846938831644
0403o,Andres Munoz,RP,27.0,linear_SP,50.248008312523325,48.32540307280606,24.737950076450307,24.454114014885192,-0.28383606156511476
0403o,Andres Munoz,RP,27.0,pooled_linear_SP,50.248008312523325,48.32198701152896,24.737950076450307,24.45360969847175,-0.2843403779785554
04aok,Gregory Soto,RP,31.0,future_role_caps,53.90284306014368,49.597503607186646,9.188811160161418,8.882375969996266,-0.30643519016515164
04aok,Gregory Soto,RP,31.0,linear_SP,53.90284306014368,49.588526560428264,9.188811160161418,8.88173702315814,-0.3070741370032781
04aok,Gregory Soto,RP,31.0,pooled_linear_SP,53.90284306014368,49.596732623183875,9.188811160161418,8.882321094734493,-0.3064900654269245
041vm,Dylan Lee,RP,32.0,future_role_caps,53.402588611864495,49.05897142635238,13.284176276831564,12.821857853245659,-0.4623184235859057
041vm,Dylan Lee,RP,32.0,linear_SP,53.402588611864495,49.07273785095247,13.284176276831564,12.823323100169526,-0.46085317666203807
041vm,Dylan Lee,RP,32.0,pooled_linear_SP,53.402588611864495,49.08202822760822,13.284176276831564,12.824311933233437,-0.45986434359812733
04rzp,Rico Garcia,RP,32.0,future_role_caps,42.81080163043478,52.495037971210536,9.8824531759437,10.18788647222772,0.3054332962840203
04rzp,Rico Garcia,RP,32.0,linear_SP,42.81080163043478,52.36123701180773,9.8824531759437,10.183666493838276,0.3012133178945753
04rzp,Rico Garcia,RP,32.0,pooled_linear_SP,42.81080163043478,52.42159640952835,9.8824531759437,10.185570182385188,0.30311700644148765
051eh,Kevin Kelly,RP,28.0,future_role_caps,56.797908322207384,52.170051639172996,18.97626443055798,18.50897988499128,-0.46728454556669874
051eh,Kevin Kelly,RP,28.0,linear_SP,56.797908322207384,52.26727247195394,18.97626443055798,18.518796479535403,-0.45746795102257565
051eh,Kevin Kelly,RP,28.0,pooled_linear_SP,56.797908322207384,52.24289024193448,18.97626443055798,18.516334553841745,-0.45992987671623453
0516x,Brent Headrick,RP,28.0,future_role_caps,41.11339563862928,58.001350293669525,11.853510631500235,12.497305015727521,0.6437943842272862
0516x,Brent Headrick,RP,28.0,linear_SP,41.11339563862928,57.97833064797762,11.853510631500235,12.496427472003251,0.6429168405030161
0516x,Brent Headrick,RP,28.0,pooled_linear_SP,41.11339563862928,58.09188929006211,11.853510631500235,12.500756499262488,0.647245867762253
03ann,Jeff Hoffman,RP,33.0,future_role_caps,55.67653807057456,52.08475596001266,13.447500669113843,13.050190287026457,-0.39731038208738667
03ann,Jeff Hoffman,RP,33.0,linear_SP,55.67653807057456,52.044421442259576,13.447500669113843,13.045728623660892,-0.401772045452951
03ann,Jeff Hoffman,RP,33.0,pooled_linear_SP,55.67653807057456,52.07307617914708,13.447500669113843,13.048898310493483,-0.3986023586203604
04ew7,Aaron Ashby,RP,28.0,future_role_caps,61.031498788508124,72.66510502177624,13.642746570220183,13.992634270623137,0.34988770040295414
04ew7,Aaron Ashby,RP,28.0,linear_SP,61.031498788508124,71.21297244680828,13.642746570220183,13.948960510556992,0.30621394033680893
04ew7,Aaron Ashby,RP,28.0,pooled_linear_SP,61.031498788508124,71.7336092630067,13.642746570220183,13.964618975757906,0.32187240553772334
03aqv,Raisel Iglesias,RP,36.0,future_role_caps,52.202317453989764,44.47404878398059,18.2907924591686,16.987155377499693,-1.3036370816689065
03aqv,Raisel Iglesias,RP,36.0,linear_SP,52.202317453989764,44.448797071537676,18.2907924591686,16.98289581172606,-1.30789664744254
03aqv,Raisel Iglesias,RP,36.0,pooled_linear_SP,52.202317453989764,44.435933817028996,18.2907924591686,16.980725983490977,-1.3100664756776226
05yb8,Chad Patrick,RP,28.0,future_role_caps,64.36610916506324,93.10283873663994,10.305071545572279,10.819246751690917,0.5141752061186384
05yb8,Chad Patrick,RP,28.0,linear_SP,64.36610916506324,95.37936210630248,10.305071545572279,10.859979705310938,0.5549081597386589
05yb8,Chad Patrick,RP,28.0,pooled_linear_SP,64.36610916506324,90.04029015592575,10.305071545572279,10.76444975247725,0.45937820690497055
064zm,Didier Fuentes,RP,21.0,future_role_caps,85.34573716439002,67.46962029806569,38.62570729983573,36.522633749156824,-2.103073550678907
064zm,Didier Fuentes,RP,21.0,linear_SP,85.34573716439002,67.54651499440251,38.62570729983573,36.53168018822762,-2.0940271116081135
064zm,Didier Fuentes,RP,21.0,pooled_linear_SP,85.34573716439002,67.64951096182848,38.62570729983573,36.543797366501835,-2.081909933333897
05xz4,Michael Petersen,RP,32.0,future_role_caps,36.96557971014493,46.506415931393654,5.197799061018736,5.27540665738582,0.07760759636708414
05xz4,Michael Petersen,RP,32.0,linear_SP,36.96557971014493,46.45813201954995,5.197799061018736,5.275013903726236,0.0772148427074999
05xz4,Michael Petersen,RP,32.0,pooled_linear_SP,36.96557971014493,46.47364190443418,5.197799061018736,5.275140065087554,0.07734100406881872
02nb6,Drew Anderson,RP,32.0,future_role_caps,59.53079897912558,73.06548906679335,9.329602423641019,9.915523471684846,0.5859210480438275
02nb6,Drew Anderson,RP,32.0,linear_SP,59.53079897912558,72.1222951929833,9.329602423641019,9.874692308246916,0.5450898846058969
02nb6,Drew Anderson,RP,32.0,pooled_linear_SP,59.53079897912558,69.83840221049098,9.329602423641019,9.775821853049633,0.4462194294086146
04y9f,Ryan Zeferjahn,RP,28.0,future_role_caps,50.275902849890386,43.30590773520689,7.734278480258743,7.4158589696322395,-0.3184195106265033
04y9f,Ryan Zeferjahn,RP,28.0,linear_SP,50.275902849890386,43.265791388575714,7.734278480258743,7.414026281480779,-0.32025219877796385
04y9f,Ryan Zeferjahn,RP,28.0,pooled_linear_SP,50.275902849890386,43.28347354278976,7.734278480258743,7.414834078731569,-0.319444401527174
0473n,Tyler Wells,RP,32.0,future_role_caps,58.28616731059505,59.45219381120867,15.046679962172327,15.11143064922862,0.06475068705629283
0473n,Tyler Wells,RP,32.0,linear_SP,58.28616731059505,59.353376596876814,15.046679962172327,15.105943224613819,0.05926326244149216
0649e,A.J. Blubaugh,RP,26.0,future_role_caps,60.91298955087854,112.92393895160974,11.023779728606373,12.181762775662145,1.1579830470557724
0649e,A.J. Blubaugh,RP,26.0,linear_SP,60.91298955087854,98.05432132893557,11.023779728606373,11.850702387000668,0.8269226583942952
0649e,A.J. Blubaugh,RP,26.0,pooled_linear_SP,60.91298955087854,99.06354909800717,11.023779728606373,11.873172052728139,0.8493923241217658
04q05,Alex Vesia,RP,30.0,future_role_caps,54.19818670213864,48.358432631692864,15.737362538314846,15.111585173308978,-0.6257773650058684
04q05,Alex Vesia,RP,30.0,linear_SP,54.19818670213864,48.36970149327671,15.737362538314846,15.112792723905029,-0.6245698144098171
04q05,Alex Vesia,RP,30.0,pooled_linear_SP,54.19818670213864,48.36611716924988,15.737362538314846,15.11240863429821,-0.6249539040166354
05y5d,Bradgley Rodriguez,RP,22.0,future_role_caps,51.95816148168275,57.53683541403792,16.179449775672815,16.464670135402155,0.28522035972934034
05y5d,Bradgley Rodriguez,RP,22.0,linear_SP,51.95816148168275,57.481846130464305,16.179449775672815,16.461858703253174,0.2824089275803594
05y5d,Bradgley Rodriguez,RP,22.0,pooled_linear_SP,51.95816148168275,57.44801602924464,16.179449775672815,16.460129074714825,0.28067929904200994
032lk,Sean Newcomb,RP,33.0,future_role_caps,56.90567881231626,65.66882040249658,7.0023256228885655,7.1653574426176805,0.16303181972911496
032lk,Sean Newcomb,RP,33.0,linear_SP,56.90567881231626,64.46187183613348,7.0023256228885655,7.142903050084057,0.14057742719549182
032lk,Sean Newcomb,RP,33.0,pooled_linear_SP,56.90567881231626,64.49417740398206,7.0023256228885655,7.143504071471139,0.14117844858257378
04ddz,Yohan Ramirez,RP,31.0,future_role_caps,47.71650909754358,43.56861648101917,4.907075042941167,4.749662505619267,-0.15741253732189975
04ddz,Yohan Ramirez,RP,31.0,linear_SP,47.71650909754358,43.53669069585855,4.907075042941167,4.74845092197602,-0.1586241209651469
04ddz,Yohan Ramirez,RP,31.0,pooled_linear_SP,47.71650909754358,43.4346797326081,4.907075042941167,4.744579605612637,-0.16249543732852967
04pxo,Erik Sabrowski,RP,28.0,future_role_caps,34.65220087688935,42.845476872750645,10.812442763685725,11.015641789469438,0.20319902578371263
04pxo,Erik Sabrowski,RP,28.0,linear_SP,34.65220087688935,42.90502417025472,10.812442763685725,11.017118604463466,0.2046758407777407
04pxo,Erik Sabrowski,RP,28.0,pooled_linear_SP,34.65220087688935,42.964304297602276,10.812442763685725,11.0185887934491,0.20614602976337437
05ydo,Juan Morillo,RP,27.0,future_role_caps,47.858604651162786,51.67024200322802,10.020624109081972,10.055957855314627,0.03533374623265573
05ydo,Juan Morillo,RP,27.0,linear_SP,47.858604651162786,51.60535346006379,10.020624109081972,10.055356340766993,0.034732231685021375
05ydo,Juan Morillo,RP,27.0,pooled_linear_SP,47.858604651162786,51.604202712291084,10.020624109081972,10.055345673375,0.03472156429302764
04pps,Hogan Harris,RP,29.0,future_role_caps,52.77101553933722,44.707163061208746,9.10825445606908,8.692021180315058,-0.41623327575402236
04pps,Hogan Harris,RP,29.0,linear_SP,52.77101553933722,44.81371729985439,9.10825445606908,8.697521208982154,-0.4107332470869256
04pps,Hogan Harris,RP,29.0,pooled_linear_SP,52.77101553933722,44.863097844167825,9.10825445606908,8.700070093125788,-0.40818436294329175
05nso,Abner Uribe,RP,26.0,future_role_caps,52.29687384495672,46.750601387402725,19.59575436580947,18.976008000694964,-0.619746365114505
05nso,Abner Uribe,RP,26.0,linear_SP,52.29687384495672,46.7476035311825,19.59575436580947,18.97567301706229,-0.6200813487471777
05nso,Abner Uribe,RP,26.0,pooled_linear_SP,52.29687384495672,46.74734606739756,19.59575436580947,18.975644247785976,-0.6201101180234936
02c5l,Luke Weaver,RP,33.0,future_role_caps,57.907207512464296,52.07735438900584,14.823988322751813,14.16384809896857,-0.6601402237832428
02c5l,Luke Weaver,RP,33.0,linear_SP,57.907207512464296,52.06266580456005,14.823988322751813,14.162184845157926,-0.661803477593887
02c5l,Luke Weaver,RP,33.0,pooled_linear_SP,57.907207512464296,52.05975434448193,14.823988322751813,14.161855167571405,-0.6621331551804079
02n96,Josh Hader,RP,32.0,future_role_caps,48.36754324013682,54.074088139447866,19.85534140783531,20.264580708929685,0.4092393010943738
02n96,Josh Hader,RP,32.0,linear_SP,48.36754324013682,54.03667843326922,19.85534140783531,20.261897908341794,0.4065565005064826
02n96,Josh Hader,RP,32.0,pooled_linear_SP,48.36754324013682,54.009685209939114,19.85534140783531,20.25996211566079,0.40462070782547954
04eqa,Garrett Whitlock,RP,30.0,future_role_caps,52.09231814328231,47.297818051748145,17.417062459362334,16.844831646182744,-0.5722308131795906
04eqa,Garrett Whitlock,RP,30.0,linear_SP,52.09231814328231,47.307235475527136,17.417062459362334,16.84595562990664,-0.5711068294556938
04eqa,Garrett Whitlock,RP,30.0,pooled_linear_SP,52.09231814328231,47.30024931372611,17.417062459362334,16.845121820964714,-0.5719406383976207
02myt,Steven Okert,RP,35.0,future_role_caps,39.67334577536478,47.020636956026806,9.358745569467237,9.760145326692546,0.40139975722530963
02myt,Steven Okert,RP,35.0,linear_SP,39.67334577536478,47.02687309869606,9.358745569467237,9.760486021799343,0.4017404523321062
02myt,Steven Okert,RP,35.0,pooled_linear_SP,39.67334577536478,47.03506696403408,9.358745569467237,9.760933671889225,0.402188102421988
04pmg,Jonathan Bowlan,RP,29.0,future_role_caps,46.07140939597317,47.47810112225504,12.210766227052899,12.271850350034029,0.06108412298113031
04pmg,Jonathan Bowlan,RP,29.0,linear_SP,46.07140939597317,47.31035880763089,12.210766227052899,12.26456631474456,0.05380008769166089
04pmg,Jonathan Bowlan,RP,29.0,pooled_linear_SP,46.07140939597317,47.412137145501816,12.210766227052899,12.268985933052656,0.058219705999757565
05a29,Carmen Mlodzinski,RP,27.0,future_role_caps,67.11852948162766,74.1923207600631,8.958778964237434,9.053398681916713,0.09461971767927935
05a29,Carmen Mlodzinski,RP,27.0,linear_SP,67.11852948162766,72.55918308446934,8.958778964237434,9.031553674096484,0.07277470985905055
05a29,Carmen Mlodzinski,RP,27.0,pooled_linear_SP,67.11852948162766,70.87001858479846,8.958778964237434,9.0089592460477,0.05018028181026679
04tlv,Bryan Abreu,RP,29.0,future_role_caps,61.007294586738496,49.87849944091695,18.82354955210612,17.719250773256643,-1.1042987788494756
04tlv,Bryan Abreu,RP,29.0,linear_SP,61.007294586738496,49.893635972702214,18.82354955210612,17.720752755577948,-1.102796796528171
04tlv,Bryan Abreu,RP,29.0,pooled_linear_SP,61.007294586738496,49.89972828635626,18.82354955210612,17.72135728953157,-1.1021922625745475
06guh,Brandyn Garcia,RP,26.0,future_role_caps,36.00103880945434,46.386337817255104,14.141365467625771,14.703154659640033,0.5617891920142615
06guh,Brandyn Garcia,RP,26.0,linear_SP,36.00103880945434,46.35020265634862,14.141365467625771,14.701199940490039,0.5598344728642672
06guh,Brandyn Garcia,RP,26.0,pooled_linear_SP,36.00103880945434,46.34850504484756,14.141365467625771,14.701108108777461,0.5597426411516899
0648r,Andrew Morris,RP,25.0,future_role_caps,71.69234245337277,51.97291224057529,8.876182925953565,8.038713563851296,-0.8374693621022686
0648r,Andrew Morris,RP,25.0,linear_SP,71.69234245337277,52.93088644991783,8.876182925953565,8.079398007638513,-0.7967849183150513
0648r,Andrew Morris,RP,25.0,pooled_linear_SP,71.69234245337277,52.53740937703526,8.876182925953565,8.06268733244796,-0.8134955935056052
03dpg,Kevin Ginkel,RP,32.0,future_role_caps,50.481521739130436,46.27318397292914,8.850134077962144,8.540407068386688,-0.3097270095754556
03dpg,Kevin Ginkel,RP,32.0,linear_SP,50.481521739130436,46.244774011237716,8.850134077962144,8.538316140099633,-0.3118179378625108
03dpg,Kevin Ginkel,RP,32.0,pooled_linear_SP,50.481521739130436,46.255038356707814,8.850134077962144,8.539071579706508,-0.3110624982556356
01svz,Kenley Jansen,RP,39.0,future_role_caps,43.020139615396715,28.380513773173455,10.609978817293669,8.77657450593357,-1.8334043113600984
01svz,Kenley Jansen,RP,39.0,linear_SP,43.020139615396715,28.290552918622826,10.609978817293669,8.7653081921381,-1.844670625155569
01svz,Kenley Jansen,RP,39.0,pooled_linear_SP,43.020139615396715,28.25948569402741,10.609978817293669,8.761417465412631,-1.8485613518810382
041s4,Lake Bachar,RP,31.0,linear_SP,53.97601789499939,52.86644441601138,7.274302700099042,7.2171440122504835,-0.05715868784855882
041s4,Lake Bachar,RP,31.0,pooled_linear_SP,53.97601789499939,52.9375443789184,7.274302700099042,7.220806663406813,-0.05349603669222969
0657l,Jack Perkins,RP,26.0,future_role_caps,71.74307454271847,73.80397078634928,8.951769010008803,8.999440422117342,0.04767141210853865
0657l,Jack Perkins,RP,26.0,pooled_linear_SP,71.74307454271847,67.5679687681181,8.951769010008803,8.75604117023984,-0.19572783976896346
03dap,Brock Burke,RP,30.0,future_role_caps,49.58803572045974,50.69661639341236,7.866988950365722,7.870651776197192,0.003662825831470151
03dap,Brock Burke,RP,30.0,linear_SP,49.58803572045974,50.69963797652944,7.866988950365722,7.87066175971302,0.003672809347297523
03dap,Brock Burke,RP,30.0,pooled_linear_SP,49.58803572045974,50.721224069516865,7.866988950365722,7.870733081630246,0.0037441312645238867
031cy,Emilio Pagan,RP,35.0,future_role_caps,47.41163629962151,34.48767709806901,12.735494036214385,11.05702980489471,-1.6784642313196745
031cy,Emilio Pagan,RP,35.0,linear_SP,47.41163629962151,34.42801748349836,12.735494036214385,11.049281673880872,-1.6862123623335137
031cy,Emilio Pagan,RP,35.0,pooled_linear_SP,47.41163629962151,34.41660268473482,12.735494036214385,11.047799207777913,-1.687694828436472
04xne,Yoendrys Gomez,RP,26.0,future_role_caps,50.16400542591298,42.0835347820076,6.0057757785853765,5.704834876339567,-0.3009409022458094
04xne,Yoendrys Gomez,RP,26.0,linear_SP,50.16400542591298,41.838919529321196,6.0057757785853765,5.695724672480086,-0.3100511061052904
04xne,Yoendrys Gomez,RP,26.0,pooled_linear_SP,50.16400542591298,41.91460620364506,6.0057757785853765,5.698543470674246,-0.3072323079111303
04y76,Jacob Webb,RP,33.0,future_role_caps,52.54158828565525,48.54112255192975,7.007492846114703,6.762410201371656,-0.24508264474304653
04y76,Jacob Webb,RP,33.0,linear_SP,52.54158828565525,48.54667098948582,7.007492846114703,6.762750118231579,-0.244742727883124
04y76,Jacob Webb,RP,33.0,pooled_linear_SP,52.54158828565525,48.544520063914135,7.007492846114703,6.7626183449424575,-0.2448745011722453
06luc,Jack Dreyer,RP,27.0,future_role_caps,61.909400119260596,51.29281421858123,15.177927674130425,14.409731138587633,-0.768196535542792
06luc,Jack Dreyer,RP,27.0,linear_SP,61.909400119260596,51.416871043931444,15.177927674130425,14.41870766120385,-0.7592200129265745
06luc,Jack Dreyer,RP,27.0,pooled_linear_SP,61.909400119260596,51.2816928021672,15.177927674130425,14.408926413449105,-0.7690012606813195
05w7z,Edgardo Henriquez,RP,24.0,future_role_caps,43.436306376113016,45.39277901798315,10.826101629467962,10.886482990924176,0.06038136145621387
05w7z,Edgardo Henriquez,RP,24.0,linear_SP,43.436306376113016,45.26427629667319,10.826101629467962,10.882517093779759,0.056415464311797336
05w7z,Edgardo Henriquez,RP,24.0,pooled_linear_SP,43.436306376113016,45.268024915527896,10.826101629467962,10.88263278500139,0.05653115553342758
04auk,Seranthony Dominguez,RP,31.0,future_role_caps,52.96956186281339,41.34131336705904,7.255746344495902,6.583020891517619,-0.6727254529782831
04auk,Seranthony Dominguez,RP,31.0,linear_SP,52.96956186281339,41.34816896421188,7.255746344495902,6.583417506253,-0.672328838242902
04auk,Seranthony Dominguez,RP,31.0,pooled_linear_SP,52.96956186281339,41.347207091667514,7.255746344495902,6.583361859339076,-0.6723844851568259
03d6n,Erick Fedde,RP,33.0,future_role_caps,29.08345471219723,96.15509458168141,3.491296064423833,3.5626970707149153,0.07140100629108215
03d6n,Erick Fedde,RP,33.0,linear_SP,29.08345471219723,99.81794701533065,3.491296064423833,3.5665963543788815,0.07530028995504834
03d6n,Erick Fedde,RP,33.0,pooled_linear_SP,29.08345471219723,84.00650625608742,3.491296064423833,3.549764310562466,0.058468246138632995
04ekf,Calvin Faucher,RP,31.0,future_role_caps,48.50104858104858,42.31523093089187,7.261874529338911,6.907365261380873,-0.35450926795803817
04ekf,Calvin Faucher,RP,31.0,linear_SP,48.50104858104858,42.31597369089093,7.261874529338911,6.907407828963434,-0.3544667003754771
04ekf,Calvin Faucher,RP,31.0,pooled_linear_SP,48.50104858104858,42.31989462031698,7.261874529338911,6.907632537465876,-0.3542419918730353
02hhj,Ryne Stanek,RP,35.0,future_role_caps,32.39640021905711,38.710868977352284,3.1094754892042222,2.9932111145071887,-0.11626437469703355
02hhj,Ryne Stanek,RP,35.0,linear_SP,32.39640021905711,38.7238242357286,3.1094754892042222,2.9929725774153413,-0.11650291178888095
02hhj,Ryne Stanek,RP,35.0,pooled_linear_SP,32.39640021905711,38.742866285902274,3.1094754892042222,2.9926219680226698,-0.11685352118155246
03yxh,Cal Quantrill,RP,31.0,future_role_caps,67.32001468197788,80.61010447888916,10.964636554941265,11.957050988329614,0.9924144333883493
03yxh,Cal Quantrill,RP,31.0,linear_SP,67.32001468197788,87.53813065535849,10.964636554941265,12.47438934175582,1.5097527868145555
03yxh,Cal Quantrill,RP,31.0,pooled_linear_SP,67.32001468197788,83.7744963928999,10.964636554941265,12.1933464728862,1.2287099179449346
05143,Hunter Gaddis,RP,28.0,future_role_caps,58.06103611399562,55.4656254763181,20.626482998492722,20.348059197794672,-0.2784238006980502
05143,Hunter Gaddis,RP,28.0,linear_SP,58.06103611399562,55.517735126159934,20.626482998492722,20.353649283059557,-0.2728337154331655
05143,Hunter Gaddis,RP,28.0,pooled_linear_SP,58.06103611399562,55.55537794271824,20.626482998492722,20.35768743251575,-0.26879556597697274
066du,Brad Lord,RP,26.0,future_role_caps,71.74307454271847,100.60772967462,10.309583907687292,11.105966326083736,0.7963824183964441
066du,Brad Lord,RP,26.0,linear_SP,71.74307454271847,101.13321063447536,10.309583907687292,11.120464465615232,0.8108805579279394
066du,Brad Lord,RP,26.0,pooled_linear_SP,71.74307454271847,92.8369697648857,10.309583907687292,10.891569287857816,0.5819853801705239
04pma,Daniel Lynch,RP,29.0,future_role_caps,54.57576183492219,58.197655280231096,8.328082377426673,8.37508144464893,0.04699906722225755
04pma,Daniel Lynch,RP,29.0,linear_SP,54.57576183492219,60.47973565876322,8.328082377426673,8.40469458781198,0.07661221038530641
04pma,Daniel Lynch,RP,29.0,pooled_linear_SP,54.57576183492219,59.84682590627601,8.328082377426673,8.39648171008602,0.06839933265934661
04z9e,George Soriano,RP,27.0,future_role_caps,45.827364651281776,41.43940536961774,2.5702772242764103,2.519560213950343,-0.050717010326067236
04z9e,George Soriano,RP,27.0,linear_SP,45.827364651281776,41.440140872754064,2.5702772242764103,2.5195687150593473,-0.050708509217062936
04z9e,George Soriano,RP,27.0,pooled_linear_SP,45.827364651281776,41.44957949580168,2.5702772242764103,2.5196778087659757,-0.050599415510434564
04t40,Brayan Bello,RP,27.0,future_role_caps,67.11852948162766,78.68642123895097,9.101288521157088,9.400389504360076,0.2991009832029885
04t40,Brayan Bello,RP,27.0,linear_SP,67.11852948162766,80.8854737751864,9.101288521157088,9.457248505939743,0.3559599847826558
04t40,Brayan Bello,RP,27.0,pooled_linear_SP,67.11852948162766,82.9180680954193,9.101288521157088,9.509803541238169,0.4085150200810812
0648y,Mason Fluharty,RP,25.0,future_role_caps,59.76370059978638,44.13590216401473,7.9338985270973,7.2477713428220305,-0.6861271842752696
0648y,Mason Fluharty,RP,25.0,linear_SP,59.76370059978638,44.16693808864073,7.9338985270973,7.249133952639564,-0.684764574457736
0648y,Mason Fluharty,RP,25.0,pooled_linear_SP,59.76370059978638,44.15030371423408,7.9338985270973,7.248403632465503,-0.6854948946317974
04mjn,Eduard Bazardo,RP,31.0,future_role_caps,53.97309003198574,47.04855220736671,7.68711868706135,7.2704268287464275,-0.4166918583149224
04mjn,Eduard Bazardo,RP,31.0,linear_SP,53.97309003198574,47.046251540884995,7.68711868706135,7.270288383551108,-0.41683030351024186
04mjn,Eduard Bazardo,RP,31.0,pooled_linear_SP,53.97309003198574,47.0561169097155,7.68711868706135,7.270882043225596,-0.4162366438357541
04pqo,Braydon Fisher,RP,26.0,future_role_caps,58.60473410906935,55.371677145145014,9.518908767037482,9.370524574018463,-0.1483841930190195
04pqo,Braydon Fisher,RP,26.0,linear_SP,58.60473410906935,55.39473675116066,9.518908767037482,9.37158291634529,-0.14732585069219262
04pqo,Braydon Fisher,RP,26.0,pooled_linear_SP,58.60473410906935,55.350392734442885,9.518908767037482,9.369547705951748,-0.14936106108573455
02mwd,Paul Blackburn,RP,32.0,future_role_caps,48.742782885864905,56.18147415648347,6.566785763177796,6.7339163835096345,0.16713062033183856
02mwd,Paul Blackburn,RP,32.0,linear_SP,48.742782885864905,55.1504441264445,6.566785763177796,6.710751463467612,0.14396570028981603
02mwd,Paul Blackburn,RP,32.0,pooled_linear_SP,48.742782885864905,54.97998105961428,6.566785763177796,6.7069215427105116,0.1401357795327156
02n2x,Paul Sewald,RP,36.0,future_role_caps,38.830724868779484,29.287103521652604,9.472856547417992,8.328910835575632,-1.1439457118423597
02n2x,Paul Sewald,RP,36.0,linear_SP,38.830724868779484,29.228506419648564,9.472856547417992,8.321887096774,-1.1509694506439914
02n2x,Paul Sewald,RP,36.0,pooled_linear_SP,38.830724868779484,29.213647218759064,9.472856547417992,8.32010599937704,-1.1527505480409523
0374m,Tyler Rogers,RP,35.0,future_role_caps,45.02298608754666,55.613330431732436,10.80582187284935,11.100306682986234,0.29448481013688443
0374m,Tyler Rogers,RP,35.0,linear_SP,45.02298608754666,55.655279367923995,10.80582187284935,11.101473153509607,0.29565128066025714
0374m,Tyler Rogers,RP,35.0,pooled_linear_SP,45.02298608754666,55.66820457614762,10.80582187284935,11.101832563682308,0.29601069083295783
05tjx,Steven Cruz,RP,27.0,future_role_caps,41.6457513587188,37.088483979241225,6.431742263271329,6.226706965149126,-0.205035298122203
05tjx,Steven Cruz,RP,27.0,linear_SP,41.6457513587188,37.02816323337743,6.431742263271329,6.223993083982785,-0.20774917928854375
05tjx,Steven Cruz,RP,27.0,pooled_linear_SP,41.6457513587188,37.035920494535276,6.431742263271329,6.224342089696444,-0.20740017357488494
041g5,Elvis Alvarado,RP,27.0,future_role_caps,46.86461824686941,36.70298858699703,6.85180211865053,6.421107447251203,-0.43069467139932627
041g5,Elvis Alvarado,RP,27.0,linear_SP,46.86461824686941,36.67972869899037,6.85180211865053,6.420121590635962,-0.43168052801456724
041g5,Elvis Alvarado,RP,27.0,pooled_linear_SP,46.86461824686941,36.67711475372558,6.85180211865053,6.4200108001097815,-0.43179131854074804
05uy4,Dylan Dodd,RP,28.0,future_role_caps,35.48661589938848,41.93016793559186,10.407727886509473,10.680620845269841,0.2728929587603677
05uy4,Dylan Dodd,RP,28.0,linear_SP,35.48661589938848,41.851129176569906,10.407727886509473,10.6772734491931,0.2695455626836267
05uy4,Dylan Dodd,RP,28.0,pooled_linear_SP,35.48661589938848,41.86576228958539,10.407727886509473,10.67789318090074,0.27016529439126735
03zlf,Luis Medina,RP,27.0,future_role_caps,60.333721610115305,52.47076833686947,9.717028890070207,9.37335363513261,-0.34367525493759743
03zlf,Luis Medina,RP,27.0,linear_SP,60.333721610115305,52.55039203623943,9.717028890070207,9.376833840880895,-0.34019504918931176
03zlf,Luis Medina,RP,27.0,pooled_linear_SP,60.333721610115305,52.51860747441986,9.717028890070207,9.375444596025073,-0.34158429404513413
04coa,Trevor Richards,RP,33.0,future_role_caps,48.42177845696857,44.147304278371884,4.292404563007398,4.135614275292434,-0.15679028771496473
04coa,Trevor Richards,RP,33.0,linear_SP,48.42177845696857,43.79232600867855,4.292404563007398,4.122593458529412,-0.16981110447798642
04coa,Trevor Richards,RP,33.0,pooled_linear_SP,48.42177845696857,43.73693933123505,4.292404563007398,4.120561841837136,-0.171842721170262
041qr,Aaron Civale,RP,31.0,future_role_caps,62.099732961801934,71.80545208963491,6.633791192387741,6.9936565301273355,0.3598653377395946
041qr,Aaron Civale,RP,31.0,linear_SP,62.099732961801934,77.15829161356427,6.633791192387741,7.192127285129989,0.5583360927422483
041qr,Aaron Civale,RP,31.0,pooled_linear_SP,62.099732961801934,77.89000303015817,6.633791192387741,7.21925743103596,0.5854662386482188
061cq,Ryan Watson,RP,28.0,future_role_caps,57.22986662719753,46.1617884972164,8.928510677527221,8.400986610357187,-0.5275240671700345
061cq,Ryan Watson,RP,28.0,linear_SP,57.22986662719753,46.09059190247847,8.928510677527221,8.397593255450964,-0.5309174220762571
061cq,Ryan Watson,RP,28.0,pooled_linear_SP,57.22986662719753,45.90365470393944,8.928510677527221,8.388683499834807,-0.5398271776924144
041rj,JoJo Romero,RP,30.0,future_role_caps,51.853246870424236,38.35212999124858,11.127010922488786,10.046892047562949,-1.0801188749258372
041rj,JoJo Romero,RP,30.0,linear_SP,51.853246870424236,38.36988232224315,11.127010922488786,10.048312272863772,-1.0786986496250144
041rj,JoJo Romero,RP,30.0,pooled_linear_SP,51.853246870424236,38.36188130744143,11.127010922488786,10.047672174182809,-1.079338748305977
03cav,Brent Suter,RP,37.0,future_role_caps,43.37254103383582,38.030740496217554,3.029288464709055,2.85112663274013,-0.1781618319689251
03cav,Brent Suter,RP,37.0,linear_SP,43.37254103383582,37.8748817463562,3.029288464709055,2.845928370429859,-0.18336009427919597
03cav,Brent Suter,RP,37.0,pooled_linear_SP,43.37254103383582,38.34105702944277,3.029288464709055,2.861476431775176,-0.1678120329338788
057n0,Anthony Nunez,RP,25.0,future_role_caps,56.61041333806734,37.308636561861924,10.954435995300047,9.9314566960963,-1.0229792992037474
057n0,Anthony Nunez,RP,25.0,linear_SP,56.61041333806734,37.23528804185836,10.954435995300047,9.927569281043226,-1.0268667142568209
057n0,Anthony Nunez,RP,25.0,pooled_linear_SP,56.61041333806734,37.19485968897949,10.954435995300047,9.925426609486328,-1.029009385813719
0376h,Tyler Alexander,RP,32.0,future_role_caps,59.53079897912558,64.14823542459034,5.923687265316481,5.975284647164132,0.05159738184765139
0376h,Tyler Alexander,RP,32.0,linear_SP,59.53079897912558,66.23475283541929,5.923687265316481,5.9986003628972755,0.07491309758079456
0376h,Tyler Alexander,RP,32.0,pooled_linear_SP,59.53079897912558,68.18430959018085,5.923687265316481,6.020385616575841,0.09669835125936022
05ym7,Fernando Cruz,RP,36.0,future_role_caps,41.06838854156947,34.89521317359163,5.662916960069358,5.207742063740776,-0.45517489632858243
05ym7,Fernando Cruz,RP,36.0,linear_SP,41.06838854156947,34.90739709385347,5.662916960069358,5.208640436832658,-0.4542765232367003
05ym7,Fernando Cruz,RP,36.0,pooled_linear_SP,41.06838854156947,34.929607512262685,5.662916960069358,5.2102781069609465,-0.4526388531084118
0689r,Yuki Matsui,RP,30.0,future_role_caps,49.756322182397454,46.65318466031121,6.205417411758345,6.082079128169531,-0.12333828358881416
0689r,Yuki Matsui,RP,30.0,linear_SP,49.756322182397454,46.65284166481417,6.205417411758345,6.082065495362225,-0.12335191639612031
0689r,Yuki Matsui,RP,30.0,pooled_linear_SP,49.756322182397454,46.635921570755194,6.205417411758345,6.081392983962217,-0.12402442779612866
04y8z,Erik Miller,RP,28.0,future_role_caps,43.781392127733824,37.72795627091283,7.386404744850212,7.068888088227912,-0.3175166566223
04y8z,Erik Miller,RP,28.0,linear_SP,43.781392127733824,37.714071487670516,7.386404744850212,7.068159799359028,-0.318244945491184
04y8z,Erik Miller,RP,28.0,pooled_linear_SP,43.781392127733824,37.7171474560277,7.386404744850212,7.068321140985791,-0.31808360386442125
05wxw,Gordon Graceffo,RP,26.0,future_role_caps,58.44253237532059,60.173952193818266,5.683656754239051,5.6838763948958295,0.00021964065677870792
05wxw,Gordon Graceffo,RP,26.0,pooled_linear_SP,58.44253237532059,59.86631742258115,5.683656754239051,5.683837369638939,0.00018061539988778463
03qmm,Jovani Moran,RP,29.0,future_role_caps,36.05236341970179,39.611543986553265,5.1877367215108485,5.214942883849363,0.027206162338514694
03qmm,Jovani Moran,RP,29.0,linear_SP,36.05236341970179,39.460698247840824,5.1877367215108485,5.213789828088802,0.026053106577953677
03qmm,Jovani Moran,RP,29.0,pooled_linear_SP,36.05236341970179,39.46152653860259,5.1877367215108485,5.2137961594936035,0.026059437982755007
031fj,Gabe Speier,RP,31.0,future_role_caps,43.35895041815168,40.2176031585937,10.77681886670618,10.452307096548827,-0.32451177015735233
031fj,Gabe Speier,RP,31.0,linear_SP,43.35895041815168,40.221685500697674,10.77681886670618,10.45272881626113,-0.324090050445049
031fj,Gabe Speier,RP,31.0,pooled_linear_SP,43.35895041815168,40.23029201013429,10.77681886670618,10.453617897722488,-0.32320096898369144
02nbw,Tejay Antone,RP,32.0,future_role_caps,30.957880434782606,36.64591805894711,4.901699921828147,5.028580992248761,0.12688107042061425
02nbw,Tejay Antone,RP,32.0,linear_SP,30.957880434782606,36.51114178816268,4.901699921828147,5.025574585007048,0.12387466317890095
02nbw,Tejay Antone,RP,32.0,pooled_linear_SP,30.957880434782606,36.46296638173743,4.901699921828147,5.024499953026905,0.12280003119875804
03qjz,Taylor Clarke,RP,33.0,future_role_caps,52.930085201832334,46.074557146334755,7.576270003374943,7.129691377635736,-0.4465786257392068
03qjz,Taylor Clarke,RP,33.0,linear_SP,52.930085201832334,46.02773884307537,7.576270003374943,7.126641568290671,-0.4496284350842723
03qjz,Taylor Clarke,RP,33.0,pooled_linear_SP,52.930085201832334,45.989385080122844,7.576270003374943,7.124143150865694,-0.4521268525092488
031hc,Cole Sulser,RP,36.0,future_role_caps,26.60051133712793,30.015956247387464,2.58350427933596,2.614614726047714,0.03111044671175378
031hc,Cole Sulser,RP,36.0,linear_SP,26.60051133712793,29.885527715027155,2.58350427933596,2.613426684661511,0.029922405325550905
031hc,Cole Sulser,RP,36.0,pooled_linear_SP,26.60051133712793,29.916809382134133,2.58350427933596,2.6137116216647867,0.030207342328826492
04fq2,Javier Assad,RP,29.0,future_role_caps,60.0102664385236,95.41324331041685,13.639223300256441,15.74350539786071,2.104282097604269
04fq2,Javier Assad,RP,29.0,linear_SP,60.0102664385236,87.58744800309094,13.639223300256441,15.278355785603239,1.6391324853467975
04fq2,Javier Assad,RP,29.0,pooled_linear_SP,60.0102664385236,85.90641165161826,13.639223300256441,15.178438348924788,1.5392150486683462
050ok,Yennier Cano,RP,32.0,future_role_caps,50.56467391304348,38.40388785506131,9.004687358686896,8.081641395799954,-0.9230459628869419
050ok,Yennier Cano,RP,32.0,linear_SP,50.56467391304348,38.41180579299529,9.004687358686896,8.082242394831555,-0.9224449638553409
050ok,Yennier Cano,RP,32.0,pooled_linear_SP,50.56467391304348,38.418209788374845,9.004687358686896,8.08272848035705,-0.9219588783298462
02zoa,Antonio Senzatela,RP,31.0,future_role_caps,56.024759085103916,51.12481213456282,4.514952612960547,4.370229949731987,-0.14472266322855987
02zoa,Antonio Senzatela,RP,31.0,linear_SP,56.024759085103916,50.294242606799614,4.514952612960547,4.345698615971099,-0.16925399698944865
02zoa,Antonio Senzatela,RP,31.0,pooled_linear_SP,56.024759085103916,49.55882384616072,4.514952612960547,4.32397761313123,-0.19097499982931687
061t3,Brennan Bernardino,RP,34.0,future_role_caps,38.67076312344271,43.87155331060632,4.424058608994684,4.4632186678754,0.039160058880716164
061t3,Brennan Bernardino,RP,34.0,linear_SP,38.67076312344271,43.90705878481918,4.424058608994684,4.463486011184921,0.03942740219023744
061t3,Brennan Bernardino,RP,34.0,pooled_linear_SP,38.67076312344271,43.966044422142645,4.424058608994684,4.463930151584279,0.039871542589595244
04naz,Tyler Holton,RP,30.0,future_role_caps,69.37436841345462,57.15488793797912,15.226094561833623,14.242384296104385,-0.983710265729238
04naz,Tyler Holton,RP,30.0,linear_SP,69.37436841345462,57.348944248450124,15.226094561833623,14.258006497483812,-0.9680880643498107
04naz,Tyler Holton,RP,30.0,pooled_linear_SP,69.37436841345462,57.373729400544356,15.226094561833623,14.26000178759469,-0.9660927742389323
04o2w,Ben Brown,RP,27.0,future_role_caps,59.97664877757901,80.65843813933876,24.19526836721698,26.52324069259248,2.3279723253755016
04o2w,Ben Brown,RP,27.0,linear_SP,59.97664877757901,78.90239944046942,24.19526836721698,26.325578419674507,2.130310052457528
04o2w,Ben Brown,RP,27.0,pooled_linear_SP,59.97664877757901,72.09122822555898,24.19526836721698,25.558903069957257,1.3636347027402778
03db4,Jonathan Loaisiga,RP,31.0,future_role_caps,38.18257429005895,42.70466495607183,5.256435450134695,5.315252576527363,0.05881712639266823
03db4,Jonathan Loaisiga,RP,31.0,linear_SP,38.18257429005895,42.56171975170824,5.256435450134695,5.313393342210042,0.056957892075347516
03db4,Jonathan Loaisiga,RP,31.0,pooled_linear_SP,38.18257429005895,42.548818289426826,5.256435450134695,5.3132255377599105,0.05679008762521587
04aeh,DL Hall,RP,28.0,future_role_caps,41.72719595057586,49.190379315868675,6.117353185668127,6.235322501086129,0.11796931541800237
04aeh,DL Hall,RP,28.0,linear_SP,41.72719595057586,49.11216872762481,6.117353185668127,6.234086239145081,0.1167330534769544
04aeh,DL Hall,RP,28.0,pooled_linear_SP,41.72719595057586,49.10317675347758,6.117353185668127,6.233944104484511,0.11659091881638428
0429k,Colin Holderman,RP,30.0,future_role_caps,38.954216021851124,35.70040595458533,5.754243783749262,5.596126111581757,-0.1581176721675046
0429k,Colin Holderman,RP,30.0,linear_SP,38.954216021851124,35.69385735054359,5.754243783749262,5.595807884639919,-0.15843589910934242
0429k,Colin Holderman,RP,30.0,pooled_linear_SP,38.954216021851124,35.68793898843041,5.754243783749262,5.595520284066736,-0.15872349968252575
0313t,Tyler Kinley,RP,35.0,future_role_caps,34.0756436958556,28.257181405341306,3.6652907071215535,3.3821758474804335,-0.28311485964111993
0313t,Tyler Kinley,RP,35.0,linear_SP,34.0756436958556,28.23258422615699,3.6652907071215535,3.38097899742201,-0.28431170969954334
0313t,Tyler Kinley,RP,35.0,pooled_linear_SP,34.0756436958556,28.238353658497285,3.6652907071215535,3.38125972658131,-0.28403098054024367
041tl,Matt Festa,RP,33.0,future_role_caps,41.83297724915459,39.21257179638535,5.893007280272246,5.738564929229041,-0.15444235104320558
041tl,Matt Festa,RP,33.0,linear_SP,41.83297724915459,39.00828021634832,5.893007280272246,5.726524322350472,-0.16648295792177414
041tl,Matt Festa,RP,33.0,pooled_linear_SP,41.83297724915459,39.06975416284881,5.893007280272246,5.7301474947932745,-0.16285978547897173
03qub,Grant Wolfram,RP,29.0,future_role_caps,34.409364947445624,29.235312461030226,5.4824870337663025,5.244863121614303,-0.2376239121519994
03qub,Grant Wolfram,RP,29.0,linear_SP,34.409364947445624,29.061385326266077,5.4824870337663025,5.236875331327955,-0.24561170243834773
03qub,Grant Wolfram,RP,29.0,pooled_linear_SP,34.409364947445624,29.123847064434894,5.4824870337663025,5.23974395367426,-0.24274308009204226
066b2,Drew Sommers,RP,26.0,future_role_caps,29.179955813635207,37.87357328700328,6.745036815472727,6.904171036680855,0.15913422120812726
066b2,Drew Sommers,RP,26.0,linear_SP,29.179955813635207,37.79377478468078,6.745036815472727,6.902710347553507,0.1576735320807794
066b2,Drew Sommers,RP,26.0,pooled_linear_SP,29.179955813635207,37.82208268411034,6.745036815472727,6.903228515685883,0.15819170021315543
031dd,Tim Mayza,RP,34.0,future_role_caps,34.79110483671487,38.40590660229677,3.633493246265343,3.675640186973095,0.042146940707751934
031dd,Tim Mayza,RP,34.0,linear_SP,34.79110483671487,38.39802918878777,3.633493246265343,3.6755483399226554,0.042055093657312526
031dd,Tim Mayza,RP,34.0,pooled_linear_SP,34.79110483671487,38.40908651211035,3.633493246265343,3.6756772632718975,0.04218401700655461
03mjl,Cam Booser,RP,34.0,future_role_caps,31.93130978827258,35.88898624503127,5.660309060126241,5.764414614184377,0.10410555405813593
03mjl,Cam Booser,RP,34.0,linear_SP,31.93130978827258,35.83718543008477,5.660309060126241,5.763052008473782,0.10274294834754105
03mjl,Cam Booser,RP,34.0,pooled_linear_SP,31.93130978827258,35.8276079214075,5.660309060126241,5.762800074830839,0.1024910147045981
026t9,Tyron Guerrero,RP,35.0,future_role_caps,28.168646080760087,34.15198739501661,7.25180010896735,7.491644759487021,0.23984465051967074
026t9,Tyron Guerrero,RP,35.0,linear_SP,28.168646080760087,34.119923326605004,7.25180010896735,7.490359458368714,0.23855934940136425
026t9,Tyron Guerrero,RP,35.0,pooled_linear_SP,28.168646080760087,34.111955575899096,7.25180010896735,7.490040067867133,0.23823995889978278
02f9m,Jakob Junis,RP,34.0,future_role_caps,50.07428781972967,34.62321067854947,6.424941264504061,5.569280665370633,-0.8556605991334276
02f9m,Jakob Junis,RP,34.0,linear_SP,50.07428781972967,34.644294095766504,6.424941264504061,5.570448237653319,-0.8544930268507418
02f9m,Jakob Junis,RP,34.0,pooled_linear_SP,50.07428781972967,34.683218261984074,6.424941264504061,5.572603807461311,-0.8523374570427498
05jnq,Clayton Beeter,RP,27.0,future_role_caps,31.916427948348865,30.693080889732443,5.470475882036811,5.411587108046241,-0.05888877399056991
05jnq,Clayton Beeter,RP,27.0,linear_SP,31.916427948348865,30.605867588935524,5.470475882036811,5.407388884554857,-0.06308699748195412
05jnq,Clayton Beeter,RP,27.0,pooled_linear_SP,31.916427948348865,30.603379716355445,5.470475882036811,5.407269124781819,-0.06320675725499214
0421q,Greg Weissert,RP,31.0,future_role_caps,52.924403095200645,46.172222525990044,6.311489815250913,5.971688043318457,-0.3398017719324562
0421q,Greg Weissert,RP,31.0,linear_SP,52.924403095200645,46.17622881148544,6.311489815250913,5.971889658618319,-0.3396001566325939
0421q,Greg Weissert,RP,31.0,pooled_linear_SP,52.924403095200645,46.19239019082879,6.311489815250913,5.972702975928402,-0.33878683932251086
03y4y,Enyel De Los Santos,RP,30.0,future_role_caps,52.93061414297075,50.43333392130889,7.162013952704261,7.051728856142347,-0.11028509656191421
03y4y,Enyel De Los Santos,RP,30.0,linear_SP,52.93061414297075,50.89239100899485,7.162013952704261,7.0720017733759555,-0.09001217932830574
03y4y,Enyel De Los Santos,RP,30.0,pooled_linear_SP,52.93061414297075,51.45461058456058,7.162013952704261,7.096830560967523,-0.06518339173673837
061jc,Tim Herrin,RP,29.0,future_role_caps,42.772037853127074,39.80924992328747,6.741671395228447,6.605441804728195,-0.13622959050025152
061jc,Tim Herrin,RP,29.0,linear_SP,42.772037853127074,39.85238950608733,6.741671395228447,6.607425371503252,-0.13424602372519434
061jc,Tim Herrin,RP,29.0,pooled_linear_SP,42.772037853127074,39.9101374300228,6.741671395228447,6.610080632769422,-0.1315907624590249
04q3y,Grant Anderson,RP,29.0,future_role_caps,44.3643599539058,41.61289603898238,5.792329945742184,5.6912421616614255,-0.10108778408075825
04q3y,Grant Anderson,RP,29.0,linear_SP,44.3643599539058,41.588878936141136,5.792329945742184,5.690359782033224,-0.10197016370895984
04q3y,Grant Anderson,RP,29.0,pooled_linear_SP,44.3643599539058,41.60839750561066,5.792329945742184,5.691076887180561,-0.10125305856162292
03ppa,A.J. Minter,RP,33.0,future_role_caps,35.94600596345172,44.583053126385856,7.481766824950479,7.801178883494558,0.3194120585440787
03ppa,A.J. Minter,RP,33.0,linear_SP,35.94600596345172,44.54067889581966,7.481766824950479,7.799611815495616,0.3178449905451375
03ppa,A.J. Minter,RP,33.0,pooled_linear_SP,35.94600596345172,44.52552100680783,7.481766824950479,7.799051252094594,0.31728442714411464
04mlh,Ryan Rolison,RP,29.0,future_role_caps,38.97709230631759,36.74679764064536,2.3743091678598405,2.3262958761565775,-0.04801329170326296
04mlh,Ryan Rolison,RP,29.0,linear_SP,38.97709230631759,36.83627016264421,2.3743091678598405,2.328222020878294,-0.04608714698154648
04mlh,Ryan Rolison,RP,29.0,pooled_linear_SP,38.97709230631759,36.819316560767895,2.3743091678598405,2.3278570474759737,-0.04645212038386681
05k3i,Justin Bruihl,RP,29.0,future_role_caps,35.33374669134337,43.18651094219948,2.7620841869413746,2.6040672632036355,-0.15801692373773912
05k3i,Justin Bruihl,RP,29.0,linear_SP,35.33374669134337,43.02018098497859,2.7620841869413746,2.6074142308860795,-0.1546699560552951
05k3i,Justin Bruihl,RP,29.0,pooled_linear_SP,35.33374669134337,43.07709438455084,2.7620841869413746,2.6062689933579213,-0.1558151935834533
05oyx,Peyton Gray,RP,31.0,future_role_caps,45.49480436549402,39.00529723168767,6.5657848923723225,6.201047019903858,-0.36473787246846445
05oyx,Peyton Gray,RP,31.0,linear_SP,45.49480436549402,38.89940544429248,6.5657848923723225,6.195095451556672,-0.37068944081565025
05oyx,Peyton Gray,RP,31.0,pooled_linear_SP,45.49480436549402,38.88159422918564,6.5657848923723225,6.194094385594311,-0.37169050677801163
0423e,Anthony Bender,RP,31.0,future_role_caps,41.984219301363126,33.28864900314847,8.617670469740093,7.879650924141014,-0.7380195455990783
0423e,Anthony Bender,RP,31.0,linear_SP,41.984219301363126,33.228800007778965,8.617670469740093,7.874571357551089,-0.7430991121890038
0423e,Anthony Bender,RP,31.0,pooled_linear_SP,41.984219301363126,33.19645565331356,8.617670469740093,7.871826193638131,-0.7458442761019617
0427a,Casey Legumina,RP,29.0,future_role_caps,40.47972022209031,37.833404756885884,3.2934900207153843,3.242027118934416,-0.05146290178096846
0427a,Casey Legumina,RP,29.0,linear_SP,40.47972022209031,37.759224253304104,3.2934900207153843,3.240584530543089,-0.05290549017229518
0427a,Casey Legumina,RP,29.0,pooled_linear_SP,40.47972022209031,37.81275491573163,3.2934900207153843,3.241625541435026,-0.0518644792803582
0519c,Orlando Ribalta,RP,28.0,future_role_caps,28.69007893218921,25.22847706173022,2.6842324832858937,2.591926544330379,-0.09230593895551475
0519c,Orlando Ribalta,RP,28.0,linear_SP,28.69007893218921,25.19472948130152,2.6842324832858937,2.591026642430761,-0.09320584085513284
0519c,Orlando Ribalta,RP,28.0,pooled_linear_SP,28.69007893218921,25.2045117205021,2.6842324832858937,2.591287492409553,-0.09294499087634067
062ob,Jose Ferrer,RP,26.0,future_role_caps,59.95289901097397,48.47578502042197,8.779903797343197,8.252176126332229,-0.5277276710109682
062ob,Jose Ferrer,RP,26.0,linear_SP,59.95289901097397,48.52091627754698,8.779903797343197,8.254251300738616,-0.5256524966045806
062ob,Jose Ferrer,RP,26.0,pooled_linear_SP,59.95289901097397,48.545536141469725,8.779903797343197,8.25538334346811,-0.5245204538750876
05rcp,Tommy Nance,RP,35.0,future_role_caps,25.25841184237151,30.571069294193386,2.9414876846155233,3.0403518029000343,0.09886411828451092
05rcp,Tommy Nance,RP,35.0,linear_SP,25.25841184237151,30.514165654115597,2.9414876846155233,3.0392928736815614,0.09780518906603808
05rcp,Tommy Nance,RP,35.0,pooled_linear_SP,25.25841184237151,30.51843718212958,2.9414876846155233,3.039372363250513,0.09788467863498962
066dd,Samy Natera Jr.,RP,26.0,future_role_caps,37.04486577902907,33.32487881348458,11.915739809339442,11.55535276524601,-0.36038704409343225
066dd,Samy Natera Jr.,RP,26.0,linear_SP,37.04486577902907,33.299738302987606,11.915739809339442,11.552917188361219,-0.36282262097822304
066dd,Samy Natera Jr.,RP,26.0,pooled_linear_SP,37.04486577902907,33.29319860341194,11.915739809339442,11.552283631571594,-0.3634561777678478
04ggi,Andrew Kittredge,RP,36.0,future_role_caps,37.889401884855836,35.216307621001214,7.150403971933922,6.882791683005611,-0.26761228892831035
04ggi,Andrew Kittredge,RP,36.0,linear_SP,37.889401884855836,35.19487671348822,7.150403971933922,6.880646164124771,-0.2697578078091505
04ggi,Andrew Kittredge,RP,36.0,pooled_linear_SP,37.889401884855836,35.197628115057775,7.150403971933922,6.880921616016515,-0.26948235591740666
0314j,Ryan Yarbrough,RP,34.0,future_role_caps,51.92464088131134,40.416660329647314,8.690347686308467,7.697661849419404,-0.9926858368890628
0314j,Ryan Yarbrough,RP,34.0,linear_SP,51.92464088131134,40.536354328182505,8.690347686308467,7.707986731058982,-0.9823609552494847
0314j,Ryan Yarbrough,RP,34.0,pooled_linear_SP,51.92464088131134,39.53793244888227,8.690347686308467,7.621862214739899,-1.068485471568568
05jq7,Kyle Hurt,RP,28.0,future_role_caps,27.273972705993273,36.19305484159689,4.906050118427702,4.985159511220437,0.0791093927927351
05jq7,Kyle Hurt,RP,28.0,linear_SP,27.273972705993273,36.110153787043856,4.906050118427702,4.984424205503116,0.07837408707541371
05jq7,Kyle Hurt,RP,28.0,pooled_linear_SP,27.273972705993273,36.131258625077294,4.906050118427702,4.984611398635373,0.07856128020767095
03qo0,Pete Fairbanks,RP,32.0,future_role_caps,43.283637651313285,33.87529283708246,8.745790551463385,7.840390434249935,-0.9054001172134498
03qo0,Pete Fairbanks,RP,32.0,linear_SP,43.283637651313285,33.81698167372336,8.745790551463385,7.834778933483048,-0.9110116179803365
03qo0,Pete Fairbanks,RP,32.0,pooled_linear_SP,43.283637651313285,33.80964874255787,8.745790551463385,7.834073258163122,-0.9117172933002626
04k0w,Camilo Doval,RP,29.0,future_role_caps,49.04292432866571,44.73026873362873,9.480558811721114,9.231527978108348,-0.2490308336127658
04k0w,Camilo Doval,RP,29.0,linear_SP,49.04292432866571,44.73377144046948,9.480558811721114,9.231730239101658,-0.24882857261945546
04k0w,Camilo Doval,RP,29.0,pooled_linear_SP,49.04292432866571,44.737538874535964,9.480558811721114,9.231947786556002,-0.24861102516511124
05r01,Robert Suarez,RP,35.0,future_role_caps,46.093944195053254,37.00467593713989,14.331485687643353,12.977125494912157,-1.3543601927311961
05r01,Robert Suarez,RP,35.0,linear_SP,46.093944195053254,36.95288151500501,14.331485687643353,12.969407788540805,-1.3620778991025482
05r01,Robert Suarez,RP,35.0,pooled_linear_SP,46.093944195053254,36.929592095492495,14.331485687643353,12.96593751328822,-1.3655481743551334
041vj,Julian Garcia,RP,31.0,future_role_caps,39.419830488795995,46.11597326023107,5.6036709540276,5.728700744379873,0.12502979035227302
041vj,Julian Garcia,RP,31.0,linear_SP,39.419830488795995,45.87061291504485,5.6036709540276,5.724119397540875,0.12044844351327466
041vj,Julian Garcia,RP,31.0,pooled_linear_SP,39.419830488795995,45.75192721669146,5.6036709540276,5.72190330859393,0.11823235456632997
0311c,Devin Williams,RP,32.0,future_role_caps,43.3080677598612,30.444338916213994,9.143028848067555,7.8606558972749365,-1.2823729507926185
0311c,Devin Williams,RP,32.0,linear_SP,43.3080677598612,30.416970305391384,9.143028848067555,7.857927546370912,-1.2851013016966428
0311c,Devin Williams,RP,32.0,pooled_linear_SP,43.3080677598612,30.41889851904465,9.143028848067555,7.858119768164634,-1.2849090799029206
04pyp,Kody Funderburk,RP,29.0,future_role_caps,34.772408422669976,32.05964471126863,3.881437176969278,3.8009750781614953,-0.08046209880778266
04pyp,Kody Funderburk,RP,29.0,linear_SP,34.772408422669976,32.03225003938306,3.881437176969278,3.800162536771768,-0.08127464019750974
04pyp,Kody Funderburk,RP,29.0,pooled_linear_SP,34.772408422669976,32.048715708479804,3.881437176969278,3.8006509177863883,-0.08078625918288962
05xtu,Will Dion,RP,26.0,future_role_caps,48.11464890527967,45.043415770587806,9.511833364468636,9.33965078323365,-0.17218258123498664
05xtu,Will Dion,RP,26.0,linear_SP,48.11464890527967,44.28703027207855,9.511833364468636,9.297245533670885,-0.21458783079775046
05xtu,Will Dion,RP,26.0,pooled_linear_SP,48.11464890527967,44.02187979326593,9.511833364468636,9.282380399096127,-0.22945296537250925
05oqe,Ty Madden,RP,26.0,future_role_caps,40.61745635130115,73.02102304297333,12.016063186178968,14.050955607769632,2.034892421590664
05oqe,Ty Madden,RP,26.0,linear_SP,40.61745635130115,65.49698424509916,12.016063186178968,13.578457944927994,1.5623947587490257
05oqe,Ty Madden,RP,26.0,pooled_linear_SP,40.61745635130115,63.911882353434734,12.016063186178968,13.478916068643555,1.4628528824645866
04ehz,Jeremiah Estrada,RP,27.0,future_role_caps,49.573976250106476,38.49350875811246,16.08179982563781,15.014855553367179,-1.0669442722706304
04ehz,Jeremiah Estrada,RP,27.0,linear_SP,49.573976250106476,38.43354493229389,16.08179982563781,15.009081603798101,-1.0727182218397076
04ehz,Jeremiah Estrada,RP,27.0,pooled_linear_SP,49.573976250106476,38.44273679653074,16.08179982563781,15.009966693430473,-1.0718331322073364
04esc,Keaton Winn,RP,28.0,future_role_caps,28.421834986103576,26.506443953884776,5.007767291999572,4.901844863071443,-0.10592242892812909
04esc,Keaton Winn,RP,28.0,linear_SP,28.421834986103576,26.45844138441958,5.007767291999572,4.8991902882786125,-0.10857700372095991
04esc,Keaton Winn,RP,28.0,pooled_linear_SP,28.421834986103576,26.472123236200936,5.007767291999572,4.8999469040027845,-0.10782038799678784
04eku,John King,RP,32.0,future_role_caps,40.57560097374735,33.02059499413006,2.5082557913425694,2.34540185653657,-0.1628539348059994
04eku,John King,RP,32.0,linear_SP,40.57560097374735,33.03525393949871,2.5082557913425694,2.345717841320676,-0.16253795002189353
04eku,John King,RP,32.0,pooled_linear_SP,40.57560097374735,32.99965488026714,2.5082557913425694,2.344950476359365,-0.16330531498320422
030vs,Kirby Yates,RP,39.0,future_role_caps,30.66261703076237,20.199041110607244,4.326617595327752,3.4207926753176117,-0.9058249200101405
030vs,Kirby Yates,RP,39.0,linear_SP,30.66261703076237,20.158738624200247,4.326617595327752,3.4173037154434356,-0.9093138798843166
030vs,Kirby Yates,RP,39.0,pooled_linear_SP,30.66261703076237,20.146773669387475,4.326617595327752,3.416267917135198,-0.9103496781925542
03vcw,Jordan Hicks,RP,30.0,future_role_caps,35.36792172778945,24.721521014032287,4.188014137605957,3.778748277359035,-0.4092658602469217
03vcw,Jordan Hicks,RP,30.0,linear_SP,35.36792172778945,24.670310064244482,4.188014137605957,3.776779640823319,-0.41123449678263757
03vcw,Jordan Hicks,RP,30.0,pooled_linear_SP,35.36792172778945,24.36330042618135,4.188014137605957,3.7649776650190794,-0.4230364725868774
047sh,Wandy Peralta,RP,35.0,future_role_caps,37.07599815440076,43.72695811693623,1.6119674565185633,1.5260654238203322,-0.08590203269823116
047sh,Wandy Peralta,RP,35.0,linear_SP,37.07599815440076,43.77579116218168,1.6119674565185633,1.5254347091756708,-0.08653274734289251
047sh,Wandy Peralta,RP,35.0,pooled_linear_SP,37.07599815440076,43.80166062517341,1.6119674565185633,1.5251005860613656,-0.08686687045719776
04y78,Jacob Waguespack,RP,32.0,future_role_caps,29.18562127341826,40.92985730217397,3.432232698261617,3.5402315940805558,0.10799889581893884
04y78,Jacob Waguespack,RP,32.0,linear_SP,29.18562127341826,40.75399812641191,3.432232698261617,3.538614409552296,0.10638171129067908
04y78,Jacob Waguespack,RP,32.0,pooled_linear_SP,29.18562127341826,40.6921474677,3.432232698261617,3.5380456366810593,0.10581293841944239
05ydc,Nate Lavender,RP,26.0,future_role_caps,28.02025581169147,33.97315095409778,13.006855327243077,13.412360846509012,0.4055055192659349
05ydc,Nate Lavender,RP,26.0,linear_SP,28.02025581169147,34.08899334266131,13.006855327243077,13.420251919139005,0.41339659189592837
05ydc,Nate Lavender,RP,26.0,pooled_linear_SP,28.02025581169147,34.0604433165224,13.006855327243077,13.418307118685183,0.4114517914421061
05y12,Daniel Duarte,RP,29.0,future_role_caps,26.809133198394942,28.957474225618217,6.563287672472844,6.6275561452842835,0.0642684728114391
05y12,Daniel Duarte,RP,29.0,linear_SP,26.809133198394942,28.906459969364082,6.563287672472844,6.626030033601121,0.06274236112827669
05y12,Daniel Duarte,RP,29.0,pooled_linear_SP,26.809133198394942,28.856547237444243,6.563287672472844,6.624536874454744,0.06124920198189976
02xid,Albert Suarez,RP,36.0,future_role_caps,29.840755694078158,41.47780239041392,2.0711334430241144,2.142218348001185,0.07108490497707054
02xid,Albert Suarez,RP,36.0,linear_SP,29.840755694078158,40.013971307885996,2.0711334430241144,2.1332765351753635,0.062143092151249135
02xid,Albert Suarez,RP,36.0,pooled_linear_SP,29.840755694078158,38.86923769832042,2.0711334430241144,2.1262839294066125,0.05515048638249809
03qto,Evan Phillips,RP,32.0,future_role_caps,34.63782223620203,37.831808516401125,7.700051227794897,7.785713588946759,0.08566236115186232
03qto,Evan Phillips,RP,32.0,linear_SP,34.63782223620203,37.78254534747047,7.700051227794897,7.784392356167963,0.08434112837306618
03qto,Evan Phillips,RP,32.0,pooled_linear_SP,34.63782223620203,37.7714848125894,7.700051227794897,7.784095713837535,0.0840444860426377
0422c,Kyle Hart,RP,33.0,pooled_linear_SP,43.46003694634189,40.41910428212929,5.043787461541471,4.884664006207481,-0.1591234553339902
02h8d,Steven Matz,RP,35.0,future_role_caps,41.381016028253185,59.884821775545234,4.31210861021258,4.679057594026547,0.366948983813967
02h8d,Steven Matz,RP,35.0,linear_SP,41.381016028253185,55.76630872513108,4.31210861021258,4.597383359044092,0.2852747488315117
02h8d,Steven Matz,RP,35.0,pooled_linear_SP,41.381016028253185,54.72081446146177,4.31210861021258,4.576650161621019,0.2645415514084384
04a2t,Kodai Senga,RP,33.0,future_role_caps,22.82418945892,45.58639365310394,2.2738545306423337,2.1600831483772005,-0.11377138226513317
04a2t,Kodai Senga,RP,33.0,linear_SP,22.82418945892,43.28506486217995,2.2738545306423337,2.1600831483772005,-0.11377138226513317
04a2t,Kodai Senga,RP,33.0,pooled_linear_SP,22.82418945892,47.42348408812655,2.2738545306423337,2.1600831483772005,-0.11377138226513317
04eek,Griffin Canning,RP,30.0,future_role_caps,45.50572296192479,71.3509229186364,2.685009837197754,2.8393150312850413,0.15430519408728705
04eek,Griffin Canning,RP,30.0,linear_SP,45.50572296192479,86.4267037694262,2.685009837197754,2.929322897120662,0.24431305992290797
04eek,Griffin Canning,RP,30.0,pooled_linear_SP,45.50572296192479,82.39786226646761,2.685009837197754,2.9052692557829207,0.2202594185851665
031bl,Kyle Finnegan,RP,35.0,future_role_caps,38.98324397692569,34.70329561871325,4.839133985859586,4.62917665470092,-0.209957331158666
031bl,Kyle Finnegan,RP,35.0,linear_SP,38.98324397692569,34.68166455832315,4.839133985859586,4.6281155204699616,-0.21101846538962477
031bl,Kyle Finnegan,RP,35.0,pooled_linear_SP,38.98324397692569,34.67173319701234,4.839133985859586,4.627628327181381,-0.21150565867820514
06491,Orion Kerkering,RP,25.0,future_role_caps,58.21747714121389,43.90230381889752,7.372511917256257,6.765542246161978,-0.6069696710942791
06491,Orion Kerkering,RP,25.0,linear_SP,58.21747714121389,43.8866768782809,7.372511917256257,6.76487965697827,-0.6076322602779873
06491,Orion Kerkering,RP,25.0,pooled_linear_SP,58.21747714121389,43.9060350516377,7.372511917256257,6.765700452078043,-0.6068114651782137
03qm8,JT Brubaker,RP,32.0,future_role_caps,37.42675448861547,31.162270345911924,1.390393349367753,1.3251717573460569,-0.06522159202169608
03qm8,JT Brubaker,RP,32.0,linear_SP,37.42675448861547,30.839823365306486,1.390393349367753,1.3218146564358135,-0.06857869293193941
03qm8,JT Brubaker,RP,32.0,pooled_linear_SP,37.42675448861547,30.622881088507615,1.390393349367753,1.3195559994822137,-0.07083734988553925
05zd4,Hagen Smith,RP,23.0,future_role_caps,43.60127713920817,45.106254482818436,12.348359021457405,12.42319967975426,0.07484065829685527
05zd4,Hagen Smith,RP,23.0,linear_SP,43.60127713920817,44.90114145966377,12.348359021457405,12.412999663293327,0.064640641835922
031k3,Trent Thornton,RP,33.0,future_role_caps,42.20793131171789,30.978534053523763,4.951991310061347,4.402752996150535,-0.5492383139108119
031k3,Trent Thornton,RP,33.0,linear_SP,42.20793131171789,30.95344499510047,4.951991310061347,4.401525871325471,-0.5504654387358761
031k3,Trent Thornton,RP,33.0,pooled_linear_SP,42.20793131171789,30.93492265804733,4.951991310061347,4.400619929809746,-0.5513713802516005
03qx9,Tayler Saucedo,RP,33.0,future_role_caps,27.049396890860997,25.367067563321086,3.7315021316065815,3.634595915299001,-0.09690621630758045
03qx9,Tayler Saucedo,RP,33.0,linear_SP,27.049396890860997,25.35065898278194,3.7315021316065815,3.633650741587174,-0.09785139001940735
03qx9,Tayler Saucedo,RP,33.0,pooled_linear_SP,27.049396890860997,25.339835375567265,3.7315021316065815,3.6330272757741464,-0.0984748558324351
06fz3,Mitch Farris,RP,25.0,future_role_caps,50.32552035422109,38.64730013790077,6.721445924247329,6.3570228574576975,-0.3644230667896311
06fz3,Mitch Farris,RP,25.0,linear_SP,50.32552035422109,37.93743686458418,6.721445924247329,6.334871318415658,-0.3865746058316706
06fz3,Mitch Farris,RP,25.0,pooled_linear_SP,50.32552035422109,38.14281209748178,6.721445924247329,6.34128012650703,-0.38016579774029857
04eec,Nate Pearson,RP,30.0,future_role_caps,37.27267350255111,21.202287427947365,2.346348295695104,2.0804704503972755,-0.2658778452978283
04eec,Nate Pearson,RP,30.0,linear_SP,37.27267350255111,21.14550192436685,2.346348295695104,2.079530957888132,-0.2668173378069718
04eec,Nate Pearson,RP,30.0,pooled_linear_SP,37.27267350255111,21.09288913695062,2.346348295695104,2.0786605012302517,-0.26768779446485214
02h9r,Miles Mikolas,RP,38.0,future_role_caps,37.75342465753425,39.325204969084304,0.0,0.0,0.0
02h9r,Miles Mikolas,RP,38.0,linear_SP,37.75342465753425,42.119083722318685,0.0,0.0,0.0
03btm,Jose Alvarado,RP,31.0,future_role_caps,45.734123763080824,39.751060485562476,4.926569221859422,4.648390073321243,-0.2781791485381788
03btm,Jose Alvarado,RP,31.0,linear_SP,45.734123763080824,39.743031275439456,4.926569221859422,4.648016759730555,-0.2785524621288671
03btm,Jose Alvarado,RP,31.0,pooled_linear_SP,45.734123763080824,39.740442039040936,4.926569221859422,4.647896374646309,-0.27867284721311325
0312l,Brad Keller,RP,31.0,future_role_caps,44.209248772132206,26.478478918584127,7.74829007792083,6.4514914308647695,-1.2967986470560602
0312l,Brad Keller,RP,31.0,linear_SP,44.209248772132206,26.430696366349096,7.74829007792083,6.4479966954639325,-1.3002933824568972
0312l,Brad Keller,RP,31.0,pooled_linear_SP,44.209248772132206,26.4082508580562,7.74829007792083,6.446355068787418,-1.3019350091334116
04prz,Austin Warren,RP,30.0,future_role_caps,24.784144304335157,35.697081338499636,2.6821987775952203,2.6849664457808045,0.00276766818558416
04prz,Austin Warren,RP,30.0,linear_SP,24.784144304335157,35.56024820829897,2.6821987775952203,2.684931743051374,0.0027329654561536465
04prz,Austin Warren,RP,30.0,pooled_linear_SP,24.784144304335157,35.54815250000799,2.6821987775952203,2.684928675416427,0.002729897821206695
0319c,Mark Leiter Jr.,RP,35.0,future_role_caps,32.42997964031218,26.61125836392593,5.150473075510041,4.766746987401068,-0.3837260881089728
0319c,Mark Leiter Jr.,RP,35.0,linear_SP,32.42997964031218,26.563945184791372,5.150473075510041,4.763626834315375,-0.3868462411946654
0319c,Mark Leiter Jr.,RP,35.0,pooled_linear_SP,32.42997964031218,26.573881150913984,5.150473075510041,4.7642820795541,-0.38619099595594086
04q0r,Dylan Smith,RP,26.0,future_role_caps,31.317411669951895,29.802435690504517,4.5519261558575765,4.489781555144695,-0.06214460071288119
04q0r,Dylan Smith,RP,26.0,linear_SP,31.317411669951895,29.740051061830282,4.5519261558575765,4.487222525897911,-0.0647036299596655
04q0r,Dylan Smith,RP,26.0,pooled_linear_SP,31.317411669951895,29.73121241220969,4.5519261558575765,4.486859962821687,-0.06506619303588934
06qgo,Luis Gastelum,RP,25.0,future_role_caps,40.03565299721877,36.34050757898929,7.839692370593979,7.642724112221346,-0.19696825837263265
06qgo,Luis Gastelum,RP,25.0,linear_SP,40.03565299721877,35.613283904915825,7.839692370593979,7.603959743213582,-0.23573262738039702
06qgo,Luis Gastelum,RP,25.0,pooled_linear_SP,40.03565299721877,35.41457540391871,7.839692370593979,7.593367665518304,-0.24632470507567472
03qju,Garrett Cleavinger,RP,32.0,future_role_caps,45.00326086956522,37.505482571352594,9.476627458887014,8.806350454373606,-0.6702770045134088
03qju,Garrett Cleavinger,RP,32.0,linear_SP,45.00326086956522,37.49891414418504,9.476627458887014,8.805763258338843,-0.6708642005481718
03qju,Garrett Cleavinger,RP,32.0,pooled_linear_SP,45.00326086956522,37.48822326846186,9.476627458887014,8.804807528805325,-0.6718199300816892
02hfr,Caleb Thielbar,RP,39.0,future_role_caps,30.39344627730717,21.777270572020136,3.6150251020173094,2.993318933126334,-0.6217061688909755
02hfr,Caleb Thielbar,RP,39.0,linear_SP,30.39344627730717,21.731765284772354,3.6150251020173094,2.9900354673792573,-0.6249896346380521
02hfr,Caleb Thielbar,RP,39.0,pooled_linear_SP,30.39344627730717,21.737414845503388,3.6150251020173094,2.9904431153750903,-0.6245819866422191
03yui,Alex Lange,RP,31.0,future_role_caps,36.510785855268615,26.10721016426777,1.1763521268610464,1.089838316014819,-0.08651381084622733
03yui,Alex Lange,RP,31.0,linear_SP,36.510785855268615,25.948907362571408,1.1763521268610464,1.0885219052874737,-0.08783022157357268
03yui,Alex Lange,RP,31.0,pooled_linear_SP,36.510785855268615,25.939417617338396,1.1763521268610464,1.0884429906865278,-0.08790913617451857
04pzi,Evan Sisk,RP,29.0,future_role_caps,29.232827181618195,34.47132863401023,3.9309968705615446,3.9244088186237875,-0.006588051937757022
04pzi,Evan Sisk,RP,29.0,linear_SP,29.232827181618195,34.39046179066436,3.9309968705615446,3.9245105185028186,-0.0064863520587259416
04pzi,Evan Sisk,RP,29.0,pooled_linear_SP,29.232827181618195,34.39929542545546,3.9309968705615446,3.9244994091339773,-0.0064974614275672415
05jrv,Will Klein,RP,26.0,future_role_caps,29.29364466785516,23.35145923340849,3.57533153433199,3.3769315030369507,-0.19840003129503936
05jrv,Will Klein,RP,26.0,linear_SP,29.29364466785516,23.273492390658824,3.57533153433199,3.3743283153356987,-0.20100321899629137
05jrv,Will Klein,RP,26.0,pooled_linear_SP,29.29364466785516,23.286618358151056,3.57533153433199,3.37476657031612,-0.2005649640158702
04zay,Kai-Wei Teng,RP,27.0,future_role_caps,43.97014143826824,59.53101057486418,6.544521314420626,6.8649839820253575,0.3204626676047315
04zay,Kai-Wei Teng,RP,27.0,linear_SP,43.97014143826824,51.55780452964223,6.544521314420626,6.700782686057583,0.1562613716369574
04zay,Kai-Wei Teng,RP,27.0,pooled_linear_SP,43.97014143826824,51.77209439406653,6.544521314420626,6.705195800838721,0.16067448641809534
02n2v,Anthony Banda,RP,33.0,future_role_caps,38.86270862101769,17.530620268311498,4.454561953642374,3.4397078920570263,-1.0148540615853476
02n2v,Anthony Banda,RP,33.0,linear_SP,38.86270862101769,17.15883844570149,4.454561953642374,3.4220207211405658,-1.0325412325018082
02n2v,Anthony Banda,RP,33.0,pooled_linear_SP,38.86270862101769,17.18479492814208,4.454561953642374,3.423255576406199,-1.031306377236175
05yj0,Chase Dollander,RP,24.0,future_role_caps,46.77142454756707,82.90285041777386,12.845277883010787,15.16012237887933,2.3148444958685417
05yj0,Chase Dollander,RP,24.0,linear_SP,46.77142454756707,74.90892732107794,12.845277883010787,14.647972956732069,1.8026950737212815
05yj0,Chase Dollander,RP,24.0,pooled_linear_SP,46.77142454756707,66.22875034984207,12.845277883010787,14.091857071430166,1.2465791884193784
04q1w,Caleb Kilian,RP,29.0,future_role_caps,31.032091517966272,22.64202311123941,5.344164035198384,4.920862136446992,-0.4233018987513919
04q1w,Caleb Kilian,RP,29.0,linear_SP,31.032091517966272,22.48370508472686,5.344164035198384,4.9128745589946305,-0.43128947620375335
04q1w,Caleb Kilian,RP,29.0,pooled_linear_SP,31.032091517966272,22.525249912383952,5.344164035198384,4.914970609178971,-0.42919342601941324
01scl,Craig Kimbrel,RP,38.0,future_role_caps,32.049943635290184,6.126279995449545,2.7412969835872714,1.5580969293009699,-1.1832000542863015
01scl,Craig Kimbrel,RP,38.0,linear_SP,32.049943635290184,6.017893556953941,2.7412969835872714,1.5531499880933697,-1.1881469954939017
01scl,Craig Kimbrel,RP,38.0,pooled_linear_SP,32.049943635290184,6.000697102938055,2.7412969835872714,1.5523651127143412,-1.1889318708729302
060o9,Juan Mejia,RP,26.0,future_role_caps,54.60797901769903,43.59617671511103,7.005457097384849,6.618323809837849,-0.38713328754699994
060o9,Juan Mejia,RP,26.0,linear_SP,54.60797901769903,43.61266121094453,7.005457097384849,6.618903342314933,-0.38655375506991607
060o9,Juan Mejia,RP,26.0,pooled_linear_SP,54.60797901769903,43.596887331550015,7.005457097384849,6.61834879242205,-0.38710830496279947
064nv,Alex Hoppe,RP,27.0,future_role_caps,40.417027535675786,27.4272652654795,4.267688092635689,3.920624138869557,-0.3470639537661322
064nv,Alex Hoppe,RP,27.0,linear_SP,40.417027535675786,27.40944604856332,4.267688092635689,3.920148040250713,-0.3475400523849759
064nv,Alex Hoppe,RP,27.0,pooled_linear_SP,40.417027535675786,27.38616840389954,4.267688092635689,3.919526101894696,-0.34816199074099297
05u4l,Daniel Palencia,RP,26.0,future_role_caps,37.85019906208714,34.18446903096791,9.138990683980518,8.871002053800563,-0.2679886301799552
05u4l,Daniel Palencia,RP,26.0,linear_SP,37.85019906208714,34.103612548884996,9.138990683980518,8.865090920768228,-0.2738997632122899
05u4l,Daniel Palencia,RP,26.0,pooled_linear_SP,37.85019906208714,34.091877649555656,9.138990683980518,8.864233023549975,-0.2747576604305433
05jrb,Victor Mederos,RP,25.0,future_role_caps,25.929757924532023,40.346011515709975,3.0947907762033737,2.979976686874342,-0.1148140893290317
05jrb,Victor Mederos,RP,25.0,linear_SP,25.929757924532023,39.007531429508646,3.0947907762033737,2.990636625062187,-0.10415415114118654
05jrb,Victor Mederos,RP,25.0,pooled_linear_SP,25.929757924532023,38.99549567717131,3.0947907762033737,2.9907324803366007,-0.10405829586677307
041x9,Graham Ashcraft,RP,28.0,future_role_caps,42.31372045981548,37.805203299340995,5.686273674950396,5.503566888874213,-0.1827067860761833
041x9,Graham Ashcraft,RP,28.0,linear_SP,42.31372045981548,37.631194184939126,5.686273674950396,5.496515203162767,-0.18975847178762884
041x9,Graham Ashcraft,RP,28.0,pooled_linear_SP,42.31372045981548,37.61029430653035,5.686273674950396,5.495668239631848,-0.190605435318548
05r0r,Enmanuel De Jesus,RP,29.0,future_role_caps,28.842499535565878,26.842171508743235,3.34464747536509,3.2811376612269947,-0.06350981413809542
05r0r,Enmanuel De Jesus,RP,29.0,linear_SP,28.842499535565878,26.450674513136352,3.34464747536509,3.2687077491859635,-0.07593972617912659
05r0r,Enmanuel De Jesus,RP,29.0,pooled_linear_SP,28.842499535565878,26.46427925813061,3.34464747536509,3.2691396957539243,-0.07550777961116584
06mi0,Bryan King,RP,29.0,future_role_caps,51.212843609562476,44.42181091748574,9.910042236025525,9.486867136148806,-0.423175099876719
06mi0,Bryan King,RP,29.0,linear_SP,51.212843609562476,44.37987026127895,9.910042236025525,9.484253654196362,-0.42578858182916335
06mi0,Bryan King,RP,29.0,pooled_linear_SP,51.212843609562476,44.43131320640702,9.910042236025525,9.487459259945826,-0.4225829760796991
06hu8,Trent Harris,RP,27.0,future_role_caps,29.144663088849132,31.104778796090038,7.865101329157782,7.9137425789939275,0.048641249836145484
06hu8,Trent Harris,RP,27.0,linear_SP,29.144663088849132,31.128758201214467,7.865101329157782,7.91433763990348,0.04923631074569812
06hu8,Trent Harris,RP,27.0,pooled_linear_SP,29.144663088849132,31.122367891888338,7.865101329157782,7.914179061187277,0.04907773202949528
05ybe,Travis Adams,RP,26.0,future_role_caps,46.23997117483734,39.092939832100825,2.0416890154772447,1.9577087659182715,-0.08398024955897321
05ybe,Travis Adams,RP,26.0,linear_SP,46.23997117483734,38.03104787179287,2.0416890154772447,1.945231144433938,-0.09645787104330661
05ybe,Travis Adams,RP,26.0,pooled_linear_SP,46.23997117483734,38.14353213590468,2.0416890154772447,1.946552875949943,-0.0951361395273016
02n0v,Hoby Milner,RP,35.0,future_role_caps,33.32117790627978,17.93897871388813,4.063838458439917,3.1942167003630164,-0.8696217580769003
02n0v,Hoby Milner,RP,35.0,linear_SP,33.32117790627978,17.931704129483773,4.063838458439917,3.1938054368759263,-0.8700330215639904
02n0v,Hoby Milner,RP,35.0,pooled_linear_SP,33.32117790627978,17.92055872080454,4.063838458439917,3.1931753390746365,-0.8706631193652803
041wc,Joel Kuhnel,RP,31.0,future_role_caps,27.899880026316808,25.840086568357236,1.8570787040379717,1.8080414185261682,-0.04903728551180353
041wc,Joel Kuhnel,RP,31.0,linear_SP,27.899880026316808,25.769050435729103,1.8570787040379717,1.8063502688121633,-0.05072843522580839
041wc,Joel Kuhnel,RP,31.0,pooled_linear_SP,27.899880026316808,25.759681647950742,1.8570787040379717,1.8061272270700839,-0.05095147696788782
060eu,Ben Joyce,RP,26.0,future_role_caps,23.197878775183014,21.800924526030133,4.192606299889343,4.114362874277878,-0.0782434256114648
060eu,Ben Joyce,RP,26.0,linear_SP,23.197878775183014,21.81704197064212,4.192606299889343,4.1152656125596145,-0.07734068732972865
060eu,Ben Joyce,RP,26.0,pooled_linear_SP,23.197878775183014,21.7564896185832,4.192606299889343,4.111874074535521,-0.08073222535382207
064ny,Zach Agnos,RP,26.0,future_role_caps,53.28133168691191,54.31761248931575,0.629903817121353,0.629903817121353,0.0
064ny,Zach Agnos,RP,26.0,linear_SP,53.28133168691191,49.82172878888345,0.629903817121353,0.629903817121353,0.0
064ny,Zach Agnos,RP,26.0,pooled_linear_SP,53.28133168691191,45.35546070773903,0.629903817121353,0.629903817121353,0.0
0421m,Raymond Burgos,RP,27.0,future_role_caps,20.39921892267939,14.535475400916333,4.348178845318162,3.9770001230807543,-0.37117872223740767
0421m,Raymond Burgos,RP,27.0,linear_SP,20.39921892267939,22.120361566993683,4.348178845318162,4.380594980018314,0.03241613470015192
0421m,Raymond Burgos,RP,27.0,pooled_linear_SP,20.39921892267939,21.60988405620284,4.348178845318162,4.370980606796048,0.022801761477886373
05t5k,Wilber Dotel,RP,24.0,future_role_caps,45.53189916203084,31.638094052991,4.171879345561443,3.900261624360303,-0.27161772120114014
05t5k,Wilber Dotel,RP,24.0,linear_SP,45.53189916203084,31.70538805887381,4.171879345561443,3.9015771922975926,-0.27030215326385054
05t5k,Wilber Dotel,RP,24.0,pooled_linear_SP,45.53189916203084,30.80720814063665,4.171879345561443,3.8840181736770214,-0.28786117188442173
0311b,Trevor Williams,RP,34.0,future_role_caps,27.057614365776562,55.879389656131885,3.3037018083905627,3.9449348560061943,0.6412330476156316
0311b,Trevor Williams,RP,34.0,linear_SP,27.057614365776562,44.171886474346124,3.3037018083905627,3.6844638104305134,0.3807620020399507
0311b,Trevor Williams,RP,34.0,pooled_linear_SP,27.057614365776562,46.34447138552345,3.3037018083905627,3.732799946208527,0.42909813781796435
05u2x,Josh Walker,RP,31.0,future_role_caps,19.311088387984938,28.541415961782345,2.375086424129722,2.3970377088089228,0.02195128467920071
05u2x,Josh Walker,RP,31.0,linear_SP,19.311088387984938,28.46113785361776,2.375086424129722,2.3968467938504077,0.021760369720685624
05u2x,Josh Walker,RP,31.0,pooled_linear_SP,19.311088387984938,28.462885995509623,2.375086424129722,2.3968509512283576,0.021764527098635522
03dbo,Jordan Montgomery,RP,33.0,future_role_caps,26.61571508355888,21.60217890905523,3.7941874335707735,3.494435740905949,-0.29975169266482427
03dbo,Jordan Montgomery,RP,33.0,linear_SP,26.61571508355888,22.438368889981344,3.7941874335707735,3.5444302664160365,-0.24975716715473695
03dbo,Jordan Montgomery,RP,33.0,pooled_linear_SP,26.61571508355888,21.76594304697137,3.7941874335707735,3.504226949312463,-0.28996048425831056
05rb4,Sam Bachman,RP,27.0,future_role_caps,33.22488800879485,29.401106197132922,2.3012722909544365,2.240092458334888,-0.06117983261954851
05rb4,Sam Bachman,RP,27.0,linear_SP,33.22488800879485,29.237156942124617,2.3012722909544365,2.237469299254807,-0.06380299169962944
05rb4,Sam Bachman,RP,27.0,pooled_linear_SP,33.22488800879485,29.150652426627175,2.3012722909544365,2.2360852423081403,-0.06518704864629621
05138,Matt Brash,RP,28.0,future_role_caps,39.56483644859813,22.913345851700154,12.750225328966238,11.12715798689743,-1.6230673420688078
05138,Matt Brash,RP,28.0,linear_SP,39.56483644859813,22.912951585692802,12.750225328966238,11.12711955668742,-1.6231057722788176
05138,Matt Brash,RP,28.0,pooled_linear_SP,39.56483644859813,22.895036022668815,12.750225328966238,11.125373276671837,-1.6248520522944006
06qxg,Tyler Davis,RP,28.0,future_role_caps,32.043128258259735,15.500123342160995,2.8692328730144334,2.4367096556531407,-0.43252321736129273
06qxg,Tyler Davis,RP,28.0,linear_SP,32.043128258259735,15.480645044203955,2.8692328730144334,2.436200388071838,-0.4330324849425953
06qxg,Tyler Davis,RP,28.0,pooled_linear_SP,32.043128258259735,15.451707865015566,2.8692328730144334,2.4354438144077784,-0.43378905860665506
04pvq,PJ Poulin,RP,30.0,future_role_caps,28.985722089686416,25.54773127094709,2.814461234648576,2.7129880819044065,-0.10147315274416924
04pvq,PJ Poulin,RP,30.0,linear_SP,28.985722089686416,25.473954757025282,2.814461234648576,2.710810549775666,-0.10365068487290996
04pvq,PJ Poulin,RP,30.0,pooled_linear_SP,28.985722089686416,25.458515070201734,2.814461234648576,2.7103548435850526,-0.10410639106352315
05u6p,Brant Hurter,RP,28.0,future_role_caps,42.20722097967522,46.97702709509824,8.072146078242985,8.23626645643061,0.16412037818762393
050vo,Dedniel Nunez,RP,30.0,future_role_caps,24.917798509856766,29.28396568266028,6.650972431343447,6.845519138880295,0.19454670753684855
050vo,Dedniel Nunez,RP,30.0,linear_SP,24.917798509856766,29.311881648080174,6.650972431343447,6.846763012269749,0.1957905809263023
050vo,Dedniel Nunez,RP,30.0,pooled_linear_SP,24.917798509856766,29.29539039085385,6.650972431343447,6.846028198491544,0.19505576714809703
041uv,Jesse Scholtens,RP,32.0,future_role_caps,37.23371077453461,27.980404260668365,3.5105592198818,3.124998862757064,-0.3855603571247359
041uv,Jesse Scholtens,RP,32.0,linear_SP,37.23371077453461,27.860802231619786,3.5105592198818,3.120015368374412,-0.39054385150738824
041uv,Jesse Scholtens,RP,32.0,pooled_linear_SP,37.23371077453461,28.162776739657545,3.5105592198818,3.132597832706177,-0.3779613871756231
04022,Tim Hill,RP,36.0,future_role_caps,42.88721608384423,29.9408565597129,2.215635034349925,1.9141518937211681,-0.3014831406287568
04022,Tim Hill,RP,36.0,linear_SP,42.88721608384423,29.978510091203557,2.215635034349925,1.9150287351921942,-0.30060629915773074
04022,Tim Hill,RP,36.0,pooled_linear_SP,42.88721608384423,29.931687470782652,2.215635034349925,1.9139383722503454,-0.30169666209957957
05142,Garrett Stallings,RP,29.0,future_role_caps,21.820816022158304,29.88019132265562,6.466546369874589,6.883619355458356,0.4170729855837667
05142,Garrett Stallings,RP,29.0,linear_SP,21.820816022158304,30.130054269653773,6.466546369874589,6.896549772693653,0.43000340281906446
05142,Garrett Stallings,RP,29.0,pooled_linear_SP,21.820816022158304,30.060774079470264,6.466546369874589,6.892964520154306,0.4264181502797175
05173,Alec Gamboa,RP,29.0,future_role_caps,30.46173307259839,37.136025413811545,4.9292711695213445,5.0115079573939845,0.08223678787264
05173,Alec Gamboa,RP,29.0,linear_SP,30.46173307259839,36.96353031308545,4.9292711695213445,5.009382572067379,0.08011140254603433
05173,Alec Gamboa,RP,29.0,pooled_linear_SP,30.46173307259839,36.82224017510165,4.9292711695213445,5.007641676327149,0.07837050680580493
06rjn,Jack Sinclair,RP,27.0,future_role_caps,20.631353607632676,18.763318169819595,4.723578691721644,4.5956579152217705,-0.12792077649987377
06rjn,Jack Sinclair,RP,27.0,linear_SP,20.631353607632676,18.811343035796156,4.723578691721644,4.598946599163557,-0.12463209255808749
06rjn,Jack Sinclair,RP,27.0,pooled_linear_SP,20.631353607632676,18.792299960044105,4.723578691721644,4.597642552683583,-0.12593613903806133
03di6,Jordan Romano,RP,33.0,future_role_caps,35.01927671006406,14.86955026862615,4.709811975146702,3.4625183942829185,-1.2472935808637837
03di6,Jordan Romano,RP,33.0,linear_SP,35.01927671006406,14.759699463662466,4.709811975146702,3.455718490359551,-1.2540934847871514
03di6,Jordan Romano,RP,33.0,pooled_linear_SP,35.01927671006406,14.753731729687267,4.709811975146702,3.455349080069977,-1.2544628950767254
051jg,Alex McFarlane,RP,25.0,future_role_caps,29.34824583025224,23.735985618468167,5.3398188535940605,5.0102950458669495,-0.329523807727111
051jg,Alex McFarlane,RP,25.0,linear_SP,29.34824583025224,23.755918354050543,5.3398188535940605,5.011465396256928,-0.3283534573371325
051jg,Alex McFarlane,RP,25.0,pooled_linear_SP,29.34824583025224,23.735722658795353,5.3398188535940605,5.010279606192133,-0.32953924740192786
03dbu,Sam Hentges,RP,30.0,future_role_caps,32.77419282808376,28.624223299707044,4.723059030120139,4.528867626673367,-0.194191403446772
03dbu,Sam Hentges,RP,30.0,linear_SP,32.77419282808376,28.597350367766563,4.723059030120139,4.527610149399723,-0.19544888072041644
03dbu,Sam Hentges,RP,30.0,pooled_linear_SP,32.77419282808376,28.58331977584094,4.723059030120139,4.526953609558021,-0.19610542056211866
046yd,Dennis Santana,RP,30.0,future_role_caps,55.969172131823726,37.08122852107871,8.822423797678375,7.702425702759712,-1.1199980949186639
046yd,Dennis Santana,RP,30.0,linear_SP,55.969172131823726,37.033470669232955,8.822423797678375,7.699593806170703,-1.1228299915076727
046yd,Dennis Santana,RP,30.0,pooled_linear_SP,55.969172131823726,37.022206565594075,8.822423797678375,7.698925878794569,-1.1234979188838068
05r9n,Ray Kerr,RP,32.0,future_role_caps,23.705842391304344,19.54910082956686,3.4218301713065435,3.1692840191524425,-0.25254615215410103
05r9n,Ray Kerr,RP,32.0,linear_SP,23.705842391304344,19.58630061198683,3.4218301713065435,3.1715441216321376,-0.25028604967440593
05r9n,Ray Kerr,RP,32.0,pooled_linear_SP,23.705842391304344,19.567795711027394,3.4218301713065435,3.1704198416007983,-0.2514103297057453
03qln,Jimmy Herget,RP,33.0,future_role_caps,44.91166632911703,34.83181881045082,4.0795630691226075,3.7007047000875697,-0.3788583690350378
03qln,Jimmy Herget,RP,33.0,linear_SP,44.91166632911703,34.63941423073796,4.0795630691226075,3.6934730346154585,-0.38609003450714896
03qln,Jimmy Herget,RP,33.0,pooled_linear_SP,44.91166632911703,34.69748048548962,4.0795630691226075,3.695655496853151,-0.3839075722694565
0429h,Bryse Wilson,RP,28.0,future_role_caps,55.049414705543775,32.9981082469985,3.9047874054016103,3.4112486315991863,-0.49353877380242395
0429h,Bryse Wilson,RP,28.0,linear_SP,55.049414705543775,35.71605362626216,3.9047874054016103,3.4720800128266665,-0.43270739257494384
0429h,Bryse Wilson,RP,28.0,pooled_linear_SP,55.049414705543775,35.9676928468854,3.9047874054016103,3.4777120470383562,-0.42707535836325405
066n1,Justin Sterner,RP,30.0,future_role_caps,42.639821648648066,26.495757408870226,6.514522080804325,5.581895254843244,-0.9326268259610817
066n1,Justin Sterner,RP,30.0,linear_SP,42.639821648648066,26.39462027456324,6.514522080804325,5.576052661357824,-0.9384694194465011
066n1,Justin Sterner,RP,30.0,pooled_linear_SP,42.639821648648066,26.433128648529348,6.514522080804325,5.5782772525172435,-0.9362448282870819
02bve,Blake Treinen,RP,38.0,future_role_caps,25.6804931994701,6.997647239150347,2.4822732295114314,1.498410941657221,-0.9838622878542103
02bve,Blake Treinen,RP,38.0,linear_SP,25.6804931994701,6.875727704568735,2.4822732295114314,1.491990504830715,-0.9902827246807164
02bve,Blake Treinen,RP,38.0,pooled_linear_SP,25.6804931994701,6.868057627895053,2.4822732295114314,1.4915865888962683,-0.9906866406151631
0311r,Sam Moll,RP,34.0,future_role_caps,32.98163532485084,26.362473871415272,2.1285391060420675,1.9704987783183643,-0.15804032772370324
0311r,Sam Moll,RP,34.0,linear_SP,32.98163532485084,26.31565596572975,2.1285391060420675,1.9693809453103723,-0.1591581607316952
0311r,Sam Moll,RP,34.0,pooled_linear_SP,32.98163532485084,26.340755887728395,2.1285391060420675,1.9699802357078662,-0.15855887033420135
03d7c,Scott Blewett,RP,30.0,future_role_caps,32.3680690012178,17.773063527483433,2.3184418623333145,2.0222077154621876,-0.2962341468711269
03d7c,Scott Blewett,RP,30.0,linear_SP,32.3680690012178,17.473374975350435,2.3184418623333145,2.0161249508665913,-0.30231691146672324
03d7c,Scott Blewett,RP,30.0,pooled_linear_SP,32.3680690012178,16.92785277838935,2.3184418623333145,2.0050525122226426,-0.3133893501106719
06308,William Kempner,RP,25.0,future_role_caps,24.184331607920466,20.204120615043255,4.364137727914372,4.1381991136497085,-0.22593861426466333
06308,William Kempner,RP,25.0,linear_SP,24.184331607920466,20.220212056451107,4.364137727914372,4.139112552153275,-0.22502517576109682
06308,William Kempner,RP,25.0,pooled_linear_SP,24.184331607920466,20.182231627718515,4.364137727914372,4.136956574630381,-0.2271811532839907
05xud,Brett Kerry,RP,27.0,future_role_caps,22.472069171138934,25.833600370375304,4.179433759254165,4.238412836629501,0.05897907737533625
05xud,Brett Kerry,RP,27.0,linear_SP,22.472069171138934,29.863426118026187,4.179433759254165,4.309117343145406,0.12968358389124113
05xud,Brett Kerry,RP,27.0,pooled_linear_SP,22.472069171138934,30.51869793660536,4.179433759254165,4.320614284568601,0.1411805253144358
03mle,Joe Mantiply,RP,35.0,future_role_caps,21.44868777031776,15.647077581824867,1.7862954788852843,1.568367585798506,-0.2179278930867783
03mle,Joe Mantiply,RP,35.0,linear_SP,21.44868777031776,15.651104272530416,1.7862954788852843,1.5685188417762534,-0.21777663710903084
03mle,Joe Mantiply,RP,35.0,pooled_linear_SP,21.44868777031776,15.649194006078318,1.7862954788852843,1.5684470857758301,-0.21784839310945414
041w0,Richard Lovelady,RP,31.0,future_role_caps,26.753799240350965,16.3137966629304,1.1581886676188158,1.0185112719983145,-0.1396773956205013
041w0,Richard Lovelady,RP,31.0,linear_SP,26.753799240350965,16.264578113355274,1.1581886676188158,1.0178527741895365,-0.14033589342927932
041w0,Richard Lovelady,RP,31.0,pooled_linear_SP,26.753799240350965,16.24742924002767,1.1581886676188158,1.0176233384258515,-0.14056532919296427
04paj,Cole Winn,RP,26.0,future_role_caps,40.655853011295356,30.269280706260712,6.078457559082111,5.641867193070012,-0.43659036601209866
04paj,Cole Winn,RP,26.0,linear_SP,40.655853011295356,30.18625643165211,6.078457559082111,5.638377341232974,-0.440080217849137
04paj,Cole Winn,RP,26.0,pooled_linear_SP,40.655853011295356,30.163410206493598,6.078457559082111,5.637417020396512,-0.44104053868559845
03nqc,Jose Suarez,RP,28.0,future_role_caps,43.18120395999004,41.7128724265783,4.212993402719291,4.165470516744838,-0.047522885974452755
03nqc,Jose Suarez,RP,28.0,linear_SP,43.18120395999004,40.11674674367379,4.212993402719291,4.113811543887859,-0.09918185883143149
03nqc,Jose Suarez,RP,28.0,pooled_linear_SP,43.18120395999004,39.391491394809236,4.212993402719291,4.0903384886124154,-0.12265491410687535
05191,Brendan Cellucci,RP,28.0,future_role_caps,18.34890965732087,24.90934143378897,4.823174706354986,5.0699493160871265,0.2467746097321406
05191,Brendan Cellucci,RP,28.0,linear_SP,18.34890965732087,24.936510039614525,4.823174706354986,5.070971279629772,0.247796573274786
05191,Brendan Cellucci,RP,28.0,pooled_linear_SP,18.34890965732087,24.91803882696742,4.823174706354986,5.07027647379266,0.2471017674376741
051dw,Brandon Eisert,RP,28.0,future_role_caps,41.533501640588405,38.93982185879071,5.068942177790521,4.976638135192303,-0.09230404259821778
051dw,Brandon Eisert,RP,28.0,linear_SP,41.533501640588405,38.78626010983223,5.068942177790521,4.97117316981115,-0.09776900797937049
051dw,Brandon Eisert,RP,28.0,pooled_linear_SP,41.533501640588405,38.84453718593776,5.068942177790521,4.973247138137194,-0.09569503965332693
0429q,Michael Rucker,RP,32.0,future_role_caps,35.32505845509156,22.687638132417447,2.621561509499578,2.2930762779750093,-0.32848523152456854
0429q,Michael Rucker,RP,32.0,linear_SP,35.32505845509156,22.40420116879618,2.621561509499578,2.285708883820151,-0.335852625679427
0429q,Michael Rucker,RP,32.0,pooled_linear_SP,35.32505845509156,22.37673501859471,2.621561509499578,2.2849949545151462,-0.33656655498443167
04px6,Cooper Criswell,RP,30.0,future_role_caps,29.33506242148693,24.616402984880143,2.0305514911871927,1.9450540217191858,-0.08549746946800685
04px6,Cooper Criswell,RP,30.0,linear_SP,29.33506242148693,23.99817914946065,2.0305514911871927,1.9338524136770563,-0.0966990775101364
04px6,Cooper Criswell,RP,30.0,pooled_linear_SP,29.33506242148693,24.073410273094975,2.0305514911871927,1.9352155276678793,-0.0953359635193134
05acp,Justin Martinez,RP,25.0,future_role_caps,35.82674507318333,27.696942473389765,5.288370454392367,4.905123666621333,-0.38324678777103394
05acp,Justin Martinez,RP,25.0,linear_SP,35.82674507318333,27.621947664031154,5.288370454392367,4.901588338495787,-0.3867821158965796
05acp,Justin Martinez,RP,25.0,pooled_linear_SP,35.82674507318333,27.6045427838716,5.288370454392367,4.900767855546686,-0.3876025988456808
041sz,Tobias Myers,RP,28.0,future_role_caps,44.65328860164126,50.96469111612021,3.0452084411821407,2.9846753864268876,-0.06053305475525317
041sz,Tobias Myers,RP,28.0,linear_SP,44.65328860164126,53.96829369007636,3.0452084411821407,2.9558676469973078,-0.08934079418483298
041sz,Tobias Myers,RP,28.0,pooled_linear_SP,44.65328860164126,52.14410784323009,3.0452084411821407,2.97336352711232,-0.07184491406982074
04q5s,Ryan Fernandez,RP,28.0,future_role_caps,35.322327579853436,30.097629031794327,3.585144003152426,3.433648301413239,-0.15149570173918692
04q5s,Ryan Fernandez,RP,28.0,linear_SP,35.322327579853436,30.103155676584,3.585144003152426,3.4338085523680024,-0.15133545078442356
04q5s,Ryan Fernandez,RP,28.0,pooled_linear_SP,35.322327579853436,30.055904598770944,3.585144003152426,3.432438457016974,-0.15270554613545206
02hdy,Pierce Johnson,RP,35.0,future_role_caps,31.508231631328613,28.946557261862882,3.941375901738524,3.7945063651210336,-0.14686953661749058
02hdy,Pierce Johnson,RP,35.0,linear_SP,31.508231631328613,28.868184074206596,3.941375901738524,3.7900129627231656,-0.15136293901535858
02hdy,Pierce Johnson,RP,35.0,pooled_linear_SP,31.508231631328613,28.967994084123067,3.941375901738524,3.795735411322,-0.14564049041652405
04ya2,Daniel Espino,RP,25.0,future_role_caps,26.508093007969762,24.024992737182295,4.792765227574558,4.651083769995324,-0.14168145757923334
04ya2,Daniel Espino,RP,25.0,linear_SP,26.508093007969762,24.19489409229433,4.792765227574558,4.660778050939253,-0.13198717663530424
04ya2,Daniel Espino,RP,25.0,pooled_linear_SP,26.508093007969762,24.18275057805472,4.792765227574558,4.660085162771247,-0.13268006480331085
05r1t,Kervin Castro,RP,27.0,future_role_caps,17.41010137149672,12.534564316170336,3.711143898742207,3.4008941148360137,-0.3102497839061935
05r1t,Kervin Castro,RP,27.0,linear_SP,17.41010137149672,12.567524382822274,3.711143898742207,3.4029914947636524,-0.3081524039785548
05r1t,Kervin Castro,RP,27.0,pooled_linear_SP,17.41010137149672,12.477564169012851,3.711143898742207,3.39726696912108,-0.31387692962112723
061bn,Austin Peterson,RP,27.0,future_role_caps,17.87028026237328,35.55825868770649,5.5201568437040125,6.772649788843836,1.2524929451398235
061bn,Austin Peterson,RP,27.0,linear_SP,17.87028026237328,42.64128611214034,5.5201568437040125,7.2742018410913305,1.754044997387318
061bn,Austin Peterson,RP,27.0,pooled_linear_SP,17.87028026237328,43.189025163503715,5.5201568437040125,7.312987466057247,1.7928306223532342
06ckl,Luis De Leon,RP,23.0,future_role_caps,26.2434227330779,38.20450068666547,6.038571325012179,6.322066834232399,0.28349550922022004
06ckl,Luis De Leon,RP,23.0,linear_SP,26.2434227330779,41.080023154502754,6.038571325012179,6.390221034836804,0.35164970982462496
06ckl,Luis De Leon,RP,23.0,pooled_linear_SP,26.2434227330779,39.58393444529637,6.038571325012179,6.3547614857810375,0.3161901607688584
05gwu,Dax Fulton,RP,24.0,future_role_caps,35.36779100063376,23.55464889948093,2.7459545730812223,2.5638801307871515,-0.18207444229407077
05gwu,Dax Fulton,RP,24.0,linear_SP,35.36779100063376,24.921168240509218,2.7459545730812223,2.5849421179173584,-0.16101245516386387
05gwu,Dax Fulton,RP,24.0,pooled_linear_SP,35.36779100063376,24.079604871588604,2.7459545730812223,2.571971209776298,-0.17398336330492414
060pi,Alimber Santa,RP,23.0,future_role_caps,26.721809476638594,16.752659394600723,5.14530319323786,4.629053478445284,-0.5162497147925755
060pi,Alimber Santa,RP,23.0,linear_SP,26.721809476638594,16.681863151377225,5.14530319323786,4.625387314321788,-0.5199158789160716
060pi,Alimber Santa,RP,23.0,pooled_linear_SP,26.721809476638594,16.542002388994657,5.14530319323786,4.618144662932602,-0.5271585303052575
05a1s,Eddy Yean,RP,25.0,future_role_caps,23.151548763454112,25.729504680749415,3.944942421243005,3.968873738454625,0.023931317211619785
05a1s,Eddy Yean,RP,25.0,linear_SP,23.151548763454112,25.935477960938883,3.944942421243005,3.97078580059357,0.0258433793505648
05a1s,Eddy Yean,RP,25.0,pooled_linear_SP,23.151548763454112,25.796779899340766,3.944942421243005,3.96949825828671,0.024555837043704898
04ejp,James Karinchak,RP,31.0,future_role_caps,20.95622988505747,12.529153599597006,3.033751902786201,2.5673373413183973,-0.4664145614678037
04ejp,James Karinchak,RP,31.0,linear_SP,20.95622988505747,12.470268024473352,3.033751902786201,2.5640781932143906,-0.4696737095718104
04ejp,James Karinchak,RP,31.0,pooled_linear_SP,20.95622988505747,12.379259789310735,3.033751902786201,2.5590411477842254,-0.47471075500197557
050ih,Jhony Brito,RP,28.0,future_role_caps,24.485241063254776,15.66661795361698,3.4638214749510383,3.0838120521149333,-0.38000942283610506
050ih,Jhony Brito,RP,28.0,linear_SP,24.485241063254776,16.471263257020265,3.4638214749510383,3.1184855826119886,-0.3453358923390497
050ih,Jhony Brito,RP,28.0,pooled_linear_SP,24.485241063254776,16.148186257323747,3.4638214749510383,3.1045636468789466,-0.3592578280720917
04ehi,Tyler Zuber,RP,31.0,future_role_caps,23.4511491565291,28.280437183793214,2.4539979845488378,2.395271110153006,-0.058726874395831796
04ehi,Tyler Zuber,RP,31.0,linear_SP,23.4511491565291,28.164410261307957,2.4539979845488378,2.3966820631682033,-0.05731592138063446
04ehi,Tyler Zuber,RP,31.0,pooled_linear_SP,23.4511491565291,28.126398673965433,2.4539979845488378,2.3971443055738857,-0.05685367897495208
06l4y,Logan VanWey,RP,27.0,future_role_caps,18.162857717115244,16.579567424318125,3.322524529985799,3.2408456606831972,-0.0816788693026016
06l4y,Logan VanWey,RP,27.0,linear_SP,18.162857717115244,16.658480340517666,3.322524529985799,3.244916624673738,-0.07760790531206085
06l4y,Logan VanWey,RP,27.0,pooled_linear_SP,18.162857717115244,16.627325612758334,3.322524529985799,3.243309412813481,-0.07921511717231766
01sha,Anthony Gose,RP,36.0,future_role_caps,13.53621598084041,16.69604973523271,1.3085628479334814,1.3305218326545367,0.021958984721055286
01sha,Anthony Gose,RP,36.0,linear_SP,13.53621598084041,16.717988678988117,1.3085628479334814,1.3306742954004176,0.022111447466936163
01sha,Anthony Gose,RP,36.0,pooled_linear_SP,13.53621598084041,16.698761512724385,1.3085628479334814,1.330540677911957,0.021977829978475638
04enz,Robert Garcia,RP,30.0,future_role_caps,44.4073519251789,18.08982706650124,8.038877113178682,6.254413848468874,-1.7844632647098075
04enz,Robert Garcia,RP,30.0,linear_SP,44.4073519251789,18.086732407209464,8.038877113178682,6.254204014685011,-1.7846730984936707
04enz,Robert Garcia,RP,30.0,pooled_linear_SP,44.4073519251789,18.086668041618413,8.038877113178682,6.254199650367569,-1.7846774628111124
04yij,Riley Cornelio,RP,26.0,future_role_caps,35.43395648469881,21.695478992376884,2.279829308997593,2.1104985648965267,-0.16933074410106652
04yij,Riley Cornelio,RP,26.0,linear_SP,35.43395648469881,21.575147720066216,2.279829308997593,2.109015446851577,-0.17081386214601624
04yij,Riley Cornelio,RP,26.0,pooled_linear_SP,35.43395648469881,21.103547809127235,2.279829308997593,2.1032028403322656,-0.1766264686653276
051fp,Jack Weisenburger,RP,28.0,future_role_caps,21.012461059190027,22.066545936830074,3.8424548067441595,3.859875039035754,0.017420232291594395
051fp,Jack Weisenburger,RP,28.0,linear_SP,21.012461059190027,22.281471232521866,3.8424548067441595,3.8634269812519006,0.020972174507741137
051fp,Jack Weisenburger,RP,28.0,pooled_linear_SP,21.012461059190027,22.312849291546573,3.8424548067441595,3.863945547724739,0.02149074098057957
03ql5,Ryan Helsley,RP,32.0,future_role_caps,40.86766304347826,20.55069948315776,10.644856693337928,8.458102499555908,-2.1867541937820203
03ql5,Ryan Helsley,RP,32.0,linear_SP,40.86766304347826,20.499515266067377,10.644856693337928,8.452593442996076,-2.1922632503418527
03ql5,Ryan Helsley,RP,32.0,pooled_linear_SP,40.86766304347826,20.48271116540076,10.644856693337928,8.45078478504892,-2.1940719082890077
03duu,Ryan Thompson,RP,34.0,future_role_caps,33.326018231947536,24.15636538887061,3.801672946673807,3.368712598757247,-0.43296034791656
03duu,Ryan Thompson,RP,34.0,linear_SP,33.326018231947536,24.174136782081973,3.801672946673807,3.369551704524873,-0.43212124214893377
03duu,Ryan Thompson,RP,34.0,pooled_linear_SP,33.326018231947536,24.138105206260043,3.801672946673807,3.3678504139884886,-0.43382253268531823
041am,Lucas Erceg,RP,31.0,future_role_caps,46.371914879501084,37.82603148854338,5.813224574889745,5.407506009726009,-0.4057185651637356
041am,Lucas Erceg,RP,31.0,linear_SP,46.371914879501084,37.81865457597543,5.813224574889745,5.407155788426997,-0.4060687864627477
041am,Lucas Erceg,RP,31.0,pooled_linear_SP,46.371914879501084,37.816358324146464,5.813224574889745,5.407046773132183,-0.40617780175756124
065uw,Tyler Schweitzer,RP,26.0,future_role_caps,39.45869099849516,32.51233731238011,1.601820661186078,1.5331810404516242,-0.06863962073445373
065uw,Tyler Schweitzer,RP,26.0,linear_SP,39.45869099849516,31.50097042890941,1.601820661186078,1.5231873311702244,-0.07863333001585349
065uw,Tyler Schweitzer,RP,26.0,pooled_linear_SP,39.45869099849516,30.246118424256927,1.601820661186078,1.510787650766765,-0.09103301041931289
04pxp,Victor Vodnik,RP,26.0,future_role_caps,49.043025531839255,30.669934370377177,6.066911667551178,5.439604810692139,-0.6273068568590388
04pxp,Victor Vodnik,RP,26.0,linear_SP,49.043025531839255,30.602869631425087,6.066911667551178,5.437315039731533,-0.6295966278196454
04pxp,Victor Vodnik,RP,26.0,pooled_linear_SP,49.043025531839255,30.612493689718672,6.066911667551178,5.437643631023293,-0.6292680365278853
04w53,Jaden Hill,RP,26.0,future_role_caps,33.163842730948666,23.60005105600434,3.7976641623587817,3.495420215052404,-0.3022439473063776
04w53,Jaden Hill,RP,26.0,linear_SP,33.163842730948666,23.57159879958404,3.7976641623587817,3.4945210400617177,-0.30314312229706397
04w53,Jaden Hill,RP,26.0,pooled_linear_SP,33.163842730948666,23.575462178703866,3.7976641623587817,3.494643134205422,-0.30302102815335985
05xy1,Wyatt Olds,RP,27.0,future_role_caps,23.852605843768632,26.123672297660473,4.012365827430985,4.035556304174341,0.023190476743356392
05xy1,Wyatt Olds,RP,27.0,linear_SP,23.852605843768632,26.157548516534618,4.012365827430985,4.035902223451432,0.02353639602044666
05xy1,Wyatt Olds,RP,27.0,pooled_linear_SP,23.852605843768632,26.148316910721206,4.012365827430985,4.035807957015699,0.02344212958471381
02buh,Scott Barlow,RP,33.0,future_role_caps,44.74903565137874,12.051939387391892,3.5143898021222464,2.464466935959482,-1.0499228661627642
02buh,Scott Barlow,RP,33.0,linear_SP,44.74903565137874,12.008582527402327,3.5143898021222464,2.4630747218515223,-1.051315080270724
02buh,Scott Barlow,RP,33.0,pooled_linear_SP,44.74903565137874,11.999578860297376,3.5143898021222464,2.4627856088398805,-1.0516041932823659
03djb,Jalen Beeks,RP,33.0,future_role_caps,41.08306912402802,16.053684137307393,4.18379437606703,3.1258624792535596,-1.05793189681347
03djb,Jalen Beeks,RP,33.0,linear_SP,41.08306912402802,15.98449897714006,4.18379437606703,3.122938188953738,-1.0608561871132918
03djb,Jalen Beeks,RP,33.0,pooled_linear_SP,41.08306912402802,15.97918114342146,4.18379437606703,3.1227134169141593,-1.0610809591528705
066d2,Cade Gibson,RP,28.0,future_role_caps,44.63090038975776,32.894786537429155,2.8772996289158774,2.6783840275663024,-0.19891560134957498
066d2,Cade Gibson,RP,28.0,linear_SP,44.63090038975776,32.74009433675919,2.8772996289158774,2.6757621467199226,-0.2015374821959548
066d2,Cade Gibson,RP,28.0,pooled_linear_SP,44.63090038975776,32.709515204612636,2.8772996289158774,2.6752438604680835,-0.20205576844779394
03poq,Tony Santillan,RP,29.0,future_role_caps,43.89101279885556,29.622257393914275,6.993308852950886,6.24423309537163,-0.7490757575792557
03poq,Tony Santillan,RP,29.0,linear_SP,43.89101279885556,29.586600069642945,6.993308852950886,6.242361170565734,-0.750947682385152
03poq,Tony Santillan,RP,29.0,pooled_linear_SP,43.89101279885556,29.587057114581594,6.993308852950886,6.24238516433912,-0.7509236886117661
05yj3,Josh Ekness,RP,24.0,future_role_caps,26.399565870763066,19.115361229926076,3.0646766140755064,2.9187572119249308,-0.14591940215057564
05yj3,Josh Ekness,RP,24.0,linear_SP,26.399565870763066,19.02175595298737,3.0646766140755064,2.9168820825563153,-0.14779453151919109
05yj3,Josh Ekness,RP,24.0,pooled_linear_SP,26.399565870763066,18.925650551582827,3.0646766140755064,2.9149568699342296,-0.14971974414127676
06ak0,Blas Castano,RP,28.0,future_role_caps,20.518796191227985,18.90787192621862,1.9065659043087497,1.8636028315013142,-0.0429630728074355
06ak0,Blas Castano,RP,28.0,linear_SP,20.518796191227985,18.99444053064941,1.9065659043087497,1.8659116012776364,-0.04065430303111328
06ak0,Blas Castano,RP,28.0,pooled_linear_SP,20.518796191227985,19.055216820713486,1.9065659043087497,1.867532494470262,-0.03903340983848769
05j8o,Angel Chivilli,RP,24.0,future_role_caps,28.816566482996606,16.680242606845255,3.2749139502084224,3.0224513932604977,-0.25246255694792463
05j8o,Angel Chivilli,RP,24.0,linear_SP,28.816566482996606,16.529094883435313,3.2749139502084224,3.0193071840981243,-0.2556067661102981
05j8o,Angel Chivilli,RP,24.0,pooled_linear_SP,28.816566482996606,16.437995635637876,3.2749139502084224,3.017412116920478,-0.2575018332879444
06683,Cade Winquest,RP,26.0,future_role_caps,22.848609609800555,19.534130639095412,3.517830035102337,3.373614119407492,-0.14421591569484526
06683,Cade Winquest,RP,26.0,linear_SP,22.848609609800555,19.597606332082172,3.517830035102337,3.376376003030638,-0.14145403207169904
06683,Cade Winquest,RP,26.0,pooled_linear_SP,22.848609609800555,19.580761772301,3.517830035102337,3.3756430813151,-0.1421869537872369
03dv0,Zach Pop,RP,30.0,future_role_caps,20.452691283753417,9.479560244108354,1.5952654564528288,1.3478687172026456,-0.24739673925018324
03dv0,Zach Pop,RP,30.0,linear_SP,20.452691283753417,9.384545991188606,1.5952654564528288,1.3457265559298321,-0.24953890052299665
03dv0,Zach Pop,RP,30.0,pooled_linear_SP,20.452691283753417,9.292588827145407,1.5952654564528288,1.343653318815212,-0.2516121376376168
05rgq,Kendry Rojas,RP,23.0,future_role_caps,25.21098198914051,26.31244833680137,2.1320572278603147,2.114007461447004,-0.018049766413310575
05rgq,Kendry Rojas,RP,23.0,pooled_linear_SP,25.21098198914051,24.180176057318594,2.1320572278603147,2.1165137090695074,-0.015543518790807287
066a8,David Morgan,RP,26.0,future_role_caps,40.27593819546005,25.879104058459042,1.8042944400931384,1.6615561741680567,-0.14273826592508176
066a8,David Morgan,RP,26.0,linear_SP,40.27593819546005,25.739068404186156,1.8042944400931384,1.6601677823682779,-0.14412665772486055
066a8,David Morgan,RP,26.0,pooled_linear_SP,40.27593819546005,25.704239900820593,1.8042944400931384,1.6598224731059872,-0.14447196698715126
0630h,Mason Barnett,RP,25.0,future_role_caps,43.94622904171419,42.7276609191602,0.5607553941713458,0.5607553941713458,0.0
0630h,Mason Barnett,RP,25.0,linear_SP,43.94622904171419,37.54419955322756,0.5607553941713458,0.5607553941713458,0.0
0630h,Mason Barnett,RP,25.0,pooled_linear_SP,43.94622904171419,40.472241415906524,0.5607553941713458,0.5607553941713458,0.0
04erc,Ron Marinaccio,RP,31.0,future_role_caps,21.06316973518711,23.10117016646134,2.2952715851422383,2.3070933753840444,0.011821790241806074
04erc,Ron Marinaccio,RP,31.0,linear_SP,21.06316973518711,23.021444008952923,2.2952715851422383,2.306630909382376,0.011359324240137525
04erc,Ron Marinaccio,RP,31.0,pooled_linear_SP,21.06316973518711,22.990960684072903,2.2952715851422383,2.3064540853409903,0.011182500198751999
05r1z,Zack Kelly,RP,31.0,future_role_caps,30.426554875520395,16.245462071574654,3.0431748482365544,2.514131296901063,-0.5290435513354912
05r1z,Zack Kelly,RP,31.0,linear_SP,30.426554875520395,16.250083696209465,3.0431748482365544,2.5143037124365613,-0.5288711357999931
05r1z,Zack Kelly,RP,31.0,pooled_linear_SP,30.426554875520395,16.248895990755464,3.0431748482365544,2.5142594035867414,-0.528915444649813
04pqs,Jake Bird,RP,30.0,future_role_caps,44.73480324605727,15.59539503318942,2.890098582826378,2.3911863320824267,-0.4989122507439512
04pqs,Jake Bird,RP,30.0,linear_SP,44.73480324605727,15.530390094302133,2.890098582826378,2.3900733458428705,-0.5000252369835074
04pqs,Jake Bird,RP,30.0,pooled_linear_SP,44.73480324605727,15.540114816269426,2.890098582826378,2.39023984829512,-0.49985873453125773
03qlm,Tyler Ferguson,RP,33.0,future_role_caps,36.2733058702041,16.98512100215333,4.8052445666089385,3.7398906121689217,-1.0653539544400168
03qlm,Tyler Ferguson,RP,33.0,linear_SP,36.2733058702041,16.97143046222962,4.8052445666089385,3.739134435735217,-1.0661101308737213
03qlm,Tyler Ferguson,RP,33.0,pooled_linear_SP,36.2733058702041,16.961342317235236,4.8052445666089385,3.7385772321810076,-1.066667334427931
05yfp,Erik Tolman,RP,27.0,future_role_caps,23.622516398330347,17.174976136460185,4.039670517056189,3.7139246242189747,-0.32574589283721433
05yfp,Erik Tolman,RP,27.0,linear_SP,23.622516398330347,17.171042959766105,4.039670517056189,3.713725910275074,-0.3259446067811149
05yfp,Erik Tolman,RP,27.0,pooled_linear_SP,23.622516398330347,17.153291300216427,4.039670517056189,3.712829051945464,-0.326841465110725
05l9f,Landon Knack,RP,29.0,future_role_caps,17.93785138108042,11.288245060307347,3.347338356216691,2.9674429564651126,-0.3798953997515784
05l9f,Landon Knack,RP,29.0,linear_SP,17.93785138108042,11.126935016132785,3.347338356216691,2.958227231389148,-0.3891111248275432
05l9f,Landon Knack,RP,29.0,pooled_linear_SP,17.93785138108042,11.094187871739484,3.347338356216691,2.9563563703321334,-0.39098198588455757
05gsw,Yerry De Los Santos,RP,28.0,future_role_caps,27.65293983422961,13.553822687403736,2.0888469756749757,1.7931343950474017,-0.295712580627574
05gsw,Yerry De Los Santos,RP,28.0,linear_SP,27.65293983422961,13.57891515348893,2.0888469756749757,1.7936606803334305,-0.29518629534154517
05gsw,Yerry De Los Santos,RP,28.0,pooled_linear_SP,27.65293983422961,13.544758120733492,2.0888469756749757,1.7929442763063193,-0.29590269936865643
04j1w,Reiver Sanmartin,RP,30.0,future_role_caps,17.120888328492896,13.932255096829834,1.9402353792284064,1.8261676720808393,-0.11406770714756709
04j1w,Reiver Sanmartin,RP,30.0,linear_SP,17.120888328492896,14.016208720605258,1.9402353792284064,1.8291709642988652,-0.11106441492954122
04j1w,Reiver Sanmartin,RP,30.0,pooled_linear_SP,17.120888328492896,14.028369979223537,1.9402353792284064,1.8296060117896966,-0.11062936743870977
03zo6,Cionel Perez,RP,30.0,future_role_caps,27.465106283578606,28.69484311183817,2.487098137021202,2.4654944525054416,-0.021603684515760335
03zo6,Cionel Perez,RP,30.0,linear_SP,27.465106283578606,28.626692907881587,2.487098137021202,2.466691696884995,-0.02040644013620696
03zo6,Cionel Perez,RP,30.0,pooled_linear_SP,27.465106283578606,28.61844152113395,2.487098137021202,2.466836655019139,-0.02026148200206279
02bx6,Derek Law,RP,36.0,future_role_caps,34.600727243666576,14.071753399147891,3.9473981427974483,2.854034507611074,-1.0933636351863742
02bx6,Derek Law,RP,36.0,linear_SP,34.600727243666576,14.017264936252547,3.9473981427974483,2.851132477323628,-1.0962656654738203
02bx6,Derek Law,RP,36.0,pooled_linear_SP,34.600727243666576,13.941834003915483,3.9473981427974483,2.847115060817076,-1.1002830819803724
02nax,Matt Strahm,RP,34.0,future_role_caps,45.50519961547945,21.973847414067418,9.839860182283909,7.629519061420718,-2.210341120863191
02nax,Matt Strahm,RP,34.0,linear_SP,45.50519961547945,21.337129439244475,9.839860182283909,7.569711027012078,-2.270149155271831
02nax,Matt Strahm,RP,34.0,pooled_linear_SP,45.50519961547945,21.401319954691786,9.839860182283909,7.5757405545397845,-2.2641196277441242
04pta,Joey Gerber,RP,29.0,future_role_caps,12.962217550721098,10.016198718921514,2.517355509826831,2.342207093465658,-0.17514841636117318
04pta,Joey Gerber,RP,29.0,linear_SP,12.962217550721098,10.312793043530437,2.517355509826831,2.3598403908825767,-0.15751511894425452
04pta,Joey Gerber,RP,29.0,pooled_linear_SP,12.962217550721098,10.120353867225166,2.517355509826831,2.348399385614077,-0.1689561242127544
05yef,Cooper Hjerpe,RP,25.0,future_role_caps,22.500036984436946,17.891922900843866,2.4580365424885318,2.3256808679107057,-0.13235567457782604
05yef,Cooper Hjerpe,RP,25.0,linear_SP,22.500036984436946,23.762995261859746,2.4580365424885318,2.443420893476878,-0.014615649011653797
02c47,Shawn Armstrong,RP,36.0,future_role_caps,41.2278361481758,14.527675836412058,4.82606455568993,3.16635183141288,-1.6597127242770502
02c47,Shawn Armstrong,RP,36.0,linear_SP,41.2278361481758,14.468922441103242,4.82606455568993,3.1626996526750037,-1.6633649030149265
02c47,Shawn Armstrong,RP,36.0,pooled_linear_SP,41.2278361481758,14.46447571704595,4.82606455568993,3.1624232391848572,-1.663641316505073
05jqy,Mitchell Parker,RP,27.0,future_role_caps,38.447244605236705,55.27384343842607,2.340607513006362,1.844419787679416,-0.4961877253269462
05jqy,Mitchell Parker,RP,27.0,linear_SP,38.447244605236705,58.484180392907575,2.340607513006362,1.844419787679416,-0.4961877253269462
05jqy,Mitchell Parker,RP,27.0,pooled_linear_SP,38.447244605236705,57.34453275014409,2.340607513006362,1.844419787679416,-0.4961877253269462
05y5l,Franco Aleman,RP,26.0,future_role_caps,28.931174625378862,22.030719221216362,3.8343095953507023,3.5835962524694587,-0.2507133428812436
05y5l,Franco Aleman,RP,26.0,linear_SP,28.931174625378862,22.074743324692196,3.8343095953507023,3.5851957744579805,-0.24911382089272172
05y5l,Franco Aleman,RP,26.0,pooled_linear_SP,28.931174625378862,22.071628673660364,3.8343095953507023,3.5850826102497715,-0.24922698510093078
05rks,Luis Mey,RP,25.0,future_role_caps,29.04420453569808,31.103087672417743,4.748618985412446,4.741770829840172,-0.006848155572273917
05rks,Luis Mey,RP,25.0,linear_SP,29.04420453569808,30.99455953328552,4.748618985412446,4.742131810785371,-0.006487174627075376
05rks,Luis Mey,RP,25.0,pooled_linear_SP,29.04420453569808,30.98215898978461,4.748618985412446,4.7421730568617315,-0.006445928550714797
05y7j,Robby Ahlstrom,RP,27.0,future_role_caps,36.69632644484643,27.034208158172266,2.5122138560944576,2.3631329845380833,-0.14908087155637428
05y7j,Robby Ahlstrom,RP,27.0,linear_SP,36.69632644484643,26.94940992690154,2.5122138560944576,2.3618245970966143,-0.15038925899784328
05y7j,Robby Ahlstrom,RP,27.0,pooled_linear_SP,36.69632644484643,26.929876808586467,2.5122138560944576,2.361523212429584,-0.1506906436648734
05gwz,Bobby Miller,RP,27.0,future_role_caps,17.217361910504486,27.620569792868082,2.9706805321553107,2.998032449542602,0.02735191738729137
05gwz,Bobby Miller,RP,27.0,linear_SP,17.217361910504486,26.179654464442503,2.9706805321553107,2.994244022216066,0.02356349006075531
05gwz,Bobby Miller,RP,27.0,pooled_linear_SP,17.217361910504486,24.342168175793383,2.9706805321553107,2.9894129380220633,0.01873240586675262
05mrv,Eric Orze,RP,29.0,future_role_caps,30.412207691680933,25.572557456499844,1.9866228093804517,1.9213243152046835,-0.06529849417576816
05mrv,Eric Orze,RP,29.0,linear_SP,30.412207691680933,25.497973947264114,1.9866228093804517,1.920318004705625,-0.06630480467482669
05mrv,Eric Orze,RP,29.0,pooled_linear_SP,30.412207691680933,25.510682303407066,1.9866228093804517,1.920489470923069,-0.06613333845738256
04pql,Ethan Roberts,RP,29.0,future_role_caps,21.797207284282575,14.08608007843526,1.3621609450966186,1.2617264055115947,-0.10043453958502391
04pql,Ethan Roberts,RP,29.0,linear_SP,21.797207284282575,14.208570410288287,1.3621609450966186,1.2633217961405996,-0.09883914895601897
04pql,Ethan Roberts,RP,29.0,pooled_linear_SP,21.797207284282575,14.138905334187237,1.3621609450966186,1.2624144346541935,-0.09974651044242511
02bqj,Michael Fulmer,RP,33.0,future_role_caps,21.86683027595194,14.682085585615813,2.5325253283525853,2.1861218017082327,-0.3464035266443526
02bqj,Michael Fulmer,RP,33.0,linear_SP,21.86683027595194,14.609074593965646,2.5325253283525853,2.182601667579398,-0.34992366077318726
02bqj,Michael Fulmer,RP,33.0,pooled_linear_SP,21.86683027595194,14.532616687963696,2.5325253283525853,2.1789153447634266,-0.3536099835891586
06gic,Mark Manfredi,RP,26.0,future_role_caps,25.655947309298234,19.307621259750633,2.4402597052939616,2.2766082480998295,-0.1636514571941321
06gic,Mark Manfredi,RP,26.0,linear_SP,25.655947309298234,19.360683749385622,2.4402597052939616,2.2779761289684766,-0.16228357632548507
06gic,Mark Manfredi,RP,26.0,pooled_linear_SP,25.655947309298234,19.336029947242046,2.4402597052939616,2.2773405865255265,-0.16291911876843512
04o10,Joel Peguero,RP,29.0,future_role_caps,19.067609875336107,9.748117552989,3.2255893709337102,2.748000665970431,-0.4775887049632792
04o10,Joel Peguero,RP,29.0,linear_SP,19.067609875336107,9.78602150306807,3.2255893709337102,2.7499430999362646,-0.4756462709974456
04o10,Joel Peguero,RP,29.0,pooled_linear_SP,19.067609875336107,9.763736018601993,3.2255893709337102,2.748801053213386,-0.47678831772032426
03yx9,Elieser Hernandez,RP,31.0,future_role_caps,17.866723170401333,10.150256438671585,2.237609387773923,1.8431570616743596,-0.3944523260995636
03yx9,Elieser Hernandez,RP,31.0,linear_SP,17.866723170401333,11.371529877191714,2.237609387773923,1.9055864306298438,-0.33202295714407937
03yx9,Elieser Hernandez,RP,31.0,pooled_linear_SP,17.866723170401333,10.249255233801307,2.237609387773923,1.848217707482551,-0.38939168029137217
04eqd,Cam Sanders,RP,29.0,future_role_caps,20.852263016377417,17.071344373473973,1.9688832530349099,1.8819038697300559,-0.086979383304854
04eqd,Cam Sanders,RP,29.0,linear_SP,20.852263016377417,17.006840177187033,1.9688832530349099,1.8804199617850528,-0.08846329124985708
04eqd,Cam Sanders,RP,29.0,pooled_linear_SP,20.852263016377417,17.021073975321436,1.9688832530349099,1.8807474078638358,-0.08813584517107409
04ej8,Blake Weiman,RP,30.0,future_role_caps,24.808877400028873,17.83130447648992,3.4489176426280483,3.0814437167074216,-0.3674739259206268
04ej8,Blake Weiman,RP,30.0,linear_SP,24.808877400028873,17.86808099392144,3.4489176426280483,3.083380552250431,-0.36553709037761717
04ej8,Blake Weiman,RP,30.0,pooled_linear_SP,24.808877400028873,17.865349849728474,3.4489176426280483,3.0832367165227583,-0.36568092610529
04pxq,Gus Varland,RP,29.0,future_role_caps,26.569762894157908,24.32880285751061,1.8283126542902244,1.7965356070205367,-0.031777047269687664
04pxq,Gus Varland,RP,29.0,linear_SP,26.569762894157908,24.14126239915181,1.8283126542902244,1.7938762637423042,-0.03443639054792014
04pxq,Gus Varland,RP,29.0,pooled_linear_SP,26.569762894157908,24.14724607184635,1.8283126542902244,1.793961112845791,-0.03435154144443331
04n0o,Cole Wilcox,RP,27.0,future_role_caps,20.304512466356847,13.661689113091454,1.9005111625063154,1.7236055762120264,-0.17690558629428899
04n0o,Cole Wilcox,RP,27.0,linear_SP,20.304512466356847,13.748379672366386,1.9005111625063154,1.7259142397725553,-0.17459692273376004
04n0o,Cole Wilcox,RP,27.0,pooled_linear_SP,20.304512466356847,13.759325598537153,1.9005111625063154,1.726205741651168,-0.17430542085514733
0514j,Gavin Hollowell,RP,28.0,future_role_caps,18.2096120512441,10.133011670475092,1.8234848504593804,1.586403333260504,-0.23708151719887627
0514j,Gavin Hollowell,RP,28.0,linear_SP,18.2096120512441,10.181173219653477,1.8234848504593804,1.5878170732762966,-0.23566777718308374
0514j,Gavin Hollowell,RP,28.0,pooled_linear_SP,18.2096120512441,10.175106211573373,1.8234848504593804,1.5876389815777259,-0.23584586888165449
05t6u,Beau Brieske,RP,28.0,future_role_caps,34.88803032545595,27.59361537024696,3.7716645370607917,3.541225552310212,-0.23043898475057967
05t6u,Beau Brieske,RP,28.0,linear_SP,34.88803032545595,27.640281454250154,3.7716645370607917,3.5426997877473254,-0.22896474931346633
05t6u,Beau Brieske,RP,28.0,pooled_linear_SP,34.88803032545595,27.571156935517745,3.7716645370607917,3.5405160644445135,-0.23114847261627824
04rhl,Carlos Vargas,RP,26.0,future_role_caps,41.33349869827544,19.646303556447187,5.333555857162627,4.5505022071126735,-0.7830536500499532
04rhl,Carlos Vargas,RP,26.0,linear_SP,41.33349869827544,19.715970550259897,5.333555857162627,4.553017654289511,-0.7805382028731156
04rhl,Carlos Vargas,RP,26.0,pooled_linear_SP,41.33349869827544,19.708374866899284,5.333555857162627,4.552743399018543,-0.7808124581440836
04ek8,Connor Brogdon,RP,31.0,future_role_caps,26.13588761174968,7.961487719194171,2.4966914117305032,1.8474292731690862,-0.649262138561417
04ek8,Connor Brogdon,RP,31.0,linear_SP,26.13588761174968,7.947140781301541,2.4966914117305032,1.846916743257065,-0.6497746684734382
04ek8,Connor Brogdon,RP,31.0,pooled_linear_SP,26.13588761174968,7.913849076666728,2.4966914117305032,1.8457274306263678,-0.6509639811041354
04em6,Will Vest,RP,31.0,future_role_caps,49.23141943264643,24.16755665599406,9.42721236137694,7.480796043042766,-1.9464163183341743
04em6,Will Vest,RP,31.0,linear_SP,49.23141943264643,24.182401744631697,9.42721236137694,7.481948887000974,-1.9452634743759658
04em6,Will Vest,RP,31.0,pooled_linear_SP,49.23141943264643,24.172982076282253,9.42721236137694,7.481217371817059,-1.945994989559881
04q54,Justin Hagenman,RP,29.0,future_role_caps,20.676697560455953,9.414673936176678,3.301680860847596,2.718889616740279,-0.5827912441073169
04q54,Justin Hagenman,RP,29.0,linear_SP,20.676697560455953,10.369701390207268,3.301680860847596,2.768310720500994,-0.533370140346602
04q54,Justin Hagenman,RP,29.0,pooled_linear_SP,20.676697560455953,10.61717975632145,3.301680860847596,2.7811173198910364,-0.5205635409565597
02hxd,Danny Coulombe,RP,36.0,future_role_caps,27.822278622748904,9.630535704792266,3.1461562804946985,2.053865124857404,-1.0922911556372945
02hxd,Danny Coulombe,RP,36.0,linear_SP,27.822278622748904,9.596970352822812,3.1461562804946985,2.051849752429515,-1.0943065280651836
02hxd,Danny Coulombe,RP,36.0,pooled_linear_SP,27.822278622748904,9.596154285896043,3.1461562804946985,2.0518007531285387,-1.0943555273661598
060mz,Jose Cuas,RP,32.0,future_role_caps,28.320267775214443,12.245110821735384,0.9011005713565056,0.7821447841894269,-0.11895578716707866
060mz,Jose Cuas,RP,32.0,linear_SP,28.320267775214443,12.260826425466433,0.9011005713565056,0.7822610792911199,-0.11883949206538569
060mz,Jose Cuas,RP,32.0,pooled_linear_SP,28.320267775214443,12.249082655981613,0.9011005713565056,0.78217417567037,-0.11892639568613561
051h5,Ben Peoples,RP,25.0,future_role_caps,25.3826040002367,16.65061631714017,1.511245613735427,1.3818300713133427,-0.12941554242208442
051h5,Ben Peoples,RP,25.0,linear_SP,25.3826040002367,16.717450780317545,1.511245613735427,1.382820615347358,-0.1284249983880692
051h5,Ben Peoples,RP,25.0,pooled_linear_SP,25.3826040002367,16.645013435068883,1.511245613735427,1.38174703179832,-0.12949858193710706
04eqw,Isaac Mattson,RP,31.0,future_role_caps,32.57860990707415,27.359296570292678,3.0109897331180866,2.8334846513618306,-0.177505081756256
04eqw,Isaac Mattson,RP,31.0,linear_SP,32.57860990707415,27.286204255197255,3.0109897331180866,2.830998834448841,-0.17999089866924578
04eqw,Isaac Mattson,RP,31.0,pooled_linear_SP,32.57860990707415,27.285158200269656,3.0109897331180866,2.8309632588753,-0.18002647424278662
0514m,Chris Murphy,RP,28.0,future_role_caps,34.09829614600292,21.354717086034935,2.514244379552669,2.258294455787763,-0.2559499237649061
0514m,Chris Murphy,RP,28.0,linear_SP,34.09829614600292,21.298045704571724,2.514244379552669,2.2571562327111137,-0.25708814684155534
0514m,Chris Murphy,RP,28.0,pooled_linear_SP,34.09829614600292,21.289140148194992,2.514244379552669,2.2569773680087417,-0.2572670115439273
02c1b,Burch Smith,RP,36.0,future_role_caps,25.523474146887235,6.754755926165352,1.9054603047907661,1.2693377202342857,-0.6361225845564804
02c1b,Burch Smith,RP,36.0,linear_SP,25.523474146887235,6.635046109215626,1.9054603047907661,1.2652804310119046,-0.6401798737788615
02c1b,Burch Smith,RP,36.0,pooled_linear_SP,25.523474146887235,6.586010541247264,1.9054603047907661,1.2636184830906667,-0.6418418217000994
06elo,Matt Svanson,RP,27.0,future_role_caps,45.628927259770876,28.376531893508968,4.909181132334492,4.435113948584898,-0.474067183749594
06elo,Matt Svanson,RP,27.0,linear_SP,45.628927259770876,28.27987393465327,4.909181132334492,4.432457948338618,-0.4767231839958743
06elo,Matt Svanson,RP,27.0,pooled_linear_SP,45.628927259770876,28.25930369790379,4.909181132334492,4.431892712381647,-0.47728841995284466
04aoq,Jason Foley,RP,30.0,future_role_caps,45.23158549275781,24.23265245063153,6.567860812204868,5.409722199680864,-1.158138612524004
04aoq,Jason Foley,RP,30.0,linear_SP,45.23158549275781,24.20314541738777,6.567860812204868,5.408094820114861,-1.1597659920900076
04aoq,Jason Foley,RP,30.0,pooled_linear_SP,45.23158549275781,24.179572807422094,6.567860812204868,5.40679473740378,-1.161066074801088
06qcs,Jonathan Pintaro,RP,28.0,future_role_caps,21.044919170490243,17.97010921336913,1.466059537971602,1.4085346705645856,-0.057524867407016345
06qcs,Jonathan Pintaro,RP,28.0,linear_SP,21.044919170490243,17.9555600726083,1.466059537971602,1.4082624789804472,-0.057797058991154726
06qcs,Jonathan Pintaro,RP,28.0,pooled_linear_SP,21.044919170490243,17.96422858483356,1.466059537971602,1.4084246532361993,-0.05763488473540268
06ian,John Klein,RP,24.0,future_role_caps,20.24558129709175,32.58464741714183,2.490107627405503,2.322678115727607,-0.16742951167789633
06ian,John Klein,RP,24.0,linear_SP,20.24558129709175,34.6839965765363,2.490107627405503,2.294191923889501,-0.19591570351600218
06ian,John Klein,RP,24.0,pooled_linear_SP,20.24558129709175,33.157700846410116,2.490107627405503,2.3149023201451664,-0.17520530726033678
05r3g,Mason Black,RP,26.0,future_role_caps,22.587021221606417,24.225163718647185,2.3864988273196373,2.3748426545563315,-0.011656172763305772
05r3g,Mason Black,RP,26.0,linear_SP,22.587021221606417,24.400554904560035,2.3864988273196373,2.3735946618036525,-0.012904165515984722
05r3g,Mason Black,RP,26.0,pooled_linear_SP,22.587021221606417,24.02510829295945,2.3864988273196373,2.3762661452528158,-0.010232682066821486
05jpa,Beck Way,RP,27.0,future_role_caps,27.722870872846205,15.095190687362189,1.5924851020290327,1.4415685233068025,-0.1509165787222302
05jpa,Beck Way,RP,27.0,linear_SP,27.722870872846205,15.257789325679138,1.5924851020290327,1.4435117804877922,-0.14897332154124054
05jpa,Beck Way,RP,27.0,pooled_linear_SP,27.722870872846205,15.23789008432324,1.5924851020290327,1.443273959654473,-0.14921114237455968
05lb8,Zach McCambley,RP,27.0,future_role_caps,21.15692777138263,17.78291532720317,2.7985166401684523,2.678983076360696,-0.11953356380775615
05lb8,Zach McCambley,RP,27.0,linear_SP,21.15692777138263,17.974059166509942,2.7985166401684523,2.6857548665334474,-0.11276177363500484
05lb8,Zach McCambley,RP,27.0,pooled_linear_SP,21.15692777138263,17.961658887055826,2.7985166401684523,2.6853155529209793,-0.11320108724747291
05yay,Tyler Samaniego,RP,27.0,future_role_caps,25.753087942407134,14.709086511011863,2.7071049461788186,2.4075993947067933,-0.2995055514720253
05yay,Tyler Samaniego,RP,27.0,linear_SP,25.753087942407134,14.73898823674262,2.7071049461788186,2.408410308478454,-0.29869463770036475
05yay,Tyler Samaniego,RP,27.0,pooled_linear_SP,25.753087942407134,14.727376063074011,2.7071049461788186,2.40809539449551,-0.29900955168330867
051c3,Andrew Nardi,RP,28.0,future_role_caps,38.55983904465213,22.62524915378251,8.176139404568158,7.16463316666333,-1.011506237904828
051c3,Andrew Nardi,RP,28.0,linear_SP,38.55983904465213,22.605445846744306,8.176139404568158,7.163376079487727,-1.0127633250804307
051c3,Andrew Nardi,RP,28.0,pooled_linear_SP,38.55983904465213,22.585321269111393,8.176139404568158,7.162098598488824,-1.0140408060793336
0614c,Jordan Leasure,RP,28.0,future_role_caps,35.94422235439511,18.86851466056638,6.252829878835984,5.331515200245639,-0.9213146785903445
0614c,Jordan Leasure,RP,28.0,linear_SP,35.94422235439511,18.832139091175303,6.252829878835984,5.3295525673274025,-0.9232773115085813
0614c,Jordan Leasure,RP,28.0,pooled_linear_SP,35.94422235439511,18.79830549742613,6.252829878835984,5.327727085941243,-0.9251027928947408
04puc,Bennett Sousa,RP,31.0,future_role_caps,32.41392311525214,26.189403762700255,4.820624974251222,4.463316705866772,-0.3573082683844504
04puc,Bennett Sousa,RP,31.0,linear_SP,32.41392311525214,26.093057666058105,4.820624974251222,4.457786117076378,-0.362838857174844
04puc,Bennett Sousa,RP,31.0,pooled_linear_SP,32.41392311525214,26.101059205564013,4.820624974251222,4.4582454322561285,-0.3623795419950939
04pqh,Mason Englert,RP,26.0,future_role_caps,41.621677854584334,32.48698324279773,5.042042345770381,4.702576794672787,-0.3394655510975939
04pqh,Mason Englert,RP,26.0,linear_SP,41.621677854584334,32.78546249183044,5.042042345770381,4.713668946854136,-0.32837339891624495
04pqh,Mason Englert,RP,26.0,pooled_linear_SP,41.621677854584334,32.71169389818361,5.042042345770381,4.7109275419839935,-0.33111480378638714
03qq9,Justin Lawrence,RP,31.0,future_role_caps,23.754795080237376,11.703922558397606,1.8529176571171315,1.5742911839690081,-0.2786264731481234
03qq9,Justin Lawrence,RP,31.0,linear_SP,23.754795080237376,11.622060867261236,1.8529176571171315,1.572398471698927,-0.28051918541820453
03qq9,Justin Lawrence,RP,31.0,pooled_linear_SP,23.754795080237376,11.621845547344565,1.8529176571171315,1.5723934933184096,-0.2805241637987219
05mrp,Marco Raya,RP,24.0,future_role_caps,18.51024575734103,14.247899039997215,2.803203983037792,2.647705452773416,-0.1554985302643761
05mrp,Marco Raya,RP,24.0,linear_SP,18.51024575734103,14.171777279609156,2.803203983037792,2.644928385902409,-0.15827559713538308
05mrp,Marco Raya,RP,24.0,pooled_linear_SP,18.51024575734103,14.137446570355978,2.803203983037792,2.6436759362107685,-0.15952804682702348
06htl,Ty Johnson,RP,25.0,future_role_caps,19.13704213267057,28.151040590289963,3.799581100920763,3.8429989452485604,0.04341784432779727
06htl,Ty Johnson,RP,25.0,linear_SP,19.13704213267057,28.112737245458298,3.799581100920763,3.842814449026273,0.043233348105509606
06htl,Ty Johnson,RP,25.0,pooled_linear_SP,19.13704213267057,28.11036105070869,3.799581100920763,3.8428030035779273,0.04322190265716408
051e5,Matt Waldron,RP,30.0,future_role_caps,27.402359261854706,47.69958465888857,2.014243965167346,2.0183594335151795,0.004115468347833495
051e5,Matt Waldron,RP,30.0,linear_SP,27.402359261854706,50.036463685435024,2.014243965167346,2.0188332594435194,0.0045892942761733835
051e5,Matt Waldron,RP,30.0,pooled_linear_SP,27.402359261854706,52.434064166723886,2.014243965167346,2.0193193972627763,0.005075432095430266
04qnh,Gerardo Carrillo,RP,28.0,future_role_caps,23.4162558762796,18.50657578548831,1.8090646131108192,1.6981172629288968,-0.11094735018192248
04qnh,Gerardo Carrillo,RP,28.0,linear_SP,23.4162558762796,18.71927399814733,1.8090646131108192,1.7029237478009382,-0.10614086530988098
04qnh,Gerardo Carrillo,RP,28.0,pooled_linear_SP,23.4162558762796,18.692088788082717,1.8090646131108192,1.7023094252860225,-0.10675518782479676
05raz,Chase Petty,RP,23.0,future_role_caps,39.4754003632161,33.4731791250981,1.5316866407428875,1.4760745471906154,-0.055612093552272146
05raz,Chase Petty,RP,23.0,linear_SP,39.4754003632161,32.455483121788724,1.5316866407428875,1.4666453370534762,-0.0650413036894113
05raz,Chase Petty,RP,23.0,pooled_linear_SP,39.4754003632161,30.830164043030532,1.5316866407428875,1.4515863458776472,-0.08010029486524028
02n9l,Dietrich Enns,RP,35.0,future_role_caps,19.52803646352139,8.829675668751099,1.2593056509820217,0.9645204316913579,-0.2947852192906638
02n9l,Dietrich Enns,RP,35.0,linear_SP,19.52803646352139,8.804852535221274,1.2593056509820217,0.9638364490699598,-0.29546920191206194
02n9l,Dietrich Enns,RP,35.0,pooled_linear_SP,19.52803646352139,8.730191496513342,1.2593056509820217,0.9617792207627274,-0.29752643021929437
05jqk,Carson Seymour,RP,27.0,future_role_caps,33.46588243892636,18.939453072398134,1.836137519780464,1.6600183681915526,-0.17611915158891134
05jqk,Carson Seymour,RP,27.0,linear_SP,33.46588243892636,18.83353543236273,1.836137519780464,1.658734217459762,-0.177403302320702
05jqk,Carson Seymour,RP,27.0,pooled_linear_SP,33.46588243892636,18.764629219705952,1.836137519780464,1.6578987951129407,-0.17823872466752322
04afl,Brendon Little,RP,30.0,future_role_caps,40.07088425077569,29.12186891029199,3.897799593417992,3.5858508658944106,-0.3119487275235815
04afl,Brendon Little,RP,30.0,linear_SP,40.07088425077569,29.045702989082915,3.897799593417992,3.5836808203274844,-0.31411877309050773
04afl,Brendon Little,RP,30.0,pooled_linear_SP,40.07088425077569,29.054814667299055,3.897799593417992,3.5839404214273762,-0.31385917199061586
051c5,Brady Basso,RP,28.0,future_role_caps,29.696984139536934,25.31431628503293,2.1043961257515016,2.0043915520131916,-0.10000457373830995
051c5,Brady Basso,RP,28.0,linear_SP,29.696984139536934,24.54718048277648,2.1043961257515016,1.9868868969832165,-0.11750922876828507
051c5,Brady Basso,RP,28.0,pooled_linear_SP,29.696984139536934,24.77323719340437,2.1043961257515016,1.9920451032944235,-0.11235102245707806
04aqf,Brian Keller,RP,32.0,future_role_caps,14.052309782608694,11.364600286865532,2.0799854215625784,1.911000178945972,-0.1689852426166063
04aqf,Brian Keller,RP,32.0,linear_SP,14.052309782608694,11.750025695561746,2.0799854215625784,1.9352331573620885,-0.14475226420048992
04aqf,Brian Keller,RP,32.0,pooled_linear_SP,14.052309782608694,12.034103375821957,2.0799854215625784,1.953094066733717,-0.12689135482886127
02bzl,Yacksel Rios,RP,33.0,future_role_caps,10.01383339777463,4.908618630232947,1.4105059402950986,1.1090241871111683,-0.3014817531839302
02bzl,Yacksel Rios,RP,33.0,linear_SP,10.01383339777463,4.919064334390248,1.4105059402950986,1.1096410444513543,-0.3008648958437443
02bzl,Yacksel Rios,RP,33.0,pooled_linear_SP,10.01383339777463,4.893952190545999,1.4105059402950986,1.108158079777565,-0.3023478605175336
04q2c,Josh Hendrickson,RP,29.0,future_role_caps,14.301480771279428,17.72540942072857,2.759732326306355,2.801882827234709,0.04215050092835426
04q2c,Josh Hendrickson,RP,29.0,linear_SP,14.301480771279428,20.157416301441057,2.759732326306355,2.831822209382676,0.07208988307632103
04q2c,Josh Hendrickson,RP,29.0,pooled_linear_SP,14.301480771279428,21.654753073363967,2.759732326306355,2.8502552731105513,0.09052294680419637
02mzi,Ty Blach,RP,35.0,future_role_caps,10.353028503562944,12.395785388758995,1.6227153648880588,1.654631355390209,0.031915990502150215
028is,Vince Velasquez,RP,34.0,future_role_caps,12.64374503073671,9.001163215407905,1.7912289982853589,1.5689914764134578,-0.22223752187190104
028is,Vince Velasquez,RP,34.0,linear_SP,12.64374503073671,8.73372717440769,1.7912289982853589,1.5526749388518284,-0.23855405943353047
028is,Vince Velasquez,RP,34.0,pooled_linear_SP,12.64374503073671,7.874842956989056,1.7912289982853589,1.5002735626491708,-0.2909554356361881
03at0,Kevin Herget,RP,35.0,future_role_caps,10.192185525844856,1.7281037995909785,1.077094896429384,0.6686507160740746,-0.4084441803553095
03at0,Kevin Herget,RP,35.0,linear_SP,10.192185525844856,1.7070755011268215,1.077094896429384,0.6676359708945923,-0.4094589255347918
03at0,Kevin Herget,RP,35.0,pooled_linear_SP,10.192185525844856,1.7213955229783984,1.077094896429384,0.6683270003266092,-0.40876789610277486
06580,Dylan Ross,RP,26.0,future_role_caps,14.573694449332315,6.67004874123852,2.5049749122204745,2.087557087034998,-0.4174178251854763
06580,Dylan Ross,RP,26.0,linear_SP,14.573694449332315,6.692121180804739,2.5049749122204745,2.08872280600325,-0.4162521062172244
06580,Dylan Ross,RP,26.0,pooled_linear_SP,14.573694449332315,6.6751040745765,2.5049749122204745,2.087824076007614,-0.41715083621286064
06rtt,Juan Burgos,RP,26.0,future_role_caps,16.881457366312713,7.697803823328223,2.1653179911283886,1.8341656579007573,-0.3311523332276314
06rtt,Juan Burgos,RP,26.0,linear_SP,16.881457366312713,7.762247202437859,2.1653179911283886,1.8364894144812236,-0.328828576647165
06rtt,Juan Burgos,RP,26.0,pooled_linear_SP,16.881457366312713,7.742237905885893,2.1653179911283886,1.835767901500751,-0.32955008962763754
05r3k,Carson Spiers,RP,28.0,future_role_caps,35.343523826752396,15.207046748870981,3.8196711889516606,3.0914597740093472,-0.7282114149423133
05r3k,Carson Spiers,RP,28.0,linear_SP,35.343523826752396,15.442694161143908,3.8196711889516606,3.0999816785537755,-0.7196895103978851
05r3k,Carson Spiers,RP,28.0,pooled_linear_SP,35.343523826752396,15.666957470240934,3.8196711889516606,3.1080918907326764,-0.7115792982189841
04px1,Antoine Kelly,RP,26.0,future_role_caps,14.817946311611628,9.0407836497487,2.2589043202142896,1.9863617779574514,-0.27254254225683816
04px1,Antoine Kelly,RP,26.0,linear_SP,14.817946311611628,8.994175224455217,2.2589043202142896,1.9841629860134529,-0.2747413342008367
04px1,Antoine Kelly,RP,26.0,pooled_linear_SP,14.817946311611628,8.94872413026323,2.2589043202142896,1.9820187921445125,-0.27688552806977706
0511t,Seth Johnson,RP,28.0,future_role_caps,25.780025983850546,21.245841448099394,1.2378766856009429,1.1901902071845738,-0.04768647841636908
0511t,Seth Johnson,RP,28.0,linear_SP,25.780025983850546,21.064854259469,1.2378766856009429,1.1882867465741347,-0.049589939026808194
0511t,Seth Johnson,RP,28.0,pooled_linear_SP,25.780025983850546,21.142122029042806,1.2378766856009429,1.1890993795397782,-0.048777306061164705
03mgq,Jonathan Hernandez,RP,30.0,future_role_caps,22.03565171688858,8.17768864473003,1.437872856827016,1.201826212485253,-0.23604664434176303
03mgq,Jonathan Hernandez,RP,30.0,linear_SP,22.03565171688858,8.154062653303114,1.437872856827016,1.2014237842231386,-0.23644907260387749
03mgq,Jonathan Hernandez,RP,30.0,pooled_linear_SP,22.03565171688858,8.114178327292906,1.437872856827016,1.2007444231029278,-0.2371284337240882
05j93,Jose Franco,RP,25.0,future_role_caps,25.020998147943725,17.089078456785337,0.8541771009087302,0.851904650709091,-0.0022724501996391755
05j93,Jose Franco,RP,25.0,linear_SP,25.020998147943725,30.288159860795503,0.8541771009087302,0.8470087262339523,-0.007168374674777933
05j93,Jose Franco,RP,25.0,pooled_linear_SP,25.020998147943725,28.16981834920547,0.8541771009087302,0.8470087262339523,-0.007168374674777933
04pmk,Michael Grove,RP,29.0,future_role_caps,26.916271439224456,13.949313955840754,4.21498395319458,3.5543182156913113,-0.660665737503269
04pmk,Michael Grove,RP,29.0,linear_SP,26.916271439224456,13.8566882004254,4.21498395319458,3.5495989387837015,-0.6653850144108788
04pmk,Michael Grove,RP,29.0,pooled_linear_SP,26.916271439224456,13.822175395274538,4.21498395319458,3.5478405133475484,-0.667143439847032
03dqv,Tanner Banks,RP,34.0,future_role_caps,40.336253340814345,20.038190529728602,3.929636169358806,3.1194177877862503,-0.8102183815725557
03dqv,Tanner Banks,RP,34.0,linear_SP,40.336253340814345,19.994730422894587,3.929636169358806,3.1176830322211635,-0.8119531371376425
03dqv,Tanner Banks,RP,34.0,pooled_linear_SP,40.336253340814345,20.000382902790975,3.929636169358806,3.1179086568611174,-0.8117275124976886
043r7,Caleb Ferguson,RP,30.0,future_role_caps,43.12161611372067,26.152471162112796,4.2846130353083955,3.7700197036902003,-0.5145933316181952
043r7,Caleb Ferguson,RP,30.0,linear_SP,43.12161611372067,26.017102743482283,4.2846130353083955,3.7659146243984845,-0.5186984109099111
043r7,Caleb Ferguson,RP,30.0,pooled_linear_SP,43.12161611372067,25.99727595774036,4.2846130353083955,3.765313372434447,-0.5192996628739484
0440h,Jose Urquidy,RP,31.0,future_role_caps,22.809501915708815,45.50722420707777,2.7608198796527197,3.185075867682747,0.4242559880300272
0440h,Jose Urquidy,RP,31.0,linear_SP,22.809501915708815,40.1384438887326,2.7608198796527197,3.0847249527655345,0.3239050731128148
0440h,Jose Urquidy,RP,31.0,pooled_linear_SP,22.809501915708815,40.86641325517421,2.7608198796527197,3.098331840666032,0.33751196101331216
0515q,Adam Macko,RP,25.0,future_role_caps,35.952016391502454,29.591017905145456,0.929166430194805,0.9016085763899029,-0.027557853804902166
0515q,Adam Macko,RP,25.0,linear_SP,35.952016391502454,29.487057328216654,0.929166430194805,0.9011581863471103,-0.028008243847694736
0515q,Adam Macko,RP,25.0,pooled_linear_SP,35.952016391502454,29.477161787714817,0.929166430194805,0.9011153157413306,-0.028051114453474413
065j5,Alex Cook,RP,25.0,future_role_caps,17.695758624770694,12.606004026684367,3.3245016194508032,3.059539985807768,-0.2649616336430354
065j5,Alex Cook,RP,25.0,linear_SP,17.695758624770694,12.811615621122446,3.3245016194508032,3.0702436814198806,-0.25425793803092267
065j5,Alex Cook,RP,25.0,pooled_linear_SP,17.695758624770694,12.767182573350317,3.3245016194508032,3.0679305929008645,-0.2565710265499388
066n3,Ryan Walker,RP,30.0,future_role_caps,52.86930128482749,36.34273338465828,9.107006112257835,8.039577376736222,-1.067428735521613
066n3,Ryan Walker,RP,30.0,linear_SP,52.86930128482749,36.31149587356898,9.107006112257835,8.037559788016996,-1.0694463242408396
066n3,Ryan Walker,RP,30.0,pooled_linear_SP,52.86930128482749,36.3040660900299,9.107006112257835,8.037079908316853,-1.069926203940982
04pn3,Josiah Gray,RP,28.0,future_role_caps,15.241433021806852,9.446881798407214,2.8228251812584007,2.4962486875100387,-0.32657649374836195
04pn3,Josiah Gray,RP,28.0,linear_SP,15.241433021806852,9.322926460326782,2.8228251812584007,2.489262659061756,-0.33356252219664473
04pn3,Josiah Gray,RP,28.0,pooled_linear_SP,15.241433021806852,8.871164131855819,2.8228251812584007,2.463801678296953,-0.3590235029614477
05yf9,Carlos Rodriguez,RP,24.0,linear_SP,18.761456235476377,20.535614195599866,0.9654252983337417,0.9081288293345626,-0.05729646899917906
05yf9,Carlos Rodriguez,RP,24.0,pooled_linear_SP,18.761456235476377,20.77195283158439,0.9654252983337417,0.9004962680664252,-0.06492903026731645
02my5,Edwin Diaz,RP,32.0,future_role_caps,42.01639363180221,36.90569848797892,10.785123039576074,10.192825952751987,-0.5922970868240878
02my5,Edwin Diaz,RP,32.0,linear_SP,42.01639363180221,36.85044731754716,10.785123039576074,10.186422693240429,-0.5987003463356455
02my5,Edwin Diaz,RP,32.0,pooled_linear_SP,42.01639363180221,36.823900931192185,10.785123039576074,10.183346135773926,-0.6017769038021488
02mw7,Lucas Sims,RP,32.0,future_role_caps,28.327046644663422,6.826339867469964,1.2652211294535547,1.001603489632935,-0.2636176398206196
02mw7,Lucas Sims,RP,32.0,linear_SP,28.327046644663422,6.635149213504543,1.2652211294535547,0.9992593234863792,-0.26596180596717545
02mw7,Lucas Sims,RP,32.0,pooled_linear_SP,28.327046644663422,6.606570473401988,1.2652211294535547,0.9989089229115071,-0.26631220654204757
05gwt,Jake Eder,RP,27.0,future_role_caps,14.967918440558632,6.175520542692703,2.0384796353472225,1.7110916864218177,-0.3273879489254048
05gwt,Jake Eder,RP,27.0,linear_SP,14.967918440558632,6.226530048512992,2.0384796353472225,1.7129910428522468,-0.32548859249497575
05gwt,Jake Eder,RP,27.0,pooled_linear_SP,14.967918440558632,6.227098738447574,2.0384796353472225,1.713012218216854,-0.32546741713036864
04pun,Tanner Andrews,RP,30.0,future_role_caps,13.09195536424299,5.531621249785084,2.0178446047737024,1.6313983204892877,-0.38644628428441474
04pun,Tanner Andrews,RP,30.0,linear_SP,13.09195536424299,5.487189743948197,2.0178446047737024,1.6291272052084182,-0.38871739956528417
04pun,Tanner Andrews,RP,30.0,pooled_linear_SP,13.09195536424299,5.4707256510729945,2.0178446047737024,1.6282856435235225,-0.38955896125017997
066b1,Cameron Weston,RP,26.0,future_role_caps,13.958706894724573,9.54738185018812,2.7775595009450798,2.523535360637438,-0.25402414030764175
066b1,Cameron Weston,RP,26.0,linear_SP,13.958706894724573,9.526732594556847,2.7775595009450798,2.522346282671799,-0.2552132182732807
066b1,Cameron Weston,RP,26.0,pooled_linear_SP,13.958706894724573,9.50146079749559,2.7775595009450798,2.5208910177666515,-0.2566684831784283
04y6o,Guillo Zuniga,RP,27.0,future_role_caps,13.435865050217132,5.0656852887925234,2.212869631371488,1.8274642873373463,-0.3854053440341416
04y6o,Guillo Zuniga,RP,27.0,linear_SP,13.435865050217132,5.091278452357653,2.212869631371488,1.8286427258285003,-0.38422690554298766
04y6o,Guillo Zuniga,RP,27.0,pooled_linear_SP,13.435865050217132,5.074001846050514,2.212869631371488,1.8278472236305388,-0.3850224077409492
051b2,Paxton Schultz,RP,28.0,future_role_caps,28.91437564754058,21.973315661508977,1.5168391433249886,1.43585810235756,-0.08098104096742853
051b2,Paxton Schultz,RP,28.0,linear_SP,28.91437564754058,21.017127635620533,1.5168391433249886,1.4247022987983256,-0.09213684452666304
051b2,Paxton Schultz,RP,28.0,pooled_linear_SP,28.91437564754058,21.259317542406983,1.5168391433249886,1.4275279177675952,-0.08931122555739335
05oyw,Nick Davila,RP,27.0,future_role_caps,29.859577156407124,8.894179801697735,2.181005687806318,1.7410679574371684,-0.4399377303691496
05oyw,Nick Davila,RP,27.0,linear_SP,29.859577156407124,8.935228144894001,2.181005687806318,1.7419293155424145,-0.4390763722639035
05oyw,Nick Davila,RP,27.0,pooled_linear_SP,29.859577156407124,8.87993189984934,2.181005687806318,1.7407689795787642,-0.4402367082275538
03qwa,Phil Maton,RP,33.0,future_role_caps,45.01844773123137,15.293583669400931,6.160832860620395,4.2849050044111445,-1.87592785620925
03qwa,Phil Maton,RP,33.0,linear_SP,45.01844773123137,15.251539516303907,6.160832860620395,4.282251609669915,-1.8785812509504796
03qwa,Phil Maton,RP,33.0,pooled_linear_SP,45.01844773123137,15.239072312811464,6.160832860620395,4.2814648079448725,-1.879368052675522
05jpe,Connor Phillips,RP,25.0,future_role_caps,28.522520268364183,24.593509441339915,3.7066485446179853,3.594657450943849,-0.11199109367413618
05jpe,Connor Phillips,RP,25.0,linear_SP,28.522520268364183,23.990939301993976,3.7066485446179853,3.577482011146998,-0.1291665334709875
05jpe,Connor Phillips,RP,25.0,pooled_linear_SP,28.522520268364183,23.90349136142955,3.7066485446179853,3.5749894268975466,-0.1316591177204387
0515j,Jack Ralston,RP,29.0,future_role_caps,21.264507455389882,19.48343976707207,2.789314093816231,2.7243334622014053,-0.06498063161482559
0515j,Jack Ralston,RP,29.0,linear_SP,21.264507455389882,19.60186152647193,2.789314093816231,2.7286539721815792,-0.06066012163465162
0515j,Jack Ralston,RP,29.0,pooled_linear_SP,21.264507455389882,19.59264010790247,2.789314093816231,2.728317537128067,-0.06099655668816384
06fwg,Khristian Curtis,RP,24.0,future_role_caps,21.249874770412422,23.520017275873972,3.019237803875093,3.0043852503828887,-0.014852553492204379
06fwg,Khristian Curtis,RP,24.0,linear_SP,21.249874770412422,31.19437719539015,3.019237803875093,2.9541752565394113,-0.06506254733568184
06fwg,Khristian Curtis,RP,24.0,pooled_linear_SP,21.249874770412422,27.20276377384263,3.019237803875093,2.9802906443272277,-0.03894715954786543
06lqo,Chris Roycroft,RP,29.0,future_role_caps,26.515707066194064,16.57942130334359,0.015393553609210896,0.015393553609210896,0.0
06lqo,Chris Roycroft,RP,29.0,linear_SP,26.515707066194064,16.413872021993885,0.015393553609210896,0.015393553609210896,0.0
06lqo,Chris Roycroft,RP,29.0,pooled_linear_SP,26.515707066194064,16.417201425105844,0.015393553609210896,0.015393553609210896,0.0
06686,Brian Fitzpatrick,RP,26.0,future_role_caps,17.93576863567962,6.306151806573454,2.6351234363851312,2.1507330915670924,-0.4843903448180389
06686,Brian Fitzpatrick,RP,26.0,linear_SP,17.93576863567962,6.303926135410088,2.6351234363851312,2.1506403891472172,-0.484483047237914
06686,Brian Fitzpatrick,RP,26.0,pooled_linear_SP,17.93576863567962,6.27552110663753,2.6351234363851312,2.1494572786557984,-0.48566615772933286
05rkx,Braxton Roxby,RP,27.0,future_role_caps,15.90417329021177,10.27561469880531,2.3285441876671094,2.1016936631198337,-0.2268505245472756
05rkx,Braxton Roxby,RP,27.0,linear_SP,15.90417329021177,10.294600853963678,2.3285441876671094,2.102458871332001,-0.2260853163351082
05rkx,Braxton Roxby,RP,27.0,pooled_linear_SP,15.90417329021177,10.28790635272562,2.3285441876671094,2.1021890596044024,-0.22635512806270697
05198,Gavin Collyer,RP,25.0,future_role_caps,27.998000760446942,12.18433065333396,2.0496475340664957,1.8619533636183727,-0.18769417044812298
05198,Gavin Collyer,RP,25.0,linear_SP,27.998000760446942,12.321490668549805,2.0496475340664957,1.8635813307569438,-0.18606620330955193
05198,Gavin Collyer,RP,25.0,pooled_linear_SP,27.998000760446942,12.235119446007667,2.0496475340664957,1.8625561813225728,-0.18709135274392286
03di1,Matt Gage,RP,33.0,future_role_caps,12.129960799122475,7.669839957408817,1.0703716365449283,0.9420846437253798,-0.12828699281954847
03di1,Matt Gage,RP,33.0,linear_SP,12.129960799122475,7.580516898936212,1.0703716365449283,0.9395154338390191,-0.13085620270590914
03di1,Matt Gage,RP,33.0,pooled_linear_SP,12.129960799122475,7.634553846774306,1.0703716365449283,0.94106970507635,-0.12930193146857827
03pp7,Tanner Rainey,RP,33.0,future_role_caps,9.67160351112447,3.266058794821315,0.6816504861268307,0.5493185008328325,-0.13233198529399814
03pp7,Tanner Rainey,RP,33.0,linear_SP,9.67160351112447,3.2453673057737595,0.6816504861268307,0.5488910358871297,-0.13275945023970093
03pp7,Tanner Rainey,RP,33.0,pooled_linear_SP,9.67160351112447,3.225326608996024,0.6816504861268307,0.5484770156423685,-0.13317347048446215
06ala,Osvaldo Bido,RP,30.0,future_role_caps,28.625078252744693,10.198869356776596,1.849823317404222,1.4201706858392666,-0.42965263156495537
06ala,Osvaldo Bido,RP,30.0,linear_SP,28.625078252744693,9.552269879058784,1.849823317404222,1.4050936198655506,-0.4447296975386714
06ala,Osvaldo Bido,RP,30.0,pooled_linear_SP,28.625078252744693,9.660517587965984,1.849823317404222,1.4076176829137577,-0.44220563449046435
041t2,Brooks Kriske,RP,32.0,future_role_caps,13.766497263922787,2.90182443646625,0.5625321687913685,0.4396882276136827,-0.12284394117768577
041t2,Brooks Kriske,RP,32.0,linear_SP,13.766497263922787,2.963062887281067,0.5625321687913685,0.44038063434964053,-0.12215153444172794
041t2,Brooks Kriske,RP,32.0,pooled_linear_SP,13.766497263922787,2.9004529042381315,0.5625321687913685,0.4396727200666971,-0.12285944872467136
0519h,Hunter Bigge,RP,28.0,future_role_caps,20.320411758149188,17.59324971408536,2.377921484634449,2.282091636987491,-0.09582984764695812
0519h,Hunter Bigge,RP,28.0,linear_SP,20.320411758149188,17.65170004708057,2.377921484634449,2.2841455253943193,-0.09377595924012994
0519h,Hunter Bigge,RP,28.0,pooled_linear_SP,20.320411758149188,17.633253997231485,2.377921484634449,2.2834973489683628,-0.09442413566608643
01ucb,Drew Pomeranz,RP,37.0,future_role_caps,24.348023493697617,7.046758343448122,2.3520415599433977,1.5349771397403262,-0.8170644202030715
01ucb,Drew Pomeranz,RP,37.0,linear_SP,24.348023493697617,6.280953161190538,2.3520415599433977,1.4988114511738593,-0.8532301087695384
01ucb,Drew Pomeranz,RP,37.0,pooled_linear_SP,24.348023493697617,6.198350927965165,2.3520415599433977,1.494910502589368,-0.8571310573540296
04otv,Alan Rangel,RP,29.0,linear_SP,20.925318992911272,23.737154529471823,2.4024366402055386,2.382450816523614,-0.019985823681924586
04otv,Alan Rangel,RP,29.0,pooled_linear_SP,20.925318992911272,26.650416993018723,2.4024366402055386,2.3617440756141383,-0.04069256459140025
04s1h,Luis Gil,RP,28.0,future_role_caps,29.8808663942709,38.78035733633054,2.2140039327065386,2.166759226423445,-0.04724470628309341
04s1h,Luis Gil,RP,28.0,linear_SP,29.8808663942709,35.92751958514578,2.2140039327065386,2.181904079371277,-0.03209985333526166
05jpo,Nick Frasso,RP,27.0,future_role_caps,26.628547022602277,14.70479743758561,2.5419666421263583,2.2618120779186666,-0.2801545642076917
05jpo,Nick Frasso,RP,27.0,linear_SP,26.628547022602277,14.772644949515493,2.5419666421263583,2.263406189737417,-0.2785604523889411
05jpo,Nick Frasso,RP,27.0,pooled_linear_SP,26.628547022602277,14.761401059222333,2.5419666421263583,2.2631420088132352,-0.278824633313123
05wbc,Luke Murphy,RP,26.0,future_role_caps,27.29356096733855,21.409383308826825,1.369951408496334,1.2987327425334767,-0.07121866596285731
05wbc,Luke Murphy,RP,26.0,linear_SP,27.29356096733855,21.467696954254457,1.369951408496334,1.2994385370005719,-0.07051287149576213
05wbc,Luke Murphy,RP,26.0,pooled_linear_SP,27.29356096733855,21.454032195179277,1.369951408496334,1.2992731466999186,-0.07067826179641545
0513x,Connor Thomas,RP,28.0,future_role_caps,21.157951935327976,8.53038793979285,1.831006992707501,1.4700759969778345,-0.36093099572966647
0513x,Connor Thomas,RP,28.0,linear_SP,21.157951935327976,8.627223936091454,1.831006992707501,1.4728438398158423,-0.3581631528916587
0513x,Connor Thomas,RP,28.0,pooled_linear_SP,21.157951935327976,8.586754114369306,1.831006992707501,1.4716870994456215,-0.3593198932618795
0579z,Bradley Blalock,RP,25.0,future_role_caps,21.779395230487008,37.778221784881495,3.287450589375942,3.2831590250997698,-0.004291564276172277
0579z,Bradley Blalock,RP,25.0,linear_SP,21.779395230487008,35.5592776760696,3.287450589375942,3.2837542400823074,-0.0036963492936346043
0579z,Bradley Blalock,RP,25.0,pooled_linear_SP,21.779395230487008,35.6062270054115,3.287450589375942,3.2837416462796356,-0.0037089430963064274
03111,Marco Gonzales,RP,34.0,future_role_caps,13.052177034503146,4.3689086098231265,1.0500556616138412,0.7788278059959726,-0.27122785561786866
03111,Marco Gonzales,RP,34.0,linear_SP,13.052177034503146,3.6716713562556973,1.0500556616138412,0.7570491213011072,-0.293006540312734
03111,Marco Gonzales,RP,34.0,pooled_linear_SP,13.052177034503146,3.5684093116891002,1.0500556616138412,0.7538236603865386,-0.29623200122730264
04elu,Tom Cosgrove,RP,30.0,future_role_caps,20.95396412148513,10.278111886772754,2.4806315470684197,2.079013205595879,-0.4016183414725405
04elu,Tom Cosgrove,RP,30.0,linear_SP,20.95396412148513,10.283894619698186,2.4806315470684197,2.0792307480979324,-0.4014007989704873
04elu,Tom Cosgrove,RP,30.0,pooled_linear_SP,20.95396412148513,10.262812118407268,2.4806315470684197,2.0784376386565127,-0.40219390841190705
03pol,Jake Woodford,RP,29.0,future_role_caps,26.265506210347606,8.888521017344017,1.0987559069467414,0.8497973935519456,-0.2489585133947958
03pol,Jake Woodford,RP,29.0,linear_SP,26.265506210347606,8.918917347260816,1.0987559069467414,0.8502328790532964,-0.24852302789344505
03pol,Jake Woodford,RP,29.0,pooled_linear_SP,26.265506210347606,8.792807238315953,1.0987559069467414,0.8484261107964179,-0.25032979615032347
05ad7,Manuel Rodriguez,RP,30.0,future_role_caps,27.55704078645558,14.647265162617751,4.679825773989807,3.8492814396554857,-0.8305443343343208
05ad7,Manuel Rodriguez,RP,30.0,linear_SP,27.55704078645558,14.665364599510687,4.679825773989807,3.8504458584032695,-0.8293799155865371
05ad7,Manuel Rodriguez,RP,30.0,pooled_linear_SP,27.55704078645558,14.631575568753702,4.679825773989807,3.8482720570239457,-0.8315537169658609
05js6,Ricky Tiedemann,RP,24.0,future_role_caps,18.51024575734103,10.237925416171391,2.409709277154247,2.166499010778156,-0.2432102663760909
05js6,Ricky Tiedemann,RP,24.0,linear_SP,18.51024575734103,10.191089229289004,2.409709277154247,2.165122003962908,-0.244587273191339
05js6,Ricky Tiedemann,RP,24.0,pooled_linear_SP,18.51024575734103,10.131236621134228,2.409709277154247,2.1633623079922164,-0.24634696916203058
0404s,Gregory Santos,RP,27.0,future_role_caps,21.787258309123132,8.06720619357814,2.3547669771179582,1.9653117976888637,-0.3894551794290946
0404s,Gregory Santos,RP,27.0,linear_SP,21.787258309123132,8.032104725623357,2.3547669771179582,1.9643154130989637,-0.3904515640189945
0404s,Gregory Santos,RP,27.0,pooled_linear_SP,21.787258309123132,7.979196130203477,2.3547669771179582,1.962813558270056,-0.39195341884790214
04yk6,Geoff Hartlieb,RP,32.0,future_role_caps,8.330460910403998,5.534296265751969,0.7201243534760928,0.6446275062933571,-0.07549684718273575
04yk6,Geoff Hartlieb,RP,32.0,linear_SP,8.330460910403998,5.512834547342752,0.7201243534760928,0.6440480368125029,-0.07607631666358994
04yk6,Geoff Hartlieb,RP,32.0,pooled_linear_SP,8.330460910403998,5.501829422850979,0.7201243534760928,0.6437508968699136,-0.07637345660617922
04pq7,Ryan Weiss,RP,29.0,future_role_caps,24.169243141810384,9.56753450429056,0.005185532421575092,0.005185532421575092,0.0
04pq7,Ryan Weiss,RP,29.0,linear_SP,24.169243141810384,9.531340817520567,0.005185532421575092,0.005185532421575092,0.0
04pq7,Ryan Weiss,RP,29.0,pooled_linear_SP,24.169243141810384,10.091190171824797,0.005185532421575092,0.005185532421575092,0.0
05lg1,Carter Baumler,RP,24.0,future_role_caps,18.262340680233784,10.710388370499707,1.5739600448000592,1.4410327143696542,-0.13292733043040506
05lg1,Carter Baumler,RP,24.0,linear_SP,18.262340680233784,10.631122532625863,1.5739600448000592,1.4396374994913348,-0.13432254530872445
05lg1,Carter Baumler,RP,24.0,pooled_linear_SP,18.262340680233784,10.516863726854474,1.5739600448000592,1.4376263482808354,-0.1363336965192239
04afk,Tristan Beck,RP,30.0,future_role_caps,38.35041010367429,17.10413661150073,4.536933874243952,3.7375527550862766,-0.7993811191576756
04afk,Tristan Beck,RP,30.0,linear_SP,38.35041010367429,17.242659717181322,4.536933874243952,3.742764622253898,-0.7941692519900543
04afk,Tristan Beck,RP,30.0,pooled_linear_SP,38.35041010367429,17.16152303328176,4.536933874243952,3.7397118924090957,-0.7972219818348565
05a06,Nick Mears,RP,29.0,future_role_caps,35.78326458777107,12.725716522785179,6.5138729150532795,5.250410590496992,-1.2634623245562873
05a06,Nick Mears,RP,29.0,linear_SP,35.78326458777107,12.785284351508109,6.5138729150532795,5.253674671618493,-1.260198243434786
05a06,Nick Mears,RP,29.0,pooled_linear_SP,35.78326458777107,12.693136804786043,6.5138729150532795,5.248625350968464,-1.2652475640848158
06fqx,Seth Halvorsen,RP,26.0,future_role_caps,32.619415615356786,20.397767033995535,1.609012950868891,1.463102498528103,-0.14591045234078814
06fqx,Seth Halvorsen,RP,26.0,linear_SP,32.619415615356786,20.3611731619966,1.609012950868891,1.462665615698366,-0.14634733517052512
06fqx,Seth Halvorsen,RP,26.0,pooled_linear_SP,32.619415615356786,20.35885067777297,1.609012950868891,1.4626378882832498,-0.14637506258564126
041py,Keegan Akin,RP,31.0,future_role_caps,44.30063807201738,20.217214924383494,5.677120221990548,4.495258643962701,-1.1818615780278474
041py,Keegan Akin,RP,31.0,linear_SP,44.30063807201738,20.236834498850477,5.677120221990548,4.496221448174445,-1.1808987738161028
041py,Keegan Akin,RP,31.0,pooled_linear_SP,44.30063807201738,20.161061783364158,5.677120221990548,4.492503004141504,-1.184617217849044
0515h,Xzavion Curry,RP,28.0,future_role_caps,35.49251204631045,13.152977861114003,3.7512392107866144,2.9362984350426813,-0.8149407757439331
0515h,Xzavion Curry,RP,28.0,linear_SP,35.49251204631045,17.09358293388611,3.7512392107866144,3.0800507500320164,-0.6711884607545979
0515h,Xzavion Curry,RP,28.0,pooled_linear_SP,35.49251204631045,17.579066649556548,3.7512392107866144,3.097761077945733,-0.6534781328408812
05xpp,Chad Dallas,RP,26.0,future_role_caps,23.316499226383502,21.850205395551967,2.9531741119320314,2.9017161066367483,-0.051458005295283105
061mp,Peter Strzelecki,RP,31.0,future_role_caps,20.666161132396763,7.5912843711958615,2.0400807307252022,1.5542794488585732,-0.4858012818666291
061mp,Peter Strzelecki,RP,31.0,linear_SP,20.666161132396763,7.6169361892888805,2.0400807307252022,1.5552325504701143,-0.4848481802550879
061mp,Peter Strzelecki,RP,31.0,pooled_linear_SP,20.666161132396763,7.5984331317690526,2.0400807307252022,1.5545450633736193,-0.48553566735158293
05jqv,Max Rajcic,RP,25.0,future_role_caps,20.09789780460382,12.976495078456374,1.9141633986894595,1.7355248786966992,-0.17863851999276026
05jqv,Max Rajcic,RP,25.0,linear_SP,20.09789780460382,13.083711871991195,1.9141633986894595,1.7382143838478554,-0.17594901484160408
05jqv,Max Rajcic,RP,25.0,pooled_linear_SP,20.09789780460382,13.042146527805455,1.9141633986894595,1.7371717280883283,-0.1769916706011312
04ana,Julian Fernandez,RP,30.0,future_role_caps,11.877128237043186,10.47061682192492,1.984085533812116,1.9054844055924343,-0.07860112821968168
04ana,Julian Fernandez,RP,30.0,linear_SP,11.877128237043186,10.487441870298397,1.984085533812116,1.9064246523407304,-0.0776608814713855
04ana,Julian Fernandez,RP,30.0,pooled_linear_SP,11.877128237043186,10.474044931633333,1.984085533812116,1.9056759812084199,-0.07840955260369609
041rq,Brenan Hanifee,RP,28.0,future_role_caps,33.01221800121696,30.83339756278032,4.125151287142441,4.043358067564068,-0.08179321957837349
041rq,Brenan Hanifee,RP,28.0,linear_SP,33.01221800121696,30.764859807667566,4.125151287142441,4.040785150790178,-0.08436613635226298
041rq,Brenan Hanifee,RP,28.0,pooled_linear_SP,33.01221800121696,30.79671255855731,4.125151287142441,4.0419809074490285,-0.08317037969341268
05u38,Peyton Pallette,RP,25.0,future_role_caps,25.233641191693955,17.172788084363837,2.717211752815519,2.5370287713786293,-0.18018298143688982
05u38,Peyton Pallette,RP,25.0,linear_SP,25.233641191693955,17.25506257442822,2.717211752815519,2.53886784011225,-0.17834391270326888
05u38,Peyton Pallette,RP,25.0,pooled_linear_SP,25.233641191693955,17.200764240067564,2.717211752815519,2.5376541179860816,-0.17955763482943743
051dq,Sammy Peralta,RP,28.0,future_role_caps,20.741754153407772,10.62778149181058,1.8523171624701895,1.5592169319078484,-0.29310023056234114
051dq,Sammy Peralta,RP,28.0,linear_SP,20.741754153407772,10.668317866979155,1.8523171624701895,1.5603916652500873,-0.2919254972201022
051dq,Sammy Peralta,RP,28.0,pooled_linear_SP,20.741754153407772,10.695794473885138,1.8523171624701895,1.5611879299908247,-0.29112923247936484
04up8,Lazaro Estrada,RP,27.0,future_role_caps,17.24070748597636,9.221402221893056,1.6365075362682076,1.4430257068249595,-0.1934818294432481
04up8,Lazaro Estrada,RP,27.0,linear_SP,17.24070748597636,9.256545211408728,1.6365075362682076,1.443873601957977,-0.19263393431023057
04up8,Lazaro Estrada,RP,27.0,pooled_linear_SP,17.24070748597636,9.258578581536238,1.6365075362682076,1.4439226610920601,-0.19258487517614742
06kwi,Kyle Backhus,RP,28.0,future_role_caps,24.559868436199775,17.372296636692447,3.653039287882662,3.329553866735105,-0.3234854211475571
06kwi,Kyle Backhus,RP,28.0,linear_SP,24.559868436199775,17.42411688070284,3.653039287882662,3.331886099918337,-0.3211531879643248
06kwi,Kyle Backhus,RP,28.0,pooled_linear_SP,24.559868436199775,17.420755664932578,3.653039287882662,3.331734824309642,-0.32130446357302
06bpq,Antwone Kelly,RP,23.0,future_role_caps,29.324583126960533,35.58161740211322,1.5699299099741124,1.4461143924272988,-0.12381551754681364
06bpq,Antwone Kelly,RP,23.0,linear_SP,29.324583126960533,35.73451102303403,1.5699299099741124,1.4430889011208032,-0.12684100885330918
06bpq,Antwone Kelly,RP,23.0,pooled_linear_SP,29.324583126960533,34.15380929326062,1.5699299099741124,1.4743681612546733,-0.09556174871943912
04w0m,Yovanny Cruz,RP,27.0,future_role_caps,22.90784593177292,18.55608662361399,2.275115265195485,2.1647734821659137,-0.11034178302957143
04w0m,Yovanny Cruz,RP,27.0,linear_SP,22.90784593177292,18.60135183403845,2.275115265195485,2.1659212120088944,-0.1091940531865907
04w0m,Yovanny Cruz,RP,27.0,pooled_linear_SP,22.90784593177292,18.59237535361007,2.275115265195485,2.1656936073125728,-0.10942165788291236
0318i,Justin Topa,RP,35.0,future_role_caps,25.170082318900576,5.110652867906471,1.456333609515381,0.9560439551299836,-0.5002896543853973
0318i,Justin Topa,RP,35.0,linear_SP,25.170082318900576,5.116506719152927,1.456333609515381,0.956189952364056,-0.5001436571513249
0318i,Justin Topa,RP,35.0,pooled_linear_SP,25.170082318900576,5.106402354315636,1.456333609515381,0.9559379457352242,-0.5003956637801568
02n6w,Ryan Borucki,RP,32.0,future_role_caps,26.013110371300886,9.90727568767269,2.3631650026148523,1.832059161059645,-0.5311058415552072
02n6w,Ryan Borucki,RP,32.0,linear_SP,26.013110371300886,9.926190545651309,2.3631650026148523,1.832682897224952,-0.5304821053899003
02n6w,Ryan Borucki,RP,32.0,pooled_linear_SP,26.013110371300886,9.915017460964457,2.3631650026148523,1.8323144536973768,-0.5308505489174755
04ei3,Parker Mushinski,RP,30.0,future_role_caps,14.29925074047183,6.316774132716079,0.6769448183489084,0.5889114690633364,-0.08803334928557205
04ei3,Parker Mushinski,RP,30.0,linear_SP,14.29925074047183,6.3931792197960755,0.6769448183489084,0.5897540892235473,-0.08719072912536108
04ei3,Parker Mushinski,RP,30.0,pooled_linear_SP,14.29925074047183,6.3631584842410245,0.6769448183489084,0.5894230107840113,-0.08752180756489714
04pqd,Drew Rom,RP,26.0,future_role_caps,25.655947309298234,24.386152315027633,2.183187579330743,2.154640888239649,-0.02854669109109409
04pqd,Drew Rom,RP,26.0,linear_SP,25.655947309298234,24.262264657453503,2.183187579330743,2.151855727873823,-0.0313318514569203
04pqd,Drew Rom,RP,26.0,pooled_linear_SP,25.655947309298234,24.258708614744997,2.183187579330743,2.151775783273974,-0.03141179605676925
04ehs,Cody Bolton,RP,28.0,future_role_caps,19.04002239419559,9.277333432355539,2.1536989951718586,1.7900843099268504,-0.3636146852450082
04ehs,Cody Bolton,RP,28.0,linear_SP,19.04002239419559,9.312229839219476,2.1536989951718586,1.791384038520848,-0.36231495665101066
04ehs,Cody Bolton,RP,28.0,pooled_linear_SP,19.04002239419559,9.331544509191104,2.1536989951718586,1.7921034200016877,-0.36159557517017094
05ybh,Garrett Acton,RP,28.0,future_role_caps,12.902373150569286,9.714004562801867,1.4713464522425181,1.3635055116913104,-0.10784094055120774
05ybh,Garrett Acton,RP,28.0,linear_SP,12.902373150569286,9.735881302475123,1.4713464522425181,1.3642454538020214,-0.1071009984404967
05ybh,Garrett Acton,RP,28.0,pooled_linear_SP,12.902373150569286,9.724287993136365,1.4713464522425181,1.3638533305738636,-0.10749312166865455
06m7f,Welinton Herrera,RP,22.0,future_role_caps,15.783289909161326,9.010385283123515,3.3522806052542977,2.9916223422686343,-0.3606582629856634
06m7f,Welinton Herrera,RP,22.0,linear_SP,15.783289909161326,8.943810293373833,3.3522806052542977,2.9880772133339826,-0.36420339192031514
06m7f,Welinton Herrera,RP,22.0,pooled_linear_SP,15.783289909161326,8.891299003658537,3.3522806052542977,2.985280978692932,-0.36699962656136575
03drx,Connor Seabold,RP,30.0,future_role_caps,23.142380576967998,6.459012845684498,1.4817202604864121,1.1659868640006026,-0.31573339648580956
03drx,Connor Seabold,RP,30.0,linear_SP,23.142380576967998,6.3798322209450244,1.4817202604864121,1.164488367534689,-0.31723189295172305
03drx,Connor Seabold,RP,30.0,pooled_linear_SP,23.142380576967998,6.372055766012676,1.4817202604864121,1.164341197816443,-0.31737906266996907
0511r,Drey Jameson,RP,29.0,future_role_caps,20.511661268638473,8.769172737846244,1.0905171150825452,0.9767962190314107,-0.11372089605113456
0511r,Drey Jameson,RP,29.0,linear_SP,20.511661268638473,8.801194698205862,1.0905171150825452,0.9771063377950664,-0.11341077728747884
0511r,Drey Jameson,RP,29.0,pooled_linear_SP,20.511661268638473,8.805183209528986,1.0905171150825452,0.9771449647931159,-0.11337215028942937
041qm,Shaun Anderson,RP,31.0,future_role_caps,11.508762045298859,6.199297481665098,0.7945501842405428,0.6836069366028034,-0.11094324763773944
041qm,Shaun Anderson,RP,31.0,linear_SP,11.508762045298859,6.262857385774212,0.7945501842405428,0.6849350445686625,-0.1096151396718803
041qm,Shaun Anderson,RP,31.0,pooled_linear_SP,11.508762045298859,6.210077722345354,0.7945501842405428,0.6838321937633043,-0.11071799047723851
01as6,Carlos Carrasco,RP,39.0,future_role_caps,15.384463819516283,5.556201783203759,0.33411741411584794,0.18238372545170828,-0.15173368866413967
01as6,Carlos Carrasco,RP,39.0,linear_SP,15.384463819516283,5.143009315817938,0.33411741411584794,0.17600465080218763,-0.1581127633136603
01as6,Carlos Carrasco,RP,39.0,pooled_linear_SP,15.384463819516283,4.8404294053627215,0.33411741411584794,0.17133326884682196,-0.162784145269026
03drc,Aaron Bummer,RP,33.0,future_role_caps,36.863706540484486,13.222185247184873,1.7785036866956585,1.3156094150417232,-0.46289427165393526
03drc,Aaron Bummer,RP,33.0,linear_SP,36.863706540484486,13.192136974922438,1.7785036866956585,1.3150210784059029,-0.4634826082897556
03drc,Aaron Bummer,RP,33.0,pooled_linear_SP,36.863706540484486,13.19205977335169,1.7785036866956585,1.3150195668210762,-0.46348411987458227
050s3,Blake Walston,RP,25.0,future_role_caps,17.713908120796102,12.513024745889638,1.9130019708450083,1.763566694440914,-0.14943527640409426
050s3,Blake Walston,RP,25.0,linear_SP,17.713908120796102,12.897667164119914,1.9130019708450083,1.7746184989021154,-0.1383834719428929
050s3,Blake Walston,RP,25.0,pooled_linear_SP,17.713908120796102,12.75382229375731,1.9130019708450083,1.7704854514152872,-0.1425165194297211
03qxr,Cole Sands,RP,29.0,future_role_caps,46.19862728088998,22.71598033258703,8.609705398844758,7.198632283877906,-1.411073114966852
03qxr,Cole Sands,RP,29.0,linear_SP,46.19862728088998,22.642616347448648,8.609705398844758,7.1942238393246365,-1.4154815595201216
03qxr,Cole Sands,RP,29.0,pooled_linear_SP,46.19862728088998,22.62711143300267,8.609705398844758,7.193292148447847,-1.4164132503969107
04eiw,Eli Morgan,RP,30.0,future_role_caps,29.660161907725445,10.937932369095034,2.6319101833982432,2.134283390821077,-0.497626792577166
04eiw,Eli Morgan,RP,30.0,linear_SP,29.660161907725445,10.961749897164403,2.6319101833982432,2.1349164479084193,-0.49699373548982395
04eiw,Eli Morgan,RP,30.0,pooled_linear_SP,29.660161907725445,10.935228131472664,2.6319101833982432,2.1342115136393764,-0.4976986697588668
04efo,Nick Raquet,RP,30.0,future_role_caps,10.898886699166756,7.196779615021972,1.5663136691166313,1.3916219408613466,-0.17469172825528467
04efo,Nick Raquet,RP,30.0,linear_SP,10.898886699166756,7.221401628675227,1.5663136691166313,1.392783782488412,-0.17352988662821933
04efo,Nick Raquet,RP,30.0,pooled_linear_SP,10.898886699166756,7.2174573964099,1.5663136691166313,1.392597665572988,-0.17371600354364336
05xq0,Alek Jacob,RP,28.0,future_role_caps,19.65125298074235,8.365604742787145,2.577840211861549,2.1314888931825746,-0.44635131867897426
05xq0,Alek Jacob,RP,28.0,linear_SP,19.65125298074235,8.571685892397019,2.577840211861549,2.1396394744291074,-0.4382007374324415
05xq0,Alek Jacob,RP,28.0,pooled_linear_SP,19.65125298074235,8.533964518775525,2.577840211861549,2.138147580963767,-0.439692630897782
0665x,Matt Pushard,RP,28.0,future_role_caps,16.30141677767362,11.773717434611974,1.8911929894518762,1.7338923123676884,-0.15730067708418782
0665x,Matt Pushard,RP,28.0,linear_SP,16.30141677767362,11.857146033144247,1.8911929894518762,1.7367907766964696,-0.15440221275540655
0665x,Matt Pushard,RP,28.0,pooled_linear_SP,16.30141677767362,11.844580922395652,1.8911929894518762,1.7363542414323911,-0.15483874801948505
06ex9,Brandan Bidois,RP,25.0,future_role_caps,22.043995535440505,14.364515671067423,2.181143250835559,2.0306172522660737,-0.15052599856948534
06ex9,Brandan Bidois,RP,25.0,linear_SP,22.043995535440505,14.431096668528548,2.181143250835559,2.0319223108514977,-0.14922093998406138
06ex9,Brandan Bidois,RP,25.0,pooled_linear_SP,22.043995535440505,14.405430461303812,2.181143250835559,2.0314192258066472,-0.1497240250289118
062q0,Brycen Mautz,RP,25.0,future_role_caps,21.831352491690275,23.919313736174676,2.668708623044434,2.6468032137464053,-0.021905409298028644
062q0,Brycen Mautz,RP,25.0,linear_SP,21.831352491690275,25.23709096330323,2.668708623044434,2.6329780292032883,-0.03573059384114563
062q0,Brycen Mautz,RP,25.0,pooled_linear_SP,21.831352491690275,26.173803980303976,2.668708623044434,2.6231507002303984,-0.04555792281403548
05gs4,Cole Henry,RP,27.0,future_role_caps,31.78500100495167,14.240007310105643,1.3342675971418578,1.2068770504415989,-0.12739054670025896
05gs4,Cole Henry,RP,27.0,linear_SP,31.78500100495167,14.180506977018366,1.3342675971418578,1.2064450309098353,-0.12782256623202248
05gs4,Cole Henry,RP,27.0,pooled_linear_SP,31.78500100495167,14.140485973168019,1.3342675971418578,1.2061544467324532,-0.12811315040940463
05uab,Philip Abner,RP,24.0,future_role_caps,14.925817331774923,16.85059220300589,1.3176416818465282,1.2608913995199318,-0.0567502823265964
05uab,Philip Abner,RP,24.0,linear_SP,14.925817331774923,16.86634216511094,1.3176416818465282,1.2604270258368302,-0.057214656009697995
05uab,Philip Abner,RP,24.0,pooled_linear_SP,14.925817331774923,16.84833835853174,1.3176416818465282,1.2609578521280467,-0.056683829718481515
04el7,Max Lazar,RP,27.0,future_role_caps,25.143779230728107,7.840285304043474,2.4836266915150436,2.044641832248633,-0.4389848592664105
04el7,Max Lazar,RP,27.0,linear_SP,25.143779230728107,7.900449326055984,2.4836266915150436,2.0461681768613436,-0.4374585146537
04el7,Max Lazar,RP,27.0,pooled_linear_SP,25.143779230728107,7.8824453946096265,2.4836266915150436,2.045711422095762,-0.4379152694192814
04egr,Bruce Zimmermann,RP,31.0,future_role_caps,13.985939858353653,8.76763951105618,1.7535508117888399,1.4995195209614838,-0.2540312908273561
04egr,Bruce Zimmermann,RP,31.0,linear_SP,13.985939858353653,12.680850005264187,1.7535508117888399,1.69001792982322,-0.06353288196561979
04egr,Bruce Zimmermann,RP,31.0,pooled_linear_SP,13.985939858353653,10.825960707182858,1.7535508117888399,1.5997203441395063,-0.1538304676493336
05qzx,Angel Zerpa,RP,27.0,future_role_caps,41.13740529309351,19.290477043369616,4.879642492614933,4.196929425519024,-0.682713067095909
05qzx,Angel Zerpa,RP,27.0,linear_SP,41.13740529309351,19.49719365394719,4.879642492614933,4.203389287043441,-0.6762532055714923
05qzx,Angel Zerpa,RP,27.0,pooled_linear_SP,41.13740529309351,19.498220903278007,4.879642492614933,4.203421388423246,-0.6762211041916872
0513y,Ken Waldichuk,RP,28.0,future_role_caps,17.770643182528325,7.4131918041959395,1.1830199761344546,0.9976687212311949,-0.18535125490325977
0513y,Ken Waldichuk,RP,28.0,linear_SP,17.770643182528325,7.233693315064022,1.1830199761344546,0.9944565149655261,-0.18856346116892853
0513y,Ken Waldichuk,RP,28.0,pooled_linear_SP,17.770643182528325,6.982534734689477,1.1830199761344546,0.989961919108718,-0.19305805702573664
04nb5,Hunter Barco,RP,25.0,future_role_caps,17.170216972685235,26.31465071469832,2.0821614825248225,1.9420073605282595,-0.14015412199656296
04nb5,Hunter Barco,RP,25.0,linear_SP,17.170216972685235,31.96266849775715,2.0821614825248225,1.8554418064722766,-0.22671967605254584
04nb5,Hunter Barco,RP,25.0,pooled_linear_SP,17.170216972685235,33.276111904080295,2.0821614825248225,1.8353110348357955,-0.24685044768902697
03qni,Danny Young,RP,32.0,future_role_caps,18.638686428197282,12.658289779381015,1.8471866938835113,1.6359519785160619,-0.21123471536744942
03qni,Danny Young,RP,32.0,linear_SP,18.638686428197282,12.664273560662672,1.8471866938835113,1.6361633327806824,-0.21102336110282893
03qni,Danny Young,RP,32.0,pooled_linear_SP,18.638686428197282,12.67071218520346,1.8471866938835113,1.6363907526496473,-0.21079594123386403
0662m,Luis Morales,RP,24.0,linear_SP,18.586241442644848,12.5663427463402,0.0,0.0,0.0
0662m,Luis Morales,RP,24.0,pooled_linear_SP,18.586241442644848,13.585909741302569,0.0,0.0,0.0
06jbm,Yunior Tur,RP,27.0,future_role_caps,20.38490363562409,11.488679657708587,0.0,0.0,0.0
06jbm,Yunior Tur,RP,27.0,linear_SP,20.38490363562409,11.15898062127438,0.0,0.0,0.0
06jbm,Yunior Tur,RP,27.0,pooled_linear_SP,20.38490363562409,11.381295361546616,0.0,0.0,0.0
0516v,Zak Kent,RP,28.0,future_role_caps,20.888201687305735,8.56318697844779,0.8496424400465731,0.7415797683068219,-0.10806267173975115
0516v,Zak Kent,RP,28.0,linear_SP,20.888201687305735,8.645853082188909,0.8496424400465731,0.7423045641990458,-0.1073378758475273
0516v,Zak Kent,RP,28.0,pooled_linear_SP,20.888201687305735,8.628710099551435,0.8496424400465731,0.742154258779608,-0.10748818126696513
04erh,CJ Van Eyk,RP,28.0,future_role_caps,19.23986958738303,16.335995026172643,1.347167344339011,1.292086569526831,-0.05508077481217999
0429r,Max Kranick,RP,29.0,future_role_caps,23.489632740595127,8.296443183706446,1.8705954204763184,1.4301004941594857,-0.44049492631683274
0429r,Max Kranick,RP,29.0,linear_SP,23.489632740595127,8.267150435722233,1.8705954204763184,1.4292512118664813,-0.44134420860983714
0429r,Max Kranick,RP,29.0,pooled_linear_SP,23.489632740595127,8.19330317992209,1.8705954204763184,1.427110164301677,-0.4434852561746414
051i0,Jayden Murray,RP,29.0,future_role_caps,16.310649629166296,9.38240012957866,1.4707481541839735,1.2428160325600424,-0.22793212162393117
051i0,Jayden Murray,RP,29.0,linear_SP,16.310649629166296,9.399315713547981,1.4707481541839735,1.2433725374813596,-0.22737561670261397
051i0,Jayden Murray,RP,29.0,pooled_linear_SP,16.310649629166296,9.41968186310667,1.4707481541839735,1.244042562381372,-0.22670559180260152
052c7,Valente Bellozo,RP,26.0,future_role_caps,38.52946692320211,19.58968142199628,5.07708829288494,4.379801025109281,-0.6972872677756587
052c7,Valente Bellozo,RP,26.0,linear_SP,38.52946692320211,19.05969152773815,5.07708829288494,4.360288913671038,-0.716799379213902
052c7,Valente Bellozo,RP,26.0,pooled_linear_SP,38.52946692320211,18.38887444937897,5.07708829288494,4.33559210769525,-0.74149618518969
06dqg,Kade Morris,RP,24.0,future_role_caps,19.296543663382867,15.63476082514163,0.02880237538269446,0.02880237538269446,0.0
06dqg,Kade Morris,RP,24.0,linear_SP,19.296543663382867,13.48690623573054,0.02880237538269446,0.02880237538269446,0.0
06dqg,Kade Morris,RP,24.0,pooled_linear_SP,19.296543663382867,14.60438796370419,0.02880237538269446,0.02880237538269446,0.0
06f1b,Brody Hopkins,RP,24.0,future_role_caps,18.014435603126536,26.771691340979412,2.0538877419717494,1.8776401122246118,-0.1762476297471376
06f1b,Brody Hopkins,RP,24.0,linear_SP,18.014435603126536,32.423134257909894,2.0538877419717494,1.7638997523930666,-0.28998798957868277
06f1b,Brody Hopkins,RP,24.0,pooled_linear_SP,18.014435603126536,31.78229280090659,2.0538877419717494,1.7767972617523429,-0.2770904802194065
04efn,Keegan Thompson,RP,31.0,future_role_caps,22.8936515538527,10.28259767732052,1.845870284442204,1.4762764358438194,-0.3695938485983845
04efn,Keegan Thompson,RP,31.0,linear_SP,22.8936515538527,10.769715274654596,1.845870284442204,1.4905524566491646,-0.35531782779303933
04efn,Keegan Thompson,RP,31.0,pooled_linear_SP,22.8936515538527,10.277196435540489,1.845870284442204,1.4761181409260247,-0.36975214351617924
03aru,Joel Payamps,RP,32.0,future_role_caps,36.52173913043479,21.029158006565392,5.6988019602215605,4.666816735178431,-1.0319852250431296
03aru,Joel Payamps,RP,32.0,linear_SP,36.52173913043479,21.030548324413804,5.6988019602215605,4.666909346439667,-1.0318926137818938
03aru,Joel Payamps,RP,32.0,pooled_linear_SP,36.52173913043479,21.009024198100043,5.6988019602215605,4.6654755904915675,-1.033326369729993
04pmm,Nick Sandlin,RP,29.0,future_role_caps,30.3420852742955,18.298562922093705,5.024697890144977,4.436575791343184,-0.5881220988017928
04pmm,Nick Sandlin,RP,29.0,linear_SP,30.3420852742955,18.293572721054932,5.024697890144977,4.436332104536073,-0.5883657856089037
04pmm,Nick Sandlin,RP,29.0,pooled_linear_SP,30.3420852742955,18.043389005905162,5.024697890144977,4.424114867141815,-0.6005830230031624
05yfi,Colton Gordon,RP,27.0,future_role_caps,21.46157108116762,25.79685464830772,2.8055020441504057,2.817959505666372,0.012457461515966273
05yfi,Colton Gordon,RP,27.0,linear_SP,21.46157108116762,23.762346617142246,2.8055020441504057,2.812113335488653,0.006611291338247227
05yfi,Colton Gordon,RP,27.0,pooled_linear_SP,21.46157108116762,24.922357701220037,2.8055020441504057,2.8154466338102497,0.009944589659844016
04pmo,Lyon Richardson,RP,26.0,future_role_caps,21.377067883572092,11.15781945105538,0.6993706230945895,0.6280050725023613,-0.07136555059222827
04pmo,Lyon Richardson,RP,26.0,linear_SP,21.377067883572092,11.259190260316954,0.6993706230945895,0.628712989886375,-0.0706576332082145
04pmo,Lyon Richardson,RP,26.0,pooled_linear_SP,21.377067883572092,11.228937596931107,0.6993706230945895,0.6285017221015012,-0.07086890099308829
062pm,Owen Murphy,RP,23.0,future_role_caps,24.11903582631665,31.51454219248358,2.1632824850042347,2.0536127740852037,-0.109669710919031
062pm,Owen Murphy,RP,23.0,linear_SP,24.11903582631665,37.47783946004344,2.1632824850042347,1.9651816302152672,-0.19810085478896755
062pm,Owen Murphy,RP,23.0,pooled_linear_SP,24.11903582631665,39.9549759072932,2.1632824850042347,1.9284475886735404,-0.23483489633069432
02j77,Chris Martin,RP,40.0,future_role_caps,22.669962282728665,6.557407053752273,2.499505757815232,1.2811587613441209,-1.218346996471111
02j77,Chris Martin,RP,40.0,linear_SP,22.669962282728665,6.581762870021018,2.499505757815232,1.2830004205456522,-1.2165053372695798
02j77,Chris Martin,RP,40.0,pooled_linear_SP,22.669962282728665,6.579505210342558,2.499505757815232,1.2828297081509252,-1.2166760496643068
05xzr,Jedixson Paez,RP,22.0,future_role_caps,16.15628064544887,25.641346229219074,1.8629272167415465,1.6752811582678495,-0.18764605847369697
05xzr,Jedixson Paez,RP,22.0,linear_SP,16.15628064544887,25.186698379568206,1.8629272167415465,1.684275600765591,-0.17865161597595547
05xzr,Jedixson Paez,RP,22.0,pooled_linear_SP,16.15628064544887,24.846527544406054,1.8629272167415465,1.6910053082053693,-0.17192190853617717
0310c,Hunter Harvey,RP,31.0,future_role_caps,30.74141291564605,15.572358040790347,6.771535057397765,5.397136973607209,-1.374398083790556
0310c,Hunter Harvey,RP,31.0,linear_SP,30.74141291564605,15.532638605345007,6.771535057397765,5.393538178796611,-1.377996878601154
0310c,Hunter Harvey,RP,31.0,pooled_linear_SP,30.74141291564605,15.523131551674297,6.771535057397765,5.392676788521783,-1.378858268875982
05uws,Chayce McDermott,RP,28.0,future_role_caps,15.365660911207769,6.584739703859998,0.9612785774915169,0.7995799290725077,-0.16169864841900916
05uws,Chayce McDermott,RP,28.0,linear_SP,15.365660911207769,6.7266156027074056,0.9612785774915169,0.8021925411829159,-0.15908603630860096
05uws,Chayce McDermott,RP,28.0,pooled_linear_SP,15.365660911207769,6.772512681523468,0.9612785774915169,0.8030377253538806,-0.15824085213763628
05gd5,Luis Perales,RP,23.0,future_role_caps,15.518888226724936,40.91757937425203,0.013297907389497711,0.013297907389497711,0.0
05gd5,Luis Perales,RP,23.0,linear_SP,15.518888226724936,34.92682670738434,0.013297907389497711,0.013297907389497711,0.0
05gd5,Luis Perales,RP,23.0,pooled_linear_SP,15.518888226724936,36.92160331670438,0.013297907389497711,0.013297907389497711,0.0
05yer,Patrick Monteverde,RP,29.0,future_role_caps,11.281930090442437,6.61833190490558,1.4935441167485488,1.319235867147542,-0.17430824960100688
05yer,Patrick Monteverde,RP,29.0,linear_SP,11.281930090442437,7.841246338703258,1.4935441167485488,1.3649439375872645,-0.1286001791612843
05yer,Patrick Monteverde,RP,29.0,pooled_linear_SP,11.281930090442437,8.336570906703265,1.4935441167485488,1.3834573589836914,-0.11008675776485743
061pi,Yaramil Hiraldo,RP,30.0,future_role_caps,17.95923866818795,10.235351539697692,1.0814445932978314,0.9651429254341548,-0.11630166786367657
061pi,Yaramil Hiraldo,RP,30.0,linear_SP,17.95923866818795,10.25402695220484,1.0814445932978314,0.9654241286141718,-0.11602046468365956
061pi,Yaramil Hiraldo,RP,30.0,pooled_linear_SP,17.95923866818795,10.255997152532723,1.0814445932978314,0.9654537947110927,-0.11599079858673866
05xpv,Chase Lee,RP,28.0,future_role_caps,24.36956863519003,11.561520736502674,3.030501328941352,2.5511797658566557,-0.4793215630846963
05xpv,Chase Lee,RP,28.0,linear_SP,24.36956863519003,11.549475340238526,3.030501328941352,2.550728985362159,-0.4797723435791932
05xpv,Chase Lee,RP,28.0,pooled_linear_SP,24.36956863519003,11.520508713078184,3.030501328941352,2.549644953734731,-0.48085637520662106
02bq6,Joe Ross,RP,33.0,future_role_caps,18.058319796842756,3.053872139830366,2.1421200932945714,1.854047929626985,-0.2880721636675865
02bq6,Joe Ross,RP,33.0,linear_SP,18.058319796842756,2.93875387547444,2.1421200932945714,1.8518377604658984,-0.290282332828673
02bq6,Joe Ross,RP,33.0,pooled_linear_SP,18.058319796842756,2.8836033379933044,2.1421200932945714,1.8507789187795671,-0.2913411745150043
05y29,Andrew Hoffmann,RP,26.0,future_role_caps,17.67729221108655,14.100089408095757,1.6431967939144747,1.559348805009058,-0.08384798890541667
05y29,Andrew Hoffmann,RP,26.0,linear_SP,17.67729221108655,14.118861554743091,1.6431967939144747,1.5597888154950443,-0.08340797841943037
05y29,Andrew Hoffmann,RP,26.0,pooled_linear_SP,17.67729221108655,14.111720965963416,1.6431967939144747,1.5596214433772893,-0.08357535053718546
051hq,Taylor Rashi,RP,30.0,future_role_caps,15.715662967188743,8.508483903132142,2.0451021161100353,1.7449813150469928,-0.3001208010630425
051hq,Taylor Rashi,RP,30.0,linear_SP,15.715662967188743,8.535320810919865,2.0451021161100353,1.746098855514868,-0.29900326059516735
051hq,Taylor Rashi,RP,30.0,pooled_linear_SP,15.715662967188743,8.544486710289771,2.0451021161100353,1.7464805411975617,-0.29862157491247365
0517z,Mitch Spence,RP,28.0,future_role_caps,39.580655331488074,37.6261029435985,3.0711998541637984,3.0172745575792734,-0.05392529658452494
0517z,Mitch Spence,RP,28.0,linear_SP,39.580655331488074,38.124081076342904,3.0711998541637984,3.0310135694713236,-0.04018628469247476
0517z,Mitch Spence,RP,28.0,pooled_linear_SP,39.580655331488074,37.6585486022488,3.0711998541637984,3.018169719958362,-0.05303013420543623
05xsv,Hayden Juenger,RP,26.0,future_role_caps,22.252524672390855,8.600566180770219,0.05230468776966896,0.05230468776966896,0.0
05xsv,Hayden Juenger,RP,26.0,linear_SP,22.252524672390855,8.676896272947825,0.05230468776966896,0.05230468776966896,0.0
05xsv,Hayden Juenger,RP,26.0,pooled_linear_SP,22.252524672390855,8.645003289578355,0.05230468776966896,0.05230468776966896,0.0
061lj,Winston Santos,RP,24.0,future_role_caps,15.53538483205408,21.72745116659399,2.6487830640306793,2.5977951067390994,-0.0509879572915799
061lj,Winston Santos,RP,24.0,linear_SP,15.53538483205408,22.865532500040946,2.6487830640306793,2.5884236886552117,-0.06035937537546765
061lj,Winston Santos,RP,24.0,pooled_linear_SP,15.53538483205408,22.43024285097093,2.6487830640306793,2.5920080381820325,-0.0567750258486468
066qr,Tyler Uberstine,RP,27.0,future_role_caps,14.153255129821483,6.87016235921562,2.5970619438456315,2.219873436498952,-0.37718850734667964
066qr,Tyler Uberstine,RP,27.0,linear_SP,14.153255129821483,6.900556592787053,2.5970619438456315,2.221447541889868,-0.37561440195576346
066qr,Tyler Uberstine,RP,27.0,pooled_linear_SP,14.153255129821483,6.891447349063759,2.5970619438456315,2.2209757777436097,-0.37608616610202183
0310j,Matt Krook,RP,31.0,future_role_caps,10.239127398782571,6.150176072781648,0.35241330214064365,0.31229280580334934,-0.04012049633729431
0310j,Matt Krook,RP,31.0,linear_SP,10.239127398782571,6.166155975294269,0.35241330214064365,0.3124495994575441,-0.03996370268309957
0310j,Matt Krook,RP,31.0,pooled_linear_SP,10.239127398782571,6.169032851564226,0.35241330214064365,0.3124778271606026,-0.039935474980041075
05taw,Doug Nikhazy,RP,27.0,future_role_caps,13.715525589723912,7.417923501299591,2.137582374526122,1.8642981771075697,-0.2732841974185525
05taw,Doug Nikhazy,RP,27.0,linear_SP,13.715525589723912,7.964611983270874,2.137582374526122,1.8880217024964008,-0.24956067202972143
05taw,Doug Nikhazy,RP,27.0,pooled_linear_SP,13.715525589723912,7.8806817374087785,2.137582374526122,1.8843795527451925,-0.2532028217809297
04oc6,Jhonathan Diaz,RP,30.0,future_role_caps,9.871277381816746,4.794803492458883,1.3082701334847207,1.0906298592368775,-0.21764027424784316
04oc6,Jhonathan Diaz,RP,30.0,linear_SP,9.871277381816746,5.362116792654463,1.3082701334847207,1.114951903421494,-0.19331823006322657
04oc6,Jhonathan Diaz,RP,30.0,pooled_linear_SP,9.871277381816746,5.338756481060459,1.3082701334847207,1.113950392385952,-0.1943197410987687
041rp,Easton McGee,RP,28.0,future_role_caps,18.134451625635208,7.876295499666715,1.088157973212193,0.9340339257052718,-0.15412404750692132
041rp,Easton McGee,RP,28.0,linear_SP,18.134451625635208,7.7521240171995816,1.088157973212193,0.9321683066575833,-0.15598966655460977
041rp,Easton McGee,RP,28.0,pooled_linear_SP,18.134451625635208,7.78169899245309,1.088157973212193,0.9326126569711304,-0.15554531624106271
03ql8,Bailey Falter,RP,29.0,future_role_caps,17.16973460816728,29.2340466365413,0.007541941260578622,0.007541941260578622,0.0
03ql8,Bailey Falter,RP,29.0,linear_SP,17.16973460816728,21.610465737530912,0.007541941260578622,0.007541941260578622,0.0
03ql8,Bailey Falter,RP,29.0,pooled_linear_SP,17.16973460816728,21.295013659631422,0.007541941260578622,0.007541941260578622,0.0
04py3,J.P. France,RP,31.0,future_role_caps,12.722345292000465,5.7841881874701535,1.1180370611921824,0.893756620428027,-0.22428044076415543
04py3,J.P. France,RP,31.0,linear_SP,12.722345292000465,5.7688425343301395,1.1180370611921824,0.8932605622099432,-0.22477649898223917
04py3,J.P. France,RP,31.0,pooled_linear_SP,12.722345292000465,5.71791226966726,1.1180370611921824,0.8916142082812657,-0.22642285291091668
04eg2,Charlie Barnes,RP,31.0,future_role_caps,11.716665189387223,5.426493684947122,0.4838564116966487,0.42129827500064837,-0.06255813669600035
04eg2,Charlie Barnes,RP,31.0,linear_SP,11.716665189387223,5.636360465280074,0.4838564116966487,0.42338547957412476,-0.06047093212252397
04eg2,Charlie Barnes,RP,31.0,pooled_linear_SP,11.716665189387223,5.552806605612794,0.4838564116966487,0.4225545048112182,-0.061301906885430524
06kvo,Spencer Bivens,RP,32.0,future_role_caps,38.59076854111794,18.54163372648735,2.7411649328815457,2.222724955070009,-0.518439977811537
06kvo,Spencer Bivens,RP,32.0,linear_SP,38.59076854111794,18.73999025515763,2.7411649328815457,2.2278541516799075,-0.5133107812016382
06kvo,Spencer Bivens,RP,32.0,pooled_linear_SP,38.59076854111794,18.828826929106654,2.7411649328815457,2.2301513322663427,-0.5110136006152031
0614b,Josh Simpson,RP,29.0,future_role_caps,18.378196765257798,8.434971180310706,1.0773240137947406,0.8746462317056393,-0.20267778208910137
0614b,Josh Simpson,RP,29.0,linear_SP,18.378196765257798,8.462939135107675,1.0773240137947406,0.8752163166342563,-0.20210769716048438
0614b,Josh Simpson,RP,29.0,pooled_linear_SP,18.378196765257798,8.465790932280397,1.0773240137947406,0.8752744462543677,-0.20204956754037295
05t66,TJ Shook,RP,28.0,future_role_caps,16.72119575048925,15.324269098958451,1.6568767789579284,1.617610961229658,-0.039265817728270314
05t66,TJ Shook,RP,28.0,linear_SP,16.72119575048925,15.424628207774825,1.6568767789579284,1.6204319271478305,-0.036444851810097934
05t66,TJ Shook,RP,28.0,pooled_linear_SP,16.72119575048925,15.43059763004168,1.6568767789579284,1.6205997199567208,-0.03627705900120759
03nqg,Kolby Allard,RP,29.0,future_role_caps,30.172118308482037,16.25355037653559,3.7699948381494375,3.2723327830888476,-0.4976620550605899
03nqg,Kolby Allard,RP,29.0,linear_SP,30.172118308482037,17.296469974327348,3.7699948381494375,3.3096226474511665,-0.46037219069827096
03nqg,Kolby Allard,RP,29.0,pooled_linear_SP,30.172118308482037,17.407211268455065,3.7699948381494375,3.3135822315323114,-0.4564126066171261
03xmd,John Brebbia,RP,36.0,future_role_caps,23.676276877761413,4.584476802471609,1.982807713066375,1.2552387709604067,-0.7275689421059683
03xmd,John Brebbia,RP,36.0,linear_SP,23.676276877761413,4.559925541419601,1.982807713066375,1.2543031475534712,-0.7285045655129039
03xmd,John Brebbia,RP,36.0,pooled_linear_SP,23.676276877761413,4.545978752909874,1.982807713066375,1.253771649731276,-0.729036063335099
04prq,Codi Heuer,RP,30.0,future_role_caps,13.769812951630193,6.804211089834545,1.3510669896688792,1.1426314468624816,-0.20843554280639753
04prq,Codi Heuer,RP,30.0,linear_SP,13.769812951630193,6.8481846001450775,1.3510669896688792,1.1439472904424814,-0.20711969922639772
04prq,Codi Heuer,RP,30.0,pooled_linear_SP,13.769812951630193,6.807361969993652,1.3510669896688792,1.1427257323857303,-0.2083412572831489
05tdd,Joe Rock,RP,26.0,linear_SP,17.442924906212248,18.58681516896807,0.6484574003767014,0.6078189426730616,-0.04063845770363983
05tdd,Joe Rock,RP,26.0,pooled_linear_SP,17.442924906212248,18.618548602989232,0.6484574003767014,0.6066915637117679,-0.0417658366649335
02i31,Chris Devenski,RP,35.0,future_role_caps,15.346110054634911,4.612167047860317,1.1995063692221488,0.825873452340461,-0.37363291688168787
02i31,Chris Devenski,RP,35.0,linear_SP,15.346110054634911,4.594926719598477,1.1995063692221488,0.8252733416325501,-0.37423302758959875
02i31,Chris Devenski,RP,35.0,pooled_linear_SP,15.346110054634911,4.54157946372792,1.1995063692221488,0.8234164013817988,-0.37608996784035
05ymh,Luis Curvelo,RP,25.0,future_role_caps,19.324999816020906,10.28962079696453,2.202711944516789,1.9668663778791704,-0.2358455666376187
05ymh,Luis Curvelo,RP,25.0,linear_SP,19.324999816020906,10.328575877261944,2.202711944516789,1.967883201076823,-0.23482874343996607
05ymh,Luis Curvelo,RP,25.0,pooled_linear_SP,19.324999816020906,10.316958332106639,2.202711944516789,1.9675799546369872,-0.23513198987980188
05jp2,Jared Shuster,RP,28.0,future_role_caps,30.560581615401265,7.812873719373865,1.3364274502958216,1.0590308200771388,-0.27739663021868277
05jp2,Jared Shuster,RP,28.0,linear_SP,30.560581615401265,7.505874628720987,1.3364274502958216,1.0552871236301582,-0.28114032666566335
05jp2,Jared Shuster,RP,28.0,pooled_linear_SP,30.560581615401265,7.41015610365329,1.3364274502958216,1.054119885312142,-0.2823075649836795
06at1,Yariel Rodriguez,RP,29.0,future_role_caps,32.6560215106331,23.377130805314753,3.741520277266384,3.451360083700828,-0.2901601935655562
06at1,Yariel Rodriguez,RP,29.0,linear_SP,32.6560215106331,23.491397471008334,3.741520277266384,3.454933316632296,-0.28658696063408806
06at1,Yariel Rodriguez,RP,29.0,pooled_linear_SP,32.6560215106331,23.349424677744018,3.741520277266384,3.4504936853786377,-0.2910265918877464
041ru,Cole Irvin,RP,32.0,future_role_caps,14.494455403613182,5.947970654983453,0.9711576586109287,0.7769077408679941,-0.19424991774293465
041ru,Cole Irvin,RP,32.0,linear_SP,14.494455403613182,5.169398662555082,0.9711576586109287,0.7592118635647072,-0.21194579504622157
041ru,Cole Irvin,RP,32.0,pooled_linear_SP,14.494455403613182,4.921720632105107,0.9711576586109287,0.7535824804374099,-0.2175751781735188
052ij,Domingo Gonzalez,RP,27.0,future_role_caps,17.436226680553272,15.59895160728841,0.983589773257794,0.961283878243385,-0.02230589501440894
052ij,Domingo Gonzalez,RP,27.0,linear_SP,17.436226680553272,15.77290218649161,0.983589773257794,0.9633957685171192,-0.020194004740674787
052ij,Domingo Gonzalez,RP,27.0,pooled_linear_SP,17.436226680553272,15.754692773254359,0.983589773257794,0.9631746926064652,-0.0204150806513288
02ccf,Tommy Kahnle,RP,37.0,future_role_caps,24.79330637026143,5.380977013958525,2.3439977272098242,1.4536791239505344,-0.8903186032592898
02ccf,Tommy Kahnle,RP,37.0,linear_SP,24.79330637026143,5.381061674867193,2.3439977272098242,1.453683006801509,-0.8903147204083153
02ccf,Tommy Kahnle,RP,37.0,pooled_linear_SP,24.79330637026143,5.356909280644695,2.3439977272098242,1.4525752919314971,-0.8914224352783271
05yg3,Julian Aguiar,RP,25.0,future_role_caps,15.774047280904194,13.796254056112023,2.498655844765883,2.412503727180024,-0.08615211758585906
031d9,Lou Trivino,RP,35.0,future_role_caps,17.514654854189736,2.9821252022997378,1.3429301189359373,1.0044928334659355,-0.33843728547000174
031d9,Lou Trivino,RP,35.0,linear_SP,17.514654854189736,2.965592872028609,1.3429301189359373,1.0041078243096853,-0.338822294626252
031d9,Lou Trivino,RP,35.0,pooled_linear_SP,17.514654854189736,2.9473530098183245,1.3429301189359373,1.0036830497107916,-0.3392470692251457
04afj,Corbin Martin,RP,30.0,future_role_caps,15.960223351657852,5.2175749309145,1.259265703883863,1.0212791082427533,-0.2379865956411098
04afj,Corbin Martin,RP,30.0,linear_SP,15.960223351657852,5.22617740557054,1.259265703883863,1.0214696826316092,-0.23779602125225385
04afj,Corbin Martin,RP,30.0,pooled_linear_SP,15.960223351657852,5.190337007805899,1.259265703883863,1.0206756946021807,-0.2385900092816824
05jp5,Christian Roa,RP,27.0,future_role_caps,14.205782674633193,9.339163506305646,0.9911854938586429,0.9114691949831529,-0.07971629887548992
05jp5,Christian Roa,RP,27.0,linear_SP,14.205782674633193,9.37934341349068,0.9911854938586429,0.9121273507539592,-0.07905814310468362
05jp5,Christian Roa,RP,27.0,pooled_linear_SP,14.205782674633193,9.376058009709864,0.9911854938586429,0.9120735351130268,-0.07911195874561605
06agh,Yilber Diaz,RP,26.0,future_role_caps,12.80157979879199,11.26458891471205,1.2565849049125075,1.2169063883873246,-0.03967851652518295
06agh,Yilber Diaz,RP,26.0,linear_SP,12.80157979879199,11.213029775628451,1.2565849049125075,1.2155753524174027,-0.04100955249510485
06agh,Yilber Diaz,RP,26.0,pooled_linear_SP,12.80157979879199,11.167155220055678,1.2565849049125075,1.2143910680275385,-0.04219383688496903
05ocn,Zach Brzykcy,RP,27.0,future_role_caps,16.644530660500255,5.8912589975593646,0.6261673101897858,0.5641984875778554,-0.061968822611930374
05ocn,Zach Brzykcy,RP,27.0,linear_SP,16.644530660500255,5.988636864922503,0.6261673101897858,0.5647596555626421,-0.061407654627143704
05ocn,Zach Brzykcy,RP,27.0,pooled_linear_SP,16.644530660500255,5.957652610234321,0.6261673101897858,0.5645810998781288,-0.06158621031165701
05ylp,Jared Koenig,RP,32.0,future_role_caps,41.19791666666667,17.271355362443725,5.287618056955176,3.954246675407208,-1.333371381547968
05ylp,Jared Koenig,RP,32.0,linear_SP,41.19791666666667,16.981067600700868,5.287618056955176,3.938069616405703,-1.3495484405494729
05ylp,Jared Koenig,RP,32.0,pooled_linear_SP,41.19791666666667,17.02380721222777,5.287618056955176,3.940451395138713,-1.347166661816463
04yfw,Alek Manoah,RP,28.0,future_role_caps,16.9516453582883,8.789401006871833,2.0979910828162884,1.74090679077489,-0.35708429204139835
04yfw,Alek Manoah,RP,28.0,linear_SP,16.9516453582883,8.803168498375669,2.0979910828162884,1.7415090950854655,-0.35648198773082296
04yfw,Alek Manoah,RP,28.0,pooled_linear_SP,16.9516453582883,8.421834598977235,2.0979910828162884,1.724826386306422,-0.3731646965098665
05gx2,Jeff Criswell,RP,27.0,future_role_caps,16.929433146351418,13.47857565431044,2.457222884764035,2.3212533511265048,-0.1359695336375304
05gx2,Jeff Criswell,RP,27.0,linear_SP,16.929433146351418,13.491017507981667,2.457222884764035,2.3217435808868365,-0.13547930387719864
05gx2,Jeff Criswell,RP,27.0,pooled_linear_SP,16.929433146351418,13.484509690465169,2.457222884764035,2.3214871620359396,-0.13573572272809553
04eoi,Ricky Vanasco,RP,27.0,future_role_caps,13.50954458781548,8.217340910450023,1.1036676838238029,0.9790621403968629,-0.12460554342693997
04eoi,Ricky Vanasco,RP,27.0,linear_SP,13.50954458781548,8.251688139989813,1.1036676838238029,0.9798708498613756,-0.12379683396242724
04eoi,Ricky Vanasco,RP,27.0,pooled_linear_SP,13.50954458781548,8.238773620057486,1.1036676838238029,0.979566776006254,-0.1241009078175489
06alu,Andre Granillo,RP,26.0,future_role_caps,19.559543979553748,10.650272009404784,1.7280023733417713,1.5230154102363733,-0.204986963105398
06alu,Andre Granillo,RP,26.0,linear_SP,19.559543979553748,10.71305004287155,1.7280023733417713,1.5244598243785386,-0.20354254896323276
06alu,Andre Granillo,RP,26.0,pooled_linear_SP,19.559543979553748,10.687159044254956,1.7280023733417713,1.523864117210101,-0.20413825613167025
05l9g,Kyle Nicolas,RP,27.0,future_role_caps,30.568331954844922,5.717946922065231,2.2682304853881763,1.7746350416814978,-0.4935954437066785
05l9g,Kyle Nicolas,RP,27.0,linear_SP,30.568331954844922,5.666422477242878,2.2682304853881763,1.773611627711441,-0.4946188576767352
05l9g,Kyle Nicolas,RP,27.0,pooled_linear_SP,30.568331954844922,5.666828397308503,2.2682304853881763,1.7736196903750432,-0.4946107950131331
0316l,Austin Voth,RP,34.0,future_role_caps,25.735488196292074,9.076608151993632,1.4591054484846258,1.1080029105432951,-0.3511025379413306
0316l,Austin Voth,RP,34.0,linear_SP,25.735488196292074,8.908416773068318,1.4591054484846258,1.1044581092215076,-0.3546473392631182
0316l,Austin Voth,RP,34.0,pooled_linear_SP,25.735488196292074,8.985253777114744,1.4591054484846258,1.1060775258363562,-0.35302792264826954
041w8,Ian Hamilton,RP,31.0,future_role_caps,29.982213929110475,11.140969823423745,3.261398317433699,2.4946929716434445,-0.7667053457902546
041w8,Ian Hamilton,RP,31.0,linear_SP,29.982213929110475,11.181779157758603,3.261398317433699,2.4963536228518874,-0.7650446945818117
041w8,Ian Hamilton,RP,31.0,pooled_linear_SP,29.982213929110475,11.161874947450498,3.261398317433699,2.4955436623014395,-0.7658546551322596
05r1e,Eric Cerantola,RP,26.0,future_role_caps,15.449205027328683,13.068298565293142,0.8419800249405792,0.8193349780482083,-0.0226450468923709
05r1e,Eric Cerantola,RP,26.0,linear_SP,15.449205027328683,13.079203817642181,0.8419800249405792,0.8194386990279088,-0.02254132591267044
05r1e,Eric Cerantola,RP,26.0,pooled_linear_SP,15.449205027328683,13.054386903377585,0.8419800249405792,0.8192026627970838,-0.02277736214349546
02bqn,Michael Kelly,RP,34.0,future_role_caps,20.650003318190322,4.316321755292854,0.8942964997604327,0.6582516815139449,-0.23604481824648782
02bqn,Michael Kelly,RP,34.0,linear_SP,20.650003318190322,4.320984130058362,0.8942964997604327,0.6583190594287086,-0.23597744033172408
02bqn,Michael Kelly,RP,34.0,pooled_linear_SP,20.650003318190322,4.323219450240414,0.8942964997604327,0.6583513629693442,-0.23594513679108853
04674,Johan Oviedo,RP,28.0,future_role_caps,14.202521913595472,25.196729813613228,1.8493897976634186,1.722239845001268,-0.12714995266215068
04674,Johan Oviedo,RP,28.0,linear_SP,14.202521913595472,30.060755642451443,1.8493897976634186,1.6659865287543323,-0.18340326890908631
04674,Johan Oviedo,RP,28.0,pooled_linear_SP,14.202521913595472,23.643939500955838,1.8493897976634186,1.7401981387268501,-0.10919165893656846
04eoy,Hunter Stratton,RP,29.0,future_role_caps,19.444071795229952,10.38963792075125,3.3978709554631896,2.92212720297924,-0.47574375248394984
04eoy,Hunter Stratton,RP,29.0,linear_SP,19.444071795229952,10.433601229980743,3.3978709554631896,2.924437150789826,-0.4734338046733635
04eoy,Hunter Stratton,RP,29.0,pooled_linear_SP,19.444071795229952,10.430354308101094,3.3978709554631896,2.92426654898076,-0.4736044064824294
0515a,Noah Murdock,RP,28.0,future_role_caps,16.30805746671939,7.438755424797073,0.34110567719619816,0.3207968431718131,-0.020308834024385047
0515a,Noah Murdock,RP,28.0,linear_SP,16.30805746671939,7.452993488631827,0.34110567719619816,0.32082944533981717,-0.020276231856381
0515a,Noah Murdock,RP,28.0,pooled_linear_SP,16.30805746671939,7.43237371341874,0.34110567719619816,0.3207822303965845,-0.020323446799613676
05gx5,Jose Corniell,RP,23.0,future_role_caps,9.581326976559396,13.245431267923152,0.8988666950318766,0.7852515297200467,-0.1136151653118298
05gx5,Jose Corniell,RP,23.0,linear_SP,9.581326976559396,13.779038799040544,0.8988666950318766,0.7687056284468667,-0.1301610665850098
05gx5,Jose Corniell,RP,23.0,pooled_linear_SP,9.581326976559396,13.71320952777269,0.8988666950318766,0.7707468376873033,-0.1281198573445732
05y4k,Ben Casparius,RP,27.0,future_role_caps,32.90537246486561,12.42207993377065,4.946202456986663,4.106849468206118,-0.8393529887805453
05y4k,Ben Casparius,RP,27.0,linear_SP,32.90537246486561,12.305144885261413,4.946202456986663,4.102057768711985,-0.8441446882746781
05y4k,Ben Casparius,RP,27.0,pooled_linear_SP,32.90537246486561,12.381646558647061,4.946202456986663,4.105192611809376,-0.8410098451772869
05ss9,Roddery Munoz,RP,26.0,future_role_caps,14.502409710057533,19.73949479557913,1.6453968909218568,1.5603152360526942,-0.08508165486916264
05ss9,Roddery Munoz,RP,26.0,linear_SP,14.502409710057533,19.59656535380115,1.6453968909218568,1.5626372669606161,-0.0827596239612407
05ss9,Roddery Munoz,RP,26.0,pooled_linear_SP,14.502409710057533,19.491391027834304,1.6453968909218568,1.564345928469237,-0.08105096245261989
0420t,Wyatt Mills,RP,31.0,future_role_caps,9.267188146309755,4.552346919687953,0.5610728858494264,0.4828365105005282,-0.07823637534889816
0420t,Wyatt Mills,RP,31.0,linear_SP,9.267188146309755,4.575954935464246,0.5610728858494264,0.48322825340230147,-0.07784463244712492
0420t,Wyatt Mills,RP,31.0,pooled_linear_SP,9.267188146309755,4.552488695799873,0.5610728858494264,0.482838863082211,-0.07823402276721536
03qm3,Tyler Gilbert,RP,32.0,future_role_caps,22.93821518924866,6.391387785501069,1.3819222943477698,1.0532491019953445,-0.3286731923524253
03qm3,Tyler Gilbert,RP,32.0,linear_SP,22.93821518924866,6.285160702822805,1.3819222943477698,1.0511390906000335,-0.3307832037477363
03qm3,Tyler Gilbert,RP,32.0,pooled_linear_SP,22.93821518924866,6.288660168922133,1.3819222943477698,1.0512086012479862,-0.3307136930997836
06mil,Hancel Rincon,RP,24.0,future_role_caps,15.783289909161326,18.452308300174355,1.9193464550929074,1.8493446547104027,-0.0700018003825047
06mil,Hancel Rincon,RP,24.0,linear_SP,15.783289909161326,17.737756217445,1.9193464550929074,1.868085601729182,-0.05126085336372532
06mil,Hancel Rincon,RP,24.0,pooled_linear_SP,15.783289909161326,17.67407570142245,1.9193464550929074,1.8697557853389601,-0.049590669753947214
06i08,Woo-Suk Go,RP,28.0,future_role_caps,14.412411400003286,11.08983750416736,1.718469938760492,1.6018673696350005,-0.1166025691254915
06i08,Woo-Suk Go,RP,28.0,linear_SP,14.412411400003286,11.093757644327038,1.718469938760492,1.6020049432235137,-0.11646499553697831
06i08,Woo-Suk Go,RP,28.0,pooled_linear_SP,14.412411400003286,11.096854256156933,1.718469938760492,1.6021136158689595,-0.11635632289153253
04pwx,Jonathan Heasley,RP,29.0,future_role_caps,12.099896113419701,6.61020624734492,1.197696384026078,1.056963607885024,-0.14073277614105395
04pwx,Jonathan Heasley,RP,29.0,linear_SP,12.099896113419701,6.421224651775626,1.197696384026078,1.0521189071400168,-0.14557747688606115
04pwx,Jonathan Heasley,RP,29.0,pooled_linear_SP,12.099896113419701,6.493783742091723,1.197696384026078,1.0539790199084187,-0.14371736411765923
04n0k,Carlos Hernandez,RP,29.0,future_role_caps,30.51652505499878,5.595869749867675,1.7669757643645305,1.5010351999969551,-0.2659405643675754
04n0k,Carlos Hernandez,RP,29.0,linear_SP,30.51652505499878,5.553457915165307,1.7669757643645305,1.5005826024581463,-0.2663931619063842
04n0k,Carlos Hernandez,RP,29.0,pooled_linear_SP,30.51652505499878,5.476630210846928,1.7669757643645305,1.4997627362549772,-0.2672130281095533
03dew,Brandon Leibrandt,RP,33.0,future_role_caps,12.83527487791955,3.1296569666297707,0.5130769435092946,0.355504590988764,-0.15757235252053053
03dew,Brandon Leibrandt,RP,33.0,linear_SP,12.83527487791955,3.1063810758159063,0.5130769435092946,0.35512670295463006,-0.1579502405546645
03dew,Brandon Leibrandt,RP,33.0,pooled_linear_SP,12.83527487791955,2.860544854107117,0.5130769435092946,0.3511355102100288,-0.16194143329926575
041v6,Tony Gonsolin,RP,32.0,future_role_caps,12.55323369777213,7.025089029923354,1.0036080368499924,0.8511437432164424,-0.15246429363355007
041v6,Tony Gonsolin,RP,32.0,linear_SP,12.55323369777213,6.504191714587596,1.0036080368499924,0.8367775777106501,-0.16683045913934236
041v6,Tony Gonsolin,RP,32.0,pooled_linear_SP,12.55323369777213,6.347287812568273,1.0036080368499924,0.8324502230506221,-0.17115781379937034
065ns,Troy Taylor,RP,25.0,future_role_caps,16.59848517225433,11.355237888987258,1.9235088147366495,1.760110285145271,-0.16339852959137846
065ns,Troy Taylor,RP,25.0,linear_SP,16.59848517225433,11.359782730223806,1.9235088147366495,1.7602519188190533,-0.16325689591759618
065ns,Troy Taylor,RP,25.0,pooled_linear_SP,16.59848517225433,11.273263446389613,1.9235088147366495,1.7575556653341335,-0.16595314940251593
04psq,Andrew Wantz,RP,30.0,future_role_caps,15.584078847284168,5.913296900583009,1.5509601261985988,1.256519351575432,-0.29444077462316676
04psq,Andrew Wantz,RP,30.0,linear_SP,15.584078847284168,5.823499708467744,1.5509601261985988,1.253785347753288,-0.2971747784453107
04psq,Andrew Wantz,RP,30.0,pooled_linear_SP,15.584078847284168,5.74802393758529,1.5509601261985988,1.251487380063975,-0.2994727461346238
041rn,Joey Lucchesi,RP,33.0,future_role_caps,21.02905013532672,7.44324205231071,1.3051201068325373,0.9593818998433088,-0.3457382069892285
041rn,Joey Lucchesi,RP,33.0,linear_SP,21.02905013532672,7.37971651399547,1.3051201068325373,0.9577652712569981,-0.34735483557553926
041rn,Joey Lucchesi,RP,33.0,pooled_linear_SP,21.02905013532672,7.315265904201472,1.3051201068325373,0.9561251010048217,-0.3489950058277156
05rb2,Jonathan Cannon,RP,26.0,future_role_caps,15.362375744473411,41.454147126641104,1.012622482482365,0.7496412025498924,-0.26298127993247267
05rb2,Jonathan Cannon,RP,26.0,linear_SP,15.362375744473411,41.31999690183888,1.012622482482365,0.7496412025498924,-0.26298127993247267
05rb2,Jonathan Cannon,RP,26.0,pooled_linear_SP,15.362375744473411,37.22844117485474,1.012622482482365,0.7496412025498924,-0.26298127993247267
05oz7,Jose Butto,RP,28.0,future_role_caps,42.15280518690282,10.884206616596423,4.431423283238084,3.360054710251073,-1.0713685729870113
05oz7,Jose Butto,RP,28.0,linear_SP,42.15280518690282,10.92624502316627,4.431423283238084,3.361495089088523,-1.0699281941495613
05oz7,Jose Butto,RP,28.0,pooled_linear_SP,42.15280518690282,11.015299759297521,4.431423283238084,3.3645464073416305,-1.0668768758964537
0630k,Blake Burkhalter,RP,26.0,future_role_caps,13.958706894724573,8.704555111971727,2.4223938821146014,2.1605977493920197,-0.26179613272258173
0630k,Blake Burkhalter,RP,26.0,linear_SP,13.958706894724573,8.76912426725991,2.4223938821146014,2.1638150061151875,-0.25857887599941387
0630k,Blake Burkhalter,RP,26.0,pooled_linear_SP,13.958706894724573,8.749531290333346,2.4223938821146014,2.16283875613232,-0.25955512598228125
06tae,Matt Seelinger,RP,31.0,future_role_caps,7.675028068309401,4.183732064492007,0.5955102521610801,0.5126635217541625,-0.08284673040691759
06tae,Matt Seelinger,RP,31.0,linear_SP,7.675028068309401,4.17579379615866,0.5955102521610801,0.5124751505659872,-0.08303510159509286
06tae,Matt Seelinger,RP,31.0,pooled_linear_SP,7.675028068309401,4.1927435009338385,0.5955102521610801,0.5128773586916949,-0.08263289346938518
05koh,Luke Little,RP,26.0,future_role_caps,15.473332424977366,13.099064261545728,2.042219443104011,1.954245842546478,-0.08797360055753312
05koh,Luke Little,RP,26.0,linear_SP,15.473332424977366,13.119441394860663,2.042219443104011,1.9550008751137196,-0.08721856799029148
05koh,Luke Little,RP,26.0,pooled_linear_SP,15.473332424977366,13.073447693685635,2.042219443104011,1.9532966735590453,-0.0889227695449657
0420n,Seth Martinez,RP,32.0,future_role_caps,23.865564529867584,4.62226103100374,2.1439444030092796,1.520881598047277,-0.6230628049620026
0420n,Seth Martinez,RP,32.0,linear_SP,23.865564529867584,4.625270969672474,2.1439444030092796,1.5209790543301764,-0.6229653486791031
0420n,Seth Martinez,RP,32.0,pooled_linear_SP,23.865564529867584,4.601289048570122,2.1439444030092796,1.5202025637951035,-0.623741839214176
04yte,Jackson Rutledge,RP,27.0,future_role_caps,30.437787451236055,6.636503319998993,3.204335779005868,2.4441267026873525,-0.7602090763185156
04yte,Jackson Rutledge,RP,27.0,linear_SP,30.437787451236055,6.369481004467229,3.204335779005868,2.4355980541183273,-0.7687377248875409
04yte,Jackson Rutledge,RP,27.0,pooled_linear_SP,30.437787451236055,6.5001258669767354,3.204335779005868,2.4397708294066898,-0.7645649495991784
04egq,Josh Fleming,RP,30.0,future_role_caps,18.012682005761892,6.337890979719812,1.4393331259270072,1.1507932499361304,-0.2885398759908768
04egq,Josh Fleming,RP,30.0,linear_SP,18.012682005761892,5.841267897069622,1.4393331259270072,1.1385193203760675,-0.30081380555093973
04egq,Josh Fleming,RP,30.0,pooled_linear_SP,18.012682005761892,4.888527602864139,1.4393331259270072,1.1149725548940683,-0.3243605710329389
03qld,Jose Espada,RP,29.0,future_role_caps,9.700188203543908,6.287382668668973,1.7104017753212288,1.5138646684242865,-0.19653710689694237
03qld,Jose Espada,RP,29.0,linear_SP,9.700188203543908,6.308340224962213,1.7104017753212288,1.5150715750116708,-0.19533020030955806
03qld,Jose Espada,RP,29.0,pooled_linear_SP,9.700188203543908,6.304442728750515,1.7104017753212288,1.5148471254724982,-0.1955546498487306
05t64,Felix Bautista,RP,31.0,future_role_caps,28.605169882435437,21.723611550168666,6.279485724745593,5.589244249154737,-0.6902414755908559
05t64,Felix Bautista,RP,31.0,linear_SP,28.605169882435437,21.636189165917514,6.279485724745593,5.580475515011737,-0.6990102097338555
05t64,Felix Bautista,RP,31.0,pooled_linear_SP,28.605169882435437,21.592841091224912,6.279485724745593,5.576127569736094,-0.7033581550094983
06kv1,Rolddy Munoz,RP,26.0,future_role_caps,12.66421228884509,10.526193875835009,1.2136643512519654,1.1580526177559416,-0.055611733496023774
06kv1,Rolddy Munoz,RP,26.0,linear_SP,12.66421228884509,10.566087850680681,1.2136643512519654,1.1590902950199509,-0.0545740562320145
06kv1,Rolddy Munoz,RP,26.0,pooled_linear_SP,12.66421228884509,10.556178562935708,1.2136643512519654,1.1588325457574304,-0.054831805494534924
04yk8,Wilkin Ramos,RP,25.0,future_role_caps,13.325630741681078,6.76487207737365,1.4606804795616555,1.3005591290349519,-0.16012135052670362
04yk8,Wilkin Ramos,RP,25.0,linear_SP,13.325630741681078,6.799636148424835,1.4606804795616555,1.3014075781688612,-0.15927290139279426
04yk8,Wilkin Ramos,RP,25.0,pooled_linear_SP,13.325630741681078,6.78975286948411,1.4606804795616555,1.3011663676545606,-0.15951411190709486
04er0,Seth Lonsway,RP,28.0,future_role_caps,13.362963967964214,11.436575602423385,2.053513345960019,1.9632053339492916,-0.09030801201072736
04er0,Seth Lonsway,RP,28.0,linear_SP,13.362963967964214,18.47975117996482,2.053513345960019,1.9962731919113061,-0.057240154048712855
04er0,Seth Lonsway,RP,28.0,pooled_linear_SP,13.362963967964214,20.11244233738484,2.053513345960019,1.97800870494075,-0.07550464101926901
05zyb,Josh White,RP,25.0,future_role_caps,12.475058566680158,7.026113124532579,1.819807884644528,1.6279767170094723,-0.1918311676350557
05zyb,Josh White,RP,25.0,linear_SP,12.475058566680158,7.0507968143981845,1.819807884644528,1.6288457110375343,-0.19096217360699375
05zyb,Josh White,RP,25.0,pooled_linear_SP,12.475058566680158,7.025130215957531,1.819807884644528,1.6279421135248842,-0.19186577111964387
03mnq,Carlos Estevez,RP,33.0,future_role_caps,40.45080317813752,6.542355605976002,8.04511764306404,4.78779849516181,-3.2573191479022308
03mnq,Carlos Estevez,RP,33.0,linear_SP,40.45080317813752,6.471776593250574,8.04511764306404,4.781018521849812,-3.2640991212142287
03mnq,Carlos Estevez,RP,33.0,pooled_linear_SP,40.45080317813752,6.455233254334309,8.04511764306404,4.779429332769199,-3.2656883102948413
065nn,Blake Adams,RP,26.0,future_role_caps,12.685356421522176,8.937990795730093,1.5903149020639222,1.4588763033978818,-0.13143859866604046
065nn,Blake Adams,RP,26.0,linear_SP,12.685356421522176,9.224013150933711,1.5903149020639222,1.4689085183748172,-0.12140638368910506
065nn,Blake Adams,RP,26.0,pooled_linear_SP,12.685356421522176,9.310808867973607,1.5903149020639222,1.4719528723442874,-0.11836202971963483
05192,Kade Strowd,RP,29.0,future_role_caps,17.20990075776094,4.762274621292888,2.3767070389724823,1.88307235481971,-0.49363468415277234
05192,Kade Strowd,RP,29.0,linear_SP,17.20990075776094,4.780581201123207,2.3767070389724823,1.883798337641927,-0.4929087013305553
05192,Kade Strowd,RP,29.0,pooled_linear_SP,17.20990075776094,4.755337914410187,2.3767070389724823,1.882797266294913,-0.4939097726775692
041px,Ben Bowden,RP,31.0,future_role_caps,12.646745617090446,4.3560944787371305,0.8890585933341622,0.6806096959322662,-0.20844889740189598
041px,Ben Bowden,RP,31.0,linear_SP,12.646745617090446,4.362906723460939,0.8890585933341622,0.6807809737821977,-0.20827761955196444
041px,Ben Bowden,RP,31.0,pooled_linear_SP,12.646745617090446,4.3341442331735385,0.8890585933341622,0.6800578087030151,-0.20900078463114702
05uo4,Emiliano Teodo,RP,25.0,future_role_caps,14.813191608970945,8.023178248241994,1.5294968400724265,1.3424017393428331,-0.18709510072959334
05uo4,Emiliano Teodo,RP,25.0,linear_SP,14.813191608970945,8.133660583405492,1.5294968400724265,1.3454460196009261,-0.18405082047150034
05uo4,Emiliano Teodo,RP,25.0,pooled_linear_SP,14.813191608970945,8.110540771938231,1.5294968400724265,1.3448089658536784,-0.1846878742187481
03yxa,Yunior Marte,RP,31.0,future_role_caps,12.41068368492584,3.7186628132940616,1.1371424779713684,0.8822178443711828,-0.2549246336001856
03yxa,Yunior Marte,RP,31.0,linear_SP,12.41068368492584,3.707775894728435,1.1371424779713684,0.8818985465039357,-0.2552439314674326
03yxa,Yunior Marte,RP,31.0,pooled_linear_SP,12.41068368492584,3.703425569583738,1.1371424779713684,0.8817709576428492,-0.2553715203285192
0622r,Alexander Cornielle,RP,25.0,future_role_caps,14.33276377300432,27.297234183970367,2.0935932569444726,1.8962905333307036,-0.197302723613769
0622r,Alexander Cornielle,RP,25.0,linear_SP,14.33276377300432,29.166210743852236,2.0935932569444726,1.867847091065367,-0.22574616587910556
0622r,Alexander Cornielle,RP,25.0,pooled_linear_SP,14.33276377300432,30.7321147781148,2.0935932569444726,1.8440160265417858,-0.24957723040268687
04yi6,Carlos Duran,RP,25.0,future_role_caps,11.568702290076336,9.42348221922801,0.7418536251138287,0.707030089464907,-0.03482353564892171
04yi6,Carlos Duran,RP,25.0,linear_SP,11.568702290076336,9.480302507557745,0.7418536251138287,0.7079524579263629,-0.03390116718746583
04yi6,Carlos Duran,RP,25.0,pooled_linear_SP,11.568702290076336,9.460862951989398,0.7418536251138287,0.707636894005657,-0.034216731108171694
04pvw,Nolan Kingham,RP,30.0,future_role_caps,11.895736092383224,5.277891335843909,1.49793791789587,1.2324854364748505,-0.2654524814210195
04pvw,Nolan Kingham,RP,30.0,linear_SP,11.895736092383224,6.226853750644647,1.49793791789587,1.270549857302375,-0.22738806059349503
04pvw,Nolan Kingham,RP,30.0,pooled_linear_SP,11.895736092383224,6.393788341864113,1.49793791789587,1.2772458743750668,-0.2206920435208033
051dm,Joe La Sorsa,RP,28.0,future_role_caps,16.729591329945563,5.186981824101842,1.9286207884796545,1.5355873153736157,-0.39303347310603876
051dm,Joe La Sorsa,RP,28.0,linear_SP,16.729591329945563,5.205051054941354,1.9286207884796545,1.5362025846114435,-0.3924182038682109
051dm,Joe La Sorsa,RP,28.0,pooled_linear_SP,16.729591329945563,5.197613087931938,1.9286207884796545,1.5359493169248708,-0.39267147155478366
04ee7,Clarke Schmidt,RP,30.0,future_role_caps,13.27161830518262,25.403125826658616,1.8561317533725494,1.862422404892556,0.006290651520006518
04ee7,Clarke Schmidt,RP,30.0,linear_SP,13.27161830518262,21.920478357889102,1.8561317533725494,1.860616518727602,0.0044847653550526
04ee7,Clarke Schmidt,RP,30.0,pooled_linear_SP,13.27161830518262,19.32228386633637,1.8561317533725494,1.8592692553228993,0.003137501950349897
02bwv,Aaron Brooks,RP,36.0,future_role_caps,9.946152001918003,2.0094016898717117,0.6244150183954201,0.4084074125822261,-0.216007605813194
02bwv,Aaron Brooks,RP,36.0,linear_SP,9.946152001918003,1.9104057451652239,0.6244150183954201,0.40571312636173,-0.21870189203369012
02bwv,Aaron Brooks,RP,36.0,pooled_linear_SP,9.946152001918003,1.9186834826838743,0.6244150183954201,0.40593841431872163,-0.2184766040766985
05xpj,Tanner McDougal,RP,23.0,future_role_caps,15.00932805018986,10.08430919037432,1.5030500590072733,1.3765442680328677,-0.12650579097440562
05xpj,Tanner McDougal,RP,23.0,linear_SP,15.00932805018986,10.14877882021655,1.5030500590072733,1.3782002579385235,-0.12484980106874977
05xpj,Tanner McDougal,RP,23.0,pooled_linear_SP,15.00932805018986,10.114768150361591,1.5030500590072733,1.377326647742494,-0.12572341126477937
05xpw,Grant Holman,RP,26.0,future_role_caps,19.52717097356359,5.968043942041848,1.6201986154501598,1.319578221319945,-0.3006203941302148
05xpw,Grant Holman,RP,26.0,linear_SP,19.52717097356359,6.020116645381731,1.6201986154501598,1.320732729022769,-0.2994658864273907
05xpw,Grant Holman,RP,26.0,pooled_linear_SP,19.52717097356359,6.005838566519006,1.6201986154501598,1.320416168695164,-0.29978244675499566
0516e,Ty Adcock,RP,29.0,future_role_caps,11.886091420190663,1.8473343399135314,2.1658010302194297,1.6129786565039184,-0.5528223737155114
0516e,Ty Adcock,RP,29.0,linear_SP,11.886091420190663,1.889169316417455,2.1658010302194297,1.6152824587406183,-0.5505185714788114
0516e,Ty Adcock,RP,29.0,pooled_linear_SP,11.886091420190663,1.8717287303510142,2.1658010302194297,1.6143220264768292,-0.5514790037426005
04ata,Jorge Alcala,RP,31.0,future_role_caps,42.671066507991796,9.373724017727104,2.1415776854723214,1.5973778152876152,-0.5441998701847062
04ata,Jorge Alcala,RP,31.0,linear_SP,42.671066507991796,9.281185702756606,2.1415776854723214,1.5958654021270522,-0.5457122833452692
04ata,Jorge Alcala,RP,31.0,pooled_linear_SP,42.671066507991796,9.280930420929536,2.1415776854723214,1.5958612298920698,-0.5457164555802516
02hi5,Scott Alexander,RP,37.0,future_role_caps,21.86322657046276,1.1496865866238284,0.8908265220186572,0.5142719273643674,-0.37655459465428975
02hi5,Scott Alexander,RP,37.0,linear_SP,21.86322657046276,1.141390810553052,0.8908265220186572,0.5141211171890854,-0.3767054048295718
02hi5,Scott Alexander,RP,37.0,pooled_linear_SP,21.86322657046276,1.132496965379382,0.8908265220186572,0.5139594346245936,-0.3768670873940636
02n7z,Yency Almonte,RP,32.0,future_role_caps,26.23151321972948,1.2165104170919503,3.876181625555426,2.4855576318367274,-1.3906239937186986
02n7z,Yency Almonte,RP,32.0,linear_SP,26.23151321972948,1.2166901091911115,3.876181625555426,2.485567621207768,-1.390614004347658
02n7z,Yency Almonte,RP,32.0,pooled_linear_SP,26.23151321972948,1.1975038422435909,3.876181625555426,2.4845010259578046,-1.3916805995976214
03dec,Dan Altavilla,RP,34.0,future_role_caps,17.58207694581697,1.9789372698282854,1.3443285059582248,0.8867276169959699,-0.4576008889622549
03dec,Dan Altavilla,RP,34.0,linear_SP,17.58207694581697,1.964903183022721,1.3443285059582248,0.8863160324859702,-0.4580124734722546
03dec,Dan Altavilla,RP,34.0,pooled_linear_SP,17.58207694581697,1.9474687043483443,1.3443285059582248,0.8858047230248195,-0.45852378293340534
03aqz,Adbert Alzolay,RP,31.0,future_role_caps,34.694198870885984,4.3520807209383445,7.922488817682778,5.159266752865227,-2.763222064817551
03aqz,Adbert Alzolay,RP,31.0,linear_SP,34.694198870885984,4.240797405171465,7.922488817682778,5.149132308326666,-2.7733565093561117
03aqz,Adbert Alzolay,RP,31.0,pooled_linear_SP,34.694198870885984,4.193386938052183,7.922488817682778,5.14481469120449,-2.7776741264782876
026k6,Chase Anderson,RP,38.0,future_role_caps,28.520250148898153,0.5631977242116628,0.5802886660882924,0.15946336313093928,-0.42082530295735315
026k6,Chase Anderson,RP,38.0,linear_SP,28.520250148898153,0.5105803780207222,0.5802886660882924,0.15867133719361043,-0.421617328894682
026k6,Chase Anderson,RP,38.0,pooled_linear_SP,28.520250148898153,0.4512179941211246,0.5802886660882924,0.15777778114881225,-0.4225108849394802
03do2,Justin Anderson,RP,34.0,future_role_caps,25.18646732222891,0.40054418161573274,2.0050394661814535,1.3235183343342258,-0.6815211318472276
03do2,Justin Anderson,RP,34.0,linear_SP,25.18646732222891,0.3913791735069627,2.0050394661814535,1.3232663305389973,-0.6817731356424561
03do2,Justin Anderson,RP,34.0,pooled_linear_SP,25.18646732222891,0.37700951565713875,2.0050394661814535,1.32287121814288,-0.6821682480385736
02bsc,Matt Andriese,RP,37.0,future_role_caps,10.828218834554212,0.36304201493053806,1.2515687774364457,0.6518183420845929,-0.5997504353518528
02bsc,Matt Andriese,RP,37.0,linear_SP,10.828218834554212,0.326267440185231,1.2515687774364457,0.6497108222983987,-0.601857955138047
02bsc,Matt Andriese,RP,37.0,pooled_linear_SP,10.828218834554212,0.3006613095524453,1.2515687774364457,0.6482433566015084,-0.6033254208349372
05l1p,Luarbert Arias,RP,25.0,future_role_caps,18.641706835436825,2.447328885187844,1.85090324441438,1.4961696929482915,-0.35473355146608854
05l1p,Luarbert Arias,RP,25.0,linear_SP,18.641706835436825,2.415012363613181,1.85090324441438,1.4954618081190978,-0.35544143629528224
05l1p,Luarbert Arias,RP,25.0,pooled_linear_SP,18.641706835436825,2.4034600228666014,1.85090324441438,1.4952087571607113,-0.3556944872536687
066sq,Nick Avila,RP,29.0,future_role_caps,17.93785138108042,0.808623120251323,2.093824356983562,1.560096889636428,-0.5337274673471339
066sq,Nick Avila,RP,29.0,linear_SP,17.93785138108042,0.8275771942627684,2.093824356983562,1.5606874772428279,-0.5331368797407341
066sq,Nick Avila,RP,29.0,pooled_linear_SP,17.93785138108042,0.8123326328712969,2.093824356983562,1.5602124738732426,-0.5336118831103194
02c14,Jacob Barnes,RP,36.0,future_role_caps,24.766365646394416,0.46706465630917493,1.0243540805120557,0.6004008641411926,-0.42395321637086303
02c14,Jacob Barnes,RP,36.0,linear_SP,24.766365646394416,0.44898702716498684,1.0243540805120557,0.6000854612815316,-0.42426861923052406
02c14,Jacob Barnes,RP,36.0,pooled_linear_SP,24.766365646394416,0.43303358025752825,1.0243540805120557,0.599807119318881,-0.4245469611931747
04efe,Mike Baumann,RP,31.0,future_role_caps,29.36541944887628,3.134103370288942,3.017500367662501,2.145922137402289,-0.8715782302602118
04efe,Mike Baumann,RP,31.0,linear_SP,29.36541944887628,3.1253270765331465,3.017500367662501,2.145630530738064,-0.8718698369244371
04efe,Mike Baumann,RP,31.0,pooled_linear_SP,29.36541944887628,3.1095631802249715,3.017500367662501,2.145106749590175,-0.872393618072326
02bq5,Tyler Beede,RP,33.0,future_role_caps,19.500622932508485,1.4979173339750287,0.6366421435569748,0.40262973363817145,-0.23401240991880334
02bq5,Tyler Beede,RP,33.0,linear_SP,19.500622932508485,1.4889557956409976,0.6366421435569748,0.40251324497091806,-0.23412889858605673
02bq5,Tyler Beede,RP,33.0,pooled_linear_SP,19.500622932508485,1.4849150810457268,0.6366421435569748,0.4024607207903132,-0.2341814227666616
0509b,Prelander Berroa,RP,26.0,future_role_caps,19.855155818373216,3.690966590356005,2.9284935423962484,2.2604039159935594,-0.668089626402689
0509b,Prelander Berroa,RP,26.0,linear_SP,19.855155818373216,3.7711089582530075,2.9284935423962484,2.263716317492456,-0.6647772249037924
0509b,Prelander Berroa,RP,26.0,pooled_linear_SP,19.855155818373216,3.8142640331485715,2.9284935423962484,2.2654999799736144,-0.662993562422634
03109,Phil Bickford,RP,31.0,future_role_caps,29.23547428306049,0.2947521869990725,1.2958628129518723,0.8892227145632001,-0.4066400983886722
03109,Phil Bickford,RP,31.0,linear_SP,29.23547428306049,0.2758786561906721,1.2958628129518723,0.8889575264867107,-0.40690528646516166
03109,Phil Bickford,RP,31.0,pooled_linear_SP,29.23547428306049,0.25485489212161866,1.2958628129518723,0.8886621259275552,-0.4072006870243171
04el1,Brandon Bielak,RP,30.0,future_role_caps,21.615218406914273,0.6012457336312073,0.009890850921973827,0.009890850921973827,0.0
04el1,Brandon Bielak,RP,30.0,linear_SP,21.615218406914273,0.5646586308379038,0.009890850921973827,0.009890850921973827,0.0
04el1,Brandon Bielak,RP,30.0,pooled_linear_SP,21.615218406914273,0.5171443890219437,0.009890850921973827,0.009890850921973827,0.0
06650,Hayden Birdsong,RP,25.0,future_role_caps,53.940452097975,17.78993397592864,9.537783684095942,8.005114788915982,-1.5326688951799596
06650,Hayden Birdsong,RP,25.0,linear_SP,53.940452097975,17.437098003691574,9.537783684095942,7.99015564730914,-1.5476280367868016
06650,Hayden Birdsong,RP,25.0,pooled_linear_SP,53.940452097975,16.730222138965107,9.537783684095942,7.9601863216424364,-1.5775973624535053
060hu,Caleb Boushley,RP,33.0,future_role_caps,22.930068069100162,2.0301241963505947,0.7602746177877202,0.48247379132763557,-0.27780082646008464
060hu,Caleb Boushley,RP,33.0,linear_SP,22.930068069100162,1.912652768022198,0.7602746177877202,0.48091236800163195,-0.27936224978608826
060hu,Caleb Boushley,RP,33.0,pooled_linear_SP,22.930068069100162,2.0140506345035063,0.7602746177877202,0.4822601424875972,-0.278014475300123
02n53,Matt Bowman,RP,35.0,future_role_caps,16.66126689942682,2.1019715023573515,0.6539480365606859,0.4235337107167463,-0.23041432584393962
02n53,Matt Bowman,RP,35.0,linear_SP,16.66126689942682,2.1263064562309264,0.6539480365606859,0.4239188338863985,-0.2300292026742874
02n53,Matt Bowman,RP,35.0,pooled_linear_SP,16.66126689942682,2.042400355026008,0.6539480365606859,0.42259094217075854,-0.23135709438992735
021jb,Ryan Brasier,RP,39.0,future_role_caps,22.956450933769254,0.9503222051740129,2.2342435404274927,0.9359092033890694,-1.2983343370384235
021jb,Ryan Brasier,RP,39.0,linear_SP,22.956450933769254,0.9311172878913251,2.2342435404274927,0.9347761370576115,-1.2994674033698812
021jb,Ryan Brasier,RP,39.0,pooled_linear_SP,22.956450933769254,0.9191327029943375,2.2342435404274927,0.9340690613934267,-1.300174479034066
02bt3,Colten Brewer,RP,33.0,future_role_caps,19.040337958786214,0.6912359453529304,1.3486003789234178,0.8125686337901303,-0.5360317451332874
02bt3,Colten Brewer,RP,33.0,linear_SP,19.040337958786214,0.6826712755117419,1.3486003789234178,0.8123184343570409,-0.5362819445663769
02bt3,Colten Brewer,RP,33.0,pooled_linear_SP,19.040337958786214,0.6781944047092218,1.3486003789234178,0.8121876516698415,-0.5364127272535762
03dbv,Jeff Brigham,RP,34.0,future_role_caps,15.61267367709785,1.0636305342523749,1.4693857768201997,0.9180986968117091,-0.5512870800084906
03dbv,Jeff Brigham,RP,34.0,linear_SP,15.61267367709785,0.9051675616414351,1.4693857768201997,0.9120942751736367,-0.5572915016465629
03dbv,Jeff Brigham,RP,34.0,pooled_linear_SP,15.61267367709785,0.8920329099795357,1.4693857768201997,0.9115965817040027,-0.557789195116197
03dsj,J.B. Bukauskas,RP,29.0,future_role_caps,14.54327900287632,1.5738152166721897,3.0470971019230295,2.1664103233817795,-0.88068677854125
03dsj,J.B. Bukauskas,RP,29.0,linear_SP,14.54327900287632,1.5963990880434709,3.0470971019230295,2.167943873052979,-0.8791532288700505
03dsj,J.B. Bukauskas,RP,29.0,pooled_linear_SP,14.54327900287632,1.5460818723213001,3.0470971019230295,2.164527100598079,-0.8825700013249507
03qkx,Ryan Burr,RP,32.0,future_role_caps,20.100652173913044,3.1924617333767005,2.8640684759308557,1.839856047609087,-1.0242124283217686
03qkx,Ryan Burr,RP,32.0,linear_SP,20.100652173913044,3.2215846032400894,2.8640684759308557,1.8416201633710536,-1.022448312559802
03qkx,Ryan Burr,RP,32.0,pooled_linear_SP,20.100652173913044,3.206191971993666,2.8640684759308557,1.8406877558326713,-1.0233807200981844
031hh,Alan Busenitz,RP,36.0,future_role_caps,10.661355070726444,0.26601670519646176,0.9330067471594232,0.5113465408255364,-0.4216602063338868
031hh,Alan Busenitz,RP,36.0,linear_SP,10.661355070726444,0.2596274522030969,0.9330067471594232,0.511087377184992,-0.42191936997443125
031hh,Alan Busenitz,RP,36.0,pooled_linear_SP,10.661355070726444,0.2568853393496853,0.9330067471594232,0.5109761504186374,-0.4220305967407858
040cf,Genesis Cabrera,RP,29.0,future_role_caps,38.96592499925536,5.767840045039628,3.661319011448773,2.5237108063810236,-1.1376082050677492
040cf,Genesis Cabrera,RP,29.0,linear_SP,38.96592499925536,5.697704347866043,3.661319011448773,2.5213074465281036,-1.1400115649206692
040cf,Genesis Cabrera,RP,29.0,pooled_linear_SP,38.96592499925536,5.660053599904473,3.661319011448773,2.520017257655248,-1.1413017537935248
06tl5,Alex Carrillo,RP,29.0,future_role_caps,13.828452701051088,2.278945060529774,1.5374095543881896,1.1939347601948647,-0.34347479419332494
06tl5,Alex Carrillo,RP,29.0,linear_SP,13.828452701051088,2.2576832372545645,1.5374095543881896,1.1933024474936715,-0.34410710689451807
06tl5,Alex Carrillo,RP,29.0,pooled_linear_SP,13.828452701051088,2.250678139151876,1.5374095543881896,1.1930941204632894,-0.34431543392490016
050if,Humberto Castellanos,RP,28.0,future_role_caps,18.40031164175177,0.4319307020647869,2.067484878311525,1.467895858414775,-0.5995890198967502
050if,Humberto Castellanos,RP,28.0,linear_SP,18.40031164175177,0.4697483514463585,2.067484878311525,1.4691578000111607,-0.5983270783003645
050if,Humberto Castellanos,RP,28.0,pooled_linear_SP,18.40031164175177,0.4252864589542413,2.067484878311525,1.4676741458838587,-0.5998107324276665
02new,Jose Castillo,RP,30.0,future_role_caps,17.03496846531184,2.038101021736749,1.6946053816844393,1.247886402676137,-0.4467189790083024
02new,Jose Castillo,RP,30.0,linear_SP,17.03496846531184,2.0318696690766065,1.6946053816844393,1.2477007863460166,-0.44690459533842275
02new,Jose Castillo,RP,30.0,pooled_linear_SP,17.03496846531184,2.0236636831244157,1.6946053816844393,1.2474563506543557,-0.44714903103008363
0351m,Miguel Castro,RP,31.0,future_role_caps,24.243645748674485,1.2826017900986613,2.2202905884416206,1.4397060749887185,-0.7805845134529021
0351m,Miguel Castro,RP,31.0,linear_SP,24.243645748674485,1.2259970761936907,2.2202905884416206,1.4377817390072027,-0.7825088494344179
0351m,Miguel Castro,RP,31.0,pooled_linear_SP,24.243645748674485,1.1984882238430365,2.2202905884416206,1.4368465470287142,-0.7834440414129065
02bqd,Andrew Chafin,RP,36.0,future_role_caps,33.57544953248621,4.452380458634626,2.8886465711200198,1.7941954110847431,-1.0944511600352766
02bqd,Andrew Chafin,RP,36.0,linear_SP,33.57544953248621,4.1746132152986135,2.8886465711200198,1.7837568587152113,-1.1048897124048085
02bqd,Andrew Chafin,RP,36.0,pooled_linear_SP,33.57544953248621,4.152386713341753,2.8886465711200198,1.7829215820213804,-1.1057249890986394
02mx4,J.T. Chargois,RP,35.0,future_role_caps,23.531692474870955,0.41108887215133383,2.4480717223931996,1.3613560782168226,-1.086715644176377
02mx4,J.T. Chargois,RP,35.0,linear_SP,23.531692474870955,0.3979686318836163,2.4480717223931996,1.3607394000971995,-1.087332322296
02mx4,J.T. Chargois,RP,35.0,pooled_linear_SP,23.531692474870955,0.3855362682915393,2.4480717223931996,1.3601550535878368,-1.0879166688053628
03178,Adam Cimber,RP,36.0,future_role_caps,13.23549001140897,0.33797775704507066,1.114515180123102,0.6762380302828035,-0.4382771498402984
03178,Adam Cimber,RP,36.0,linear_SP,13.23549001140897,0.3322309211945226,1.114515180123102,0.6760427440301136,-0.43847243609298836
03178,Adam Cimber,RP,36.0,pooled_linear_SP,13.23549001140897,0.31926149920228525,1.114515180123102,0.6756020232776359,-0.43891315684546606
02jmi,Jose Cisnero,RP,37.0,future_role_caps,21.612609164301897,0.35309003096845326,1.234199724277771,0.6807265395414144,-0.5534731847363565
02jmi,Jose Cisnero,RP,37.0,linear_SP,21.612609164301897,0.3085104296162192,1.234199724277771,0.6795659481950178,-0.5546337760827531
02jmi,Jose Cisnero,RP,37.0,pooled_linear_SP,21.612609164301897,0.29528476175730317,1.234199724277771,0.6792216293765051,-0.5549780949012658
04ug5,Emmanuel Clase,RP,28.0,future_role_caps,52.81807640134774,21.430382499637247,29.12152284740387,23.775100691657155,-5.3464221557467155
04ug5,Emmanuel Clase,RP,28.0,linear_SP,52.81807640134774,21.339462755444192,29.12152284740387,23.759613879014257,-5.3619089683896135
04ug5,Emmanuel Clase,RP,28.0,pooled_linear_SP,52.81807640134774,21.26695577146324,29.12152284740387,23.747263403480247,-5.3742594439236235
04pq2,Dylan Coleman,RP,30.0,future_role_caps,13.915131440952415,1.9482578414316751,0.8198424743309117,0.645961532012414,-0.1738809423184977
04pq2,Dylan Coleman,RP,30.0,linear_SP,13.915131440952415,1.9454689766966515,0.8198424743309117,0.6459210092790457,-0.173921465051866
04pq2,Dylan Coleman,RP,30.0,pooled_linear_SP,13.915131440952415,1.9360583657478831,0.8198424743309117,0.6457842713177097,-0.17405820301320207
04b3a,Roansy Contreras,RP,26.0,future_role_caps,38.007609334265915,2.9289854000885294,1.538170554056908,1.2101293742400252,-0.32804117981688274
04b3a,Roansy Contreras,RP,26.0,linear_SP,38.007609334265915,2.8928294363420153,1.538170554056908,1.2097912582116692,-0.32837929584523873
04b3a,Roansy Contreras,RP,26.0,pooled_linear_SP,38.007609334265915,2.811839164431064,1.538170554056908,1.209033869769032,-0.329136684287876
04eru,Jake Cousins,RP,32.0,future_role_caps,28.197826086956518,4.261236775146521,3.79467118377095,2.3968403383186185,-1.3978308454523316
04eru,Jake Cousins,RP,32.0,linear_SP,28.197826086956518,4.2419114082413545,3.79467118377095,2.395711790152969,-1.398959393617981
04eru,Jake Cousins,RP,32.0,pooled_linear_SP,28.197826086956518,4.205053743665962,3.79467118377095,2.39355940412321,-1.40111177964774
04pra,Austin Cox,RP,29.0,future_role_caps,25.14691077976045,4.048062347042393,1.6314752065370866,1.3584022552911879,-0.2730729512458987
04pra,Austin Cox,RP,29.0,linear_SP,25.14691077976045,3.706847626530926,1.6314752065370866,1.3539860658941343,-0.27748914064295227
04pra,Austin Cox,RP,29.0,pooled_linear_SP,25.14691077976045,3.6415199510603777,1.6314752065370866,1.3531405590317258,-0.27833464750536074
06ejy,Declan Cronin,RP,29.0,future_role_caps,38.67096357858715,1.2258953173643419,3.5825744111479296,2.725098374567332,-0.8574760365805978
06ejy,Declan Cronin,RP,29.0,linear_SP,38.67096357858715,1.2161562354829,3.5825744111479296,2.724875353760603,-0.8576990573873267
06ejy,Declan Cronin,RP,29.0,pooled_linear_SP,38.67096357858715,1.2132960001962056,3.5825744111479296,2.724809855596727,-0.8577645555512028
02ob9,John Curtiss,RP,33.0,future_role_caps,23.358291207820788,2.4117189207388923,3.3588883194365535,2.0939063903715813,-1.2649819290649722
02ob9,John Curtiss,RP,33.0,linear_SP,23.358291207820788,2.4221826554398334,3.3588883194365535,2.094538304516092,-1.2643500149204616
02ob9,John Curtiss,RP,33.0,pooled_linear_SP,23.358291207820788,2.406725197946166,3.3588883194365535,2.093604815058686,-1.2652835043778676
06ofp,Dugan Darnell,RP,29.0,future_role_caps,16.451836297024393,0.7530006448176628,1.5089994981348118,0.9818937430408757,-0.5271057550939361
06ofp,Dugan Darnell,RP,29.0,linear_SP,16.451836297024393,0.7713012178887221,1.5089994981348118,0.9825082050048698,-0.526491293129942
06ofp,Dugan Darnell,RP,29.0,pooled_linear_SP,16.451836297024393,0.7656775721364698,1.5089994981348118,0.982319384884302,-0.5266801132505098
03dji,Austin Davis,RP,33.0,future_role_caps,15.35015251106242,0.3066597604241845,0.7677568277654117,0.4602874630963923,-0.30746936466901936
03dji,Austin Davis,RP,33.0,linear_SP,15.35015251106242,0.29738581034546024,0.7677568277654117,0.46009791565644975,-0.3076589121089619
03dji,Austin Davis,RP,33.0,pooled_linear_SP,15.35015251106242,0.28660233609978386,0.7677568277654117,0.4598775155120018,-0.30787931225340986
0524m,Brett de Geus,RP,28.0,future_role_caps,13.553823474271056,0.8101555236434109,1.0687602918061025,0.7861382209306109,-0.2826220708754916
0524m,Brett de Geus,RP,28.0,linear_SP,13.553823474271056,0.8084104798183821,1.0687602918061025,0.7860995203067788,-0.2826607714993238
0524m,Brett de Geus,RP,28.0,pooled_linear_SP,13.553823474271056,0.7841726838399019,1.0687602918061025,0.7855619877753729,-0.28319830403072965
03qqf,Alexis Diaz,RP,30.0,future_role_caps,43.03221692892547,2.9481760477275505,6.616352438960117,4.246086977334119,-2.3702654616259977
03qqf,Alexis Diaz,RP,30.0,linear_SP,43.03221692892547,2.912583736946212,6.616352438960117,4.243982318644779,-2.3723701203153382
03qqf,Alexis Diaz,RP,30.0,pooled_linear_SP,43.03221692892547,2.878906902763735,6.616352438960117,4.2419909266801765,-2.3743615122799406
03mkx,Miguel Diaz,RP,31.0,future_role_caps,14.154764826175871,0.5431967847226972,2.148071058773681,1.2884449996366303,-0.8596260591370506
03mkx,Miguel Diaz,RP,31.0,linear_SP,14.154764826175871,0.5524376677784567,2.148071058773681,1.2890285991058448,-0.8590424596678361
03mkx,Miguel Diaz,RP,31.0,pooled_linear_SP,14.154764826175871,0.47181038238057016,2.148071058773681,1.2839366570610764,-0.8641344017126045
04pxb,Shawn Dubin,RP,31.0,future_role_caps,31.451114755472997,3.884984741457191,1.5596737676239185,1.1076857800545188,-0.45198798756939973
04pxb,Shawn Dubin,RP,31.0,linear_SP,31.451114755472997,3.853741386302545,1.5596737676239185,1.1071734984533625,-0.45250026917055597
04pxb,Shawn Dubin,RP,31.0,pooled_linear_SP,31.451114755472997,3.8552891949651396,1.5596737676239185,1.1071988770945498,-0.45247489052936873
02mzd,Tyler Duffey,RP,35.0,future_role_caps,9.128929940535482,0.35102021212609535,0.7107132799741805,0.4132173600580594,-0.2974959199161211
02mzd,Tyler Duffey,RP,35.0,linear_SP,9.128929940535482,0.3153459091774501,0.7107132799741805,0.4120083068892024,-0.2987049730849781
02mzd,Tyler Duffey,RP,35.0,pooled_linear_SP,9.128929940535482,0.30498600595499475,0.7107132799741805,0.4116571949462952,-0.29905608502788533
041m9,Dane Dunning,RP,31.0,future_role_caps,24.0298966678277,4.139118758705348,1.8149544827955302,1.264805654713331,-0.5501488280821991
041m9,Dane Dunning,RP,31.0,linear_SP,24.0298966678277,4.192379775199939,1.8149544827955302,1.2662787738613523,-0.5486757089341778
041m9,Dane Dunning,RP,31.0,pooled_linear_SP,24.0298966678277,3.9619277740274716,1.8149544827955302,1.2599048201148735,-0.5550496626806567
041y7,Parker Dunshee,RP,31.0,future_role_caps,12.89244456054801,0.4708051141201741,1.007547662588519,0.6538234490015764,-0.3537242135869425
041y7,Parker Dunshee,RP,31.0,linear_SP,12.89244456054801,0.4558743752806547,1.007547662588519,0.6533982745407446,-0.3541493880477743
041y7,Parker Dunshee,RP,31.0,pooled_linear_SP,12.89244456054801,0.4585670159515539,1.007547662588519,0.6534749513922902,-0.35407271119622874
03qs8,Scott Effross,RP,32.0,future_role_caps,13.467419706442879,1.6332939014863452,0.7571049374691033,0.5367091076443243,-0.220395829824779
03qs8,Scott Effross,RP,32.0,linear_SP,13.467419706442879,1.637268915095649,0.7571049374691033,0.536783137313894,-0.2203218001552093
03qs8,Scott Effross,RP,32.0,pooled_linear_SP,13.467419706442879,1.6338599358508124,0.7571049374691033,0.5367196493282241,-0.2203852881408792
03qvm,Nic Enright,RP,29.0,future_role_caps,33.09981889847661,6.382924077629213,5.5053093633758134,4.06160200605189,-1.4437073573239232
03qvm,Nic Enright,RP,29.0,linear_SP,33.09981889847661,6.374408949063622,5.5053093633758134,4.061141871974141,-1.4441674914016724
03qvm,Nic Enright,RP,29.0,pooled_linear_SP,33.09981889847661,6.31826883612801,5.5053093633758134,4.05810821500803,-1.4472011483677836
02n6j,Buck Farmer,RP,35.0,future_role_caps,38.64010866612333,1.0864124658370313,3.631090147387964,2.05808565702206,-1.573004490365904
02n6j,Buck Farmer,RP,35.0,linear_SP,38.64010866612333,1.0185910090857004,3.631090147387964,2.055244832634388,-1.5758453147535758
02n6j,Buck Farmer,RP,35.0,pooled_linear_SP,38.64010866612333,0.975528667714468,3.631090147387964,2.053441088577309,-1.577649058810655
04anh,Brady Feigl,RP,35.0,future_role_caps,8.58854779800175,0.23394278846271865,0.3466925073713429,0.2074247463953997,-0.13926776097594318
04anh,Brady Feigl,RP,35.0,linear_SP,8.58854779800175,0.2294521284654364,0.3466925073713429,0.2073498889769566,-0.13934261839438628
04anh,Brady Feigl,RP,35.0,pooled_linear_SP,8.58854779800175,0.2335633126027996,0.3466925073713429,0.20741842069199481,-0.13927408667934807
03dpn,J.P. Feyereisen,RP,33.0,future_role_caps,13.393238647592044,0.4050930739226517,0.8066324879902178,0.48383437878676466,-0.32279810920345314
03dpn,J.P. Feyereisen,RP,33.0,linear_SP,13.393238647592044,0.4035675675507941,0.8066324879902178,0.4837964649391242,-0.3228360230510936
03dpn,J.P. Feyereisen,RP,33.0,pooled_linear_SP,13.393238647592044,0.38457299958599045,0.8066324879902178,0.4833243874905463,-0.3233081004996715
02n5v,Chris Flexen,RP,32.0,future_role_caps,36.430260679617064,9.96476879834784,2.3837161889731378,1.774903722791415,-0.6088124661817227
02n5v,Chris Flexen,RP,32.0,linear_SP,36.430260679617064,9.097490529063153,2.3837161889731378,1.7549528439504773,-0.6287633450226604
02n5v,Chris Flexen,RP,32.0,pooled_linear_SP,36.430260679617064,7.530997199846071,2.3837161889731378,1.718917214184123,-0.6647989747890148
02hhd,Dylan Floro,RP,35.0,future_role_caps,34.86671858492559,1.091241776087253,3.346831067841781,1.863441666345833,-1.483389401495948
02hhd,Dylan Floro,RP,35.0,linear_SP,34.86671858492559,1.088253537009837,3.346831067841781,1.8633104254990593,-1.4835206423427216
02hhd,Dylan Floro,RP,35.0,pooled_linear_SP,34.86671858492559,1.0720757716741602,3.346831067841781,1.8625999121945502,-1.4842311556472307
0422q,Matt Foster,RP,31.0,future_role_caps,15.52493324045048,0.13252208651694397,1.2878728768555698,0.8251624740252028,-0.462710402830367
0422q,Matt Foster,RP,31.0,linear_SP,15.52493324045048,0.1298107334032545,1.2878728768555698,0.8250809681923021,-0.4627919086632677
0422q,Matt Foster,RP,31.0,pooled_linear_SP,15.52493324045048,0.1147772108074681,1.2878728768555698,0.8246290463181598,-0.46324383053741003
051bd,Caleb Freeman,RP,28.0,future_role_caps,13.992632427187656,2.1586314700115987,2.179846346203703,1.612425541350308,-0.5674208048533951
051bd,Caleb Freeman,RP,28.0,linear_SP,13.992632427187656,2.2106105415616435,2.179846346203703,1.6149178520000356,-0.5649284942036674
051bd,Caleb Freeman,RP,28.0,pooled_linear_SP,13.992632427187656,2.2081342915026974,2.179846346203703,1.6147991198986482,-0.5650472263050548
04ysx,Luis Frias,RP,28.0,future_role_caps,22.073532328690888,0.8880565262606136,0.8841885301136323,0.6679633660508747,-0.2162251640627576
04ysx,Luis Frias,RP,28.0,linear_SP,22.073532328690888,0.8721797011050553,0.8841885301136323,0.6678013225284128,-0.21638720758521945
04ysx,Luis Frias,RP,28.0,pooled_linear_SP,22.073532328690888,0.873603635487386,0.8841885301136323,0.6678158556193052,-0.21637267449432707
02n67,Carson Fulmer,RP,32.0,future_role_caps,39.0760739675782,6.645605093702457,2.915097450960526,1.9050778853747032,-1.0100195655858228
02n67,Carson Fulmer,RP,32.0,linear_SP,39.0760739675782,6.204999480545548,2.915097450960526,1.891355595643829,-1.023741855316697
02n67,Carson Fulmer,RP,32.0,pooled_linear_SP,39.0760739675782,5.747552852376991,2.915097450960526,1.8771088067226338,-1.0379886442378923
03mul,Giovanny Gallegos,RP,35.0,future_role_caps,24.213824228028503,0.800508875620109,3.186605122621451,1.9315815619412446,-1.2550235606802063
03mul,Giovanny Gallegos,RP,35.0,linear_SP,24.213824228028503,0.7731748321621547,3.186605122621451,1.9301163756559176,-1.2564887469655333
03mul,Giovanny Gallegos,RP,35.0,pooled_linear_SP,24.213824228028503,0.764941476323056,3.186605122621451,1.9296750432172602,-1.2569300794041907
03mey,Gerson Garabito,RP,31.0,future_role_caps,19.47231626610937,1.5892497106274779,1.1995734919211518,0.8084127566049855,-0.39116073531616635
03mey,Gerson Garabito,RP,31.0,linear_SP,19.47231626610937,1.6007775440711003,1.1995734919211518,0.808664907755484,-0.39090858416566776
03mey,Gerson Garabito,RP,31.0,pooled_linear_SP,19.47231626610937,1.5992930408928194,1.1995734919211518,0.8086324368505086,-0.39094105507064325
02z0e,Yimi Garcia,RP,36.0,future_role_caps,29.78293054648378,5.787912679834678,5.398524070094597,3.091460868688002,-2.307063201406595
02z0e,Yimi Garcia,RP,36.0,linear_SP,29.78293054648378,5.76793190919424,5.398524070094597,3.0895397656933516,-2.3089843044012452
02z0e,Yimi Garcia,RP,36.0,pooled_linear_SP,29.78293054648378,5.750172375916295,5.398524070094597,3.0878322293236193,-2.3106918407709776
02i3x,Amir Garrett,RP,34.0,future_role_caps,14.591198952658477,0.5510558795146613,0.7538286537473389,0.5076207444751618,-0.24620790927217706
02i3x,Amir Garrett,RP,34.0,linear_SP,14.591198952658477,0.5589774303517481,0.7538286537473389,0.5077596567682653,-0.24606899697907358
02i3x,Amir Garrett,RP,34.0,pooled_linear_SP,14.591198952658477,0.5464133022473743,0.7538286537473389,0.5075393322533163,-0.2462893214940226
03dpt,Reed Garrett,RP,33.0,future_role_caps,43.85187337833804,7.137221511322961,5.313486321397498,3.243965622569682,-2.0695206988278163
03dpt,Reed Garrett,RP,33.0,linear_SP,43.85187337833804,7.117133354026529,5.313486321397498,3.242833299227032,-2.070653022170466
03dpt,Reed Garrett,RP,33.0,pooled_linear_SP,43.85187337833804,7.109422137394116,5.313486321397498,3.24239863563573,-2.071087685761768
03adu,Justin Garza,RP,32.0,future_role_caps,15.296827042027484,0.5860772249882721,0.9404466317278978,0.6364195806400652,-0.30402705108783257
03adu,Justin Garza,RP,32.0,linear_SP,15.296827042027484,0.5759494829849845,0.9404466317278978,0.6362102706066725,-0.3042363611212253
03adu,Justin Garza,RP,32.0,pooled_linear_SP,15.296827042027484,0.5688503514875827,0.9404466317278978,0.6360635528634382,-0.3043830788644596
03qpg,Ian Gibaut,RP,32.0,future_role_caps,28.888254866923496,1.1892224425320523,3.0455573130961815,1.96632194025725,-1.0792353728389315
03qpg,Ian Gibaut,RP,32.0,linear_SP,28.888254866923496,1.1912494433070278,3.0455573130961815,1.966400918140073,-1.0791563949561085
03qpg,Ian Gibaut,RP,32.0,pooled_linear_SP,28.888254866923496,1.1656441170504863,3.0455573130961815,1.9654032596873967,-1.0801540534087848
04ei1,Lucas Gilbreath,RP,30.0,future_role_caps,9.676084776821217,0.7274010346649571,1.2429216007801294,0.874686825823143,-0.3682347749569863
04ei1,Lucas Gilbreath,RP,30.0,linear_SP,9.676084776821217,0.7292023289048511,1.2429216007801294,0.8747609483643091,-0.3681606524158203
04ei1,Lucas Gilbreath,RP,30.0,pooled_linear_SP,9.676084776821217,0.7100687885630123,1.2429216007801294,0.8739736107932295,-0.3689479899868998
05y17,Logan Gillaspie,RP,29.0,future_role_caps,13.389971889513568,3.016066033773586,1.569334791634659,1.2339563181145996,-0.33537847352005934
05y17,Logan Gillaspie,RP,29.0,linear_SP,13.389971889513568,3.1326221598428208,1.569334791634659,1.2377244664074512,-0.3316103252272078
05y17,Logan Gillaspie,RP,29.0,pooled_linear_SP,13.389971889513568,3.08933805014926,1.569334791634659,1.2363251324595086,-0.33300965917515035
03aqt,Victor Gonzalez,RP,30.0,future_role_caps,26.451509410042757,0.567948210238577,2.9586355328522287,2.038001642260699,-0.9206338905915299
03aqt,Victor Gonzalez,RP,30.0,linear_SP,26.451509410042757,0.5809693491294323,2.9586355328522287,2.0384647818443318,-0.9201707510078969
03aqt,Victor Gonzalez,RP,30.0,pooled_linear_SP,26.451509410042757,0.5424221678337438,2.9586355328522287,2.0370937247006244,-0.9215418081516042
052ht,Wikelman Gonzalez,RP,24.0,future_role_caps,29.170164072952605,16.830205898606945,5.126060826103264,4.60787260252418,-0.5181882235790836
052ht,Wikelman Gonzalez,RP,24.0,linear_SP,29.170164072952605,16.80650147952205,5.126060826103264,4.60687718984587,-0.5191836362573943
052ht,Wikelman Gonzalez,RP,24.0,pooled_linear_SP,29.170164072952605,16.734601566126585,5.126060826103264,4.603857917991663,-0.5222029081116011
03zbj,Brusdar Graterol,RP,28.0,future_role_caps,31.60747663551402,1.9253908782109335,9.742528176996723,6.96328011529417,-2.7792480617025532
03zbj,Brusdar Graterol,RP,28.0,linear_SP,31.60747663551402,1.8706823861184243,9.742528176996723,6.958157548374512,-2.784370628622211
03zbj,Brusdar Graterol,RP,28.0,pooled_linear_SP,31.60747663551402,1.822372236599051,9.742528176996723,6.953634082924338,-2.7888940940723854
031c2,Kendall Graveman,RP,35.0,future_role_caps,21.445138427464006,0.20358378083794906,1.0955048217109862,0.7940842405621785,-0.30142058114880765
031c2,Kendall Graveman,RP,35.0,linear_SP,21.445138427464006,0.16221371343610544,1.0955048217109862,0.7934971936173632,-0.302007628093623
031c2,Kendall Graveman,RP,35.0,pooled_linear_SP,21.445138427464006,0.15801253703177887,1.0955048217109862,0.7934375783465242,-0.302067243364462
02bxv,Jon Gray,RP,34.0,future_role_caps,16.797584357447526,2.285153550840655,2.118270105077099,1.1325475623616434,-0.9857225427154555
02bxv,Jon Gray,RP,34.0,linear_SP,16.797584357447526,1.7853713045948176,2.118270105077099,1.0986010351989295,-1.0196690698781694
02bxv,Jon Gray,RP,34.0,pooled_linear_SP,16.797584357447526,1.5260033427980364,2.118270105077099,1.0809840797620185,-1.0372860253150804
0374o,Chad Green,RP,35.0,future_role_caps,28.910233570863024,1.8207557511753636,3.7537697498864713,2.3230368343020893,-1.430732915584382
0374o,Chad Green,RP,35.0,linear_SP,28.910233570863024,1.557791982779448,3.7537697498864713,2.3091483820567413,-1.44462136782973
0374o,Chad Green,RP,35.0,pooled_linear_SP,28.910233570863024,1.4977405342752266,3.7537697498864713,2.30597676005002,-1.4477929898364512
04ei8,Sean Guenther,RP,30.0,future_role_caps,21.05602569654974,2.9625870603292728,3.134692871023734,2.1078673551632203,-1.0268255158605135
04ei8,Sean Guenther,RP,30.0,linear_SP,21.05602569654974,2.9851442673380095,3.134692871023734,2.1091475051772015,-1.0255453658465323
04ei8,Sean Guenther,RP,30.0,pooled_linear_SP,21.05602569654974,2.945553970427795,3.134692871023734,2.106900705778522,-1.027792165245212
06aop,Luis Guerrero,RP,26.0,future_role_caps,21.220977596914015,4.48257739492915,1.8815742023164754,1.4718999579919645,-0.40967424432451094
06aop,Luis Guerrero,RP,26.0,linear_SP,21.220977596914015,4.484202226267552,1.8815742023164754,1.4719397259233484,-0.409634476393127
06aop,Luis Guerrero,RP,26.0,pooled_linear_SP,21.220977596914015,4.442862148507504,1.8815742023164754,1.4709279228291283,-0.4106462794873471
03mmw,Vladimir Gutierrez,RP,31.0,future_role_caps,13.904940206664342,1.188140507302333,1.7808158915431893,1.1544822363295857,-0.6263336552136036
03mmw,Vladimir Gutierrez,RP,31.0,linear_SP,13.904940206664342,1.1651469949969016,1.7808158915431893,1.153349749308564,-0.6274661422346253
03mmw,Vladimir Gutierrez,RP,31.0,pooled_linear_SP,13.904940206664342,1.1024931713180208,1.7808158915431893,1.1502638944295358,-0.6305519971136535
020dj,Jesse Hahn,RP,37.0,future_role_caps,10.393156470665874,0.7390524151351692,0.24741868335821804,0.17119278794691511,-0.07622589541130292
020dj,Jesse Hahn,RP,37.0,linear_SP,10.393156470665874,0.7375589459318121,0.24741868335821804,0.17118099596428885,-0.0762376873939292
020dj,Jesse Hahn,RP,37.0,pooled_linear_SP,10.393156470665874,0.7177495047221705,0.24741868335821804,0.17102458658801561,-0.07639409677020242
05zya,Thomas Harrington,RP,25.0,future_role_caps,17.578491616685675,13.12963297117425,0.20963381380256296,0.20963381380256296,0.0
05zya,Thomas Harrington,RP,25.0,linear_SP,17.578491616685675,12.180600323535673,0.20963381380256296,0.20963381380256296,0.0
05zya,Thomas Harrington,RP,25.0,pooled_linear_SP,17.578491616685675,12.553896485781431,0.20963381380256296,0.20963381380256296,0.0
0664g,Hayden Harris,RP,27.0,future_role_caps,14.153255129821483,3.2888209110408266,1.7438521215007363,1.382382177849389,-0.3614699436513473
0664g,Hayden Harris,RP,27.0,linear_SP,14.153255129821483,3.2700566479792355,1.7438521215007363,1.3817578731709361,-0.3620942483298002
0664g,Hayden Harris,RP,27.0,pooled_linear_SP,14.153255129821483,3.257425337875553,1.7438521215007363,1.3813376176049788,-0.36251450389575757
041ql,Thomas Hatch,RP,32.0,future_role_caps,14.398072289156627,2.977495377430621,1.1831336695099974,1.0474419082414603,-0.1356917612685371
041ql,Thomas Hatch,RP,32.0,linear_SP,14.398072289156627,3.2717223513618703,1.1831336695099974,1.0509377190585525,-0.13219595045144494
041ql,Thomas Hatch,RP,32.0,pooled_linear_SP,14.398072289156627,3.0463033005273363,1.1831336695099974,1.0482594385944706,-0.13487423091552686
031gh,Ben Heller,RP,35.0,future_role_caps,12.926590377753168,0.41591760779709963,1.2220304527510268,0.8566315488774853,-0.36539890387354157
031gh,Ben Heller,RP,35.0,linear_SP,12.926590377753168,0.40819047928491026,1.2220304527510268,0.8564058628300312,-0.36562458992099567
031gh,Ben Heller,RP,35.0,pooled_linear_SP,12.926590377753168,0.4058818950886434,1.2220304527510268,0.8563384360696701,-0.36569201668135676
01ub8,Liam Hendriks,RP,37.0,future_role_caps,11.609397479047052,0.4499805483716216,0.6794100030786367,0.3800691649749392,-0.29934083810369755
01ub8,Liam Hendriks,RP,37.0,linear_SP,11.609397479047052,0.34901825168221007,0.6794100030786367,0.37736094655316776,-0.302049056525469
01ub8,Liam Hendriks,RP,37.0,pooled_linear_SP,11.609397479047052,0.3242039541433369,0.6794100030786367,0.37669532641652587,-0.3027146766621109
04tzu,Ronny Henriquez,RP,26.0,future_role_caps,47.23247855266998,21.120481448433328,17.4931997837878,14.612259885885623,-2.880939897902179
04tzu,Ronny Henriquez,RP,26.0,linear_SP,47.23247855266998,20.953406481878375,17.4931997837878,14.59382648398352,-2.8993732998042816
04tzu,Ronny Henriquez,RP,26.0,pooled_linear_SP,47.23247855266998,20.913228199598205,17.4931997837878,14.589393609087432,-2.903806174700369
0512a,Tommy Henry,RP,29.0,future_role_caps,16.955363801001383,7.920210492773602,3.24618500843338,2.685414418868924,-0.5607705895644557
0512a,Tommy Henry,RP,29.0,linear_SP,16.955363801001383,7.665585070598551,3.24618500843338,2.6696109849657965,-0.5765740234675834
0512a,Tommy Henry,RP,29.0,pooled_linear_SP,16.955363801001383,7.665770149289992,3.24618500843338,2.6696224719526107,-0.5765625364807692
051z5,Daysbel Hernandez,RP,30.0,future_role_caps,24.696020708240656,4.237727223327779,1.4791266634678764,1.173809187277147,-0.30531747619072935
051z5,Daysbel Hernandez,RP,30.0,linear_SP,24.696020708240656,4.1940848992523705,1.4791266634678764,1.1731578737034303,-0.3059687897644461
051z5,Daysbel Hernandez,RP,30.0,pooled_linear_SP,24.696020708240656,4.169755368607902,1.4791266634678764,1.1727947822804456,-0.3063318811874307
041ue,Nick Hernandez,RP,31.0,future_role_caps,13.556191706335381,2.5478803724070875,0.9232330241052243,0.6577775764794167,-0.26545544762580764
041ue,Nick Hernandez,RP,31.0,linear_SP,13.556191706335381,2.575083792705623,0.9232330241052243,0.6584335622971546,-0.2647994618080698
041ue,Nick Hernandez,RP,31.0,pooled_linear_SP,13.556191706335381,2.5803878045490496,0.9232330241052243,0.6585614637341144,-0.26467156037110995
04nx1,Sean Hjelle,RP,29.0,future_role_caps,36.03152652163286,5.241157837987182,3.3020815086399273,2.5959580286292763,-0.7061234800106511
04nx1,Sean Hjelle,RP,29.0,linear_SP,36.03152652163286,5.211603969091981,3.3020815086399273,2.5952802621183753,-0.7068012465215521
04nx1,Sean Hjelle,RP,29.0,pooled_linear_SP,36.03152652163286,5.186171271333931,3.3020815086399273,2.5946970074899074,-0.7073845011500199
051aa,Porter Hodge,RP,25.0,future_role_caps,42.52311231616137,17.14823325316175,7.730086992375831,6.239733268139537,-1.4903537242362939
051aa,Porter Hodge,RP,25.0,linear_SP,42.52311231616137,17.178812683409934,7.730086992375831,6.2415293030149055,-1.4885576893609258
051aa,Porter Hodge,RP,25.0,pooled_linear_SP,42.52311231616137,17.130613501324817,7.730086992375831,6.238698399649914,-1.491388592725917
05156,Bryan Hoeing,RP,29.0,future_role_caps,34.92988878024933,2.32374131526569,4.984451702095048,3.616305076218356,-1.3681466258766917
05156,Bryan Hoeing,RP,29.0,linear_SP,34.92988878024933,2.0536975001602924,4.984451702095048,3.6049740983752327,-1.379477603719815
05156,Bryan Hoeing,RP,29.0,pooled_linear_SP,34.92988878024933,2.010956861632169,4.984451702095048,3.6031807107800606,-1.3812709913149872
03d7m,Brent Honeywell Jr.,RP,31.0,future_role_caps,37.23103990092496,1.1950523004150528,1.6731020963718615,1.1372816486863682,-0.5358204476854933
03d7m,Brent Honeywell Jr.,RP,31.0,linear_SP,37.23103990092496,1.1850934925682104,1.6731020963718615,1.137133570799949,-0.5359685255719124
03d7m,Brent Honeywell Jr.,RP,31.0,pooled_linear_SP,37.23103990092496,1.1700419850671469,1.6731020963718615,1.1369097693718608,-0.5361923270000006
05mrs,Bailey Horn,RP,28.0,future_role_caps,19.052368312858718,2.491306126434118,0.7992908997368124,0.6433042896809489,-0.15598661005586356
05mrs,Bailey Horn,RP,28.0,linear_SP,19.052368312858718,2.573004740724315,0.7992908997368124,0.6440737988915257,-0.15521710084528673
05mrs,Bailey Horn,RP,28.0,pooled_linear_SP,19.052368312858718,2.5801417298994167,0.7992908997368124,0.6441410213157215,-0.15514987842109096
04eon,Brandon Hughes,RP,30.0,future_role_caps,14.38772249474422,0.8318907030329147,1.251781883975985,0.9186452930137841,-0.33313659096220105
04eon,Brandon Hughes,RP,30.0,linear_SP,14.38772249474422,0.82952068480575,1.251781883975985,0.9185870494618686,-0.33319483451411647
04eon,Brandon Hughes,RP,30.0,pooled_linear_SP,14.38772249474422,0.8239555887988225,1.251781883975985,0.9184502863963032,-0.3333315975796819
060q2,Jairo Iriarte,RP,24.0,future_role_caps,18.51024575734103,5.9492426971152,0.869511889860232,0.788172910842536,-0.08133897901769593
060q2,Jairo Iriarte,RP,24.0,linear_SP,18.51024575734103,5.610808829551198,0.869511889860232,0.7859813768447591,-0.08353051301547287
060q2,Jairo Iriarte,RP,24.0,pooled_linear_SP,18.51024575734103,5.412141988196716,0.869511889860232,0.784694906491797,-0.08481698336843502
025ey,Luke Jackson,RP,35.0,future_role_caps,28.33704944644001,1.6294406719184984,1.2768405499338036,0.7986358032019603,-0.4782047467318433
025ey,Luke Jackson,RP,35.0,linear_SP,28.33704944644001,1.6042571809725814,1.2768405499338036,0.7981848880709469,-0.4786556618628567
025ey,Luke Jackson,RP,35.0,pooled_linear_SP,28.33704944644001,1.591204401917835,1.2768405499338036,0.7979511756126465,-0.4788893743211571
05gvt,Bryce Jarvis,RP,28.0,future_role_caps,34.54177076773624,6.493494224633303,3.6981105194599184,2.6854288867890688,-1.0126816326708497
05gvt,Bryce Jarvis,RP,28.0,linear_SP,34.54177076773624,6.525931811872696,3.6981105194599184,2.6866000442666063,-1.0115104751933122
05gvt,Bryce Jarvis,RP,28.0,pooled_linear_SP,34.54177076773624,6.409370819524653,3.6981105194599184,2.6823916154223117,-1.0157189040376067
03n6f,Tyler Jay,RP,32.0,future_role_caps,15.465066256533706,0.40211467979201104,0.48577181885562887,0.3748702541325573,-0.11090156472307156
03n6f,Tyler Jay,RP,32.0,linear_SP,15.465066256533706,0.417768238031039,0.48577181885562887,0.37498550406171943,-0.11078631479390944
03n6f,Tyler Jay,RP,32.0,pooled_linear_SP,15.465066256533706,0.418766299753676,0.48577181885562887,0.3749928523298306,-0.11077896652579827
059zc,Dany Jimenez,RP,32.0,future_role_caps,24.1884852199821,0.4932951170347366,1.3982210694828356,0.9810891328017184,-0.41713193668111725
059zc,Dany Jimenez,RP,32.0,linear_SP,24.1884852199821,0.5144402007441418,1.3982210694828356,0.9814613724706416,-0.41675969701219406
059zc,Dany Jimenez,RP,32.0,pooled_linear_SP,24.1884852199821,0.48484064971745583,1.3982210694828356,0.9809402997132165,-0.41728076976961914
03as0,Joe Jimenez,RP,31.0,future_role_caps,52.693715500334186,11.830006729921188,14.27083754367049,9.736079374518862,-4.534758169151628
03as0,Joe Jimenez,RP,31.0,linear_SP,52.693715500334186,11.827109321313628,14.27083754367049,9.73575784111556,-4.535079702554929
03as0,Joe Jimenez,RP,31.0,pooled_linear_SP,52.693715500334186,11.714925031106631,14.27083754367049,9.723308441837467,-4.547529101833023
01fcp,Casey Kelly,RP,37.0,future_role_caps,8.07939813898238,0.35658298155252066,0.9133279162988339,0.48164282125020785,-0.43168509504862607
01fcp,Casey Kelly,RP,37.0,linear_SP,8.07939813898238,0.34310672496964095,0.9133279162988339,0.4808895338821575,-0.4324383824166764
01fcp,Casey Kelly,RP,37.0,pooled_linear_SP,8.07939813898238,0.3255544252103368,0.9133279162988339,0.4799084064000854,-0.4334195098987485
06mi2,Austin Kitchen,RP,29.0,future_role_caps,13.939192208024304,0.5976415005421933,0.44639530627091484,0.30744000126097715,-0.1389553050099377
06mi2,Austin Kitchen,RP,29.0,linear_SP,13.939192208024304,0.5581396345707823,0.44639530627091484,0.30702858028339614,-0.1393667259875187
06mi2,Austin Kitchen,RP,29.0,pooled_linear_SP,13.939192208024304,0.5652687489455741,0.44639530627091484,0.30710283164173663,-0.1392924746291782
03d6v,Michael Kopech,RP,30.0,future_role_caps,35.85749963909341,6.719734715743713,5.679087560936061,3.902232177817351,-1.77685538311871
03d6v,Michael Kopech,RP,30.0,linear_SP,35.85749963909341,6.615155673803768,5.679087560936061,3.895854824093714,-1.783232736842347
03d6v,Michael Kopech,RP,30.0,pooled_linear_SP,35.85749963909341,6.5551382813308665,5.679087560936061,3.8921948924834227,-1.7868926684526385
04mlg,Jackson Kowar,RP,30.0,future_role_caps,22.16461397503717,1.7752474964126321,1.1790578966108287,0.9165867790502816,-0.2624711175605471
04mlg,Jackson Kowar,RP,30.0,linear_SP,22.16461397503717,1.8166021552131493,1.1790578966108287,0.917119135144969,-0.2619387614658597
04mlg,Jackson Kowar,RP,30.0,pooled_linear_SP,22.16461397503717,1.7969183243062798,1.1790578966108287,0.9168657463453995,-0.2621921502654292
0513u,Evan Kravetz,RP,29.0,future_role_caps,12.974539256418451,0.7431325963910961,2.1882734413242986,1.5118254149557588,-0.6764480263685397
0513u,Evan Kravetz,RP,29.0,linear_SP,12.974539256418451,0.7423819143239846,2.1882734413242986,1.5117838990927972,-0.6764895422315014
0513u,Evan Kravetz,RP,29.0,pooled_linear_SP,12.974539256418451,0.7390105274401874,2.1882734413242986,1.5115974472751887,-0.6766759940491098
051ae,Zac Kristofak,RP,28.0,future_role_caps,13.153074481556398,0.5662295559726804,1.8503642424663531,1.3077527253156942,-0.5426115171506589
051ae,Zac Kristofak,RP,28.0,linear_SP,13.153074481556398,0.5677725322882775,1.8503642424663531,1.3078192421214927,-0.5425450003448604
051ae,Zac Kristofak,RP,28.0,pooled_linear_SP,13.153074481556398,0.560400880601755,1.8503642424663531,1.3075014545322137,-0.5428627879341394
03ry2,Dinelson Lamet,RP,34.0,future_role_caps,10.20891475461012,0.6684296295088216,1.0000087771652377,0.8279351529129264,-0.17207362425231132
03ry2,Dinelson Lamet,RP,34.0,linear_SP,10.20891475461012,0.6453179737237175,1.0000087771652377,0.8275183076140484,-0.1724904695511893
03ry2,Dinelson Lamet,RP,34.0,pooled_linear_SP,10.20891475461012,0.6235965894812461,1.0000087771652377,0.8271265374617587,-0.17288223970347905
045ok,Sauryn Lao,RP,27.0,future_role_caps,19.624874381041128,1.7766592887416623,2.9379623791203646,2.208774959776469,-0.7291874193438956
045ok,Sauryn Lao,RP,27.0,linear_SP,19.624874381041128,1.8615843154455536,2.9379623791203646,2.2122445650417393,-0.7257178140786253
045ok,Sauryn Lao,RP,27.0,pooled_linear_SP,19.624874381041128,1.858171545722496,2.9379623791203646,2.212105136603977,-0.7258572425163878
030x2,Jose Leclerc,RP,32.0,future_role_caps,35.74364337255106,11.804472767413774,4.796242986916377,3.6008059021047676,-1.1954370848116098
030x2,Jose Leclerc,RP,32.0,linear_SP,35.74364337255106,11.77912780639585,4.796242986916377,3.5995402648438244,-1.196702722072553
030x2,Jose Leclerc,RP,32.0,pooled_linear_SP,35.74364337255106,11.75489104245158,4.796242986916377,3.598329967005495,-1.1979130199108825
04ejq,Zach Logue,RP,30.0,future_role_caps,12.515111848701729,0.771014048965317,1.7175823360237417,1.1944679907483424,-0.5231143452753992
04ejq,Zach Logue,RP,30.0,linear_SP,12.515111848701729,0.7425105795016949,1.7175823360237417,1.193198367996489,-0.5243839680272526
04ejq,Zach Logue,RP,30.0,pooled_linear_SP,12.515111848701729,0.7415673234837283,1.7175823360237417,1.1931563527848752,-0.5244259832388665
0421l,Sam Long,RP,31.0,future_role_caps,21.96591218722711,3.972901247410841,1.7799425492715824,1.3271200426916274,-0.45282250657995493
0421l,Sam Long,RP,31.0,linear_SP,21.96591218722711,3.965232820362005,1.7799425492715824,1.326927054627017,-0.45301549464456525
0421l,Sam Long,RP,31.0,pooled_linear_SP,21.96591218722711,3.9569893562305363,1.7799425492715824,1.3267195948470285,-0.45322295442455385
02brf,Jorge Lopez,RP,33.0,future_role_caps,36.90405049333391,1.835250355513017,3.892104838842945,2.353165727342854,-1.538939111500091
02brf,Jorge Lopez,RP,33.0,linear_SP,36.90405049333391,1.7239317773738212,3.892104838842945,2.348280686706684,-1.5438241521362612
02brf,Jorge Lopez,RP,33.0,pooled_linear_SP,36.90405049333391,1.691289601842232,3.892104838842945,2.3468482361976104,-1.5452566026453347
062sf,Ryan Loutos,RP,27.0,future_role_caps,15.166368304904328,1.0422857379133976,0.7803337700668782,0.5965242136243779,-0.1838095564425003
062sf,Ryan Loutos,RP,27.0,linear_SP,15.166368304904328,1.0399454773113395,0.7803337700668782,0.5964937576806957,-0.18384001238618253
062sf,Ryan Loutos,RP,27.0,pooled_linear_SP,15.166368304904328,1.039837539378953,0.7803337700668782,0.5964923529860274,-0.18384141708085078
04puv,Josh Maciejewski,RP,31.0,future_role_caps,17.049525457500916,0.8635148512353343,2.3803491166945263,1.4392810543216932,-0.9410680623728331
04puv,Josh Maciejewski,RP,31.0,linear_SP,17.049525457500916,0.8703531596678755,2.3803491166945263,1.4396786392376468,-0.9406704774568795
04puv,Josh Maciejewski,RP,31.0,pooled_linear_SP,17.049525457500916,0.8645212445099291,2.3803491166945263,1.4393395668602023,-0.941009549834324
0518d,Anthony Maldonado,RP,28.0,future_role_caps,17.76072727911779,2.0748690721374308,1.8025574697107245,1.2762475566214093,-0.5263099130893152
0518d,Anthony Maldonado,RP,28.0,linear_SP,17.76072727911779,2.082545599433945,1.8025574697107245,1.2765051282735906,-0.5260523414371339
0518d,Anthony Maldonado,RP,28.0,pooled_linear_SP,17.76072727911779,2.074742920226759,1.8025574697107245,1.276243323827751,-0.5263141458829734
04ydj,Jose Marte,RP,30.0,future_role_caps,18.92684714587007,1.635628703463574,1.2490554386115693,0.9396086838578256,-0.3094467547537437
04ydj,Jose Marte,RP,30.0,linear_SP,18.92684714587007,1.6440504920582706,1.2490554386115693,0.9397594017010205,-0.30929603691054885
04ydj,Jose Marte,RP,30.0,pooled_linear_SP,18.92684714587007,1.6383441232493599,1.2490554386115693,0.9396572794986302,-0.3093981591129391
01iz0,Tyler Matzek,RP,35.0,future_role_caps,9.839040357390806,0.4420483747902789,0.3955867518993674,0.24634909009765282,-0.14923766180171455
01iz0,Tyler Matzek,RP,35.0,linear_SP,9.839040357390806,0.39363923331961403,0.3955867518993674,0.24558028375022944,-0.15000646814913793
01iz0,Tyler Matzek,RP,35.0,pooled_linear_SP,9.839040357390806,0.38790537825045307,0.3955867518993674,0.24548922193755407,-0.1500975299618133
04pw3,James McArthur,RP,29.0,future_role_caps,41.08604097865843,2.4085966024825725,8.645598403976791,6.039666804909392,-2.6059315990673992
04pw3,James McArthur,RP,29.0,linear_SP,41.08604097865843,2.36666701710433,8.645598403976791,6.03684175704919,-2.608756646927601
04pw3,James McArthur,RP,29.0,pooled_linear_SP,41.08604097865843,2.3522081487758455,8.645598403976791,6.0358675762967735,-2.6097308276800177
04em5,Darren McCaughan,RP,30.0,future_role_caps,20.391108143461377,2.860023389433407,1.482900451552852,1.1230756646929667,-0.3598247868598854
04em5,Darren McCaughan,RP,30.0,linear_SP,20.391108143461377,2.790373545375179,1.482900451552852,1.1216461045348416,-0.3612543470180105
04em5,Darren McCaughan,RP,30.0,pooled_linear_SP,20.391108143461377,2.8303954700750213,1.482900451552852,1.122467552877993,-0.36043289867485906
06qyw,Garrett McDaniels,RP,26.0,future_role_caps,18.850864849859768,3.379087621083961,1.280486567516516,1.035659077020927,-0.24482749049558894
06qyw,Garrett McDaniels,RP,26.0,linear_SP,18.850864849859768,3.41283613176889,1.280486567516516,1.0361931180077368,-0.24429344950877918
06qyw,Garrett McDaniels,RP,26.0,pooled_linear_SP,18.850864849859768,3.392900384799978,1.280486567516516,1.035877652057744,-0.24460891545877206
02btq,Scott McGough,RP,36.0,future_role_caps,27.717632329044456,0.22040585568772111,0.6706569185977866,0.4579525495188328,-0.21270436907895385
02btq,Scott McGough,RP,36.0,linear_SP,27.717632329044456,0.20380861765202182,0.6706569185977866,0.4578241618413244,-0.21283275675646224
02btq,Scott McGough,RP,36.0,pooled_linear_SP,27.717632329044456,0.20165803780412103,0.6706569185977866,0.4578075260642527,-0.21284939253353397
03pon,Triston McKenzie,RP,29.0,future_role_caps,13.221293896881422,1.5575424438402785,0.5053344595797188,0.3584170170717588,-0.14691744250795996
03pon,Triston McKenzie,RP,29.0,linear_SP,13.221293896881422,1.5045440444377625,0.5053344595797188,0.357749445465095,-0.14758501411462377
03pon,Triston McKenzie,RP,29.0,pooled_linear_SP,13.221293896881422,1.4474588748270356,0.5053344595797188,0.35703039661034996,-0.14830406296936882
0423z,John McMillon,RP,28.0,future_role_caps,16.40747663551402,2.042364118280469,3.7696013586068515,2.7654094479858933,-1.0041919106209583
0423z,John McMillon,RP,28.0,linear_SP,16.40747663551402,2.049482966766988,3.7696013586068515,2.765907090455071,-1.0036942681517806
0423z,John McMillon,RP,28.0,pooled_linear_SP,16.40747663551402,2.034117995939036,3.7696013586068515,2.764833003538324,-1.0047683550685274
05upb,James Meeker,RP,31.0,future_role_caps,12.08244804365494,0.6504156808497694,1.5584769196748605,0.9910798878312878,-0.5673970318435727
05upb,James Meeker,RP,31.0,linear_SP,12.08244804365494,0.6348548491685292,1.5584769196748605,0.9903075693643038,-0.5681693503105567
05upb,James Meeker,RP,31.0,pooled_linear_SP,12.08244804365494,0.6341738890445526,1.5584769196748605,0.9902737718083763,-0.5682031478664842
05ita,Cristian Mena,RP,23.0,future_role_caps,23.763729246487863,7.078717591574891,5.114000942786764,4.016547006793689,-1.0974539359930748
05ita,Cristian Mena,RP,23.0,linear_SP,23.763729246487863,5.866667048768979,5.114000942786764,3.9368245788843725,-1.1771763639023916
05ita,Cristian Mena,RP,23.0,pooled_linear_SP,23.763729246487863,5.59212321390023,5.114000942786764,3.918766502665372,-1.195234440121392
03deo,Julian Merryweather,RP,34.0,future_role_caps,24.609974379548685,1.1063825655680246,1.555495738712945,1.014539234064898,-0.5409565046480471
03deo,Julian Merryweather,RP,34.0,linear_SP,24.609974379548685,1.096851625477285,1.555495738712945,1.0143198708255132,-0.5411758678874319
03deo,Julian Merryweather,RP,34.0,pooled_linear_SP,24.609974379548685,1.07530071363149,1.555495738712945,1.0138238570231826,-0.5416718816897625
06lte,Ryan Miller,RP,30.0,future_role_caps,19.073051723541816,3.0819861363604804,1.0852819970479202,0.8574205411983632,-0.22786145584955697
06lte,Ryan Miller,RP,30.0,linear_SP,19.073051723541816,3.133113455944167,1.0852819970479202,0.8581490696013337,-0.22713292744658642
06lte,Ryan Miller,RP,30.0,pooled_linear_SP,19.073051723541816,3.1259351836071496,1.0852819970479202,0.8580467842610429,-0.2272352127868773
01sbv,Shelby Miller,RP,35.0,future_role_caps,31.832788994457637,4.990036260134592,7.015977157963718,4.537347873743443,-2.4786292842202746
01sbv,Shelby Miller,RP,35.0,linear_SP,31.832788994457637,4.40143804367765,7.015977157963718,4.482997383300467,-2.532979774663251
01sbv,Shelby Miller,RP,35.0,pooled_linear_SP,31.832788994457637,4.220314114805317,7.015977157963718,4.466272605531981,-2.549704552431737
041rc,Tyson Miller,RP,31.0,future_role_caps,40.938374145736105,4.862472366985572,10.000363889912574,6.430400674970056,-3.5699632149425176
041rc,Tyson Miller,RP,31.0,linear_SP,40.938374145736105,4.82828741019193,10.000363889912574,6.427017834008625,-3.573346055903949
041rc,Tyson Miller,RP,31.0,pooled_linear_SP,40.938374145736105,4.72048436978892,10.000363889912574,6.416349967933982,-3.584013921978592
03quj,Anthony Misiewicz,RP,31.0,future_role_caps,11.36245113974999,1.198239447198124,0.8465826158581645,0.574103385273366,-0.2724792305847985
03quj,Anthony Misiewicz,RP,31.0,linear_SP,11.36245113974999,1.2250043387816807,0.8465826158581645,0.5748208907018212,-0.27176172515634334
03quj,Anthony Misiewicz,RP,31.0,pooled_linear_SP,11.36245113974999,1.1913991285531103,0.8465826158581645,0.5739200120007771,-0.2726626038573874
02jhl,Rafael Montero,RP,35.0,future_role_caps,32.06644518272425,0.6877958399998745,2.583638720759881,1.705807618730357,-0.8778311020295242
02jhl,Rafael Montero,RP,35.0,linear_SP,32.06644518272425,0.635751162195529,2.583638720759881,1.7043516466656334,-0.8792870740942478
02jhl,Rafael Montero,RP,35.0,pooled_linear_SP,32.06644518272425,0.613133324181465,2.583638720759881,1.7037189029980346,-0.8799198177618466
069xv,Christian Montes De Oca,RP,27.0,future_role_caps,14.879117471675608,1.4384324340527725,2.715122716217567,1.9808059535554106,-0.7343167626621565
069xv,Christian Montes De Oca,RP,27.0,linear_SP,14.879117471675608,1.4665685194054983,2.715122716217567,1.9823431370436309,-0.7327795791739362
069xv,Christian Montes De Oca,RP,27.0,pooled_linear_SP,14.879117471675608,1.4017617537073666,2.715122716217567,1.9788024920353704,-0.7363202241821967
01fug,Matt Moore,RP,37.0,future_role_caps,29.775023647682524,0.7685294919479064,2.850465463464523,1.5009541156669022,-1.3495113477976208
01fug,Matt Moore,RP,37.0,linear_SP,29.775023647682524,0.7475347057532801,2.850465463464523,1.4999773446699625,-1.3504881187945605
01fug,Matt Moore,RP,37.0,pooled_linear_SP,29.775023647682524,0.7231670792235524,2.850465463464523,1.4988436541127992,-1.3516218093517238
05tux,Dauri Moreta,RP,30.0,future_role_caps,32.044925653240945,5.321880533416915,4.411252842332748,3.005455999529586,-1.4057968428031615
05tux,Dauri Moreta,RP,30.0,linear_SP,32.044925653240945,5.1962105732026265,4.411252842332748,2.9988449852341614,-1.4124078570985863
05tux,Dauri Moreta,RP,30.0,pooled_linear_SP,32.044925653240945,5.1814458110656405,4.411252842332748,2.9980682677641335,-1.4131845745686142
041q4,Kyle Muller,RP,28.0,future_role_caps,42.95738155146611,2.2682456391136405,6.489738218164151,4.478558043735016,-2.0111801744291347
041q4,Kyle Muller,RP,28.0,linear_SP,42.95738155146611,2.4577832555063073,6.489738218164151,4.487926497693306,-2.0018117204708448
041q4,Kyle Muller,RP,28.0,pooled_linear_SP,42.95738155146611,2.276597393895398,6.489738218164151,4.478970853770475,-2.0107673643936756
05a07,Penn Murfee,RP,32.0,future_role_caps,16.93780645736512,0.9108474522927792,1.2243828921151811,0.8261549107332501,-0.39822798138193105
05a07,Penn Murfee,RP,32.0,linear_SP,16.93780645736512,0.8996184873550302,1.2243828921151811,0.8258759003458924,-0.3985069917692887
05a07,Penn Murfee,RP,32.0,pooled_linear_SP,16.93780645736512,0.8945075006040525,1.2243828921151811,0.8257489057029245,-0.39863398641225667
05y7r,Jack Neely,RP,26.0,future_role_caps,17.46787901909667,1.4082453538035415,2.4007475509503844,1.7833450377158275,-0.6174025132345569
05y7r,Jack Neely,RP,26.0,linear_SP,17.46787901909667,1.4107349414006292,2.4007475509503844,1.7834407483448118,-0.6173068026055726
05y7r,Jack Neely,RP,26.0,pooled_linear_SP,17.46787901909667,1.4056219800784806,2.4007475509503844,1.7832441837633177,-0.6175033671870667
04eny,Kyle Nelson,RP,30.0,future_role_caps,20.63847447437065,2.022000837458336,3.3307386808936683,2.332604261872105,-0.9981344190215635
04eny,Kyle Nelson,RP,30.0,linear_SP,20.63847447437065,1.9933354824303997,3.3307386808936683,2.3310673501000427,-0.9996713307936256
04eny,Kyle Nelson,RP,30.0,pooled_linear_SP,20.63847447437065,1.9622798372678063,3.3307386808936683,2.329402281357902,-1.0013363995357665
041r9,Nick Nelson,RP,30.0,future_role_caps,12.440680427341563,0.378309903697118,2.30042991566109,1.5723846839922104,-0.7280452316688795
041r9,Nick Nelson,RP,30.0,linear_SP,12.440680427341563,0.43492773112355687,2.30042991566109,1.5758019508722545,-0.7246279647888354
041r9,Nick Nelson,RP,30.0,pooled_linear_SP,12.440680427341563,0.3881440744666186,2.30042991566109,1.5729782423746295,-0.7274516732864604
03h90,Hector Neris,RP,37.0,future_role_caps,31.46331315141964,1.5803172731682071,2.385403515148161,1.0279817466601493,-1.3574217684880119
03h90,Hector Neris,RP,37.0,linear_SP,31.46331315141964,1.5470713642457794,2.385403515148161,1.0264715660655284,-1.3589319490826328
03h90,Hector Neris,RP,37.0,pooled_linear_SP,31.46331315141964,1.5365627996216031,2.385403515148161,1.0259942192012939,-1.3594092959468673
05r0y,Vinny Nittoli,RP,35.0,future_role_caps,11.589786223277908,0.45769729758950445,1.6248895189946606,0.9784994563695869,-0.6463900626250737
05r0y,Vinny Nittoli,RP,35.0,linear_SP,11.589786223277908,0.45222561384740706,1.6248895189946606,0.9781817404386121,-0.6467077785560486
05r0y,Vinny Nittoli,RP,35.0,pooled_linear_SP,11.589786223277908,0.4495243007675972,1.6248895189946606,0.9780248874038865,-0.6468646315907741
06l0i,Eduarniel Nunez,RP,27.0,future_role_caps,20.38490363562409,1.9880827527512257,0.7679697393616804,0.6347764096473314,-0.13319332971434905
06l0i,Eduarniel Nunez,RP,27.0,linear_SP,20.38490363562409,1.9986236257681422,0.7679697393616804,0.6348527257665217,-0.1331170135951587
06l0i,Eduarniel Nunez,RP,27.0,pooled_linear_SP,20.38490363562409,1.9888627284412805,0.7679697393616804,0.634782056686019,-0.1331876826756615
05rfn,Kaleb Ort,RP,34.0,future_role_caps,26.37233354918329,4.66754567686785,2.278900997736947,1.538629126352837,-0.7402718713841099
05rfn,Kaleb Ort,RP,34.0,linear_SP,26.37233354918329,4.652229843584428,2.278900997736947,1.5381067586322577,-0.7407942391046893
05rfn,Kaleb Ort,RP,34.0,pooled_linear_SP,26.37233354918329,4.63932041556456,2.278900997736947,1.5376664646982652,-0.7412345330386818
057p2,Michel Otanez,RP,29.0,future_role_caps,19.929670398435594,11.0964581217183,3.075353043457568,2.6892707736047323,-0.38608226985283567
057p2,Michel Otanez,RP,29.0,linear_SP,19.929670398435594,11.107103084558823,3.075353043457568,2.6897360439149236,-0.3856169995426444
057p2,Michel Otanez,RP,29.0,pooled_linear_SP,19.929670398435594,11.093839616423915,3.075353043457568,2.6891563239078375,-0.38619671954973045
051a6,Tyler Owens,RP,25.0,future_role_caps,15.774047280904194,5.167641686086884,1.5389447483813201,1.2634856014759313,-0.27545914690538886
051a6,Tyler Owens,RP,25.0,linear_SP,15.774047280904194,5.175941099682938,1.5389447483813201,1.2637011456929186,-0.27524360268840153
051a6,Tyler Owens,RP,25.0,pooled_linear_SP,15.774047280904194,5.133345315270745,1.5389447483813201,1.2625948898241366,-0.2763498585571835
04ywp,Enoli Paredes,RP,31.0,future_role_caps,24.637394055497502,2.407698781959666,3.544418160426638,2.3136843822510866,-1.2307337781755514
04ywp,Enoli Paredes,RP,31.0,linear_SP,24.637394055497502,2.401560039360178,3.544418160426638,2.3133445144400464,-1.2310736459865916
04ywp,Enoli Paredes,RP,31.0,pooled_linear_SP,24.637394055497502,2.3370224817172267,3.544418160426638,2.309771431175757,-1.2346467292508811
05uk1,Elvis Peguero,RP,29.0,future_role_caps,33.02738939134686,2.4511673039207773,3.273569793687062,2.49486912169609,-0.7787006719909719
05uk1,Elvis Peguero,RP,29.0,linear_SP,33.02738939134686,2.4527019243765382,3.273569793687062,2.494908204679486,-0.7786615890075761
05uk1,Elvis Peguero,RP,29.0,pooled_linear_SP,33.02738939134686,2.4267621873110414,3.273569793687062,2.494247583801392,-0.7793222098856698
06kyc,Walter Pennington,RP,28.0,future_role_caps,23.847229910812352,0.5801392002860842,2.5863311009561687,1.7643834478034903,-0.8219476531526784
06kyc,Walter Pennington,RP,28.0,linear_SP,23.847229910812352,0.57913543779556,2.5863311009561687,1.7643479882682318,-0.8219831126879369
06kyc,Walter Pennington,RP,28.0,pooled_linear_SP,23.847229910812352,0.5760641215525738,2.5863311009561687,1.764239489048909,-0.8220916119072597
06fuv,Zach Penrod,RP,29.0,future_role_caps,13.43708139819115,2.506174942505853,1.989262395045355,1.5196119222313347,-0.4696504728140203
06fuv,Zach Penrod,RP,29.0,linear_SP,13.43708139819115,2.5121128794532317,1.989262395045355,1.5198670479069756,-0.4693953471383794
06fuv,Zach Penrod,RP,29.0,pooled_linear_SP,13.43708139819115,2.504600934202687,1.989262395045355,1.5195442943775246,-0.4697181006678304
060x5,Luis Peralta,RP,25.0,future_role_caps,20.6178695220223,4.465722563826605,1.118638266945543,1.0146361030676094,-0.1040021638779336
060x5,Luis Peralta,RP,25.0,linear_SP,20.6178695220223,4.487134372038703,1.118638266945543,1.014773971698471,-0.10386429524707208
060x5,Luis Peralta,RP,25.0,pooled_linear_SP,20.6178695220223,4.466264926081285,1.118638266945543,1.0146395952874512,-0.10399867165809185
03mhv,Angel Perdomo,RP,32.0,future_role_caps,17.69592391304348,2.0248237474799833,2.0028756941430856,1.2293735135562005,-0.7735021805868851
03mhv,Angel Perdomo,RP,32.0,linear_SP,17.69592391304348,2.063815011715286,2.0028756941430856,1.2312980643274425,-0.7715776298156432
03mhv,Angel Perdomo,RP,32.0,pooled_linear_SP,17.69592391304348,2.0045848338822974,2.0028756941430856,1.2283745509029644,-0.7745011432401212
04muw,Konnor Pilkington,RP,29.0,future_role_caps,21.254070887313613,9.70565503809314,2.9462259430987765,2.4971344587149584,-0.4490914843838181
04muw,Konnor Pilkington,RP,29.0,linear_SP,21.254070887313613,9.785894829847523,2.9462259430987765,2.500254800730357,-0.4459711423684194
04muw,Konnor Pilkington,RP,29.0,pooled_linear_SP,21.254070887313613,9.753681843079471,2.9462259430987765,2.499002111337026,-0.4472238317617503
04zv4,Robinson Pina,RP,27.0,future_role_caps,13.9343903597727,1.2171534048053487,1.7959791111209455,1.3560893150771387,-0.43988979604380685
04zv4,Robinson Pina,RP,27.0,linear_SP,13.9343903597727,1.2322312255185905,1.7959791111209455,1.3566108575711424,-0.43936825354980313
04zv4,Robinson Pina,RP,27.0,pooled_linear_SP,13.9343903597727,1.2306447977558526,1.7959791111209455,1.3565559829637523,-0.4394231281571932
03mol,Ricardo Pinto,RP,32.0,future_role_caps,8.591814494157534,0.31978253361022796,0.5100228336568279,0.3676326926202318,-0.14239014103659609
03mol,Ricardo Pinto,RP,32.0,linear_SP,8.591814494157534,0.26700754694770046,0.5100228336568279,0.3667242534568047,-0.14329858020002317
03mol,Ricardo Pinto,RP,32.0,pooled_linear_SP,8.591814494157534,0.25817604305268227,0.5100228336568279,0.366572232878164,-0.1434506007786639
02mz1,Colin Poche,RP,32.0,future_role_caps,29.17584326778884,1.1005711014989887,3.187347630831279,2.080094356003682,-1.1072532748275972
02mz1,Colin Poche,RP,32.0,linear_SP,29.17584326778884,1.0914124801290725,3.187347630831279,2.0797331515443025,-1.1076144792869766
02mz1,Colin Poche,RP,32.0,pooled_linear_SP,29.17584326778884,1.084531362576708,3.187347630831279,2.0794617689589727,-1.1078858618723064
051bb,Austin Pope,RP,27.0,future_role_caps,13.715525589723912,2.2246521196055866,2.547235249985597,1.9426632338568448,-0.604572016128752
051bb,Austin Pope,RP,27.0,linear_SP,13.715525589723912,2.214205957101876,2.547235249985597,1.9421136274633797,-0.6051216225222171
051bb,Austin Pope,RP,27.0,pooled_linear_SP,13.715525589723912,2.2084410387184676,2.547235249985597,1.9418103164627898,-0.605424933522807
04k0x,Jose Quijada,RP,30.0,future_role_caps,14.36201533189657,1.6922190304555884,2.2818939106914944,1.6204623366530835,-0.6614315740384109
04k0x,Jose Quijada,RP,30.0,linear_SP,14.36201533189657,1.6851446492754873,2.2818939106914944,1.6200930158709674,-0.661800894820527
04k0x,Jose Quijada,RP,30.0,pooled_linear_SP,14.36201533189657,1.6625562822824016,2.2818939106914944,1.6189137815107828,-0.6629801291807116
05lg4,Carson Ragsdale,RP,28.0,future_role_caps,15.042079859226732,1.5836398356785466,1.1581648531241822,0.8821013834095387,-0.27606346971464346
05lg4,Carson Ragsdale,RP,28.0,linear_SP,15.042079859226732,1.5655936955525624,1.1581648531241822,0.881731215689549,-0.2764336374346331
05lg4,Carson Ragsdale,RP,28.0,pooled_linear_SP,15.042079859226732,1.5862848495781,1.1581648531241822,0.8821556387105451,-0.276009214413637
02cch,Erasmo Ramirez,RP,36.0,future_role_caps,22.533751565039026,1.0642125245030023,1.3675000807691096,0.7886524692389868,-0.5788476115301228
02cch,Erasmo Ramirez,RP,36.0,linear_SP,22.533751565039026,0.9820951635042535,1.3675000807691096,0.7864384748821663,-0.5810616058869432
02cch,Erasmo Ramirez,RP,36.0,pooled_linear_SP,22.533751565039026,0.9298556918442129,1.3675000807691096,0.7850300285554466,-0.582470052213663
026mp,Nick Ramirez,RP,37.0,future_role_caps,17.624215226907765,0.4309917695280766,0.38816757271012325,0.25063878406878515,-0.1375287886413381
026mp,Nick Ramirez,RP,37.0,linear_SP,17.624215226907765,0.43353877311760725,0.38816757271012325,0.25065915757926743,-0.13750841513085582
026mp,Nick Ramirez,RP,37.0,pooled_linear_SP,17.624215226907765,0.4228861482768687,0.38816757271012325,0.2505739471128398,-0.13759362559728344
03d7a,Sean Reid-Foley,RP,31.0,future_role_caps,19.742315105073725,3.2111846069364955,2.974784583315051,2.023152717950725,-0.9516318653643259
03d7a,Sean Reid-Foley,RP,31.0,linear_SP,19.742315105073725,3.1294594959407567,2.974784583315051,2.0184481262210343,-0.9563364570940167
03d7a,Sean Reid-Foley,RP,31.0,pooled_linear_SP,19.742315105073725,3.092585403818357,2.974784583315051,2.0163254304335925,-0.9584591528814586
03mm1,Gerardo Reyes,RP,33.0,future_role_caps,12.86338388394839,0.2647557062732511,0.8367234539772279,0.499437294250171,-0.3372861597270569
03mm1,Gerardo Reyes,RP,33.0,linear_SP,12.86338388394839,0.2683201449028836,0.8367234539772279,0.4995327201806784,-0.3371907337965495
03mm1,Gerardo Reyes,RP,33.0,pooled_linear_SP,12.86338388394839,0.263686511840155,0.8367234539772279,0.4994086701429068,-0.3373147838343211
041rm,Sean Reynolds,RP,28.0,future_role_caps,23.02851474336836,5.14379421908861,2.2109240751319468,1.7159674902757314,-0.4949565848562154
041rm,Sean Reynolds,RP,28.0,linear_SP,23.02851474336836,5.181893418986211,2.2109240751319468,1.7170218791235452,-0.4939021960084016
041rm,Sean Reynolds,RP,28.0,pooled_linear_SP,23.02851474336836,5.175503200680945,2.2109240751319468,1.716845030923733,-0.4940790442082137
04et8,Daniel Robert,RP,32.0,future_role_caps,14.916865246804198,1.2964869633534988,1.3751777829984912,0.9326033301239427,-0.44257445287454855
04et8,Daniel Robert,RP,32.0,linear_SP,14.916865246804198,1.310294717631178,1.3751777829984912,0.9330519930881934,-0.44212578991029783
04et8,Daniel Robert,RP,32.0,pooled_linear_SP,14.916865246804198,1.311197897706802,1.3751777829984912,0.9330813406158098,-0.4420964423826814
03ani,Joely Rodriguez,RP,34.0,future_role_caps,14.606331911539058,0.8078846021408458,1.4392497321960798,0.8833144270376774,-0.5559353051584024
03ani,Joely Rodriguez,RP,34.0,linear_SP,14.606331911539058,0.8038446858544123,1.4392497321960798,0.8831516600217116,-0.5560980721743681
03ani,Joely Rodriguez,RP,34.0,pooled_linear_SP,14.606331911539058,0.8020147614508882,1.4392497321960798,0.8830779329161266,-0.5561717992799532
05w9g,Randy Rodriguez,RP,27.0,future_role_caps,48.26356207513416,24.552096974113915,16.46563661783504,14.062285582204451,-2.4033510356305907
05w9g,Randy Rodriguez,RP,27.0,linear_SP,48.26356207513416,24.53342748953041,16.46563661783504,14.060393277156356,-2.4052433406786857
05w9g,Randy Rodriguez,RP,27.0,pooled_linear_SP,48.26356207513416,24.45922071563502,16.46563661783504,14.052871813335688,-2.4127648044993535
04ppm,John Rooney,RP,29.0,future_role_caps,11.871596186751406,2.7615674389454106,2.262028902758181,1.7346119550593195,-0.5274169476988615
04ppm,John Rooney,RP,29.0,linear_SP,11.871596186751406,2.781754989997484,2.262028902758181,1.7357806952304156,-0.5262482075277655
04ppm,John Rooney,RP,29.0,pooled_linear_SP,11.871596186751406,2.7758958708531054,2.262028902758181,1.73544148677994,-0.5265874159782411
0429i,Kenny Rosenberg,RP,31.0,future_role_caps,26.967484035759895,1.1650093579491032,2.7444110613097172,1.3832382443557782,-1.361172816953939
0429i,Kenny Rosenberg,RP,31.0,linear_SP,26.967484035759895,1.1653405881477679,2.7444110613097172,1.3832557179333405,-1.3611553433763768
0429i,Kenny Rosenberg,RP,31.0,pooled_linear_SP,26.967484035759895,1.1420574881455978,2.7444110613097172,1.3820274511405963,-1.362383610169121
02i45,Jose Ruiz,RP,31.0,future_role_caps,19.768186951354828,1.1917765797132391,2.026798237432998,1.4036048799285195,-0.6231933575044786
02i45,Jose Ruiz,RP,31.0,linear_SP,19.768186951354828,1.138115730993352,2.026798237432998,1.4018046890514198,-0.6249935483815783
02i45,Jose Ruiz,RP,31.0,pooled_linear_SP,19.768186951354828,1.1263580687962085,2.026798237432998,1.401410248099995,-0.625387989333003
0514i,Andrew Saalfrank,RP,29.0,future_role_caps,18.800317770716205,3.221470610505408,3.6306408461165987,2.7006812221230514,-0.9299596239935473
0514i,Andrew Saalfrank,RP,29.0,linear_SP,18.800317770716205,3.1888056584942333,3.6306408461165987,2.6987313290290578,-0.9319095170875409
0514i,Andrew Saalfrank,RP,29.0,pooled_linear_SP,18.800317770716205,3.1770523483328867,3.6306408461165987,2.698029730009187,-0.9326111161074118
05rlb,Eduardo Salazar,RP,28.0,future_role_caps,27.666138716810913,3.8963316666973262,0.2280949340504138,0.2280949340504138,0.0
05rlb,Eduardo Salazar,RP,28.0,linear_SP,27.666138716810913,3.938546656859436,0.2280949340504138,0.2280949340504138,0.0
05rlb,Eduardo Salazar,RP,28.0,pooled_linear_SP,27.666138716810913,3.9478241621214334,0.2280949340504138,0.2280949340504138,0.0
04ej0,Bryan Sammons,RP,31.0,future_role_caps,28.079879252293043,1.9985388831788622,4.5094819680831435,2.6847397142451794,-1.824742253837964
04ej0,Bryan Sammons,RP,31.0,linear_SP,28.079879252293043,2.325527835301553,4.5094819680831435,2.707617010773354,-1.8018649573097894
04ej0,Bryan Sammons,RP,31.0,pooled_linear_SP,28.079879252293043,2.2358167121636887,4.5094819680831435,2.701340505244414,-1.8081414628387296
04yl9,Jayvien Sandridge,RP,27.0,future_role_caps,12.84006650952877,2.606901966914781,1.8342648967919177,1.4362178768148623,-0.3980470199770554
04yl9,Jayvien Sandridge,RP,27.0,linear_SP,12.84006650952877,2.6209613450848424,1.8342648967919177,1.436764754914987,-0.39750014187693083
04yl9,Jayvien Sandridge,RP,27.0,pooled_linear_SP,12.84006650952877,2.616539773528655,1.8342648967919177,1.4365927657542314,-0.3976721310376863
03pp9,Josh Sborz,RP,32.0,future_role_caps,30.33586956521739,8.52471169062908,5.4098170632308635,3.760249364987217,-1.6495676982436467
03pp9,Josh Sborz,RP,32.0,linear_SP,30.33586956521739,8.462714630442232,5.4098170632308635,3.7555605562381205,-1.654256506992743
03pp9,Josh Sborz,RP,32.0,pooled_linear_SP,30.33586956521739,8.421717157745057,5.4098170632308635,3.752459936497539,-1.6573571267333245
02btg,Tayler Scott,RP,34.0,future_role_caps,20.68519354694851,1.8742782937486793,1.8284355120954965,1.2423365317562343,-0.5860989803392622
02btg,Tayler Scott,RP,34.0,linear_SP,20.68519354694851,1.8572081844954413,1.8284355120954965,1.2418046717434208,-0.5866308403520757
02btg,Tayler Scott,RP,34.0,pooled_linear_SP,20.68519354694851,1.8525823928551715,1.8284355120954965,1.2416605441596678,-0.5867749679358287
04q7i,Colin Selby,RP,28.0,future_role_caps,18.446953749842397,2.9044992625695456,2.5234017816210264,1.882731233652201,-0.6406705479688253
04q7i,Colin Selby,RP,28.0,linear_SP,18.446953749842397,2.9495236042496713,2.5234017816210264,1.8845871676476817,-0.6388146139733446
04q7i,Colin Selby,RP,28.0,pooled_linear_SP,18.446953749842397,2.937367656653767,2.5234017816210264,1.8840860912177186,-0.6393156904033077
01uay,Bryan Shaw,RP,38.0,future_role_caps,16.371173442588507,0.12924219299345283,0.9048453090631845,0.4140373697251701,-0.4908079393380144
01uay,Bryan Shaw,RP,38.0,linear_SP,16.371173442588507,0.11710353010872025,0.9048453090631845,0.41367055668888647,-0.49117475237429803
01uay,Bryan Shaw,RP,38.0,pooled_linear_SP,16.371173442588507,0.11018369015102832,0.9048453090631845,0.4134614490194848,-0.4913838600436997
02hkk,Chasen Shreve,RP,36.0,future_role_caps,17.609480060736832,0.857246420706618,2.152314077800871,1.1901177834544592,-0.962196294346412
02hkk,Chasen Shreve,RP,36.0,linear_SP,17.609480060736832,0.8491319892944117,2.152314077800871,1.18965171570473,-0.9626623620961412
02hkk,Chasen Shreve,RP,36.0,pooled_linear_SP,17.609480060736832,0.8369751347627135,2.152314077800871,1.188953463720388,-0.9633606140804831
03qkc,Drew Smith,RP,33.0,future_role_caps,29.507429078775903,4.916350829418164,3.9396704648163596,2.5742589671030776,-1.365411497713282
03qkc,Drew Smith,RP,33.0,linear_SP,29.507429078775903,4.907788149252493,3.9396704648163596,2.5737835271150096,-1.36588693770135
03qkc,Drew Smith,RP,33.0,pooled_linear_SP,29.507429078775903,4.889441998591846,3.9396704648163596,2.572764863159049,-1.3669056016573107
025ej,Drew Smyly,RP,37.0,future_role_caps,33.74150333267339,0.7799716412545862,1.8767173204110934,1.0470259791482914,-0.829691341262802
025ej,Drew Smyly,RP,37.0,linear_SP,33.74150333267339,0.7696202865997608,1.8767173204110934,1.0467654199786554,-0.829951900432438
025ej,Drew Smyly,RP,37.0,pooled_linear_SP,33.74150333267339,0.6603459143768802,1.8767173204110934,1.0440148196332577,-0.8327025007778357
041vf,Kirby Snead,RP,32.0,future_role_caps,15.53667576834918,1.8606676648344023,0.7252794785385523,0.5350597070131262,-0.19021977152542613
041vf,Kirby Snead,RP,32.0,linear_SP,15.53667576834918,1.8812642941264286,0.7252794785385523,0.5353461857932255,-0.1899332927453269
041vf,Kirby Snead,RP,32.0,pooled_linear_SP,15.53667576834918,1.8740188024271365,0.7252794785385523,0.5352454081565645,-0.19003407038198783
05y18,Collin Snider,RP,30.0,future_role_caps,28.472972298094174,9.81374870933292,4.332656903793022,3.3912752258084464,-0.9413816779845754
05y18,Collin Snider,RP,30.0,linear_SP,28.472972298094174,9.835137317267955,4.332656903793022,3.392354308415065,-0.9403025953779567
05y18,Collin Snider,RP,30.0,pooled_linear_SP,28.472972298094174,9.820731470977464,4.332656903793022,3.3916275150579236,-0.9410293887350982
03pp2,Josh Staumont,RP,32.0,future_role_caps,22.883984233656907,2.01001091799205,0.9689421462356091,0.7203369057481908,-0.2486052404874184
03pp2,Josh Staumont,RP,32.0,linear_SP,22.883984233656907,2.044205714821984,0.9689421462356091,0.7207441595834223,-0.24819798665218684
03pp2,Josh Staumont,RP,32.0,pooled_linear_SP,22.883984233656907,2.024180339021515,0.9689421462356091,0.7205056609856018,-0.2484364852500074
02n8k,Jackson Stephens,RP,32.0,future_role_caps,12.934575917319574,0.6498382512368281,1.4562708866148295,0.9449690144961893,-0.5113018721186402
02n8k,Jackson Stephens,RP,32.0,linear_SP,12.934575917319574,0.557691629241994,1.4562708866148295,0.9411337889003307,-0.5151370977144988
02n8k,Jackson Stephens,RP,32.0,pooled_linear_SP,12.934575917319574,0.5603019572995203,1.4562708866148295,0.9412424331106457,-0.5150284535041838
02bq7,Robert Stephenson,RP,33.0,future_role_caps,25.233174209547432,6.853235002668539,5.0238315430777805,3.3639526079180113,-1.6598789351597691
02bq7,Robert Stephenson,RP,33.0,linear_SP,25.233174209547432,6.045487770278503,5.0238315430777805,3.2910055431379477,-1.7328259999398328
02bq7,Robert Stephenson,RP,33.0,pooled_linear_SP,25.233174209547432,5.919761042506578,5.0238315430777805,3.279651253841002,-1.7441802892367786
02mw1,Chris Stratton,RP,36.0,future_role_caps,23.448377603708046,0.551584105395833,1.5156709390872676,0.9635862514919495,-0.552084687595318
02mw1,Chris Stratton,RP,36.0,linear_SP,23.448377603708046,0.4976328533750355,1.5156709390872676,0.9622853854942947,-0.5533855535929729
02mw1,Chris Stratton,RP,36.0,pooled_linear_SP,23.448377603708046,0.48620243393497786,1.5156709390872676,0.9620097766171777,-0.5536611624700899
01ses,Hunter Strickland,RP,38.0,future_role_caps,27.92876898833911,0.8820135971782342,2.354912168142874,1.0671441152190644,-1.2877680529238096
01ses,Hunter Strickland,RP,38.0,linear_SP,27.92876898833911,0.8385597110612149,2.354912168142874,1.0650751599781272,-1.2898370081647468
01ses,Hunter Strickland,RP,38.0,pooled_linear_SP,27.92876898833911,0.8134030644530753,2.354912168142874,1.0638773850379493,-1.2910347831049247
03mp9,Wander Suero,RP,35.0,future_role_caps,9.377765703764073,0.8400330936411303,0.3481780318348065,0.2259028843199272,-0.1222751475148793
03mp9,Wander Suero,RP,35.0,linear_SP,9.377765703764073,0.8205726599208557,0.3481780318348065,0.22562417713705893,-0.12255385469774757
03mp9,Wander Suero,RP,35.0,pooled_linear_SP,9.377765703764073,0.8028431064054662,0.3481780318348065,0.22537025916252593,-0.12280777267228057
03p9d,Dillon Tate,RP,32.0,future_role_caps,20.836814960937065,2.0909505895865417,0.8910947116572594,0.6539074120181764,-0.23718729963908303
03p9d,Dillon Tate,RP,32.0,linear_SP,20.836814960937065,2.085773642215386,0.8910947116572594,0.65384190924151,-0.23725280241574942
03p9d,Dillon Tate,RP,32.0,pooled_linear_SP,20.836814960937065,2.0786211409260185,0.8910947116572594,0.6537514102155443,-0.23734330144171512
041qz,Mason Thompson,RP,28.0,future_role_caps,26.835316550239444,2.0650169465197346,0.24260011123258227,0.24260011123258227,0.0
041qz,Mason Thompson,RP,28.0,linear_SP,26.835316550239444,2.0203519642447447,0.24260011123258227,0.24260011123258227,0.0
041qz,Mason Thompson,RP,28.0,pooled_linear_SP,26.835316550239444,1.9968502432318043,0.24260011123258227,0.24260011123258227,0.0
03de5,Zach Thompson,RP,32.0,future_role_caps,14.480298913043475,1.0275336397383665,2.255167199790564,1.3653047712249622,-0.8898624285656016
03de5,Zach Thompson,RP,32.0,linear_SP,14.480298913043475,1.0226697631811141,2.255167199790564,1.3649830395276086,-0.8901841602629552
03de5,Zach Thompson,RP,32.0,pooled_linear_SP,14.480298913043475,0.984054197729941,2.255167199790564,1.36242872893386,-0.8927384708567039
04n0p,Zack Thompson,RP,28.0,future_role_caps,33.63455698631188,2.5646703861651234,2.7359216618649222,1.8985494937844982,-0.837372168080424
04n0p,Zack Thompson,RP,28.0,linear_SP,33.63455698631188,2.3698851138656702,2.7359216618649222,1.8932997879238158,-0.8426218739411064
04n0p,Zack Thompson,RP,28.0,pooled_linear_SP,33.63455698631188,2.3371637003644277,2.7359216618649222,1.8924179050473569,-0.8435037568175654
03moe,Jesus Tinoco,RP,31.0,future_role_caps,29.97672445073672,1.7746606811715562,4.177402717787213,2.5378847563457865,-1.6395179614414261
03moe,Jesus Tinoco,RP,31.0,linear_SP,29.97672445073672,1.7724615835937572,4.177402717787213,2.5377569125111217,-1.639645805276091
03moe,Jesus Tinoco,RP,31.0,pooled_linear_SP,29.97672445073672,1.7446310214400171,4.177402717787213,2.5361389916773525,-1.6412637261098602
02oyz,Michael Tonkin,RP,36.0,future_role_caps,41.09415274780894,0.9982950397708765,3.763505754320099,2.0899733531381286,-1.6735324011819706
02oyz,Michael Tonkin,RP,36.0,linear_SP,41.09415274780894,0.9834809986125159,3.763505754320099,2.089355040442302,-1.6741507138777973
02oyz,Michael Tonkin,RP,36.0,pooled_linear_SP,41.09415274780894,0.9685395393823256,3.763505754320099,2.0887314095344722,-1.674774344785627
02yog,Touki Toussaint,RP,30.0,future_role_caps,11.964443821537024,1.7200922246454395,0.749925745529493,0.5933455615948965,-0.1565801839345965
02yog,Touki Toussaint,RP,30.0,linear_SP,11.964443821537024,1.6596780794345638,0.749925745529493,0.5924221592809579,-0.1575035862485351
02yog,Touki Toussaint,RP,30.0,pooled_linear_SP,11.964443821537024,1.6620249102459665,0.749925745529493,0.5924580295062852,-0.15746771602320775
03d75,Spencer Turnbull,RP,34.0,future_role_caps,22.41251742049918,2.3792795449691453,4.618598457317916,2.714082441461418,-1.9045160158564984
03d75,Spencer Turnbull,RP,34.0,linear_SP,22.41251742049918,1.676790700695461,4.618598457317916,2.647298366755553,-1.9713000905623632
03d75,Spencer Turnbull,RP,34.0,pooled_linear_SP,22.41251742049918,1.6331777246238561,4.618598457317916,2.6431521767116064,-1.97544628060631
04tji,Edwin Uceta,RP,28.0,future_role_caps,45.76611385813678,29.42101964494419,14.748782522004007,13.076097290200728,-1.6726852318032783
04tji,Edwin Uceta,RP,28.0,linear_SP,45.76611385813678,29.371173210267152,14.748782522004007,13.070996224764526,-1.6777862972394804
04tji,Edwin Uceta,RP,28.0,pooled_linear_SP,45.76611385813678,29.324537571292,14.748782522004007,13.066223738073905,-1.6825587839301015
05r5p,Brian Van Belle,RP,30.0,future_role_caps,16.281873422535696,0.9778907795831674,2.278974248055624,1.5740696871665751,-0.7049045608890487
05r5p,Brian Van Belle,RP,30.0,linear_SP,16.281873422535696,1.0604527337588874,2.278974248055624,1.5778725076096038,-0.70110174044602
05r5p,Brian Van Belle,RP,30.0,pooled_linear_SP,16.281873422535696,1.092285799682624,2.278974248055624,1.5793387451165484,-0.6996355029390755
04ok0,Mike Vasil,RP,26.0,future_role_caps,71.74307454271847,19.391700805266876,3.479108170732441,2.7157602630832844,-0.7633479076491567
04ok0,Mike Vasil,RP,26.0,linear_SP,71.74307454271847,19.79901087263346,3.479108170732441,2.721699348640963,-0.7574088220914783
04ok0,Mike Vasil,RP,26.0,pooled_linear_SP,71.74307454271847,18.295993985431984,3.479108170732441,2.6997834997511028,-0.7793246709813384
03qv3,Nick Vespi,RP,30.0,future_role_caps,17.47720660604594,0.962730256781681,2.704732118073696,1.8494768658534468,-0.8552552522202492
03qv3,Nick Vespi,RP,30.0,linear_SP,17.47720660604594,0.967914158099299,2.704732118073696,1.8497453308495582,-0.8549867872241379
03qv3,Nick Vespi,RP,30.0,pooled_linear_SP,17.47720660604594,0.9527644809571476,2.704732118073696,1.8489607561121437,-0.8557713619615523
049ur,Thyago Vieira,RP,33.0,future_role_caps,11.759831687975401,0.26699882569003286,0.6326636872185369,0.4754831224593169,-0.15718056475922004
049ur,Thyago Vieira,RP,33.0,linear_SP,11.759831687975401,0.2571499243009001,0.6326636872185369,0.47534842495686885,-0.1573152622616681
049ur,Thyago Vieira,RP,33.0,pooled_linear_SP,11.759831687975401,0.2539662015363948,0.6326636872185369,0.4753048830948965,-0.15735880412364045
066pb,Eli Villalobos,RP,29.0,future_role_caps,13.632767049621119,1.745462741977538,2.4249005824596574,1.7850937012617543,-0.6398068811979032
066pb,Eli Villalobos,RP,29.0,linear_SP,13.632767049621119,1.7273400525434452,2.4249005824596574,1.7841182890820315,-0.6407822933776259
066pb,Eli Villalobos,RP,29.0,pooled_linear_SP,13.632767049621119,1.7150901203610331,2.4249005824596574,1.7834589645874548,-0.6414416178722027
03qlh,Brandon Waddell,RP,32.0,future_role_caps,29.24774036800517,1.8404844940417744,1.9133346625165366,1.2945981662577555,-0.6187364962587811
03qlh,Brandon Waddell,RP,32.0,linear_SP,29.24774036800517,1.9406508355732555,1.9133346625165366,1.2968594860880682,-0.6164751764284684
03qlh,Brandon Waddell,RP,32.0,pooled_linear_SP,29.24774036800517,1.6982016547268226,1.9133346625165366,1.2913860392983718,-0.6219486232181648
061a8,Andrew Walters,RP,25.0,future_role_caps,15.411874127023253,6.848409189998182,2.2064952714322397,1.8159594844786466,-0.39053578695359303
061a8,Andrew Walters,RP,25.0,linear_SP,15.411874127023253,6.770139359825881,2.2064952714322397,1.812389998301515,-0.39410527313072463
061a8,Andrew Walters,RP,25.0,pooled_linear_SP,15.411874127023253,6.698079559361984,2.2064952714322397,1.809103719781215,-0.3973915516510247
02bru,Jordan Weems,RP,33.0,future_role_caps,13.719803635971301,0.9677815325094516,0.612555189925825,0.46582285899807435,-0.14673233092775068
02bru,Jordan Weems,RP,33.0,linear_SP,13.719803635971301,0.9279164202985553,0.612555189925825,0.46536414736866044,-0.1471910425571646
02bru,Jordan Weems,RP,33.0,pooled_linear_SP,13.719803635971301,0.8969125833691384,0.612555189925825,0.4650073988292173,-0.1475477910966077
041pr,Joey Wentz,RP,29.0,future_role_caps,55.03887052095435,14.376395711691048,4.20682458121544,2.915700478300325,-1.2911241029151155
041pr,Joey Wentz,RP,29.0,linear_SP,55.03887052095435,14.49364209413135,4.20682458121544,2.919423311970886,-1.2874012692445542
041pr,Joey Wentz,RP,29.0,pooled_linear_SP,55.03887052095435,14.27354517175431,4.20682458121544,2.9124347446790178,-1.2943898365364226
041m3,Forrest Whitley,RP,29.0,future_role_caps,12.887710481637031,1.1766292205992264,0.7631441536765655,0.5192223801789281,-0.24392177349763744
041m3,Forrest Whitley,RP,29.0,linear_SP,12.887710481637031,1.169766650724122,0.7631441536765655,0.5190794445970313,-0.24406470907953426
041m3,Forrest Whitley,RP,29.0,pooled_linear_SP,12.887710481637031,1.1717794720808623,0.7631441536765655,0.5191213682199766,-0.24402278545658895
051d7,Amos Willingham,RP,28.0,future_role_caps,16.194139929065184,2.4789804196932983,0.9424399978617028,0.7436900273959453,-0.1987499704657576
051d7,Amos Willingham,RP,28.0,linear_SP,16.194139929065184,2.4964109376337658,0.9424399978617028,0.7439426175990344,-0.1984973802626685
051d7,Amos Willingham,RP,28.0,pooled_linear_SP,16.194139929065184,2.4873833027890493,0.9424399978617028,0.7438117957768354,-0.19862820208486742
025ko,Justin Wilson,RP,39.0,future_role_caps,28.922202407489966,3.3833779775056994,2.4606305872179655,1.1572773345583345,-1.303353252659631
025ko,Justin Wilson,RP,39.0,linear_SP,28.922202407489966,3.2538750512049024,2.4606305872179655,1.1506682574378966,-1.3099623297800689
025ko,Justin Wilson,RP,39.0,pooled_linear_SP,28.922202407489966,3.22871832237355,2.4606305872179655,1.1493844041251293,-1.3112461830928361
04psv,Steven Wilson,RP,32.0,future_role_caps,39.615302219200714,6.503994286109386,3.695217493349526,2.6007421052383117,-1.0944753881112144
04psv,Steven Wilson,RP,32.0,linear_SP,39.615302219200714,6.492695414138072,3.695217493349526,2.600368627473223,-1.094848865876303
04psv,Steven Wilson,RP,32.0,pooled_linear_SP,39.615302219200714,6.460184114805735,3.695217493349526,2.599293985027003,-1.0959235083225232
041ze,Josh Winckowski,RP,28.0,future_role_caps,46.90252652746486,6.6598256239190405,5.019041970245575,3.673729993712317,-1.345311976533258
041ze,Josh Winckowski,RP,28.0,linear_SP,46.90252652746486,6.734545997596762,5.019041970245575,3.676227892992005,-1.34281407725357
041ze,Josh Winckowski,RP,28.0,pooled_linear_SP,46.90252652746486,6.681273100272154,5.019041970245575,3.6744469820395524,-1.3445949882060226
04psd,Josh Winder,RP,29.0,future_role_caps,20.667883647030067,1.2714088156880696,3.480032379614087,2.503526972313427,-0.9765054073006598
04psd,Josh Winder,RP,29.0,linear_SP,20.667883647030067,1.354868334832263,3.480032379614087,2.507728698268461,-0.9723036813456258
04psd,Josh Winder,RP,29.0,pooled_linear_SP,20.667883647030067,1.3014859756329555,3.480032379614087,2.5050411912412383,-0.9749911883728486
03qtp,Trey Wingenter,RP,32.0,future_role_caps,16.040530646665257,0.6457532580030976,0.8355439551708608,0.5787142698957226,-0.25682968527513816
03qtp,Trey Wingenter,RP,32.0,linear_SP,16.040530646665257,0.6224578745790713,0.8355439551708608,0.5783256351112039,-0.25721832005965684
03qtp,Trey Wingenter,RP,32.0,pooled_linear_SP,16.040530646665257,0.6129527184474557,0.8355439551708608,0.5781670614471527,-0.2573768937237081
058py,Randy Wynne,RP,33.0,future_role_caps,11.277582145071296,0.4514088569523834,1.2093319959034474,0.6708176063308504,-0.538514389572597
058py,Randy Wynne,RP,33.0,linear_SP,11.277582145071296,0.44661997889901345,1.2093319959034474,0.6705793984550834,-0.538752597448364
058py,Randy Wynne,RP,33.0,pooled_linear_SP,11.277582145071296,0.4482775324273709,1.2093319959034474,0.6706618483108867,-0.5386701475925607
03aad,Alex Young,RP,33.0,future_role_caps,28.080897022812216,3.0090843590698992,3.0272495958833106,1.9040105322757122,-1.1232390636075984
03aad,Alex Young,RP,33.0,linear_SP,28.080897022812216,2.956138315340461,3.0272495958833106,1.90163850336109,-1.1256110925222205
03aad,Alex Young,RP,33.0,pooled_linear_SP,28.080897022812216,2.9471614412957026,3.0272495958833106,1.9012363315783236,-1.126013264304987
0310m,Rob Zastryzny,RP,34.0,future_role_caps,16.816500556048258,2.442224881106317,1.6729461381158477,1.0942200185207953,-0.5787261195950524
0310m,Rob Zastryzny,RP,34.0,linear_SP,16.816500556048258,2.2006230105719293,1.6729461381158477,1.084492828352527,-0.5884533097633207
0310m,Rob Zastryzny,RP,34.0,pooled_linear_SP,16.816500556048258,2.203066338088987,1.6729461381158477,1.0845911997407502,-0.5883549383750974
05it9,Yosver Zulueta,RP,28.0,future_role_caps,17.03966806453204,3.6178683890007832,2.1419710729069807,1.634489120520158,-0.5074819523868228
05it9,Yosver Zulueta,RP,28.0,linear_SP,17.03966806453204,3.6261712644612056,2.1419710729069807,1.6348030545342949,-0.5071680183726859
05it9,Yosver Zulueta,RP,28.0,pooled_linear_SP,17.03966806453204,3.6175793474830322,2.1419710729069807,1.634478191780548,-0.5074928811264328
